assessment_id,enrollment_id,assessment_type,assessment_score,assessment_date
1,1,Pre,52,2024-05-31
2,1,Post,51,2024-06-20
3,2,Pre,58,2025-03-30
4,3,Pre,49,2025-04-11
5,3,Post,64,2025-05-05
6,4,Pre,49,2024-06-15
7,4,Post,66,2024-06-30
8,5,Pre,55,2024-02-23
9,6,Pre,57,2024-05-25
10,6,Post,80,2024-06-21
11,7,Pre,50,2025-10-05
12,7,Post,60,2025-10-18
13,8,Pre,73,2025-09-19
14,9,Pre,52,2024-11-27
15,9,Post,68,2024-12-20
16,10,Pre,72,2024-02-27
17,12,Pre,49,2025-06-19
18,12,Post,59,2025-07-17
19,13,Pre,47,2025-01-03
20,14,Pre,61,2024-12-17
21,15,Pre,84,2024-03-04
22,15,Post,96,2024-03-29
23,16,Pre,56,2024-06-07
24,16,Post,57,2024-06-14
25,17,Pre,58,2024-06-11
26,17,Post,76,2024-06-27
27,18,Pre,82,2025-10-22
28,18,Post,88,2025-10-29
29,19,Pre,56,2025-12-15
30,19,Post,69,2025-12-21
31,21,Pre,59,2025-05-27
32,21,Post,61,2025-06-10
33,22,Pre,69,2025-02-09
34,22,Post,76,2025-03-10
35,23,Pre,69,2025-11-16
36,23,Post,88,2025-12-03
37,24,Pre,47,2024-07-23
38,24,Post,67,2024-08-06
39,25,Pre,63,2024-01-08
40,25,Post,76,2024-01-14
41,26,Pre,70,2025-06-05
42,27,Pre,65,2024-06-04
43,27,Post,79,2024-06-29
44,28,Pre,50,2024-09-29
45,28,Post,52,2024-10-20
46,29,Pre,62,2024-07-25
47,30,Pre,46,2024-11-30
48,31,Pre,60,2024-10-19
49,31,Post,74,2024-11-12
50,32,Pre,62,2025-11-18
51,32,Post,67,2025-12-02
52,33,Pre,71,2024-02-12
53,33,Post,75,2024-02-27
54,34,Pre,45,2024-07-29
55,34,Post,48,2024-08-18
56,35,Pre,72,2026-05-02
57,35,Post,92,2026-05-15
58,36,Pre,59,2024-11-06
59,36,Post,69,2024-11-11
60,37,Pre,48,2025-08-03
61,38,Pre,63,2025-06-07
62,38,Post,73,2025-06-13
63,39,Pre,56,2026-05-31
64,39,Post,71,2026-06-20
65,40,Pre,86,2026-01-07
66,40,Post,95,2026-01-24
67,41,Pre,66,2026-07-31
68,41,Post,73,2026-08-24
69,42,Pre,58,2025-11-14
70,43,Pre,71,2024-04-19
71,44,Pre,45,2024-02-21
72,45,Pre,63,2024-01-01
73,45,Post,73,2024-01-18
74,46,Pre,58,2024-06-12
75,46,Post,68,2024-06-26
76,47,Pre,43,2025-03-09
77,48,Pre,43,2025-03-03
78,48,Post,58,2025-03-20
79,49,Pre,47,2024-05-02
80,49,Post,61,2024-05-16
81,50,Pre,71,2026-06-27
82,51,Pre,59,2026-07-30
83,51,Post,66,2026-08-28
84,53,Pre,56,2024-03-29
85,54,Pre,47,2025-08-16
86,54,Post,57,2025-08-26
87,55,Pre,78,2025-07-30
88,55,Post,90,2025-08-28
89,56,Pre,51,2024-03-07
90,56,Post,62,2024-03-25
91,57,Pre,48,2025-03-18
92,58,Pre,64,2024-01-14
93,58,Post,75,2024-01-27
94,59,Pre,63,2026-02-27
95,60,Pre,76,2025-05-05
96,60,Post,82,2025-05-18
97,61,Pre,66,2026-06-11
98,61,Post,72,2026-07-09
99,62,Pre,51,2025-10-27
100,62,Post,64,2025-11-21
101,64,Pre,56,2026-01-02
102,65,Pre,37,2024-03-31
103,65,Post,49,2024-04-20
104,66,Pre,70,2024-06-16
105,66,Post,86,2024-07-01
106,67,Pre,78,2024-05-29
107,67,Post,86,2024-06-21
108,68,Pre,68,2025-08-17
109,68,Post,81,2025-09-04
110,69,Pre,68,2024-05-31
111,70,Pre,69,2025-11-22
112,70,Post,74,2025-12-05
113,71,Pre,62,2025-09-08
114,71,Post,72,2025-09-16
115,72,Pre,67,2025-10-22
116,72,Post,84,2025-11-17
117,73,Pre,55,2024-06-17
118,75,Pre,51,2025-07-07
119,75,Post,58,2025-08-04
120,76,Pre,72,2025-08-10
121,76,Post,79,2025-09-10
122,77,Pre,72,2025-02-09
123,77,Post,79,2025-03-01
124,78,Pre,88,2025-05-28
125,78,Post,100,2025-06-23
126,80,Pre,50,2026-01-27
127,80,Post,57,2026-02-20
128,81,Pre,74,2024-04-29
129,81,Post,82,2024-05-29
130,82,Pre,65,2025-02-08
131,82,Post,80,2025-02-23
132,83,Pre,60,2026-02-06
133,83,Post,77,2026-03-06
134,84,Pre,69,2025-10-21
135,84,Post,73,2025-11-19
136,85,Pre,70,2026-01-03
137,85,Post,79,2026-02-04
138,86,Pre,84,2024-04-20
139,86,Post,87,2024-04-26
140,87,Pre,64,2024-09-04
141,88,Pre,56,2025-07-08
142,88,Post,63,2025-07-21
143,89,Pre,82,2024-10-29
144,89,Post,92,2024-11-09
145,90,Pre,48,2024-03-14
146,90,Post,56,2024-04-05
147,91,Pre,70,2025-01-01
148,91,Post,77,2025-01-11
149,92,Pre,58,2024-12-17
150,92,Post,70,2024-12-28
151,94,Pre,43,2024-02-12
152,94,Post,47,2024-02-18
153,95,Pre,74,2024-02-01
154,95,Post,84,2024-02-21
155,96,Pre,77,2026-02-09
156,96,Post,81,2026-02-18
157,99,Pre,51,2025-05-14
158,100,Pre,63,2025-07-10
159,100,Post,63,2025-07-21
160,102,Pre,71,2024-12-11
161,102,Post,85,2024-12-30
162,103,Pre,46,2025-07-19
163,104,Pre,61,2025-09-20
164,104,Post,67,2025-09-25
165,105,Pre,46,2026-06-02
166,105,Post,58,2026-06-12
167,106,Pre,72,2024-03-11
168,106,Post,82,2024-03-29
169,107,Pre,56,2025-02-01
170,108,Pre,47,2024-02-19
171,108,Post,60,2024-02-27
172,109,Pre,71,2024-06-27
173,110,Pre,47,2024-02-10
174,110,Post,52,2024-02-26
175,112,Pre,47,2025-05-12
176,112,Post,61,2025-06-01
177,113,Pre,56,2025-10-31
178,114,Pre,66,2024-11-05
179,114,Post,80,2024-11-19
180,115,Pre,54,2026-05-15
181,115,Post,69,2026-06-12
182,116,Pre,60,2026-07-22
183,116,Post,67,2026-08-03
184,117,Pre,69,2025-09-11
185,117,Post,85,2025-10-01
186,118,Pre,62,2025-12-16
187,118,Post,78,2026-01-13
188,119,Pre,35,2025-01-12
189,119,Post,44,2025-01-17
190,120,Pre,55,2024-10-12
191,120,Post,64,2024-11-07
192,121,Pre,59,2024-03-30
193,121,Post,84,2024-04-28
194,122,Pre,59,2025-06-03
195,123,Pre,54,2024-05-20
196,123,Post,67,2024-05-27
197,124,Pre,49,2025-11-11
198,124,Post,57,2025-12-06
199,125,Pre,69,2024-09-26
200,125,Post,74,2024-10-25
201,126,Pre,56,2025-02-27
202,126,Post,63,2025-03-12
203,127,Pre,50,2024-11-03
204,127,Post,69,2024-12-03
205,128,Pre,60,2024-03-02
206,128,Post,81,2024-03-08
207,129,Pre,59,2024-09-29
208,129,Post,59,2024-10-04
209,130,Pre,41,2024-05-20
210,130,Post,52,2024-05-29
211,131,Pre,66,2024-08-06
212,131,Post,75,2024-08-25
213,132,Pre,75,2024-04-11
214,132,Post,89,2024-05-02
215,133,Pre,72,2026-05-29
216,134,Pre,64,2026-05-28
217,134,Post,67,2026-06-27
218,135,Pre,52,2024-03-15
219,135,Post,66,2024-03-26
220,136,Pre,41,2026-05-09
221,136,Post,54,2026-05-23
222,137,Pre,67,2024-03-02
223,138,Pre,73,2026-03-10
224,138,Post,83,2026-03-18
225,139,Pre,46,2025-01-17
226,139,Post,54,2025-02-10
227,140,Pre,52,2026-02-05
228,141,Pre,71,2026-03-20
229,141,Post,87,2026-04-07
230,142,Pre,47,2025-10-12
231,142,Post,69,2025-11-02
232,143,Pre,62,2026-03-02
233,143,Post,81,2026-03-27
234,144,Pre,57,2025-07-29
235,144,Post,53,2025-08-26
236,145,Pre,44,2024-02-10
237,145,Post,61,2024-03-01
238,147,Pre,65,2025-07-02
239,147,Post,79,2025-07-17
240,148,Pre,55,2025-06-07
241,148,Post,58,2025-07-03
242,149,Pre,88,2025-08-26
243,149,Post,97,2025-09-21
244,150,Pre,55,2026-03-15
245,150,Post,69,2026-04-04
246,152,Pre,75,2025-10-08
247,152,Post,79,2025-11-01
248,153,Pre,40,2026-06-14
249,153,Post,53,2026-07-02
250,154,Pre,48,2026-07-16
251,154,Post,63,2026-07-28
252,155,Pre,69,2024-11-09
253,155,Post,78,2024-12-01
254,156,Pre,49,2024-10-12
255,156,Post,61,2024-10-31
256,157,Pre,72,2026-02-25
257,157,Post,82,2026-03-28
258,158,Pre,48,2025-12-05
259,158,Post,56,2026-01-01
260,159,Pre,60,2025-07-09
261,159,Post,74,2025-07-21
262,160,Pre,65,2025-06-16
263,160,Post,71,2025-07-14
264,161,Pre,50,2025-10-15
265,161,Post,53,2025-11-05
266,162,Pre,58,2024-12-11
267,162,Post,73,2025-01-05
268,163,Pre,40,2024-09-08
269,163,Post,44,2024-10-04
270,164,Pre,60,2025-04-15
271,164,Post,76,2025-04-21
272,165,Pre,55,2024-09-15
273,165,Post,61,2024-10-02
274,166,Pre,35,2025-02-06
275,166,Post,56,2025-02-15
276,167,Pre,47,2026-08-08
277,167,Post,56,2026-08-27
278,168,Pre,46,2025-06-07
279,168,Post,54,2025-06-20
280,169,Pre,31,2025-03-13
281,169,Post,51,2025-04-05
282,170,Pre,67,2025-03-23
283,170,Post,79,2025-04-05
284,171,Pre,57,2025-01-05
285,172,Pre,70,2024-03-12
286,172,Post,88,2024-04-06
287,173,Pre,52,2026-03-13
288,173,Post,67,2026-04-10
289,174,Pre,68,2024-02-10
290,175,Pre,66,2024-04-24
291,175,Post,94,2024-05-21
292,176,Pre,58,2025-03-16
293,176,Post,67,2025-03-28
294,177,Pre,49,2026-02-08
295,177,Post,65,2026-03-02
296,178,Pre,58,2024-06-04
297,178,Post,61,2024-06-27
298,179,Pre,47,2024-06-24
299,180,Pre,65,2025-07-08
300,180,Post,78,2025-07-17
301,182,Pre,56,2024-05-07
302,182,Post,57,2024-05-27
303,183,Pre,48,2025-09-16
304,183,Post,67,2025-09-28
305,184,Pre,55,2024-04-19
306,184,Post,82,2024-05-18
307,185,Pre,61,2026-05-31
308,185,Post,72,2026-06-16
309,187,Pre,47,2025-03-29
310,187,Post,68,2025-04-15
311,188,Pre,41,2025-01-24
312,188,Post,50,2025-02-22
313,189,Pre,43,2025-11-20
314,189,Post,63,2025-12-23
315,190,Pre,59,2024-11-25
316,190,Post,66,2024-12-16
317,191,Pre,42,2025-03-28
318,191,Post,56,2025-04-13
319,192,Pre,48,2025-09-07
320,193,Pre,55,2026-03-17
321,193,Post,64,2026-03-27
322,194,Pre,74,2024-10-07
323,194,Post,84,2024-10-22
324,195,Pre,41,2025-09-06
325,196,Pre,63,2026-08-15
326,196,Post,78,2026-09-10
327,197,Pre,70,2025-12-31
328,198,Pre,57,2025-01-03
329,198,Post,69,2025-01-22
330,199,Pre,65,2026-07-20
331,199,Post,78,2026-08-07
332,200,Pre,68,2024-10-02
333,200,Post,72,2024-10-17
334,201,Pre,53,2024-08-12
335,202,Pre,57,2025-06-27
336,203,Pre,66,2025-01-25
337,203,Post,73,2025-02-24
338,204,Pre,70,2026-07-26
339,204,Post,92,2026-08-24
340,205,Pre,45,2024-09-13
341,205,Post,57,2024-09-24
342,206,Pre,54,2024-05-25
343,207,Pre,49,2024-07-09
344,207,Post,53,2024-07-20
345,208,Pre,58,2024-08-25
346,209,Pre,60,2025-11-01
347,210,Pre,62,2026-01-28
348,210,Post,71,2026-02-16
349,211,Pre,49,2026-07-05
350,211,Post,63,2026-07-07
351,212,Pre,67,2025-09-09
352,212,Post,66,2025-09-13
353,213,Pre,46,2026-04-16
354,214,Pre,47,2025-04-18
355,214,Post,63,2025-05-09
356,216,Pre,50,2024-11-29
357,217,Pre,61,2026-04-12
358,217,Post,76,2026-05-03
359,218,Pre,74,2024-05-18
360,218,Post,87,2024-06-10
361,219,Pre,73,2024-09-04
362,220,Pre,80,2026-03-12
363,220,Post,95,2026-03-25
364,221,Pre,71,2024-04-22
365,221,Post,85,2024-05-09
366,222,Pre,47,2024-02-13
367,222,Post,55,2024-03-01
368,223,Pre,69,2025-04-16
369,223,Post,81,2025-05-07
370,224,Pre,62,2025-07-17
371,224,Post,72,2025-08-05
372,226,Pre,44,2025-08-14
373,226,Post,48,2025-09-12
374,228,Pre,51,2025-05-26
375,228,Post,60,2025-05-31
376,229,Pre,71,2025-01-11
377,230,Pre,41,2025-02-26
378,230,Post,44,2025-03-12
379,231,Pre,46,2025-05-13
380,231,Post,67,2025-05-19
381,232,Pre,69,2025-10-15
382,233,Pre,42,2026-03-20
383,234,Pre,47,2024-11-05
384,234,Post,61,2024-11-14
385,235,Pre,51,2026-07-14
386,235,Post,55,2026-07-31
387,236,Pre,55,2025-04-21
388,236,Post,57,2025-05-01
389,237,Pre,86,2024-02-22
390,237,Post,96,2024-03-07
391,238,Pre,84,2024-04-13
392,238,Post,93,2024-04-19
393,239,Pre,55,2025-01-30
394,240,Pre,54,2025-09-04
395,240,Post,71,2025-09-24
396,242,Pre,38,2024-12-26
397,242,Post,48,2025-01-08
398,244,Pre,57,2025-07-29
399,244,Post,69,2025-08-05
400,245,Pre,38,2025-06-17
401,245,Post,45,2025-07-09
402,246,Pre,53,2025-09-19
403,246,Post,57,2025-10-13
404,247,Pre,71,2024-02-22
405,248,Pre,46,2025-03-24
406,249,Pre,56,2024-02-07
407,249,Post,63,2024-03-03
408,250,Pre,56,2025-06-02
409,250,Post,63,2025-06-13
410,251,Pre,59,2024-12-04
411,251,Post,73,2024-12-25
412,252,Pre,79,2024-09-30
413,252,Post,95,2024-10-29
414,253,Pre,54,2025-09-23
415,253,Post,75,2025-10-13
416,254,Pre,36,2024-11-06
417,254,Post,61,2024-11-18
418,255,Pre,85,2024-07-17
419,255,Post,88,2024-07-25
420,257,Pre,62,2024-03-08
421,257,Post,73,2024-03-15
422,258,Pre,64,2026-03-16
423,258,Post,74,2026-04-04
424,259,Pre,52,2026-08-05
425,259,Post,61,2026-08-11
426,260,Pre,61,2026-04-11
427,261,Pre,74,2025-01-16
428,262,Pre,67,2025-08-13
429,262,Post,68,2025-09-07
430,263,Pre,60,2024-11-30
431,263,Post,63,2024-12-26
432,264,Pre,70,2025-08-26
433,264,Post,91,2025-09-08
434,265,Pre,72,2026-07-07
435,265,Post,84,2026-07-11
436,268,Pre,59,2024-11-03
437,269,Pre,45,2024-05-31
438,269,Post,56,2024-07-05
439,270,Pre,57,2024-09-11
440,270,Post,69,2024-09-17
441,271,Pre,34,2025-07-09
442,271,Post,45,2025-08-01
443,272,Pre,52,2025-08-03
444,272,Post,62,2025-08-10
445,275,Pre,68,2026-04-14
446,275,Post,73,2026-05-01
447,277,Pre,71,2025-05-13
448,278,Pre,54,2025-02-09
449,278,Post,56,2025-02-23
450,279,Pre,50,2024-10-20
451,279,Post,62,2024-11-20
452,280,Pre,61,2025-09-04
453,280,Post,63,2025-09-23
454,281,Pre,56,2024-03-25
455,281,Post,72,2024-04-25
456,282,Pre,64,2025-03-14
457,282,Post,80,2025-03-22
458,283,Pre,69,2026-04-07
459,283,Post,71,2026-04-13
460,284,Pre,64,2024-06-30
461,284,Post,80,2024-07-15
462,286,Pre,55,2025-08-08
463,286,Post,62,2025-08-19
464,287,Pre,50,2024-04-12
465,287,Post,66,2024-05-05
466,288,Pre,60,2025-09-21
467,288,Post,70,2025-09-30
468,289,Pre,64,2025-02-04
469,290,Pre,45,2025-08-30
470,290,Post,61,2025-09-25
471,291,Pre,68,2024-10-18
472,291,Post,73,2024-11-06
473,292,Pre,46,2024-06-10
474,292,Post,60,2024-07-08
475,293,Pre,73,2025-09-13
476,293,Post,83,2025-10-02
477,294,Pre,51,2024-12-12
478,294,Post,59,2025-01-08
479,296,Pre,60,2025-12-23
480,297,Pre,54,2024-08-28
481,298,Pre,64,2024-11-30
482,298,Post,75,2024-12-19
483,299,Pre,65,2024-02-07
484,299,Post,83,2024-03-02
485,301,Pre,66,2024-03-16
486,301,Post,81,2024-04-01
487,302,Pre,66,2024-09-01
488,302,Post,79,2024-09-19
489,303,Pre,61,2025-10-21
490,303,Post,77,2025-11-21
491,305,Pre,52,2025-11-02
492,305,Post,66,2025-11-09
493,306,Pre,63,2024-03-08
494,306,Post,80,2024-04-14
495,307,Pre,78,2026-04-12
496,307,Post,94,2026-05-08
497,308,Pre,69,2025-12-27
498,309,Pre,53,2024-11-30
499,310,Pre,53,2024-11-18
500,311,Pre,54,2025-12-17
501,311,Post,79,2026-01-14
502,312,Pre,62,2025-03-01
503,312,Post,70,2025-03-13
504,313,Pre,59,2024-05-23
505,313,Post,80,2024-06-19
506,314,Pre,57,2026-07-18
507,314,Post,61,2026-07-25
508,315,Pre,63,2024-01-10
509,315,Post,67,2024-02-07
510,316,Pre,29,2025-01-16
511,316,Post,39,2025-01-25
512,317,Pre,51,2025-05-28
513,317,Post,55,2025-06-09
514,318,Pre,45,2026-05-28
515,319,Pre,64,2025-02-04
516,320,Pre,57,2025-09-18
517,320,Post,64,2025-10-17
518,321,Pre,78,2024-02-10
519,321,Post,87,2024-03-10
520,323,Pre,66,2024-12-06
521,323,Post,80,2025-01-01
522,324,Pre,62,2024-03-05
523,324,Post,70,2024-03-20
524,325,Pre,43,2026-06-24
525,325,Post,57,2026-07-06
526,326,Pre,50,2025-08-28
527,326,Post,65,2025-09-10
528,327,Pre,40,2026-05-22
529,327,Post,48,2026-05-31
530,328,Pre,64,2024-09-17
531,328,Post,68,2024-09-19
532,330,Pre,54,2024-01-03
533,330,Post,71,2024-01-12
534,331,Pre,62,2025-07-02
535,332,Pre,61,2024-01-17
536,332,Post,71,2024-02-11
537,333,Pre,55,2026-03-17
538,333,Post,55,2026-04-13
539,334,Pre,59,2025-08-17
540,334,Post,75,2025-09-15
541,335,Pre,70,2024-04-28
542,336,Pre,55,2025-07-28
543,337,Pre,38,2024-07-24
544,337,Post,36,2024-08-09
545,339,Pre,44,2026-08-11
546,340,Pre,83,2024-10-26
547,340,Post,90,2024-11-20
548,341,Pre,49,2024-07-27
549,342,Pre,57,2026-08-12
550,342,Post,68,2026-09-08
551,343,Pre,54,2024-03-11
552,343,Post,69,2024-03-18
553,345,Pre,52,2026-03-24
554,346,Pre,82,2024-04-26
555,347,Pre,50,2026-02-23
556,348,Pre,47,2024-05-05
557,348,Post,60,2024-05-29
558,350,Pre,51,2026-04-05
559,350,Post,63,2026-04-25
560,351,Pre,50,2026-07-24
561,351,Post,64,2026-08-24
562,352,Pre,49,2024-03-05
563,352,Post,60,2024-03-25
564,353,Pre,45,2025-12-07
565,353,Post,54,2025-12-27
566,354,Pre,55,2024-12-25
567,354,Post,66,2025-01-13
568,355,Pre,51,2024-04-16
569,356,Pre,57,2024-08-05
570,356,Post,58,2024-08-31
571,357,Pre,74,2025-08-23
572,358,Pre,56,2026-02-01
573,358,Post,60,2026-02-24
574,359,Pre,54,2025-05-21
575,359,Post,63,2025-06-06
576,360,Pre,53,2025-01-12
577,360,Post,65,2025-01-18
578,361,Pre,63,2024-01-04
579,361,Post,71,2024-01-09
580,362,Pre,60,2025-10-26
581,362,Post,69,2025-11-20
582,363,Pre,66,2024-11-18
583,364,Pre,57,2024-04-08
584,364,Post,81,2024-05-01
585,365,Pre,51,2024-05-19
586,365,Post,63,2024-06-15
587,366,Pre,68,2024-12-14
588,366,Post,86,2025-01-13
589,367,Pre,54,2025-10-15
590,367,Post,67,2025-10-30
591,368,Pre,51,2024-10-27
592,368,Post,65,2024-11-06
593,370,Pre,25,2026-04-15
594,370,Post,38,2026-04-25
595,372,Pre,55,2024-03-17
596,372,Post,62,2024-04-14
597,373,Pre,47,2024-01-27
598,374,Pre,30,2024-04-05
599,375,Pre,62,2025-09-05
600,376,Pre,57,2024-09-27
601,377,Pre,35,2024-07-06
602,377,Post,39,2024-07-26
603,378,Pre,66,2024-02-20
604,378,Post,86,2024-03-23
605,379,Pre,45,2026-07-23
606,380,Pre,72,2026-08-15
607,380,Post,88,2026-09-11
608,381,Pre,51,2025-07-19
609,381,Post,76,2025-07-28
610,382,Pre,45,2026-08-11
611,382,Post,57,2026-08-28
612,383,Pre,51,2024-10-02
613,384,Pre,59,2025-08-25
614,384,Post,79,2025-09-17
615,385,Pre,63,2025-01-04
616,385,Post,69,2025-01-11
617,387,Pre,47,2024-06-21
618,387,Post,62,2024-07-17
619,388,Pre,66,2025-10-07
620,389,Pre,49,2025-12-26
621,389,Post,66,2026-01-26
622,390,Pre,60,2025-11-29
623,390,Post,70,2025-12-19
624,391,Pre,53,2026-06-15
625,391,Post,60,2026-07-16
626,392,Pre,75,2024-07-11
627,392,Post,88,2024-07-26
628,393,Pre,62,2025-09-19
629,393,Post,83,2025-09-29
630,394,Pre,63,2024-12-18
631,394,Post,81,2025-01-10
632,395,Pre,48,2024-10-21
633,395,Post,62,2024-11-11
634,396,Pre,42,2025-12-24
635,396,Post,51,2026-01-15
636,397,Pre,44,2024-04-27
637,397,Post,55,2024-05-07
638,398,Pre,67,2024-05-11
639,398,Post,80,2024-06-06
640,399,Pre,58,2025-11-18
641,399,Post,85,2025-12-20
642,400,Pre,57,2024-09-12
643,401,Pre,64,2025-02-08
644,401,Post,84,2025-02-22
645,402,Pre,77,2025-08-11
646,402,Post,79,2025-08-19
647,403,Pre,65,2025-12-13
648,403,Post,82,2025-12-26
649,404,Pre,67,2024-05-27
650,404,Post,67,2024-06-24
651,405,Pre,44,2025-01-12
652,405,Post,58,2025-02-04
653,406,Pre,59,2025-11-27
654,406,Post,66,2025-12-24
655,407,Pre,51,2024-05-29
656,407,Post,64,2024-06-15
657,409,Pre,49,2024-10-07
658,409,Post,59,2024-10-19
659,410,Pre,75,2024-06-11
660,410,Post,82,2024-06-16
661,411,Pre,64,2024-10-23
662,411,Post,72,2024-10-31
663,412,Pre,56,2024-10-17
664,412,Post,75,2024-11-05
665,413,Pre,66,2026-03-15
666,414,Pre,42,2024-12-22
667,414,Post,48,2025-01-02
668,415,Pre,47,2026-06-03
669,415,Post,64,2026-06-26
670,416,Pre,40,2024-06-13
671,416,Post,46,2024-07-02
672,417,Pre,47,2026-03-10
673,417,Post,62,2026-03-31
674,418,Pre,45,2025-07-18
675,418,Post,69,2025-07-30
676,419,Pre,71,2025-01-14
677,419,Post,82,2025-02-10
678,420,Pre,75,2025-11-05
679,420,Post,86,2025-11-19
680,421,Pre,56,2024-03-05
681,421,Post,73,2024-03-12
682,422,Pre,51,2024-09-15
683,423,Pre,40,2026-08-11
684,423,Post,49,2026-09-01
685,424,Pre,49,2025-06-26
686,425,Pre,66,2025-06-25
687,425,Post,72,2025-06-29
688,426,Pre,63,2026-02-27
689,426,Post,70,2026-03-25
690,427,Pre,61,2024-07-17
691,427,Post,84,2024-08-15
692,428,Pre,77,2025-03-11
693,428,Post,86,2025-04-10
694,429,Pre,52,2025-10-05
695,429,Post,58,2025-10-28
696,430,Pre,54,2024-04-08
697,430,Post,55,2024-04-30
698,431,Pre,59,2024-11-28
699,431,Post,59,2024-12-10
700,432,Pre,67,2024-09-03
701,432,Post,81,2024-09-22
702,433,Pre,48,2025-07-29
703,433,Post,62,2025-08-04
704,434,Pre,52,2024-05-20
705,434,Post,57,2024-05-24
706,436,Pre,67,2025-07-15
707,436,Post,82,2025-07-29
708,437,Pre,66,2024-08-11
709,437,Post,86,2024-08-18
710,438,Pre,56,2025-08-24
711,438,Post,66,2025-09-07
712,439,Pre,57,2025-04-05
713,440,Pre,57,2024-08-30
714,440,Post,74,2024-09-08
715,441,Pre,88,2025-09-04
716,441,Post,98,2025-09-30
717,442,Pre,42,2024-02-15
718,442,Post,57,2024-03-01
719,443,Pre,57,2026-02-14
720,443,Post,71,2026-02-26
721,445,Pre,53,2024-12-04
722,445,Post,65,2024-12-24
723,446,Pre,64,2025-08-12
724,446,Post,82,2025-09-01
725,447,Pre,52,2024-12-31
726,448,Pre,68,2024-01-28
727,449,Pre,55,2025-11-14
728,449,Post,71,2025-11-23
729,450,Pre,70,2026-01-25
730,450,Post,94,2026-02-05
731,451,Pre,63,2024-07-21
732,451,Post,71,2024-08-11
733,452,Pre,60,2024-08-19
734,452,Post,65,2024-08-26
735,453,Pre,45,2026-01-11
736,453,Post,68,2026-02-05
737,454,Pre,57,2024-11-02
738,455,Pre,69,2024-03-05
739,456,Pre,47,2024-01-08
740,456,Post,64,2024-01-13
741,457,Pre,56,2026-05-13
742,458,Pre,61,2024-06-10
743,458,Post,74,2024-06-22
744,459,Pre,80,2024-08-22
745,459,Post,100,2024-09-06
746,460,Pre,43,2025-12-31
747,460,Post,58,2026-01-26
748,461,Pre,42,2026-08-12
749,461,Post,64,2026-09-01
750,462,Pre,56,2024-06-10
751,463,Pre,55,2025-08-03
752,463,Post,61,2025-08-22
753,464,Pre,58,2026-05-06
754,465,Pre,44,2025-09-12
755,465,Post,47,2025-10-10
756,466,Pre,62,2024-01-21
757,466,Post,74,2024-02-07
758,468,Pre,88,2026-03-26
759,468,Post,97,2026-03-31
760,470,Pre,40,2025-02-08
761,471,Pre,62,2026-04-16
762,471,Post,79,2026-05-07
763,472,Pre,65,2024-08-25
764,473,Pre,61,2025-06-04
765,474,Pre,46,2024-09-04
766,474,Post,50,2024-09-08
767,475,Pre,56,2024-04-05
768,475,Post,62,2024-04-20
769,476,Pre,81,2024-07-01
770,476,Post,94,2024-07-22
771,477,Pre,56,2024-05-23
772,478,Pre,59,2024-04-01
773,478,Post,64,2024-04-26
774,479,Pre,70,2026-01-08
775,479,Post,88,2026-01-18
776,480,Pre,60,2025-04-16
777,480,Post,76,2025-05-01
778,481,Pre,72,2024-02-03
779,482,Pre,64,2025-11-11
780,482,Post,81,2025-12-12
781,483,Pre,69,2024-11-26
782,483,Post,83,2024-12-25
783,484,Pre,87,2024-03-24
784,484,Post,93,2024-04-04
785,485,Pre,66,2024-04-10
786,485,Post,66,2024-04-29
787,486,Pre,37,2026-03-17
788,486,Post,46,2026-04-09
789,487,Pre,68,2024-12-27
790,487,Post,81,2025-01-22
791,488,Pre,48,2025-05-31
792,488,Post,64,2025-06-30
793,489,Pre,65,2024-03-28
794,489,Post,66,2024-04-07
795,490,Pre,57,2025-07-06
796,490,Post,74,2025-07-27
797,491,Pre,70,2024-03-19
798,491,Post,78,2024-04-14
799,492,Pre,53,2026-03-18
800,492,Post,67,2026-04-03
801,493,Pre,50,2025-03-21
802,493,Post,73,2025-03-30
803,494,Pre,33,2025-11-08
804,494,Post,54,2025-11-23
805,495,Pre,58,2024-12-15
806,495,Post,70,2025-01-14
807,496,Pre,54,2024-06-02
808,496,Post,71,2024-06-25
809,497,Pre,51,2024-06-01
810,498,Pre,36,2024-11-25
811,498,Post,51,2024-12-03
812,499,Pre,40,2024-06-23
813,500,Pre,61,2025-07-19
814,500,Post,62,2025-08-14
815,501,Pre,43,2024-07-31
816,501,Post,60,2024-08-27
817,502,Pre,70,2025-04-16
818,502,Post,81,2025-05-16
819,503,Pre,50,2026-03-08
820,503,Post,62,2026-04-01
821,504,Pre,63,2024-03-03
822,504,Post,87,2024-03-14
823,505,Pre,59,2025-02-05
824,505,Post,70,2025-03-03
825,506,Pre,39,2026-07-26
826,506,Post,59,2026-07-28
827,508,Pre,33,2025-04-30
828,508,Post,40,2025-05-19
829,509,Pre,44,2026-01-05
830,510,Pre,64,2025-02-13
831,510,Post,74,2025-02-22
832,511,Pre,59,2025-12-14
833,511,Post,74,2026-01-12
834,512,Pre,66,2025-06-18
835,512,Post,77,2025-07-14
836,513,Pre,62,2025-02-21
837,513,Post,74,2025-02-27
838,514,Pre,66,2026-02-13
839,514,Post,62,2026-02-26
840,515,Pre,65,2025-06-25
841,515,Post,70,2025-07-03
842,516,Pre,68,2024-09-14
843,516,Post,72,2024-09-17
844,517,Pre,55,2025-10-08
845,517,Post,73,2025-10-24
846,518,Pre,80,2026-02-14
847,518,Post,88,2026-02-22
848,519,Pre,61,2024-08-22
849,520,Pre,45,2025-11-30
850,520,Post,58,2025-12-13
851,521,Pre,53,2026-01-16
852,521,Post,61,2026-01-20
853,522,Pre,64,2025-02-25
854,524,Pre,56,2026-07-29
855,524,Post,64,2026-08-09
856,525,Pre,61,2024-09-04
857,525,Post,78,2024-09-30
858,526,Pre,78,2024-10-09
859,526,Post,91,2024-10-25
860,527,Pre,49,2025-12-14
861,527,Post,49,2026-01-10
862,528,Pre,58,2025-12-04
863,528,Post,80,2025-12-19
864,529,Pre,70,2024-08-09
865,529,Post,90,2024-09-10
866,530,Pre,49,2026-04-28
867,530,Post,59,2026-05-22
868,531,Pre,52,2024-05-05
869,531,Post,61,2024-05-14
870,532,Pre,64,2024-04-14
871,532,Post,74,2024-05-12
872,533,Pre,64,2025-04-22
873,534,Pre,59,2024-02-19
874,534,Post,81,2024-03-06
875,535,Pre,60,2025-10-08
876,535,Post,66,2025-10-27
877,536,Pre,38,2025-10-21
878,536,Post,56,2025-11-03
879,537,Pre,58,2026-05-25
880,537,Post,63,2026-05-29
881,538,Pre,30,2026-02-07
882,538,Post,42,2026-03-03
883,540,Pre,38,2025-05-27
884,541,Pre,67,2026-06-03
885,541,Post,75,2026-06-06
886,542,Pre,85,2024-08-01
887,543,Pre,80,2024-04-19
888,543,Post,98,2024-05-08
889,544,Pre,40,2026-05-07
890,544,Post,44,2026-05-10
891,545,Pre,66,2024-12-07
892,545,Post,71,2025-01-04
893,546,Pre,53,2024-10-17
894,547,Pre,51,2026-01-12
895,548,Pre,50,2025-09-27
896,548,Post,55,2025-10-15
897,549,Pre,55,2024-12-20
898,549,Post,67,2024-12-26
899,550,Pre,53,2024-03-13
900,551,Pre,56,2026-03-01
901,551,Post,67,2026-03-09
902,552,Pre,60,2024-08-24
903,552,Post,78,2024-09-14
904,553,Pre,33,2025-08-23
905,553,Post,51,2025-09-10
906,554,Pre,54,2026-01-10
907,554,Post,84,2026-01-28
908,555,Pre,53,2024-05-31
909,555,Post,49,2024-06-19
910,556,Pre,45,2025-03-04
911,556,Post,56,2025-03-17
912,557,Pre,68,2026-02-02
913,558,Pre,68,2025-07-02
914,558,Post,80,2025-08-04
915,559,Pre,52,2025-10-07
916,559,Post,67,2025-11-06
917,560,Pre,50,2025-02-08
918,560,Post,75,2025-03-12
919,561,Pre,86,2025-12-11
920,561,Post,98,2026-01-11
921,562,Pre,59,2026-05-16
922,562,Post,66,2026-05-21
923,563,Pre,60,2024-02-26
924,563,Post,81,2024-03-15
925,564,Pre,61,2026-06-24
926,564,Post,70,2026-07-23
927,565,Pre,65,2025-12-02
928,565,Post,89,2025-12-16
929,567,Pre,57,2026-07-08
930,567,Post,73,2026-07-17
931,568,Pre,64,2025-07-17
932,568,Post,74,2025-08-08
933,569,Pre,47,2026-05-17
934,569,Post,51,2026-06-14
935,570,Pre,69,2024-05-26
936,570,Post,83,2024-06-16
937,572,Pre,75,2026-07-06
938,572,Post,86,2026-08-07
939,573,Pre,64,2026-03-09
940,573,Post,70,2026-03-21
941,574,Pre,67,2025-11-14
942,575,Pre,45,2024-05-19
943,575,Post,47,2024-05-27
944,576,Pre,55,2025-09-21
945,577,Pre,64,2025-01-14
946,577,Post,77,2025-02-15
947,578,Pre,58,2024-02-18
948,578,Post,73,2024-03-12
949,579,Pre,40,2026-04-02
950,579,Post,51,2026-04-25
951,581,Pre,46,2024-06-18
952,581,Post,64,2024-07-11
953,582,Pre,52,2025-10-02
954,582,Post,57,2025-10-25
955,583,Pre,66,2026-06-09
956,584,Pre,63,2025-10-19
957,584,Post,64,2025-11-12
958,585,Pre,64,2025-11-25
959,586,Pre,45,2026-06-29
960,586,Post,57,2026-07-08
961,587,Pre,62,2025-08-16
962,587,Post,70,2025-09-11
963,588,Pre,42,2025-08-01
964,588,Post,70,2025-08-07
965,589,Pre,63,2024-11-13
966,589,Post,60,2024-12-12
967,590,Pre,62,2024-06-28
968,591,Pre,50,2026-03-10
969,592,Pre,67,2024-05-24
970,594,Pre,71,2025-12-17
971,594,Post,80,2026-01-07
972,595,Pre,64,2025-10-17
973,595,Post,78,2025-11-16
974,596,Pre,63,2024-02-01
975,596,Post,72,2024-02-08
976,598,Pre,59,2025-09-13
977,598,Post,74,2025-10-11
978,599,Pre,48,2025-01-05
979,599,Post,59,2025-01-26
980,600,Pre,44,2025-07-28
981,601,Pre,72,2024-10-18
982,602,Pre,74,2025-02-21
983,603,Pre,60,2026-07-12
984,603,Post,67,2026-08-03
985,606,Pre,41,2025-03-20
986,606,Post,68,2025-03-28
987,607,Pre,57,2025-08-09
988,607,Post,76,2025-08-25
989,608,Pre,43,2026-04-29
990,608,Post,61,2026-05-24
991,609,Pre,54,2024-04-10
992,609,Post,67,2024-05-08
993,612,Pre,73,2026-03-06
994,612,Post,85,2026-03-28
995,613,Pre,69,2026-03-26
996,614,Pre,62,2025-10-03
997,615,Pre,31,2024-06-17
998,615,Post,46,2024-06-30
999,616,Pre,49,2026-05-22
1000,616,Post,49,2026-06-16
1001,617,Pre,43,2025-02-02
1002,617,Post,49,2025-02-05
1003,618,Pre,74,2026-02-20
1004,618,Post,78,2026-03-03
1005,619,Pre,37,2024-07-16
1006,620,Pre,65,2026-04-23
1007,621,Pre,57,2025-01-19
1008,621,Post,62,2025-02-09
1009,622,Pre,45,2024-10-27
1010,622,Post,63,2024-11-03
1011,623,Pre,68,2024-02-25
1012,623,Post,73,2024-03-26
1013,624,Pre,50,2025-06-18
1014,624,Post,57,2025-07-12
1015,625,Pre,61,2025-02-25
1016,625,Post,67,2025-03-03
1017,626,Pre,69,2025-10-14
1018,626,Post,86,2025-10-20
1019,627,Pre,60,2025-03-29
1020,627,Post,83,2025-04-14
1021,629,Pre,71,2026-06-02
1022,629,Post,75,2026-06-11
1023,630,Pre,78,2024-01-20
1024,630,Post,98,2024-01-28
1025,631,Pre,66,2026-01-12
1026,631,Post,74,2026-01-29
1027,633,Pre,61,2025-09-08
1028,633,Post,75,2025-10-08
1029,634,Pre,72,2025-06-20
1030,634,Post,81,2025-07-04
1031,635,Pre,66,2024-07-22
1032,635,Post,76,2024-07-31
1033,636,Pre,56,2026-08-11
1034,636,Post,62,2026-09-04
1035,637,Pre,53,2024-12-19
1036,640,Pre,43,2024-04-14
1037,640,Post,63,2024-04-25
1038,641,Pre,72,2024-08-12
1039,642,Pre,68,2025-11-16
1040,642,Post,72,2025-12-07
1041,643,Pre,67,2024-12-19
1042,643,Post,86,2024-12-28
1043,644,Pre,57,2026-07-01
1044,644,Post,68,2026-07-15
1045,645,Pre,72,2024-02-20
1046,646,Pre,57,2024-11-26
1047,646,Post,60,2024-12-10
1048,647,Pre,49,2026-04-17
1049,647,Post,54,2026-04-29
1050,648,Pre,34,2024-08-30
1051,648,Post,48,2024-09-23
1052,649,Pre,58,2025-02-11
1053,649,Post,72,2025-02-19
1054,650,Pre,44,2025-04-19
1055,651,Pre,63,2024-06-23
1056,652,Pre,63,2024-06-14
1057,652,Post,68,2024-07-05
1058,653,Pre,80,2025-07-03
1059,654,Pre,67,2024-09-24
1060,654,Post,77,2024-10-12
1061,655,Pre,55,2024-12-14
1062,656,Pre,63,2025-12-04
1063,656,Post,76,2025-12-17
1064,657,Pre,58,2026-04-26
1065,657,Post,67,2026-05-17
1066,658,Pre,54,2026-05-18
1067,658,Post,64,2026-06-06
1068,659,Pre,60,2025-02-22
1069,659,Post,71,2025-03-04
1070,660,Pre,61,2026-01-26
1071,660,Post,70,2026-02-27
1072,661,Pre,42,2026-01-06
1073,661,Post,43,2026-01-22
1074,662,Pre,40,2024-05-01
1075,662,Post,44,2024-05-25
1076,663,Pre,77,2025-05-23
1077,663,Post,94,2025-06-09
1078,664,Pre,67,2024-05-30
1079,665,Pre,76,2024-01-03
1080,665,Post,98,2024-01-13
1081,666,Pre,47,2024-06-24
1082,666,Post,54,2024-07-19
1083,667,Pre,52,2024-06-12
1084,667,Post,57,2024-06-29
1085,668,Pre,59,2025-01-09
1086,668,Post,57,2025-01-21
1087,669,Pre,37,2024-04-17
1088,669,Post,43,2024-05-02
1089,670,Pre,88,2024-03-15
1090,670,Post,100,2024-04-14
1091,671,Pre,54,2025-08-07
1092,671,Post,75,2025-09-06
1093,672,Pre,56,2026-02-12
1094,672,Post,53,2026-02-15
1095,673,Pre,60,2026-03-02
1096,673,Post,64,2026-03-13
1097,674,Pre,59,2025-07-08
1098,674,Post,75,2025-07-30
1099,675,Pre,74,2024-06-11
1100,675,Post,88,2024-06-18
1101,678,Pre,44,2025-09-04
1102,678,Post,53,2025-09-14
1103,679,Pre,75,2025-10-25
1104,679,Post,82,2025-11-15
1105,680,Pre,73,2025-09-16
1106,680,Post,79,2025-10-11
1107,681,Pre,58,2024-10-17
1108,681,Post,73,2024-11-11
1109,682,Pre,68,2026-04-09
1110,683,Pre,64,2025-03-27
1111,683,Post,69,2025-04-07
1112,684,Pre,56,2025-02-15
1113,684,Post,63,2025-03-04
1114,685,Pre,59,2025-11-03
1115,685,Post,69,2025-11-27
1116,686,Pre,53,2026-03-09
1117,686,Post,72,2026-04-02
1118,688,Pre,58,2025-05-19
1119,688,Post,66,2025-05-28
1120,689,Pre,81,2026-07-26
1121,689,Post,87,2026-08-15
1122,690,Pre,56,2026-05-07
1123,691,Pre,67,2024-07-19
1124,691,Post,73,2024-08-15
1125,692,Pre,50,2025-06-28
1126,692,Post,66,2025-07-20
1127,693,Pre,59,2024-07-09
1128,693,Post,74,2024-08-08
1129,694,Pre,77,2025-12-13
1130,694,Post,91,2025-12-19
1131,695,Pre,72,2025-01-04
1132,696,Pre,69,2025-09-26
1133,696,Post,73,2025-10-14
1134,697,Pre,71,2025-11-20
1135,697,Post,75,2025-12-04
1136,698,Pre,56,2026-03-08
1137,699,Pre,57,2024-09-14
1138,699,Post,57,2024-10-04
1139,700,Pre,50,2025-02-07
1140,700,Post,54,2025-02-23
1141,701,Pre,63,2024-10-28
1142,701,Post,76,2024-11-11
1143,702,Pre,50,2025-11-30
1144,702,Post,55,2025-12-20
1145,703,Pre,58,2025-02-04
1146,704,Pre,72,2024-07-18
1147,704,Post,75,2024-08-07
1148,705,Pre,50,2025-02-18
1149,705,Post,70,2025-03-02
1150,706,Pre,62,2024-12-01
1151,706,Post,81,2024-12-31
1152,707,Pre,69,2026-08-12
1153,707,Post,80,2026-08-27
1154,708,Pre,51,2025-08-12
1155,708,Post,73,2025-09-11
1156,709,Pre,63,2024-08-15
1157,709,Post,64,2024-09-05
1158,710,Pre,60,2024-04-14
1159,710,Post,66,2024-05-06
1160,711,Pre,69,2025-02-04
1161,711,Post,75,2025-02-07
1162,712,Pre,30,2025-06-15
1163,712,Post,43,2025-07-02
1164,713,Pre,47,2024-11-28
1165,713,Post,55,2024-12-14
1166,714,Pre,76,2025-11-27
1167,714,Post,82,2025-12-09
1168,715,Pre,53,2024-11-09
1169,715,Post,75,2024-11-18
1170,716,Pre,70,2025-06-08
1171,717,Pre,54,2024-04-25
1172,718,Pre,56,2024-02-18
1173,718,Post,69,2024-03-15
1174,719,Pre,84,2024-10-02
1175,720,Pre,78,2024-08-03
1176,720,Post,80,2024-08-10
1177,721,Pre,60,2024-04-20
1178,721,Post,83,2024-05-06
1179,722,Pre,57,2026-01-16
1180,722,Post,76,2026-02-14
1181,723,Pre,56,2025-03-05
1182,723,Post,75,2025-03-29
1183,724,Pre,65,2025-03-12
1184,724,Post,80,2025-03-29
1185,725,Pre,54,2025-09-27
1186,725,Post,64,2025-10-07
1187,726,Pre,66,2026-04-01
1188,726,Post,80,2026-04-27
1189,727,Pre,57,2026-03-05
1190,727,Post,75,2026-03-29
1191,728,Pre,51,2024-05-04
1192,728,Post,57,2024-05-25
1193,729,Pre,61,2025-09-11
1194,730,Pre,42,2024-01-07
1195,730,Post,59,2024-01-18
1196,731,Pre,42,2025-06-23
1197,731,Post,59,2025-07-22
1198,732,Pre,74,2026-06-30
1199,732,Post,86,2026-07-15
1200,733,Pre,56,2026-04-08
1201,734,Pre,59,2024-11-28
1202,736,Pre,43,2024-11-01
1203,737,Pre,66,2024-12-11
1204,737,Post,78,2025-01-07
1205,738,Pre,43,2025-07-08
1206,738,Post,63,2025-08-06
1207,739,Pre,64,2025-01-07
1208,740,Pre,56,2026-05-11
1209,740,Post,65,2026-05-22
1210,741,Pre,64,2025-09-21
1211,742,Pre,25,2025-12-10
1212,742,Post,40,2025-12-28
1213,743,Pre,51,2026-05-21
1214,743,Post,75,2026-05-28
1215,744,Pre,68,2024-11-10
1216,744,Post,95,2024-11-23
1217,745,Pre,55,2024-08-25
1218,745,Post,71,2024-09-06
1219,746,Pre,58,2026-04-25
1220,747,Pre,52,2024-11-29
1221,748,Pre,53,2024-11-27
1222,748,Post,75,2024-12-06
1223,749,Pre,65,2025-10-10
1224,749,Post,82,2025-11-10
1225,750,Pre,67,2024-10-17
1226,750,Post,74,2024-11-08
1227,751,Pre,47,2025-01-30
1228,751,Post,54,2025-02-26
1229,752,Pre,45,2026-05-20
1230,752,Post,67,2026-06-02
1231,753,Pre,47,2025-10-14
1232,754,Pre,51,2025-10-20
1233,754,Post,55,2025-11-14
1234,755,Pre,54,2026-05-16
1235,755,Post,66,2026-06-18
1236,756,Pre,55,2025-01-12
1237,756,Post,76,2025-01-26
1238,757,Pre,54,2026-04-13
1239,757,Post,61,2026-05-08
1240,758,Pre,51,2026-01-24
1241,758,Post,68,2026-02-02
1242,760,Pre,48,2024-11-08
1243,760,Post,61,2024-11-15
1244,761,Pre,85,2026-06-25
1245,761,Post,88,2026-07-08
1246,762,Pre,54,2024-06-12
1247,762,Post,66,2024-07-05
1248,763,Pre,51,2025-06-29
1249,763,Post,47,2025-07-21
1250,764,Pre,88,2024-03-30
1251,764,Post,95,2024-04-09
1252,765,Pre,52,2024-12-24
1253,765,Post,70,2025-01-15
1254,766,Pre,63,2025-01-06
1255,766,Post,81,2025-01-21
1256,767,Pre,58,2024-06-07
1257,768,Pre,59,2024-05-25
1258,768,Post,84,2024-06-16
1259,769,Pre,59,2025-11-16
1260,770,Pre,65,2025-07-21
1261,770,Post,61,2025-07-26
1262,771,Pre,50,2026-06-08
1263,771,Post,60,2026-06-30
1264,772,Pre,59,2025-04-25
1265,772,Post,73,2025-05-19
1266,773,Pre,43,2025-03-29
1267,774,Pre,69,2025-08-01
1268,774,Post,89,2025-08-14
1269,775,Pre,36,2024-01-30
1270,775,Post,51,2024-02-09
1271,776,Pre,36,2025-08-03
1272,777,Pre,82,2026-06-21
1273,777,Post,88,2026-06-30
1274,778,Pre,70,2024-11-30
1275,778,Post,77,2024-12-22
1276,779,Pre,57,2024-08-29
1277,779,Post,70,2024-09-07
1278,780,Pre,51,2024-11-28
1279,780,Post,64,2024-12-22
1280,781,Pre,60,2025-08-14
1281,783,Pre,72,2025-05-15
1282,784,Pre,74,2026-06-22
1283,784,Post,85,2026-07-03
1284,786,Pre,50,2026-06-05
1285,786,Post,64,2026-07-05
1286,787,Pre,66,2025-09-17
1287,787,Post,88,2025-09-28
1288,788,Pre,67,2025-09-10
1289,789,Pre,66,2024-01-03
1290,789,Post,73,2024-01-12
1291,790,Pre,55,2024-02-26
1292,790,Post,71,2024-03-26
1293,791,Pre,60,2026-02-16
1294,791,Post,59,2026-03-07
1295,792,Pre,61,2025-05-17
1296,792,Post,72,2025-06-06
1297,794,Pre,66,2024-06-01
1298,794,Post,84,2024-06-29
1299,796,Pre,73,2026-01-13
1300,797,Pre,64,2024-02-08
1301,798,Pre,66,2025-05-15
1302,798,Post,72,2025-06-12
1303,799,Pre,62,2025-05-30
1304,799,Post,60,2025-06-22
1305,800,Pre,73,2024-08-03
1306,800,Post,81,2024-09-02
1307,801,Pre,52,2025-11-14
1308,801,Post,72,2025-11-21
1309,803,Pre,48,2026-02-07
1310,804,Pre,71,2024-07-25
1311,804,Post,84,2024-08-11
1312,805,Pre,57,2025-10-22
1313,805,Post,68,2025-11-11
1314,806,Pre,44,2024-11-24
1315,806,Post,50,2024-12-02
1316,809,Pre,62,2024-06-01
1317,809,Post,76,2024-06-12
1318,810,Pre,46,2025-08-23
1319,811,Pre,45,2024-11-06
1320,811,Post,59,2024-11-20
1321,812,Pre,54,2025-06-07
1322,812,Post,54,2025-06-28
1323,813,Pre,38,2024-01-06
1324,813,Post,56,2024-01-29
1325,814,Pre,65,2025-08-30
1326,814,Post,81,2025-09-26
1327,815,Pre,62,2025-02-11
1328,815,Post,76,2025-02-25
1329,816,Pre,66,2024-07-31
1330,816,Post,83,2024-08-27
1331,817,Pre,51,2025-04-16
1332,817,Post,60,2025-05-16
1333,818,Pre,67,2024-04-27
1334,818,Post,82,2024-05-26
1335,819,Pre,56,2024-04-25
1336,819,Post,64,2024-05-08
1337,820,Pre,54,2024-02-12
1338,820,Post,55,2024-03-08
1339,821,Pre,56,2026-01-10
1340,821,Post,56,2026-02-07
1341,823,Pre,45,2026-02-03
1342,824,Pre,62,2024-07-16
1343,824,Post,84,2024-08-01
1344,825,Pre,57,2025-11-07
1345,825,Post,58,2025-12-02
1346,826,Pre,66,2024-11-04
1347,827,Pre,48,2026-03-14
1348,827,Post,59,2026-03-23
1349,828,Pre,41,2026-03-19
1350,828,Post,52,2026-04-06
1351,829,Pre,73,2026-08-02
1352,829,Post,85,2026-08-07
1353,830,Pre,45,2024-05-17
1354,830,Post,57,2024-06-01
1355,831,Pre,70,2026-05-10
1356,833,Pre,62,2026-05-09
1357,834,Pre,44,2025-11-01
1358,834,Post,52,2025-11-13
1359,835,Pre,43,2025-09-02
1360,835,Post,64,2025-10-02
1361,836,Pre,74,2026-04-23
1362,836,Post,89,2026-04-30
1363,837,Pre,67,2024-05-01
1364,837,Post,68,2024-05-09
1365,838,Pre,60,2025-07-16
1366,838,Post,70,2025-07-29
1367,839,Pre,55,2026-08-04
1368,839,Post,71,2026-08-09
1369,842,Pre,60,2025-09-20
1370,842,Post,79,2025-10-07
1371,843,Pre,70,2024-03-02
1372,843,Post,81,2024-03-25
1373,845,Pre,58,2025-08-27
1374,845,Post,75,2025-09-07
1375,846,Pre,43,2024-10-15
1376,846,Post,52,2024-10-28
1377,847,Pre,66,2026-06-03
1378,847,Post,73,2026-06-29
1379,848,Pre,50,2024-08-15
1380,848,Post,59,2024-08-29
1381,849,Pre,56,2024-05-07
1382,849,Post,62,2024-05-24
1383,850,Pre,81,2025-05-23
1384,850,Post,90,2025-06-18
1385,851,Pre,75,2025-03-09
1386,852,Pre,58,2025-01-14
1387,852,Post,66,2025-02-09
1388,853,Pre,42,2025-01-15
1389,853,Post,52,2025-01-23
1390,854,Pre,51,2025-05-06
1391,855,Pre,48,2024-09-14
1392,855,Post,55,2024-09-19
1393,856,Pre,47,2024-03-01
1394,857,Pre,43,2024-05-05
1395,857,Post,56,2024-05-13
1396,858,Pre,35,2026-03-22
1397,858,Post,36,2026-03-31
1398,859,Pre,56,2024-10-09
1399,860,Pre,72,2025-03-09
1400,860,Post,68,2025-03-30
1401,861,Pre,57,2026-04-11
1402,862,Pre,72,2024-05-31
1403,862,Post,81,2024-06-28
1404,863,Pre,52,2025-12-22
1405,863,Post,65,2025-12-26
1406,864,Pre,73,2025-02-22
1407,864,Post,89,2025-03-05
1408,865,Pre,69,2024-08-22
1409,865,Post,74,2024-08-28
1410,867,Pre,61,2024-11-03
1411,867,Post,76,2024-11-20
1412,868,Pre,73,2024-07-20
1413,868,Post,84,2024-08-17
1414,870,Pre,65,2025-03-12
1415,870,Post,69,2025-04-06
1416,871,Pre,58,2024-07-28
1417,871,Post,72,2024-08-01
1418,872,Pre,54,2025-11-18
1419,873,Pre,58,2025-02-16
1420,873,Post,70,2025-03-21
1421,874,Pre,72,2026-08-02
1422,874,Post,80,2026-08-17
1423,875,Pre,83,2026-04-22
1424,875,Post,89,2026-05-08
1425,876,Pre,54,2024-09-03
1426,877,Pre,54,2024-01-20
1427,877,Post,69,2024-02-03
1428,878,Pre,50,2024-04-12
1429,878,Post,59,2024-04-26
1430,879,Pre,59,2026-02-12
1431,879,Post,72,2026-02-19
1432,880,Pre,64,2025-05-12
1433,880,Post,78,2025-05-20
1434,881,Pre,25,2024-01-21
1435,882,Pre,62,2025-07-10
1436,883,Pre,63,2026-01-02
1437,883,Post,80,2026-02-01
1438,884,Pre,64,2025-12-14
1439,884,Post,84,2025-12-19
1440,885,Pre,38,2025-12-25
1441,885,Post,42,2026-01-25
1442,886,Pre,61,2025-09-17
1443,886,Post,84,2025-09-26
1444,887,Pre,45,2025-10-24
1445,888,Pre,65,2026-07-23
1446,888,Post,79,2026-08-15
1447,889,Pre,65,2025-10-16
1448,889,Post,75,2025-10-21
1449,890,Pre,54,2025-03-25
1450,890,Post,61,2025-04-12
1451,891,Pre,69,2026-02-06
1452,891,Post,77,2026-02-24
1453,892,Pre,54,2024-04-11
1454,892,Post,65,2024-04-30
1455,893,Pre,62,2025-05-11
1456,893,Post,67,2025-05-21
1457,894,Pre,60,2024-06-27
1458,895,Pre,50,2026-01-24
1459,895,Post,53,2026-02-21
1460,896,Pre,55,2024-10-23
1461,896,Post,63,2024-10-30
1462,897,Pre,63,2024-01-16
1463,897,Post,75,2024-01-29
1464,899,Pre,57,2024-08-07
1465,899,Post,71,2024-08-29
1466,900,Pre,70,2025-07-07
1467,901,Pre,68,2024-02-26
1468,902,Pre,62,2024-01-29
1469,902,Post,79,2024-02-25
1470,904,Pre,66,2026-03-29
1471,904,Post,65,2026-04-12
1472,905,Pre,54,2025-09-21
1473,905,Post,70,2025-10-16
1474,906,Pre,54,2026-03-09
1475,906,Post,63,2026-03-15
1476,908,Pre,43,2025-05-30
1477,908,Post,51,2025-06-13
1478,909,Pre,61,2024-02-01
1479,911,Pre,65,2025-07-01
1480,911,Post,72,2025-07-31
1481,912,Pre,76,2026-06-20
1482,913,Pre,55,2026-08-07
1483,913,Post,58,2026-08-25
1484,915,Pre,39,2026-04-11
1485,915,Post,47,2026-05-10
1486,916,Pre,52,2024-11-23
1487,916,Post,56,2024-11-29
1488,917,Pre,58,2026-05-12
1489,917,Post,64,2026-06-04
1490,918,Pre,57,2025-02-16
1491,918,Post,71,2025-03-14
1492,919,Pre,65,2024-06-10
1493,919,Post,80,2024-07-03
1494,921,Pre,45,2025-07-27
1495,922,Pre,54,2026-02-09
1496,922,Post,55,2026-03-07
1497,923,Pre,68,2025-11-11
1498,923,Post,79,2025-11-25
1499,924,Pre,56,2024-08-22
1500,924,Post,63,2024-09-03
1501,925,Pre,66,2026-03-20
1502,925,Post,86,2026-03-29
1503,926,Pre,39,2025-05-21
1504,927,Pre,56,2025-05-14
1505,927,Post,61,2025-06-14
1506,928,Pre,62,2024-08-17
1507,928,Post,72,2024-09-01
1508,929,Pre,52,2026-08-11
1509,929,Post,72,2026-09-15
1510,930,Pre,63,2025-11-17
1511,930,Post,78,2025-11-28
1512,931,Pre,53,2026-06-25
1513,931,Post,74,2026-07-13
1514,932,Pre,67,2026-05-05
1515,932,Post,84,2026-05-22
1516,934,Pre,64,2025-04-08
1517,934,Post,75,2025-04-18
1518,935,Pre,67,2024-06-05
1519,935,Post,78,2024-06-13
1520,936,Pre,71,2026-08-13
1521,936,Post,87,2026-09-12
1522,937,Pre,61,2025-02-20
1523,937,Post,65,2025-03-16
1524,939,Pre,62,2025-07-01
1525,939,Post,78,2025-07-30
1526,940,Pre,52,2024-02-12
1527,941,Pre,62,2025-02-08
1528,941,Post,68,2025-03-07
1529,942,Pre,67,2025-08-12
1530,942,Post,63,2025-08-17
1531,943,Pre,57,2024-04-01
1532,943,Post,64,2024-04-12
1533,944,Pre,60,2026-07-06
1534,945,Pre,67,2025-11-08
1535,947,Pre,66,2025-02-21
1536,947,Post,83,2025-03-07
1537,948,Pre,47,2026-07-04
1538,948,Post,56,2026-07-14
1539,949,Pre,55,2024-09-17
1540,949,Post,79,2024-10-11
1541,952,Pre,68,2025-05-22
1542,952,Post,74,2025-06-01
1543,953,Pre,62,2024-11-21
1544,953,Post,75,2024-12-07
1545,954,Pre,70,2024-01-29
1546,955,Pre,51,2024-03-05
1547,955,Post,59,2024-04-02
1548,956,Pre,50,2026-08-11
1549,957,Pre,56,2025-12-17
1550,957,Post,63,2026-01-07
1551,958,Pre,62,2025-10-07
1552,958,Post,72,2025-10-31
1553,959,Pre,59,2024-01-03
1554,960,Pre,47,2024-05-28
1555,960,Post,64,2024-06-04
1556,961,Pre,54,2025-06-13
1557,962,Pre,63,2026-05-09
1558,962,Post,71,2026-05-20
1559,964,Pre,47,2025-11-10
1560,964,Post,57,2025-12-09
1561,965,Pre,76,2025-08-18
1562,965,Post,84,2025-09-12
1563,966,Pre,69,2026-08-10
1564,966,Post,69,2026-09-02
1565,967,Pre,69,2026-06-06
1566,967,Post,83,2026-06-22
1567,968,Pre,70,2024-11-17
1568,969,Pre,44,2025-09-20
1569,969,Post,56,2025-10-19
1570,970,Pre,77,2026-05-15
1571,970,Post,100,2026-06-11
1572,971,Pre,69,2026-08-09
1573,971,Post,74,2026-09-06
1574,972,Pre,78,2024-03-13
1575,972,Post,82,2024-04-02
1576,973,Pre,52,2024-08-20
1577,974,Pre,58,2025-07-22
1578,975,Pre,51,2024-09-11
1579,975,Post,58,2024-10-07
1580,976,Pre,60,2025-06-11
1581,976,Post,83,2025-07-01
1582,977,Pre,60,2025-01-23
1583,977,Post,65,2025-01-29
1584,978,Pre,45,2025-10-28
1585,978,Post,61,2025-11-26
1586,979,Pre,69,2025-08-17
1587,979,Post,89,2025-08-24
1588,980,Pre,80,2025-01-19
1589,980,Post,81,2025-01-29
1590,981,Pre,57,2026-06-01
1591,981,Post,60,2026-06-16
1592,982,Pre,53,2024-02-21
1593,982,Post,71,2024-03-09
1594,983,Pre,42,2026-04-19
1595,984,Pre,54,2026-06-04
1596,984,Post,66,2026-07-03
1597,985,Pre,49,2026-07-02
1598,985,Post,57,2026-07-23
1599,986,Pre,60,2026-02-25
1600,986,Post,67,2026-03-06
1601,987,Pre,59,2026-04-04
1602,987,Post,76,2026-04-25
1603,988,Pre,69,2026-03-12
1604,988,Post,78,2026-04-13
1605,989,Pre,67,2026-03-13
1606,989,Post,70,2026-04-04
1607,990,Pre,52,2024-12-10
1608,990,Post,57,2024-12-19
1609,991,Pre,49,2024-12-08
1610,991,Post,51,2024-12-24
1611,992,Pre,50,2024-01-10
1612,992,Post,66,2024-02-02
1613,993,Pre,58,2024-07-10
1614,993,Post,66,2024-07-20
1615,994,Pre,73,2026-02-19
1616,995,Pre,71,2025-05-04
1617,995,Post,82,2025-05-21
1618,996,Pre,60,2026-02-21
1619,996,Post,67,2026-02-28
1620,997,Pre,45,2024-03-21
1621,997,Post,71,2024-04-18
1622,999,Pre,51,2024-09-14
1623,999,Post,64,2024-10-07
1624,1000,Pre,69,2024-03-02
1625,1000,Post,82,2024-03-24
1626,1001,Pre,50,2025-08-25
1627,1001,Post,59,2025-09-16
1628,1002,Pre,76,2025-07-26
1629,1002,Post,81,2025-08-02
1630,1004,Pre,61,2026-07-07
1631,1004,Post,70,2026-08-03
1632,1005,Pre,60,2026-01-05
1633,1005,Post,69,2026-01-18
1634,1006,Pre,52,2026-04-11
1635,1006,Post,68,2026-04-21
1636,1007,Pre,78,2024-06-17
1637,1007,Post,80,2024-07-13
1638,1009,Pre,59,2024-12-20
1639,1009,Post,74,2025-01-19
1640,1010,Pre,64,2025-06-29
1641,1010,Post,65,2025-07-18
1642,1011,Pre,71,2025-10-12
1643,1011,Post,80,2025-10-22
1644,1012,Pre,70,2024-11-13
1645,1012,Post,80,2024-12-08
1646,1013,Pre,59,2024-08-26
1647,1013,Post,71,2024-09-09
1648,1014,Pre,56,2024-10-01
1649,1014,Post,68,2024-10-28
1650,1015,Pre,62,2024-11-08
1651,1015,Post,70,2024-11-21
1652,1016,Pre,65,2026-01-27
1653,1016,Post,69,2026-02-06
1654,1017,Pre,59,2024-04-24
1655,1017,Post,66,2024-05-02
1656,1018,Pre,76,2025-04-03
1657,1018,Post,76,2025-04-22
1658,1020,Pre,52,2026-01-21
1659,1021,Pre,42,2026-07-11
1660,1022,Pre,43,2025-11-11
1661,1022,Post,56,2025-12-09
1662,1023,Pre,85,2025-05-16
1663,1023,Post,81,2025-05-28
1664,1024,Pre,57,2025-07-05
1665,1024,Post,71,2025-07-15
1666,1025,Pre,61,2025-05-01
1667,1025,Post,74,2025-05-09
1668,1026,Pre,69,2026-03-31
1669,1027,Pre,56,2024-09-09
1670,1028,Pre,59,2025-10-12
1671,1028,Post,74,2025-10-29
1672,1029,Pre,51,2024-08-23
1673,1029,Post,55,2024-09-12
1674,1030,Pre,87,2024-09-30
1675,1030,Post,93,2024-10-12
1676,1031,Pre,55,2026-06-21
1677,1031,Post,70,2026-06-28
1678,1032,Pre,59,2025-12-17
1679,1033,Pre,48,2024-03-11
1680,1033,Post,56,2024-04-02
1681,1034,Pre,63,2024-10-20
1682,1034,Post,78,2024-10-26
1683,1035,Pre,71,2024-06-25
1684,1035,Post,85,2024-07-07
1685,1036,Pre,38,2025-01-03
1686,1036,Post,44,2025-01-22
1687,1037,Pre,61,2024-08-03
1688,1038,Pre,83,2024-03-08
1689,1038,Post,89,2024-04-02
1690,1039,Pre,60,2026-03-14
1691,1039,Post,73,2026-03-19
1692,1040,Pre,63,2026-02-12
1693,1041,Pre,77,2024-09-03
1694,1041,Post,92,2024-09-12
1695,1042,Pre,48,2025-05-29
1696,1042,Post,60,2025-06-11
1697,1043,Pre,58,2025-01-30
1698,1044,Pre,59,2025-08-23
1699,1044,Post,66,2025-09-20
1700,1045,Pre,59,2026-02-21
1701,1045,Post,67,2026-02-24
1702,1046,Pre,69,2024-11-18
1703,1046,Post,82,2024-12-13
1704,1047,Pre,57,2024-04-17
1705,1047,Post,69,2024-05-06
1706,1048,Pre,64,2025-01-20
1707,1048,Post,83,2025-02-20
1708,1049,Pre,40,2025-09-04
1709,1049,Post,42,2025-09-22
1710,1050,Pre,57,2024-10-01
1711,1050,Post,74,2024-10-13
1712,1051,Pre,58,2024-08-19
1713,1051,Post,71,2024-08-27
1714,1053,Pre,54,2025-10-23
1715,1053,Post,59,2025-11-09
1716,1054,Pre,53,2026-04-16
1717,1054,Post,67,2026-05-09
1718,1055,Pre,53,2025-06-13
1719,1056,Pre,63,2025-08-14
1720,1056,Post,84,2025-08-28
1721,1057,Pre,66,2024-02-15
1722,1058,Pre,39,2024-06-28
1723,1059,Pre,42,2025-06-18
1724,1059,Post,61,2025-07-09
1725,1060,Pre,63,2026-07-20
1726,1060,Post,77,2026-08-19
1727,1061,Pre,54,2025-07-25
1728,1062,Pre,57,2025-01-30
1729,1062,Post,67,2025-02-20
1730,1063,Pre,61,2024-07-12
1731,1063,Post,79,2024-08-13
1732,1064,Pre,47,2026-07-28
1733,1065,Pre,63,2026-08-08
1734,1065,Post,71,2026-08-18
1735,1066,Pre,65,2025-08-26
1736,1066,Post,76,2025-08-29
1737,1067,Pre,49,2025-03-07
1738,1068,Pre,64,2025-10-18
1739,1068,Post,79,2025-11-03
1740,1069,Pre,62,2025-08-25
1741,1069,Post,70,2025-09-19
1742,1070,Pre,57,2024-01-04
1743,1070,Post,61,2024-02-07
1744,1071,Pre,68,2026-02-08
1745,1071,Post,74,2026-02-18
1746,1072,Pre,42,2026-04-15
1747,1072,Post,67,2026-04-29
1748,1073,Pre,73,2025-01-23
1749,1073,Post,79,2025-01-31
1750,1074,Pre,65,2025-12-06
1751,1074,Post,78,2025-12-25
1752,1075,Pre,47,2025-02-03
1753,1075,Post,50,2025-02-07
1754,1076,Pre,74,2025-10-24
1755,1076,Post,94,2025-11-10
1756,1077,Pre,43,2025-12-26
1757,1077,Post,46,2026-01-04
1758,1078,Pre,66,2025-04-02
1759,1078,Post,68,2025-04-11
1760,1079,Pre,64,2026-08-02
1761,1080,Pre,37,2025-04-25
1762,1080,Post,57,2025-05-22
1763,1082,Pre,62,2024-07-26
1764,1082,Post,75,2024-08-03
1765,1083,Pre,63,2025-08-04
1766,1083,Post,80,2025-08-21
1767,1084,Pre,61,2025-04-15
1768,1085,Pre,57,2025-03-19
1769,1085,Post,66,2025-04-11
1770,1086,Pre,61,2024-05-01
1771,1086,Post,74,2024-05-27
1772,1087,Pre,65,2026-03-11
1773,1087,Post,77,2026-03-27
1774,1088,Pre,46,2025-08-28
1775,1088,Post,58,2025-09-12
1776,1089,Pre,41,2025-08-06
1777,1089,Post,56,2025-08-23
1778,1090,Pre,50,2024-08-30
1779,1090,Post,62,2024-09-07
1780,1091,Pre,55,2025-12-19
1781,1092,Pre,48,2025-10-08
1782,1092,Post,47,2025-10-30
1783,1093,Pre,59,2025-01-24
1784,1093,Post,62,2025-01-28
1785,1095,Pre,57,2026-08-14
1786,1095,Post,63,2026-08-20
1787,1096,Pre,70,2024-12-09
1788,1096,Post,69,2024-12-17
1789,1097,Pre,46,2024-10-24
1790,1097,Post,57,2024-11-18
1791,1098,Pre,60,2024-10-30
1792,1098,Post,68,2024-11-10
1793,1099,Pre,45,2025-07-08
1794,1099,Post,59,2025-08-05
1795,1100,Pre,50,2024-04-04
1796,1100,Post,76,2024-04-28
1797,1101,Pre,46,2025-03-22
1798,1101,Post,54,2025-03-29
1799,1102,Pre,62,2025-05-03
1800,1102,Post,62,2025-05-26
1801,1103,Pre,59,2026-04-10
1802,1103,Post,75,2026-04-23
1803,1104,Pre,62,2024-09-29
1804,1105,Pre,44,2024-12-20
1805,1105,Post,58,2025-01-07
1806,1106,Pre,61,2024-02-16
1807,1106,Post,79,2024-03-16
1808,1107,Pre,52,2026-05-15
1809,1107,Post,69,2026-05-29
1810,1108,Pre,50,2025-05-23
1811,1109,Pre,61,2026-01-21
1812,1109,Post,76,2026-02-14
1813,1110,Pre,40,2025-12-22
1814,1111,Pre,60,2024-02-24
1815,1111,Post,67,2024-03-06
1816,1112,Pre,59,2026-05-17
1817,1113,Pre,66,2026-07-30
1818,1113,Post,76,2026-08-13
1819,1114,Pre,53,2026-03-17
1820,1114,Post,73,2026-03-23
1821,1116,Pre,80,2024-06-13
1822,1116,Post,86,2024-07-09
1823,1118,Pre,61,2026-08-14
1824,1118,Post,68,2026-09-13
1825,1119,Pre,58,2025-05-08
1826,1119,Post,69,2025-06-06
1827,1120,Pre,79,2025-10-18
1828,1120,Post,79,2025-10-21
1829,1122,Pre,74,2025-04-19
1830,1123,Pre,44,2025-11-03
1831,1123,Post,53,2025-11-11
1832,1124,Pre,50,2026-06-20
1833,1124,Post,71,2026-07-09
1834,1125,Pre,58,2026-06-01
1835,1126,Pre,49,2024-05-19
1836,1126,Post,60,2024-05-27
1837,1127,Pre,53,2025-03-16
1838,1127,Post,71,2025-04-14
1839,1128,Pre,57,2025-05-10
1840,1128,Post,72,2025-06-07
1841,1130,Pre,50,2025-07-29
1842,1130,Post,62,2025-08-26
1843,1131,Pre,43,2025-10-23
1844,1131,Post,60,2025-11-17
1845,1132,Pre,45,2025-08-30
1846,1132,Post,60,2025-09-09
1847,1133,Pre,48,2024-12-18
1848,1133,Post,68,2025-01-01
1849,1134,Pre,73,2026-02-23
1850,1134,Post,77,2026-03-20
1851,1135,Pre,59,2026-03-23
1852,1136,Pre,53,2025-04-30
1853,1136,Post,73,2025-05-15
1854,1137,Pre,71,2024-08-06
1855,1138,Pre,52,2024-02-06
1856,1138,Post,56,2024-02-15
1857,1139,Pre,72,2025-07-28
1858,1139,Post,88,2025-08-16
1859,1140,Pre,25,2024-03-11
1860,1140,Post,25,2024-03-26
1861,1141,Pre,33,2026-03-13
1862,1142,Pre,60,2025-06-20
1863,1143,Pre,56,2026-06-11
1864,1144,Pre,31,2025-02-19
1865,1145,Pre,28,2026-02-02
1866,1145,Post,37,2026-02-12
1867,1147,Pre,80,2025-07-08
1868,1147,Post,96,2025-07-31
1869,1148,Pre,43,2024-11-21
1870,1149,Pre,56,2026-03-27
1871,1150,Pre,65,2025-02-19
1872,1151,Pre,60,2024-12-08
1873,1151,Post,81,2024-12-30
1874,1152,Pre,68,2024-02-21
1875,1152,Post,78,2024-03-11
1876,1153,Pre,81,2024-03-22
1877,1153,Post,95,2024-04-10
1878,1154,Pre,70,2024-07-06
1879,1156,Pre,54,2024-04-19
1880,1156,Post,70,2024-05-17
1881,1157,Pre,62,2024-01-29
1882,1157,Post,68,2024-02-22
1883,1158,Pre,67,2024-04-12
1884,1160,Pre,55,2025-12-04
1885,1160,Post,68,2025-12-19
1886,1161,Pre,62,2025-03-31
1887,1161,Post,80,2025-04-07
1888,1162,Pre,59,2024-06-21
1889,1162,Post,68,2024-07-09
1890,1163,Pre,83,2026-07-30
1891,1163,Post,79,2026-08-12
1892,1164,Pre,69,2025-11-29
1893,1164,Post,74,2025-12-01
1894,1165,Pre,47,2024-05-18
1895,1165,Post,62,2024-06-05
1896,1166,Pre,41,2025-08-02
1897,1166,Post,51,2025-08-09
1898,1167,Pre,63,2025-03-03
1899,1168,Pre,59,2024-03-21
1900,1168,Post,75,2024-04-02
1901,1169,Pre,79,2026-08-10
1902,1169,Post,89,2026-08-27
1903,1170,Pre,61,2025-12-03
1904,1170,Post,70,2025-12-17
1905,1171,Pre,60,2025-09-24
1906,1171,Post,66,2025-10-13
1907,1172,Pre,46,2026-05-04
1908,1172,Post,71,2026-06-05
1909,1173,Pre,66,2026-05-14
1910,1173,Post,72,2026-06-08
1911,1174,Pre,57,2024-12-28
1912,1174,Post,69,2025-01-23
1913,1175,Pre,67,2024-01-29
1914,1176,Pre,63,2024-03-08
1915,1176,Post,71,2024-03-27
1916,1177,Pre,58,2025-09-28
1917,1177,Post,65,2025-10-09
1918,1178,Pre,74,2024-07-27
1919,1178,Post,86,2024-08-19
1920,1179,Pre,62,2024-12-22
1921,1179,Post,75,2024-12-29
1922,1180,Pre,49,2024-02-16
1923,1180,Post,59,2024-03-17
1924,1181,Pre,43,2024-03-06
1925,1181,Post,52,2024-03-22
1926,1183,Pre,79,2025-09-22
1927,1183,Post,76,2025-10-04
1928,1184,Pre,49,2024-12-20
1929,1185,Pre,50,2025-12-03
1930,1185,Post,65,2025-12-09
1931,1186,Pre,71,2024-03-13
1932,1186,Post,79,2024-04-01
1933,1187,Pre,53,2025-08-14
1934,1187,Post,62,2025-08-18
1935,1189,Pre,54,2025-07-13
1936,1189,Post,72,2025-08-04
1937,1190,Pre,45,2026-03-07
1938,1190,Post,48,2026-03-20
1939,1191,Pre,63,2025-12-12
1940,1191,Post,76,2026-01-07
1941,1192,Pre,46,2025-11-09
1942,1192,Post,48,2025-11-20
1943,1194,Pre,43,2025-05-17
1944,1194,Post,61,2025-06-16
1945,1195,Pre,53,2024-12-08
1946,1195,Post,66,2024-12-19
1947,1196,Pre,70,2026-04-28
1948,1196,Post,79,2026-05-18
1949,1197,Pre,46,2024-11-16
1950,1197,Post,53,2024-12-01
1951,1198,Pre,45,2025-04-15
1952,1198,Post,59,2025-04-26
1953,1199,Pre,65,2024-07-10
1954,1199,Post,85,2024-08-05
1955,1200,Pre,56,2024-08-12
1956,1201,Pre,42,2024-04-07
1957,1201,Post,49,2024-05-05
1958,1202,Pre,40,2024-02-10
1959,1202,Post,49,2024-02-29
1960,1203,Pre,57,2024-12-30
1961,1203,Post,79,2025-01-25
1962,1204,Pre,61,2025-07-23
1963,1205,Pre,60,2024-01-15
1964,1205,Post,69,2024-01-24
1965,1206,Pre,71,2025-03-30
1966,1206,Post,89,2025-04-07
1967,1207,Pre,82,2024-10-15
1968,1208,Pre,43,2026-08-03
1969,1209,Pre,71,2025-07-30
1970,1209,Post,95,2025-08-23
1971,1210,Pre,71,2025-08-02
1972,1211,Pre,60,2026-01-24
1973,1211,Post,75,2026-02-18
1974,1212,Pre,62,2024-02-17
1975,1212,Post,73,2024-03-07
1976,1213,Pre,62,2026-06-22
1977,1213,Post,64,2026-06-28
1978,1214,Pre,68,2025-04-13
1979,1214,Post,89,2025-05-05
1980,1216,Pre,57,2025-09-02
1981,1216,Post,69,2025-09-22
1982,1217,Pre,71,2024-12-18
1983,1218,Pre,37,2025-07-17
1984,1218,Post,42,2025-07-28
1985,1219,Pre,72,2024-06-21
1986,1219,Post,88,2024-07-22
1987,1220,Pre,64,2024-06-24
1988,1220,Post,86,2024-07-15
1989,1221,Pre,83,2025-08-09
1990,1222,Pre,59,2025-01-09
1991,1222,Post,72,2025-01-28
1992,1223,Pre,72,2025-05-30
1993,1223,Post,83,2025-06-24
1994,1224,Pre,65,2025-07-17
1995,1224,Post,70,2025-08-09
1996,1225,Pre,72,2026-02-06
1997,1225,Post,92,2026-02-26
1998,1226,Pre,56,2024-04-06
1999,1226,Post,73,2024-04-28
2000,1228,Pre,50,2025-05-05
2001,1228,Post,67,2025-06-01
2002,1229,Pre,74,2024-08-09
2003,1229,Post,70,2024-08-26
2004,1230,Pre,74,2025-06-04
2005,1231,Pre,76,2026-04-02
2006,1231,Post,91,2026-04-14
2007,1232,Pre,36,2026-06-06
2008,1232,Post,47,2026-06-11
2009,1233,Pre,49,2026-01-09
2010,1234,Pre,40,2024-06-30
2011,1234,Post,60,2024-07-25
2012,1236,Pre,63,2024-06-08
2013,1236,Post,74,2024-06-16
2014,1237,Pre,64,2024-10-12
2015,1237,Post,81,2024-11-09
2016,1238,Pre,73,2026-05-30
2017,1238,Post,81,2026-06-04
2018,1239,Pre,70,2025-01-03
2019,1239,Post,74,2025-01-29
2020,1240,Pre,55,2025-11-20
2021,1240,Post,64,2025-12-16
2022,1241,Pre,70,2024-02-06
2023,1241,Post,91,2024-02-13
2024,1242,Pre,52,2025-12-13
2025,1242,Post,54,2025-12-19
2026,1243,Pre,42,2025-05-24
2027,1243,Post,62,2025-06-02
2028,1244,Pre,39,2024-09-06
2029,1244,Post,48,2024-09-14
2030,1245,Pre,53,2026-02-16
2031,1245,Post,63,2026-02-20
2032,1246,Pre,73,2024-02-18
2033,1246,Post,87,2024-03-08
2034,1247,Pre,44,2026-04-24
2035,1247,Post,56,2026-05-22
2036,1248,Pre,65,2026-08-15
2037,1249,Pre,67,2025-02-11
2038,1250,Pre,63,2024-08-17
2039,1250,Post,65,2024-08-24
2040,1252,Pre,63,2026-06-23
2041,1253,Pre,57,2024-11-01
2042,1253,Post,75,2024-11-28
2043,1254,Pre,63,2024-06-11
2044,1254,Post,78,2024-07-03
2045,1255,Pre,58,2026-03-15
2046,1255,Post,63,2026-04-01
2047,1257,Pre,74,2025-02-05
2048,1257,Post,82,2025-02-28
2049,1259,Pre,62,2025-05-28
2050,1259,Post,76,2025-06-13
2051,1260,Pre,62,2026-05-11
2052,1260,Post,63,2026-05-25
2053,1261,Pre,48,2026-06-17
2054,1263,Pre,68,2026-04-03
2055,1263,Post,74,2026-04-18
2056,1264,Pre,49,2024-10-20
2057,1265,Pre,63,2025-11-02
2058,1265,Post,68,2025-11-21
2059,1266,Pre,33,2025-12-02
2060,1266,Post,45,2025-12-29
2061,1267,Pre,61,2025-08-04
2062,1267,Post,75,2025-08-09
2063,1268,Pre,63,2025-01-20
2064,1268,Post,77,2025-01-31
2065,1269,Pre,51,2025-01-29
2066,1269,Post,59,2025-02-06
2067,1270,Pre,71,2024-05-30
2068,1270,Post,83,2024-06-30
2069,1271,Pre,38,2026-07-30
2070,1272,Pre,88,2025-07-22
2071,1272,Post,89,2025-08-01
2072,1273,Pre,39,2025-11-26
2073,1273,Post,54,2025-12-18
2074,1274,Pre,54,2024-02-10
2075,1274,Post,56,2024-02-27
2076,1275,Pre,52,2025-12-04
2077,1275,Post,62,2025-12-30
2078,1276,Pre,45,2024-05-31
2079,1276,Post,41,2024-06-25
2080,1277,Pre,54,2025-12-29
2081,1277,Post,65,2026-01-19
2082,1278,Pre,71,2024-09-26
2083,1278,Post,86,2024-10-19
2084,1279,Pre,56,2026-06-27
2085,1279,Post,67,2026-07-12
2086,1280,Pre,67,2024-07-10
2087,1281,Pre,43,2025-06-28
2088,1281,Post,55,2025-07-13
2089,1282,Pre,56,2026-04-14
2090,1282,Post,65,2026-05-08
2091,1283,Pre,51,2025-12-24
2092,1284,Pre,47,2025-05-26
2093,1284,Post,59,2025-06-12
2094,1285,Pre,46,2026-06-03
2095,1285,Post,63,2026-07-01
2096,1286,Pre,60,2025-07-31
2097,1286,Post,72,2025-08-17
2098,1287,Pre,55,2025-02-15
2099,1287,Post,67,2025-03-16
2100,1288,Pre,59,2026-01-09
2101,1290,Pre,67,2025-03-23
2102,1290,Post,70,2025-04-09
2103,1293,Pre,53,2026-07-16
2104,1293,Post,63,2026-07-22
2105,1294,Pre,74,2025-01-13
2106,1294,Post,77,2025-02-11
2107,1296,Pre,46,2024-11-09
2108,1296,Post,51,2024-11-24
2109,1297,Pre,73,2025-09-02
2110,1297,Post,89,2025-10-04
2111,1298,Pre,57,2025-01-25
2112,1298,Post,70,2025-02-12
2113,1299,Pre,56,2026-08-02
2114,1299,Post,61,2026-08-26
2115,1300,Pre,45,2024-05-19
2116,1300,Post,55,2024-06-15
2117,1301,Pre,72,2024-05-01
2118,1301,Post,85,2024-05-17
2119,1302,Pre,44,2024-10-19
2120,1302,Post,52,2024-11-11
2121,1303,Pre,37,2025-07-11
2122,1303,Post,51,2025-07-24
2123,1304,Pre,42,2025-03-01
2124,1305,Pre,50,2026-06-26
2125,1305,Post,60,2026-07-26
2126,1306,Pre,69,2025-08-03
2127,1306,Post,76,2025-09-01
2128,1308,Pre,51,2024-01-31
2129,1308,Post,67,2024-02-23
2130,1309,Pre,59,2025-06-27
2131,1310,Pre,49,2026-08-12
2132,1310,Post,62,2026-09-04
2133,1311,Pre,81,2024-04-04
2134,1312,Pre,64,2024-06-09
2135,1312,Post,90,2024-07-05
2136,1313,Pre,65,2024-06-29
2137,1313,Post,64,2024-07-21
2138,1314,Pre,55,2024-09-30
2139,1315,Pre,66,2025-05-25
2140,1315,Post,73,2025-06-11
2141,1316,Pre,63,2024-06-16
2142,1317,Pre,64,2024-01-26
2143,1317,Post,70,2024-02-15
2144,1318,Pre,63,2026-01-29
2145,1319,Pre,58,2025-04-18
2146,1319,Post,66,2025-05-08
2147,1320,Pre,79,2024-11-27
2148,1320,Post,85,2024-12-08
2149,1321,Pre,88,2024-10-12
2150,1323,Pre,58,2024-06-05
2151,1325,Pre,40,2025-06-15
2152,1325,Post,64,2025-06-21
2153,1326,Pre,59,2024-06-04
2154,1326,Post,71,2024-07-01
2155,1327,Pre,66,2024-03-08
2156,1327,Post,75,2024-03-24
2157,1328,Pre,82,2024-07-18
2158,1328,Post,90,2024-07-24
2159,1329,Pre,62,2025-08-10
2160,1329,Post,75,2025-08-19
2161,1330,Pre,65,2026-02-20
2162,1330,Post,68,2026-03-19
2163,1332,Pre,48,2024-05-04
2164,1332,Post,55,2024-05-29
2165,1333,Pre,50,2024-06-06
2166,1333,Post,64,2024-06-25
2167,1334,Pre,54,2024-01-28
2168,1334,Post,60,2024-02-04
2169,1335,Pre,59,2026-05-26
2170,1335,Post,67,2026-06-07
2171,1337,Pre,71,2026-05-30
2172,1337,Post,89,2026-06-12
2173,1338,Pre,59,2024-06-22
2174,1338,Post,80,2024-07-21
2175,1339,Pre,72,2024-08-20
2176,1339,Post,78,2024-09-02
2177,1340,Pre,59,2025-09-14
2178,1340,Post,62,2025-09-28
2179,1341,Pre,54,2025-12-08
2180,1341,Post,73,2026-01-08
2181,1342,Pre,62,2024-12-28
2182,1342,Post,82,2025-01-11
2183,1343,Pre,70,2025-06-03
2184,1343,Post,74,2025-06-08
2185,1344,Pre,56,2026-07-18
2186,1344,Post,65,2026-08-06
2187,1345,Pre,56,2025-02-02
2188,1345,Post,73,2025-03-03
2189,1346,Pre,41,2025-06-01
2190,1347,Pre,48,2025-01-25
2191,1347,Post,71,2025-01-31
2192,1348,Pre,59,2025-02-09
2193,1348,Post,71,2025-03-11
2194,1349,Pre,59,2025-07-20
2195,1349,Post,67,2025-08-08
2196,1350,Pre,33,2024-07-06
2197,1350,Post,41,2024-07-24
2198,1351,Pre,60,2025-10-07
2199,1351,Post,74,2025-11-04
2200,1352,Pre,58,2026-05-30
2201,1352,Post,65,2026-06-17
2202,1354,Pre,54,2024-08-09
2203,1356,Pre,61,2024-04-18
2204,1357,Pre,49,2024-06-06
2205,1357,Post,60,2024-07-03
2206,1358,Pre,49,2024-06-06
2207,1358,Post,59,2024-07-03
2208,1359,Pre,46,2024-07-07
2209,1359,Post,54,2024-07-23
2210,1360,Pre,60,2024-07-06
2211,1361,Pre,73,2024-12-11
2212,1361,Post,81,2025-01-03
2213,1362,Pre,64,2024-09-05
2214,1363,Pre,44,2025-05-05
2215,1364,Pre,44,2025-10-25
2216,1364,Post,64,2025-11-03
2217,1365,Pre,70,2026-03-23
2218,1365,Post,76,2026-03-31
2219,1366,Pre,54,2025-05-12
2220,1366,Post,72,2025-05-26
2221,1367,Pre,48,2024-11-08
2222,1368,Pre,65,2024-06-01
2223,1368,Post,76,2024-06-25
2224,1369,Pre,66,2025-01-29
2225,1369,Post,89,2025-02-27
2226,1370,Pre,64,2024-10-20
2227,1370,Post,64,2024-10-31
2228,1371,Pre,57,2025-04-29
2229,1371,Post,63,2025-05-18
2230,1372,Pre,57,2024-10-10
2231,1373,Pre,72,2024-09-14
2232,1373,Post,80,2024-10-15
2233,1374,Pre,53,2025-11-06
2234,1374,Post,59,2025-11-10
2235,1375,Pre,59,2024-10-01
2236,1375,Post,55,2024-10-22
2237,1376,Pre,69,2024-12-16
2238,1376,Post,75,2024-12-26
2239,1377,Pre,60,2025-11-17
2240,1377,Post,74,2025-12-14
2241,1378,Pre,68,2024-08-04
2242,1378,Post,80,2024-08-22
2243,1379,Pre,47,2026-04-04
2244,1379,Post,62,2026-04-23
2245,1380,Pre,55,2024-05-20
2246,1380,Post,69,2024-05-31
2247,1381,Pre,38,2025-11-13
2248,1381,Post,47,2025-12-04
2249,1382,Pre,69,2024-04-08
2250,1382,Post,81,2024-05-04
2251,1384,Pre,69,2026-01-03
2252,1384,Post,79,2026-01-29
2253,1385,Pre,82,2025-08-03
2254,1385,Post,90,2025-08-20
2255,1386,Pre,47,2025-06-19
2256,1386,Post,54,2025-06-24
2257,1387,Pre,68,2026-07-03
2258,1387,Post,86,2026-07-09
2259,1388,Pre,56,2026-02-27
2260,1388,Post,59,2026-03-18
2261,1389,Pre,63,2026-02-21
2262,1389,Post,72,2026-03-08
2263,1390,Pre,40,2025-06-27
2264,1390,Post,58,2025-07-16
2265,1391,Pre,63,2024-12-26
2266,1391,Post,76,2025-01-18
2267,1392,Pre,54,2025-10-08
2268,1392,Post,70,2025-11-07
2269,1393,Pre,45,2024-04-28
2270,1393,Post,55,2024-05-23
2271,1394,Pre,57,2024-11-12
2272,1394,Post,79,2024-12-02
2273,1395,Pre,51,2025-08-15
2274,1395,Post,73,2025-08-25
2275,1396,Pre,41,2024-02-16
2276,1396,Post,52,2024-03-15
2277,1400,Pre,61,2024-02-21
2278,1400,Post,83,2024-03-11
2279,1401,Pre,67,2025-02-09
2280,1401,Post,75,2025-03-01
2281,1402,Pre,42,2025-05-23
2282,1402,Post,63,2025-06-18
2283,1403,Pre,75,2026-08-03
2284,1403,Post,72,2026-08-09
2285,1404,Pre,45,2025-01-29
2286,1405,Pre,64,2024-02-04
2287,1405,Post,78,2024-02-20
2288,1406,Pre,53,2024-09-07
2289,1406,Post,68,2024-10-05
2290,1407,Pre,48,2024-02-08
2291,1407,Post,55,2024-02-24
2292,1408,Pre,74,2025-03-12
2293,1408,Post,83,2025-03-31
2294,1409,Pre,53,2026-06-22
2295,1409,Post,77,2026-07-20
2296,1410,Pre,56,2025-12-13
2297,1410,Post,69,2025-12-29
2298,1411,Pre,42,2025-01-14
2299,1411,Post,56,2025-02-14
2300,1412,Pre,40,2024-12-24
2301,1412,Post,52,2025-01-21
2302,1413,Pre,53,2025-11-21
2303,1413,Post,68,2025-12-05
2304,1414,Pre,59,2026-05-23
2305,1414,Post,64,2026-06-04
2306,1415,Pre,63,2026-05-20
2307,1415,Post,70,2026-06-12
2308,1416,Pre,64,2025-02-06
2309,1416,Post,69,2025-02-22
2310,1417,Pre,64,2024-09-10
2311,1417,Post,73,2024-09-25
2312,1419,Pre,84,2024-11-10
2313,1419,Post,81,2024-12-12
2314,1420,Pre,42,2024-11-08
2315,1420,Post,58,2024-11-26
2316,1421,Pre,47,2025-08-26
2317,1421,Post,45,2025-09-16
2318,1422,Pre,64,2026-05-28
2319,1422,Post,81,2026-06-20
2320,1423,Pre,57,2025-08-11
2321,1424,Pre,42,2024-01-18
2322,1424,Post,49,2024-02-12
2323,1425,Pre,63,2025-07-28
2324,1425,Post,76,2025-08-09
2325,1426,Pre,57,2025-05-27
2326,1426,Post,70,2025-06-19
2327,1427,Pre,47,2026-08-15
2328,1427,Post,57,2026-09-06
2329,1428,Pre,68,2025-10-19
2330,1429,Pre,63,2026-08-14
2331,1429,Post,66,2026-08-25
2332,1431,Pre,40,2024-05-12
2333,1431,Post,41,2024-05-21
2334,1432,Pre,53,2026-02-18
2335,1432,Post,70,2026-03-06
2336,1433,Pre,52,2025-06-15
2337,1433,Post,62,2025-06-26
2338,1434,Pre,48,2025-02-26
2339,1434,Post,62,2025-03-18
2340,1435,Pre,35,2026-05-29
2341,1436,Pre,49,2024-02-13
2342,1436,Post,52,2024-03-08
2343,1438,Pre,64,2024-08-16
2344,1438,Post,77,2024-08-21
2345,1439,Pre,52,2026-06-14
2346,1439,Post,64,2026-06-20
2347,1440,Pre,64,2026-01-21
2348,1441,Pre,68,2026-06-04
2349,1441,Post,81,2026-07-02
2350,1442,Pre,68,2024-12-04
2351,1442,Post,76,2024-12-29
2352,1443,Pre,68,2024-01-03
2353,1443,Post,77,2024-01-21
2354,1444,Pre,46,2026-08-02
2355,1444,Post,58,2026-08-14
2356,1445,Pre,61,2025-12-23
2357,1445,Post,83,2026-01-09
2358,1446,Pre,70,2024-12-01
2359,1446,Post,83,2024-12-14
2360,1447,Pre,70,2026-08-14
2361,1447,Post,90,2026-09-02
2362,1448,Pre,30,2024-10-30
2363,1450,Pre,53,2026-05-28
2364,1450,Post,69,2026-06-12
2365,1451,Pre,66,2024-09-28
2366,1451,Post,80,2024-10-24
2367,1452,Pre,72,2024-08-25
2368,1452,Post,82,2024-09-22
2369,1453,Pre,56,2026-01-29
2370,1453,Post,71,2026-02-27
2371,1454,Pre,77,2026-04-21
2372,1454,Post,89,2026-04-26
2373,1455,Pre,56,2026-07-12
2374,1456,Pre,43,2025-12-25
2375,1457,Pre,60,2025-01-25
2376,1458,Pre,38,2026-06-26
2377,1459,Pre,80,2025-05-13
2378,1459,Post,84,2025-05-27
2379,1461,Pre,65,2024-11-22
2380,1461,Post,81,2024-12-07
2381,1462,Pre,52,2026-05-04
2382,1462,Post,55,2026-05-11
2383,1463,Pre,62,2025-07-26
2384,1463,Post,78,2025-08-09
2385,1464,Pre,50,2024-07-04
2386,1464,Post,59,2024-07-19
2387,1465,Pre,72,2026-08-02
2388,1467,Pre,46,2024-01-10
2389,1467,Post,51,2024-01-20
2390,1468,Pre,56,2024-04-20
2391,1468,Post,60,2024-04-25
2392,1469,Pre,74,2024-07-21
2393,1469,Post,92,2024-08-10
2394,1470,Pre,44,2025-12-09
2395,1470,Post,68,2025-12-30
2396,1471,Pre,46,2026-08-13
2397,1472,Pre,60,2024-05-25
2398,1473,Pre,63,2026-02-07
2399,1474,Pre,67,2024-02-28
2400,1474,Post,73,2024-03-21
2401,1476,Pre,25,2026-01-22
2402,1476,Post,30,2026-02-17
2403,1477,Pre,64,2024-06-23
2404,1477,Post,81,2024-07-06
2405,1478,Pre,54,2026-03-22
2406,1478,Post,62,2026-03-31
2407,1480,Pre,65,2026-01-29
2408,1481,Pre,64,2024-04-03
2409,1481,Post,78,2024-04-16
2410,1482,Pre,53,2026-03-27
2411,1482,Post,69,2026-04-03
2412,1483,Pre,63,2025-03-25
2413,1484,Pre,61,2026-05-01
2414,1484,Post,67,2026-05-22
2415,1485,Pre,62,2024-04-14
2416,1486,Pre,67,2025-12-08
2417,1486,Post,88,2025-12-21
2418,1487,Pre,71,2026-03-16
2419,1488,Pre,52,2026-08-05
2420,1488,Post,62,2026-08-23
2421,1489,Pre,65,2024-08-20
2422,1489,Post,70,2024-09-08
2423,1490,Pre,51,2025-04-25
2424,1490,Post,57,2025-05-11
2425,1491,Pre,66,2024-03-06
2426,1491,Post,76,2024-03-18
2427,1492,Pre,73,2025-08-21
2428,1493,Pre,73,2026-02-15
2429,1493,Post,84,2026-03-13
2430,1494,Pre,51,2026-01-12
2431,1495,Pre,73,2024-09-12
2432,1495,Post,81,2024-10-02
2433,1496,Pre,75,2024-03-19
2434,1498,Pre,50,2025-06-09
2435,1498,Post,65,2025-07-06
2436,1499,Pre,55,2025-07-20
2437,1499,Post,64,2025-08-15
2438,1500,Pre,67,2026-07-27
2439,1501,Pre,66,2026-05-25
2440,1501,Post,74,2026-06-17
2441,1502,Pre,88,2026-03-28
2442,1502,Post,96,2026-04-10
2443,1503,Pre,61,2024-04-16
2444,1503,Post,73,2024-05-11
2445,1504,Pre,53,2024-12-29
2446,1504,Post,66,2025-01-14
2447,1505,Pre,51,2026-02-21
2448,1505,Post,60,2026-02-26
2449,1506,Pre,54,2026-07-16
2450,1506,Post,67,2026-08-09
2451,1507,Pre,75,2024-08-13
2452,1507,Post,82,2024-08-24
2453,1508,Pre,60,2026-05-27
2454,1508,Post,71,2026-06-06
2455,1509,Pre,62,2025-01-20
2456,1509,Post,62,2025-02-14
2457,1510,Pre,53,2026-06-19
2458,1510,Post,68,2026-07-01
2459,1511,Pre,62,2026-01-23
2460,1511,Post,79,2026-02-17
2461,1512,Pre,87,2024-10-23
2462,1512,Post,94,2024-11-14
2463,1513,Pre,62,2024-01-19
2464,1513,Post,68,2024-02-06
2465,1515,Pre,60,2024-01-22
2466,1516,Pre,64,2025-09-20
2467,1516,Post,72,2025-10-20
2468,1517,Pre,51,2024-03-14
2469,1517,Post,59,2024-03-30
2470,1518,Pre,58,2025-04-03
2471,1518,Post,78,2025-04-28
2472,1519,Pre,68,2025-02-10
2473,1519,Post,67,2025-03-05
2474,1520,Pre,53,2026-06-17
2475,1520,Post,62,2026-07-03
2476,1521,Pre,40,2024-07-08
2477,1521,Post,50,2024-07-30
2478,1522,Pre,79,2024-06-23
2479,1522,Post,92,2024-07-09
2480,1523,Pre,82,2025-03-04
2481,1523,Post,100,2025-03-22
2482,1524,Pre,55,2024-05-25
2483,1525,Pre,69,2025-01-12
2484,1525,Post,79,2025-01-23
2485,1526,Pre,58,2024-04-29
2486,1526,Post,67,2024-05-27
2487,1527,Pre,67,2024-06-04
2488,1527,Post,83,2024-06-22
2489,1528,Pre,71,2025-08-18
2490,1528,Post,81,2025-09-06
2491,1529,Pre,57,2026-01-07
2492,1530,Pre,46,2026-04-26
2493,1530,Post,54,2026-05-09
2494,1531,Pre,63,2024-07-03
2495,1531,Post,76,2024-07-23
2496,1532,Pre,68,2024-09-22
2497,1532,Post,64,2024-09-27
2498,1533,Pre,55,2024-12-13
2499,1533,Post,66,2024-12-25
2500,1534,Pre,65,2025-11-01
2501,1534,Post,80,2025-11-12
2502,1536,Pre,54,2024-06-09
2503,1536,Post,78,2024-07-05
2504,1537,Pre,64,2024-06-04
2505,1537,Post,85,2024-06-21
2506,1538,Pre,58,2026-02-06
2507,1538,Post,79,2026-03-07
2508,1539,Pre,66,2025-12-29
2509,1539,Post,72,2026-01-04
2510,1540,Pre,33,2025-03-03
2511,1540,Post,40,2025-03-19
2512,1541,Pre,78,2024-04-16
2513,1542,Pre,76,2024-09-25
2514,1542,Post,89,2024-10-01
2515,1543,Pre,68,2024-11-08
2516,1544,Pre,37,2024-01-01
2517,1544,Post,45,2024-01-18
2518,1545,Pre,65,2025-05-29
2519,1546,Pre,68,2025-06-21
2520,1546,Post,74,2025-07-06
2521,1548,Pre,76,2026-06-10
2522,1548,Post,84,2026-06-24
2523,1549,Pre,47,2025-09-02
2524,1549,Post,69,2025-09-13
2525,1550,Pre,60,2024-07-03
2526,1550,Post,73,2024-07-13
2527,1551,Pre,66,2026-04-08
2528,1551,Post,69,2026-04-12
2529,1552,Pre,60,2024-11-08
2530,1552,Post,80,2024-11-21
2531,1553,Pre,62,2024-09-16
2532,1553,Post,77,2024-10-17
2533,1554,Pre,63,2026-01-20
2534,1554,Post,85,2026-02-15
2535,1555,Pre,67,2026-03-02
2536,1556,Pre,43,2025-04-27
2537,1557,Pre,66,2026-02-17
2538,1557,Post,74,2026-03-14
2539,1558,Pre,58,2024-10-11
2540,1558,Post,64,2024-10-29
2541,1559,Pre,47,2025-06-10
2542,1559,Post,66,2025-06-18
2543,1560,Pre,39,2024-02-28
2544,1560,Post,53,2024-03-15
2545,1561,Pre,40,2026-01-25
2546,1561,Post,46,2026-02-03
2547,1562,Pre,47,2024-01-06
2548,1562,Post,66,2024-01-18
2549,1563,Pre,71,2024-12-10
2550,1563,Post,86,2024-12-28
2551,1564,Pre,37,2024-01-04
2552,1564,Post,47,2024-01-07
2553,1565,Pre,62,2024-10-03
2554,1565,Post,71,2024-10-26
2555,1566,Pre,59,2025-12-27
2556,1566,Post,59,2026-01-14
2557,1567,Pre,81,2026-08-05
2558,1567,Post,85,2026-09-05
2559,1568,Pre,45,2026-03-08
2560,1568,Post,55,2026-04-08
2561,1569,Pre,74,2025-02-11
2562,1569,Post,90,2025-03-04
2563,1570,Pre,68,2026-02-13
2564,1570,Post,79,2026-02-27
2565,1571,Pre,62,2026-05-14
2566,1571,Post,70,2026-05-27
2567,1572,Pre,59,2025-09-16
2568,1573,Pre,78,2024-07-27
2569,1573,Post,75,2024-08-17
2570,1574,Pre,37,2024-03-26
2571,1574,Post,43,2024-04-17
2572,1575,Pre,66,2025-07-09
2573,1576,Pre,46,2025-02-16
2574,1576,Post,59,2025-03-09
2575,1577,Pre,41,2025-07-19
2576,1577,Post,61,2025-08-18
2577,1578,Pre,61,2024-03-17
2578,1578,Post,72,2024-04-13
2579,1580,Pre,63,2024-04-11
2580,1580,Post,60,2024-05-02
2581,1581,Pre,67,2024-12-23
2582,1582,Pre,57,2026-01-15
2583,1584,Pre,62,2024-01-21
2584,1584,Post,72,2024-02-07
2585,1585,Pre,30,2025-10-28
2586,1585,Post,44,2025-11-25
2587,1586,Pre,37,2026-04-25
2588,1586,Post,51,2026-04-30
2589,1587,Pre,70,2025-07-05
2590,1587,Post,67,2025-07-27
2591,1588,Pre,58,2026-02-27
2592,1588,Post,66,2026-03-09
2593,1589,Pre,54,2025-02-23
2594,1589,Post,62,2025-03-16
2595,1590,Pre,71,2025-08-30
2596,1590,Post,76,2025-09-26
2597,1591,Pre,58,2025-12-10
2598,1591,Post,63,2026-01-06
2599,1592,Pre,55,2025-11-22
2600,1592,Post,66,2025-12-26
2601,1593,Pre,84,2025-12-19
2602,1593,Post,84,2026-01-05
2603,1594,Pre,63,2025-02-12
2604,1594,Post,68,2025-03-10
2605,1595,Pre,62,2024-12-28
2606,1595,Post,62,2025-01-05
2607,1596,Pre,52,2024-07-28
2608,1596,Post,73,2024-08-18
2609,1597,Pre,66,2024-06-15
2610,1597,Post,71,2024-06-25
2611,1598,Pre,50,2025-03-21
2612,1598,Post,67,2025-03-26
2613,1599,Pre,38,2024-11-01
2614,1600,Pre,54,2024-01-24
2615,1600,Post,57,2024-02-19
2616,1601,Pre,48,2025-09-24
2617,1601,Post,50,2025-10-18
2618,1602,Pre,55,2025-03-24
2619,1602,Post,78,2025-04-13
2620,1603,Pre,57,2024-01-04
2621,1603,Post,71,2024-01-29
2622,1604,Pre,41,2025-11-27
2623,1604,Post,50,2025-12-19
2624,1605,Pre,67,2026-05-21
2625,1605,Post,77,2026-06-08
2626,1606,Pre,46,2025-06-05
2627,1606,Post,59,2025-07-02
2628,1607,Pre,62,2024-11-05
2629,1607,Post,65,2024-11-23
2630,1608,Pre,59,2025-04-14
2631,1608,Post,80,2025-05-10
2632,1609,Pre,53,2026-01-20
2633,1609,Post,69,2026-02-22
2634,1610,Pre,62,2025-01-24
2635,1610,Post,80,2025-02-21
2636,1611,Pre,64,2024-10-23
2637,1611,Post,75,2024-11-23
2638,1612,Pre,64,2025-10-17
2639,1612,Post,79,2025-11-10
2640,1613,Pre,59,2024-06-24
2641,1613,Post,75,2024-07-01
2642,1614,Pre,73,2025-04-14
2643,1614,Post,77,2025-05-01
2644,1615,Pre,59,2026-07-12
2645,1615,Post,68,2026-08-01
2646,1616,Pre,70,2026-05-03
2647,1616,Post,88,2026-05-24
2648,1617,Pre,59,2024-01-01
2649,1617,Post,76,2024-01-26
2650,1618,Pre,56,2026-06-14
2651,1618,Post,66,2026-06-18
2652,1619,Pre,59,2025-11-13
2653,1620,Pre,52,2025-09-01
2654,1622,Pre,75,2026-06-05
2655,1622,Post,91,2026-06-16
2656,1623,Pre,64,2026-03-18
2657,1623,Post,73,2026-03-20
2658,1624,Pre,58,2024-02-17
2659,1624,Post,74,2024-03-17
2660,1625,Pre,58,2025-02-16
2661,1625,Post,63,2025-03-19
2662,1626,Pre,59,2024-07-27
2663,1626,Post,61,2024-08-13
2664,1627,Pre,61,2025-07-25
2665,1627,Post,83,2025-08-18
2666,1628,Pre,74,2025-07-08
2667,1628,Post,82,2025-07-24
2668,1629,Pre,66,2024-02-23
2669,1629,Post,76,2024-03-14
2670,1630,Pre,49,2024-01-20
2671,1630,Post,59,2024-02-10
2672,1631,Pre,43,2026-06-18
2673,1631,Post,55,2026-06-25
2674,1632,Pre,55,2026-02-07
2675,1632,Post,65,2026-02-28
2676,1633,Pre,62,2024-02-18
2677,1633,Post,67,2024-03-04
2678,1634,Pre,66,2024-09-15
2679,1634,Post,69,2024-10-06
2680,1635,Pre,53,2025-05-10
2681,1635,Post,70,2025-05-28
2682,1637,Pre,59,2024-06-17
2683,1637,Post,69,2024-06-20
2684,1638,Pre,71,2026-03-07
2685,1638,Post,88,2026-03-23
2686,1639,Pre,51,2025-09-03
2687,1639,Post,64,2025-09-25
2688,1640,Pre,65,2025-03-11
2689,1641,Pre,53,2024-07-04
2690,1641,Post,60,2024-07-06
2691,1642,Pre,77,2026-08-12
2692,1642,Post,85,2026-09-09
2693,1643,Pre,53,2024-01-31
2694,1643,Post,58,2024-02-14
2695,1644,Pre,48,2024-11-06
2696,1644,Post,44,2024-11-29
2697,1645,Pre,46,2025-09-03
2698,1645,Post,56,2025-09-21
2699,1647,Pre,53,2024-11-16
2700,1647,Post,64,2024-11-23
2701,1648,Pre,65,2024-12-07
2702,1649,Pre,50,2025-12-19
2703,1650,Pre,58,2024-01-04
2704,1652,Pre,55,2026-08-09
2705,1652,Post,63,2026-08-26
2706,1653,Pre,51,2025-10-17
2707,1653,Post,51,2025-11-02
2708,1654,Pre,60,2026-03-01
2709,1654,Post,76,2026-03-27
2710,1655,Pre,61,2025-09-24
2711,1655,Post,66,2025-10-10
2712,1656,Pre,49,2025-07-21
2713,1656,Post,67,2025-08-01
2714,1657,Pre,64,2024-06-23
2715,1657,Post,75,2024-07-10
2716,1658,Pre,54,2024-11-16
2717,1658,Post,63,2024-11-24
2718,1659,Pre,83,2025-01-12
2719,1659,Post,95,2025-01-31
2720,1660,Pre,77,2026-07-27
2721,1660,Post,92,2026-08-24
2722,1661,Pre,57,2025-09-05
2723,1661,Post,74,2025-09-25
2724,1662,Pre,70,2025-04-27
2725,1662,Post,79,2025-05-13
2726,1663,Pre,41,2026-03-01
2727,1663,Post,60,2026-03-23
2728,1664,Pre,68,2026-01-31
2729,1666,Pre,61,2024-11-03
2730,1666,Post,71,2024-11-27
2731,1667,Pre,57,2024-10-23
2732,1668,Pre,72,2024-12-07
2733,1668,Post,82,2024-12-31
2734,1669,Pre,54,2024-07-18
2735,1669,Post,71,2024-07-30
2736,1670,Pre,42,2026-03-17
2737,1670,Post,57,2026-03-31
2738,1671,Pre,61,2025-06-17
2739,1672,Pre,67,2024-02-08
2740,1672,Post,72,2024-02-28
2741,1673,Pre,78,2026-04-11
2742,1674,Pre,62,2024-06-27
2743,1674,Post,74,2024-07-18
2744,1675,Pre,67,2026-04-27
2745,1675,Post,82,2026-05-08
2746,1676,Pre,62,2024-11-16
2747,1676,Post,68,2024-12-06
2748,1677,Pre,45,2024-11-30
2749,1678,Pre,53,2026-01-16
2750,1678,Post,55,2026-02-12
2751,1679,Pre,49,2024-02-21
2752,1679,Post,55,2024-03-16
2753,1680,Pre,46,2025-03-11
2754,1680,Post,58,2025-03-27
2755,1681,Pre,63,2025-01-25
2756,1681,Post,72,2025-02-22
2757,1684,Pre,69,2026-04-13
2758,1684,Post,92,2026-05-08
2759,1685,Pre,85,2026-06-28
2760,1685,Post,93,2026-07-27
2761,1686,Pre,72,2026-07-16
2762,1686,Post,77,2026-08-10
2763,1687,Pre,74,2026-03-20
2764,1687,Post,84,2026-03-25
2765,1688,Pre,45,2025-09-01
2766,1688,Post,62,2025-09-24
2767,1690,Pre,66,2025-12-26
2768,1690,Post,67,2025-12-31
2769,1691,Pre,60,2025-08-31
2770,1691,Post,76,2025-09-24
2771,1692,Pre,63,2024-06-23
2772,1692,Post,71,2024-07-07
2773,1693,Pre,64,2025-06-10
2774,1694,Pre,84,2026-07-11
2775,1695,Pre,69,2025-08-19
2776,1695,Post,71,2025-08-29
2777,1696,Pre,58,2025-01-14
2778,1697,Pre,72,2025-10-12
2779,1697,Post,75,2025-10-27
2780,1698,Pre,65,2025-06-14
2781,1699,Pre,45,2024-07-02
2782,1699,Post,59,2024-07-20
2783,1700,Pre,49,2026-01-18
2784,1700,Post,51,2026-02-12
2785,1701,Pre,71,2025-10-08
2786,1702,Pre,46,2025-06-25
2787,1702,Post,60,2025-07-21
2788,1703,Pre,53,2025-04-07
2789,1704,Pre,41,2024-12-02
2790,1706,Pre,45,2024-09-29
2791,1707,Pre,80,2026-02-17
2792,1708,Pre,66,2025-06-19
2793,1708,Post,62,2025-06-27
2794,1709,Pre,55,2024-01-31
2795,1709,Post,63,2024-02-24
2796,1710,Pre,54,2026-05-19
2797,1710,Post,68,2026-06-19
2798,1712,Pre,57,2024-03-22
2799,1712,Post,60,2024-04-06
2800,1713,Pre,40,2026-04-20
2801,1713,Post,59,2026-05-21
2802,1715,Pre,79,2026-05-16
2803,1715,Post,80,2026-05-23
2804,1716,Pre,64,2024-02-18
2805,1716,Post,70,2024-02-26
2806,1717,Pre,65,2026-08-04
2807,1717,Post,77,2026-08-16
2808,1718,Pre,68,2025-01-17
2809,1718,Post,80,2025-02-14
2810,1719,Pre,37,2025-07-05
2811,1720,Pre,46,2026-02-05
2812,1720,Post,53,2026-03-03
2813,1721,Pre,61,2025-11-20
2814,1721,Post,73,2025-12-21
2815,1722,Pre,42,2025-08-12
2816,1722,Post,48,2025-09-09
2817,1723,Pre,67,2026-05-28
2818,1723,Post,83,2026-06-21
2819,1724,Pre,55,2025-10-23
2820,1725,Pre,72,2026-01-10
2821,1725,Post,81,2026-02-07
2822,1726,Pre,51,2024-12-01
2823,1727,Pre,46,2025-05-29
2824,1727,Post,58,2025-06-09
2825,1728,Pre,63,2026-06-19
2826,1728,Post,69,2026-06-30
2827,1729,Pre,59,2025-02-14
2828,1729,Post,71,2025-03-01
2829,1730,Pre,81,2026-03-16
2830,1730,Post,79,2026-03-28
2831,1731,Pre,51,2024-05-23
2832,1732,Pre,59,2024-12-23
2833,1732,Post,70,2025-01-19
2834,1733,Pre,45,2024-08-02
2835,1733,Post,51,2024-08-31
2836,1734,Pre,60,2024-01-08
2837,1734,Post,77,2024-02-02
2838,1735,Pre,60,2026-02-08
2839,1737,Pre,54,2024-03-29
2840,1737,Post,68,2024-04-16
2841,1738,Pre,44,2025-08-21
2842,1738,Post,57,2025-08-30
2843,1739,Pre,79,2026-06-17
2844,1739,Post,88,2026-07-06
2845,1740,Pre,60,2025-11-26
2846,1740,Post,75,2025-12-23
2847,1741,Pre,51,2026-07-21
2848,1741,Post,50,2026-08-10
2849,1742,Pre,59,2026-05-25
2850,1742,Post,70,2026-06-18
2851,1743,Pre,51,2025-10-27
2852,1743,Post,66,2025-10-30
2853,1744,Pre,53,2024-10-29
2854,1744,Post,63,2024-11-02
2855,1745,Pre,55,2024-09-19
2856,1745,Post,58,2024-10-18
2857,1746,Pre,35,2024-02-05
2858,1748,Pre,77,2024-07-28
2859,1748,Post,73,2024-08-22
2860,1749,Pre,75,2026-04-28
2861,1749,Post,81,2026-05-15
2862,1750,Pre,53,2024-07-12
2863,1750,Post,66,2024-08-08
2864,1751,Pre,59,2024-08-07
2865,1751,Post,78,2024-08-17
2866,1752,Pre,62,2025-03-08
2867,1752,Post,81,2025-03-28
2868,1753,Pre,73,2025-10-10
2869,1753,Post,86,2025-10-28
2870,1754,Pre,56,2026-02-12
2871,1754,Post,80,2026-03-12
2872,1755,Pre,52,2026-08-06
2873,1755,Post,69,2026-08-25
2874,1756,Pre,59,2025-03-04
2875,1756,Post,79,2025-03-18
2876,1757,Pre,53,2026-07-28
2877,1757,Post,72,2026-08-23
2878,1758,Pre,68,2026-07-30
2879,1758,Post,68,2026-08-06
2880,1759,Pre,46,2026-02-20
2881,1760,Pre,70,2025-04-10
2882,1761,Pre,70,2024-12-25
2883,1761,Post,84,2025-01-21
2884,1762,Pre,68,2026-02-24
2885,1762,Post,71,2026-03-24
2886,1763,Pre,66,2026-05-16
2887,1763,Post,74,2026-06-04
2888,1764,Pre,71,2024-01-22
2889,1764,Post,76,2024-02-06
2890,1766,Pre,37,2025-01-27
2891,1768,Pre,45,2024-08-01
2892,1768,Post,58,2024-09-02
2893,1769,Pre,51,2025-06-03
2894,1769,Post,55,2025-06-22
2895,1770,Pre,63,2026-02-04
2896,1770,Post,71,2026-02-25
2897,1771,Pre,62,2024-08-07
2898,1771,Post,75,2024-09-06
2899,1772,Pre,67,2026-04-29
2900,1772,Post,73,2026-05-11
2901,1773,Pre,72,2024-01-13
2902,1773,Post,88,2024-01-22
2903,1774,Pre,67,2024-07-16
2904,1774,Post,68,2024-08-07
2905,1775,Pre,78,2024-01-24
2906,1775,Post,89,2024-02-01
2907,1776,Pre,49,2024-09-27
2908,1777,Pre,58,2024-09-25
2909,1777,Post,71,2024-10-06
2910,1778,Pre,48,2026-07-04
2911,1778,Post,52,2026-07-07
2912,1779,Pre,51,2025-04-06
2913,1779,Post,67,2025-04-11
2914,1780,Pre,68,2024-03-08
2915,1780,Post,70,2024-04-06
2916,1781,Pre,61,2025-08-28
2917,1782,Pre,62,2024-08-08
2918,1782,Post,81,2024-08-29
2919,1783,Pre,66,2025-07-18
2920,1783,Post,85,2025-07-26
2921,1784,Pre,71,2025-09-22
2922,1784,Post,87,2025-10-16
2923,1785,Pre,66,2026-02-07
2924,1785,Post,75,2026-02-27
2925,1786,Pre,60,2026-01-23
2926,1786,Post,65,2026-01-31
2927,1787,Pre,61,2024-09-18
2928,1788,Pre,53,2024-07-06
2929,1788,Post,68,2024-07-12
2930,1789,Pre,61,2026-03-23
2931,1789,Post,67,2026-04-06
2932,1790,Pre,52,2026-06-30
2933,1790,Post,71,2026-07-27
2934,1791,Pre,59,2024-04-12
2935,1791,Post,73,2024-05-13
2936,1792,Pre,38,2024-11-08
2937,1792,Post,49,2024-11-27
2938,1793,Pre,60,2024-08-08
2939,1793,Post,68,2024-08-14
2940,1794,Pre,75,2025-04-04
2941,1794,Post,83,2025-04-12
2942,1795,Pre,46,2024-06-04
2943,1796,Pre,65,2026-03-09
2944,1797,Pre,53,2025-02-28
2945,1798,Pre,65,2024-07-20
2946,1798,Post,67,2024-08-10
2947,1799,Pre,51,2024-12-13
2948,1799,Post,62,2025-01-07
2949,1800,Pre,68,2024-04-08
2950,1800,Post,80,2024-04-18
2951,1802,Pre,80,2024-08-09
2952,1802,Post,89,2024-08-17
2953,1803,Pre,71,2024-02-05
2954,1803,Post,80,2024-02-17
2955,1804,Pre,52,2024-07-28
2956,1804,Post,61,2024-08-19
2957,1805,Pre,64,2025-06-05
2958,1805,Post,80,2025-06-15
2959,1806,Pre,66,2024-05-25
2960,1806,Post,68,2024-05-30
2961,1807,Pre,76,2024-11-19
2962,1808,Pre,56,2026-01-31
2963,1808,Post,59,2026-02-11
2964,1809,Pre,62,2024-06-20
2965,1809,Post,68,2024-07-02
2966,1810,Pre,57,2025-04-10
2967,1810,Post,76,2025-04-22
2968,1811,Pre,55,2024-05-28
2969,1812,Pre,63,2026-05-27
2970,1813,Pre,50,2025-01-04
2971,1813,Post,65,2025-01-30
2972,1814,Pre,64,2024-12-16
2973,1814,Post,73,2025-01-09
2974,1816,Pre,39,2026-01-17
2975,1816,Post,43,2026-01-27
2976,1817,Pre,78,2025-04-01
2977,1818,Pre,58,2025-01-19
2978,1818,Post,77,2025-01-27
2979,1819,Pre,61,2025-10-18
2980,1819,Post,71,2025-11-09
2981,1820,Pre,37,2024-05-13
2982,1820,Post,48,2024-05-22
2983,1821,Pre,61,2026-04-17
2984,1821,Post,64,2026-05-09
2985,1822,Pre,57,2025-11-24
2986,1822,Post,75,2025-12-07
2987,1823,Pre,45,2025-08-21
2988,1823,Post,62,2025-08-30
2989,1824,Pre,64,2024-04-18
2990,1824,Post,84,2024-05-15
2991,1825,Pre,84,2026-08-10
2992,1825,Post,92,2026-08-17
2993,1827,Pre,82,2026-01-20
2994,1827,Post,84,2026-02-12
2995,1828,Pre,36,2025-05-05
2996,1828,Post,55,2025-06-03
2997,1829,Pre,63,2025-06-10
2998,1829,Post,77,2025-06-16
2999,1831,Pre,45,2024-11-15
3000,1831,Post,60,2024-11-20
3001,1832,Pre,80,2025-03-24
3002,1833,Pre,46,2025-08-01
3003,1833,Post,46,2025-08-04
3004,1834,Pre,62,2026-05-16
3005,1834,Post,71,2026-05-24
3006,1835,Pre,48,2024-02-21
3007,1835,Post,63,2024-03-21
3008,1836,Pre,53,2026-08-13
3009,1837,Pre,44,2024-07-25
3010,1837,Post,49,2024-08-19
3011,1838,Pre,67,2024-07-21
3012,1839,Pre,55,2024-10-02
3013,1839,Post,63,2024-10-15
3014,1840,Pre,66,2024-02-10
3015,1840,Post,74,2024-02-15
3016,1841,Pre,48,2025-06-24
3017,1841,Post,51,2025-07-06
3018,1842,Pre,64,2026-01-01
3019,1843,Pre,54,2024-06-19
3020,1843,Post,65,2024-07-20
3021,1844,Pre,56,2026-01-30
3022,1844,Post,79,2026-02-05
3023,1845,Pre,57,2024-01-02
3024,1846,Pre,62,2024-03-03
3025,1846,Post,87,2024-03-28
3026,1847,Pre,67,2026-03-23
3027,1847,Post,68,2026-04-18
3028,1848,Pre,54,2025-08-30
3029,1848,Post,60,2025-09-04
3030,1849,Pre,79,2025-08-08
3031,1850,Pre,66,2024-05-04
3032,1850,Post,69,2024-05-19
3033,1852,Pre,61,2025-08-04
3034,1853,Pre,47,2024-08-28
3035,1853,Post,59,2024-09-18
3036,1854,Pre,26,2026-01-29
3037,1855,Pre,44,2026-03-02
3038,1855,Post,55,2026-03-21
3039,1856,Pre,47,2024-02-15
3040,1856,Post,67,2024-03-08
3041,1857,Pre,42,2024-11-03
3042,1857,Post,49,2024-11-11
3043,1858,Pre,58,2026-07-20
3044,1858,Post,67,2026-08-10
3045,1859,Pre,57,2024-02-11
3046,1859,Post,60,2024-03-06
3047,1860,Pre,48,2025-08-26
3048,1860,Post,64,2025-09-21
3049,1861,Pre,51,2024-05-01
3050,1862,Pre,61,2025-04-01
3051,1862,Post,69,2025-04-09
3052,1863,Pre,64,2024-11-21
3053,1863,Post,68,2024-12-12
3054,1864,Pre,51,2025-12-11
3055,1864,Post,63,2026-01-01
3056,1865,Pre,62,2026-04-04
3057,1865,Post,76,2026-04-11
3058,1866,Pre,61,2026-04-04
3059,1867,Pre,60,2024-07-27
3060,1867,Post,73,2024-08-11
3061,1868,Pre,57,2024-01-31
3062,1868,Post,76,2024-02-16
3063,1869,Pre,49,2025-09-03
3064,1869,Post,56,2025-09-25
3065,1870,Pre,44,2026-06-02
3066,1870,Post,48,2026-06-22
3067,1871,Pre,67,2024-04-07
3068,1871,Post,72,2024-04-16
3069,1872,Pre,60,2026-01-08
3070,1872,Post,68,2026-01-14
3071,1873,Pre,52,2026-07-21
3072,1873,Post,70,2026-08-14
3073,1874,Pre,40,2025-10-30
3074,1874,Post,47,2025-11-15
3075,1876,Pre,50,2025-02-04
3076,1876,Post,64,2025-02-22
3077,1877,Pre,48,2024-03-12
3078,1877,Post,62,2024-04-07
3079,1878,Pre,45,2025-04-23
3080,1878,Post,55,2025-05-06
3081,1879,Pre,77,2025-02-25
3082,1879,Post,83,2025-03-06
3083,1880,Pre,63,2024-01-18
3084,1880,Post,69,2024-01-23
3085,1881,Pre,71,2026-03-01
3086,1881,Post,72,2026-03-10
3087,1882,Pre,66,2024-04-19
3088,1882,Post,80,2024-05-16
3089,1883,Pre,48,2025-10-05
3090,1883,Post,54,2025-10-27
3091,1884,Pre,58,2025-08-01
3092,1884,Post,71,2025-08-27
3093,1886,Pre,48,2024-06-26
3094,1886,Post,56,2024-07-09
3095,1887,Pre,51,2024-02-25
3096,1887,Post,56,2024-03-17
3097,1888,Pre,32,2025-04-14
3098,1888,Post,45,2025-04-21
3099,1889,Pre,67,2026-07-18
3100,1889,Post,74,2026-07-24
3101,1890,Pre,64,2026-08-05
3102,1890,Post,69,2026-08-13
3103,1891,Pre,69,2024-01-31
3104,1891,Post,80,2024-02-18
3105,1892,Pre,33,2025-01-18
3106,1892,Post,44,2025-02-15
3107,1893,Pre,65,2024-11-28
3108,1893,Post,73,2024-12-26
3109,1894,Pre,64,2026-02-11
3110,1894,Post,69,2026-03-01
3111,1895,Pre,57,2026-06-15
3112,1895,Post,75,2026-06-28
3113,1896,Pre,52,2025-03-26
3114,1896,Post,76,2025-04-08
3115,1897,Pre,70,2025-01-27
3116,1898,Pre,68,2024-03-31
3117,1898,Post,90,2024-04-10
3118,1899,Pre,60,2026-01-31
3119,1900,Pre,70,2024-11-12
3120,1900,Post,73,2024-11-18
3121,1902,Pre,78,2025-02-23
3122,1902,Post,81,2025-03-04
3123,1903,Pre,56,2024-04-13
3124,1905,Pre,55,2024-01-04
3125,1905,Post,64,2024-01-22
3126,1906,Pre,62,2026-08-15
3127,1906,Post,74,2026-09-13
3128,1907,Pre,59,2024-06-05
3129,1908,Pre,56,2026-08-06
3130,1908,Post,58,2026-08-23
3131,1909,Pre,60,2026-05-22
3132,1909,Post,77,2026-06-10
3133,1910,Pre,80,2026-03-20
3134,1910,Post,91,2026-04-09
3135,1911,Pre,45,2025-11-09
3136,1911,Post,66,2025-11-15
3137,1912,Pre,42,2024-01-16
3138,1912,Post,62,2024-01-27
3139,1913,Pre,46,2025-05-27
3140,1913,Post,59,2025-06-09
3141,1914,Pre,60,2024-08-28
3142,1914,Post,69,2024-09-11
3143,1915,Pre,54,2024-02-24
3144,1915,Post,73,2024-03-16
3145,1916,Pre,60,2025-01-22
3146,1916,Post,68,2025-01-31
3147,1917,Pre,65,2026-03-20
3148,1917,Post,90,2026-04-07
3149,1918,Pre,77,2024-12-30
3150,1918,Post,84,2025-01-13
3151,1919,Pre,74,2024-01-18
3152,1920,Pre,66,2026-03-31
3153,1920,Post,73,2026-04-08
3154,1921,Pre,48,2025-11-17
3155,1921,Post,55,2025-12-12
3156,1922,Pre,66,2025-07-17
3157,1922,Post,78,2025-07-29
3158,1923,Pre,63,2026-05-27
3159,1923,Post,74,2026-06-09
3160,1924,Pre,62,2025-11-24
3161,1924,Post,80,2025-12-10
3162,1925,Pre,58,2025-05-29
3163,1926,Pre,71,2025-06-13
3164,1926,Post,88,2025-07-16
3165,1927,Pre,67,2025-02-18
3166,1927,Post,76,2025-03-19
3167,1928,Pre,51,2024-04-10
3168,1929,Pre,51,2024-06-13
3169,1930,Pre,52,2025-11-03
3170,1931,Pre,58,2024-07-09
3171,1931,Post,68,2024-07-15
3172,1932,Pre,66,2024-02-22
3173,1932,Post,75,2024-03-21
3174,1933,Pre,67,2024-01-05
3175,1934,Pre,73,2024-04-12
3176,1934,Post,82,2024-05-06
3177,1936,Pre,58,2025-12-16
3178,1936,Post,76,2026-01-10
3179,1937,Pre,66,2025-08-29
3180,1937,Post,85,2025-09-02
3181,1938,Pre,52,2024-10-09
3182,1938,Post,63,2024-10-19
3183,1939,Pre,41,2025-05-01
3184,1940,Pre,59,2025-12-07
3185,1940,Post,79,2025-12-20
3186,1941,Pre,68,2026-02-19
3187,1941,Post,87,2026-03-11
3188,1942,Pre,64,2024-04-17
3189,1943,Pre,70,2026-08-07
3190,1943,Post,76,2026-08-23
3191,1945,Pre,56,2024-04-10
3192,1945,Post,72,2024-04-23
3193,1946,Pre,51,2025-04-22
3194,1947,Pre,61,2026-08-01
3195,1947,Post,65,2026-08-06
3196,1948,Pre,59,2025-03-24
3197,1948,Post,77,2025-04-11
3198,1949,Pre,47,2024-05-02
3199,1949,Post,59,2024-05-19
3200,1950,Pre,45,2026-06-07
3201,1951,Pre,56,2025-04-27
3202,1951,Post,68,2025-05-18
3203,1952,Pre,46,2026-01-02
3204,1952,Post,56,2026-01-12
3205,1953,Pre,56,2025-03-12
3206,1953,Post,75,2025-04-07
3207,1954,Pre,48,2025-09-22
3208,1954,Post,65,2025-10-06
3209,1955,Pre,66,2025-11-24
3210,1955,Post,70,2025-12-20
3211,1956,Pre,60,2025-01-28
3212,1956,Post,61,2025-02-17
3213,1957,Pre,63,2024-07-21
3214,1957,Post,72,2024-08-07
3215,1958,Pre,47,2025-03-05
3216,1958,Post,64,2025-03-13
3217,1959,Pre,51,2024-07-05
3218,1960,Pre,60,2026-01-10
3219,1960,Post,68,2026-01-27
3220,1962,Pre,44,2025-10-28
3221,1962,Post,58,2025-11-12
3222,1963,Pre,61,2024-05-18
3223,1963,Post,68,2024-06-05
3224,1964,Pre,52,2026-04-24
3225,1964,Post,66,2026-05-24
3226,1965,Pre,40,2025-01-28
3227,1965,Post,49,2025-02-27
3228,1966,Pre,58,2026-05-17
3229,1966,Post,72,2026-06-01
3230,1967,Pre,50,2025-02-02
3231,1968,Pre,55,2024-03-08
3232,1968,Post,69,2024-04-05
3233,1971,Pre,69,2024-11-25
3234,1971,Post,85,2024-12-04
3235,1972,Pre,60,2024-11-01
3236,1975,Pre,67,2025-06-19
3237,1976,Pre,52,2024-10-15
3238,1977,Pre,59,2024-04-25
3239,1977,Post,73,2024-05-09
3240,1978,Pre,56,2025-07-08
3241,1979,Pre,65,2024-01-25
3242,1979,Post,83,2024-02-05
3243,1980,Pre,72,2026-04-08
3244,1981,Pre,50,2026-05-28
3245,1981,Post,54,2026-06-07
3246,1982,Pre,56,2024-03-13
3247,1982,Post,70,2024-04-11
3248,1983,Pre,39,2026-01-01
3249,1983,Post,50,2026-01-21
3250,1984,Pre,64,2025-12-31
3251,1985,Pre,57,2025-09-21
3252,1986,Pre,79,2024-04-02
3253,1986,Post,80,2024-04-17
3254,1987,Pre,49,2026-06-20
3255,1988,Pre,44,2024-09-22
3256,1989,Pre,66,2026-04-19
3257,1990,Pre,39,2024-05-05
3258,1990,Post,57,2024-05-16
3259,1991,Pre,55,2026-02-01
3260,1992,Pre,51,2025-07-13
3261,1993,Pre,62,2025-05-19
3262,1993,Post,60,2025-05-27
3263,1994,Pre,74,2025-01-16
3264,1995,Pre,57,2024-12-15
3265,1995,Post,74,2024-12-23
3266,1996,Pre,55,2025-10-16
3267,1996,Post,62,2025-11-12
3268,1997,Pre,65,2024-06-13
3269,1997,Post,61,2024-06-30
3270,1998,Pre,53,2026-03-16
3271,1998,Post,66,2026-04-15
3272,1999,Pre,68,2025-01-13
3273,2000,Pre,58,2025-04-24
3274,2000,Post,66,2025-05-13
3275,2001,Pre,51,2024-01-28
3276,2001,Post,56,2024-02-03
3277,2002,Pre,46,2024-05-05
3278,2002,Post,59,2024-06-03
3279,2003,Pre,59,2025-05-07
3280,2003,Post,68,2025-06-03
3281,2004,Pre,82,2025-11-11
3282,2005,Pre,67,2024-11-21
3283,2005,Post,74,2024-12-08
3284,2006,Pre,60,2024-07-09
3285,2007,Pre,73,2026-05-10
3286,2007,Post,77,2026-05-27
3287,2008,Pre,49,2024-07-04
3288,2008,Post,61,2024-07-14
3289,2009,Pre,67,2024-09-22
3290,2010,Pre,60,2025-02-16
3291,2011,Pre,62,2025-07-22
3292,2011,Post,72,2025-08-05
3293,2012,Pre,54,2025-03-14
3294,2012,Post,59,2025-03-19
3295,2013,Pre,88,2025-01-21
3296,2013,Post,90,2025-01-30
3297,2014,Pre,59,2026-05-30
3298,2015,Pre,64,2024-08-01
3299,2016,Pre,52,2025-05-02
3300,2016,Post,65,2025-05-08
3301,2018,Pre,26,2026-05-05
3302,2018,Post,41,2026-05-11
3303,2019,Pre,67,2025-12-11
3304,2019,Post,76,2025-12-21
3305,2021,Pre,55,2024-06-29
3306,2021,Post,66,2024-07-15
3307,2022,Pre,33,2024-08-28
3308,2022,Post,50,2024-09-12
3309,2023,Pre,61,2025-06-21
3310,2024,Pre,69,2025-04-30
3311,2024,Post,88,2025-05-21
3312,2025,Pre,46,2026-07-15
3313,2025,Post,68,2026-08-06
3314,2026,Pre,65,2026-03-06
3315,2026,Post,67,2026-03-14
3316,2027,Pre,63,2024-11-25
3317,2027,Post,74,2024-12-01
3318,2028,Pre,59,2025-09-01
3319,2029,Pre,49,2024-12-18
3320,2029,Post,65,2025-01-05
3321,2030,Pre,45,2025-12-22
3322,2031,Pre,61,2025-06-23
3323,2031,Post,77,2025-07-03
3324,2033,Pre,58,2024-07-30
3325,2033,Post,57,2024-08-26
3326,2034,Pre,55,2025-10-20
3327,2034,Post,64,2025-11-04
3328,2035,Pre,73,2026-05-05
3329,2035,Post,93,2026-05-24
3330,2036,Pre,74,2025-03-12
3331,2036,Post,83,2025-03-29
3332,2037,Pre,52,2024-02-28
3333,2038,Pre,71,2025-07-10
3334,2038,Post,87,2025-07-24
3335,2039,Pre,36,2025-02-17
3336,2039,Post,47,2025-03-01
3337,2040,Pre,42,2024-04-16
3338,2041,Pre,54,2024-07-31
3339,2041,Post,67,2024-08-29
3340,2042,Pre,50,2026-07-09
3341,2042,Post,60,2026-08-03
3342,2043,Pre,63,2026-03-24
3343,2043,Post,72,2026-03-30
3344,2044,Pre,58,2025-11-25
3345,2044,Post,79,2025-12-16
3346,2045,Pre,50,2025-03-08
3347,2045,Post,76,2025-03-18
3348,2047,Pre,67,2024-03-23
3349,2047,Post,88,2024-04-06
3350,2048,Pre,77,2024-02-10
3351,2049,Pre,54,2024-02-03
3352,2049,Post,66,2024-02-15
3353,2050,Pre,69,2026-05-05
3354,2050,Post,70,2026-05-25
3355,2051,Pre,45,2025-08-14
3356,2051,Post,54,2025-08-22
3357,2052,Pre,56,2024-06-12
3358,2052,Post,72,2024-07-14
3359,2053,Pre,65,2024-09-04
3360,2054,Pre,59,2025-07-30
3361,2054,Post,60,2025-08-14
3362,2055,Pre,70,2024-09-23
3363,2055,Post,69,2024-10-06
3364,2057,Pre,55,2025-09-10
3365,2057,Post,62,2025-10-09
3366,2058,Pre,61,2025-12-18
3367,2058,Post,75,2026-01-21
3368,2059,Pre,60,2026-05-31
3369,2059,Post,79,2026-06-30
3370,2060,Pre,77,2024-08-15
3371,2060,Post,85,2024-08-23
3372,2061,Pre,64,2025-07-30
3373,2062,Pre,66,2025-03-16
3374,2062,Post,78,2025-04-09
3375,2063,Pre,59,2026-04-23
3376,2063,Post,80,2026-05-03
3377,2065,Pre,61,2025-09-30
3378,2066,Pre,71,2025-04-08
3379,2067,Pre,59,2025-03-21
3380,2067,Post,74,2025-03-27
3381,2068,Pre,63,2025-01-07
3382,2069,Pre,41,2024-06-22
3383,2069,Post,49,2024-06-24
3384,2070,Pre,62,2024-04-15
3385,2070,Post,76,2024-04-25
3386,2071,Pre,58,2024-07-09
3387,2073,Pre,75,2025-09-26
3388,2073,Post,89,2025-10-11
3389,2074,Pre,60,2024-02-05
3390,2074,Post,59,2024-02-14
3391,2075,Pre,42,2024-07-16
3392,2075,Post,56,2024-07-27
3393,2076,Pre,63,2024-09-07
3394,2076,Post,73,2024-09-10
3395,2077,Pre,58,2026-07-16
3396,2077,Post,66,2026-08-02
3397,2078,Pre,50,2024-03-01
3398,2078,Post,64,2024-03-30
3399,2079,Pre,72,2024-10-17
3400,2079,Post,77,2024-11-11
3401,2080,Pre,59,2024-08-19
3402,2082,Pre,65,2024-08-01
3403,2082,Post,82,2024-08-31
3404,2083,Pre,64,2026-06-15
3405,2083,Post,74,2026-06-28
3406,2084,Pre,36,2025-08-29
3407,2084,Post,41,2025-08-31
3408,2085,Pre,73,2024-12-21
3409,2085,Post,69,2025-01-18
3410,2086,Pre,61,2024-08-24
3411,2086,Post,66,2024-09-21
3412,2087,Pre,69,2024-04-02
3413,2087,Post,81,2024-04-27
3414,2088,Pre,88,2024-12-07
3415,2089,Pre,49,2026-06-14
3416,2089,Post,64,2026-07-08
3417,2090,Pre,34,2024-04-30
3418,2090,Post,39,2024-05-17
3419,2091,Pre,77,2025-05-07
3420,2091,Post,90,2025-06-02
3421,2093,Pre,45,2026-03-04
3422,2094,Pre,42,2024-07-27
3423,2095,Pre,66,2026-03-26
3424,2095,Post,70,2026-04-04
3425,2096,Pre,63,2024-03-18
3426,2096,Post,73,2024-03-26
3427,2097,Pre,53,2026-01-09
3428,2097,Post,61,2026-01-26
3429,2098,Pre,70,2025-04-29
3430,2098,Post,83,2025-05-22
3431,2099,Pre,77,2026-07-28
3432,2099,Post,85,2026-08-13
3433,2100,Pre,49,2024-05-25
3434,2100,Post,60,2024-06-15
3435,2101,Pre,73,2026-04-08
3436,2102,Pre,58,2025-08-30
3437,2102,Post,73,2025-09-28
3438,2103,Pre,49,2024-10-02
3439,2103,Post,62,2024-10-11
3440,2104,Pre,80,2024-06-19
3441,2104,Post,98,2024-06-29
3442,2105,Pre,55,2026-05-30
3443,2105,Post,72,2026-06-05
3444,2106,Pre,60,2024-08-02
3445,2106,Post,78,2024-08-16
3446,2107,Pre,62,2024-04-17
3447,2107,Post,61,2024-05-12
3448,2108,Pre,60,2026-05-21
3449,2108,Post,76,2026-06-16
3450,2109,Pre,59,2024-09-24
3451,2109,Post,71,2024-10-03
3452,2110,Pre,76,2024-09-14
3453,2111,Pre,55,2025-05-28
3454,2111,Post,56,2025-06-21
3455,2112,Pre,58,2026-03-28
3456,2112,Post,70,2026-04-25
3457,2113,Pre,59,2024-04-22
3458,2113,Post,66,2024-05-20
3459,2114,Pre,62,2024-11-05
3460,2115,Pre,67,2025-03-17
3461,2115,Post,72,2025-04-02
3462,2116,Pre,53,2024-08-01
3463,2118,Pre,66,2025-01-01
3464,2119,Pre,55,2024-12-14
3465,2119,Post,74,2025-01-08
3466,2120,Pre,54,2025-03-19
3467,2120,Post,68,2025-04-10
3468,2121,Pre,63,2026-03-15
3469,2122,Pre,70,2024-07-15
3470,2123,Pre,55,2026-03-04
3471,2123,Post,75,2026-03-29
3472,2124,Pre,71,2024-05-18
3473,2124,Post,77,2024-05-29
3474,2125,Pre,73,2024-09-29
3475,2125,Post,82,2024-10-09
3476,2126,Pre,36,2024-06-21
3477,2126,Post,58,2024-07-01
3478,2127,Pre,70,2026-06-14
3479,2127,Post,78,2026-07-03
3480,2128,Pre,40,2025-02-05
3481,2128,Post,55,2025-02-16
3482,2129,Pre,59,2024-12-24
3483,2129,Post,83,2025-01-08
3484,2130,Pre,57,2026-01-16
3485,2131,Pre,58,2024-06-21
3486,2132,Pre,43,2025-07-19
3487,2132,Post,53,2025-08-11
3488,2133,Pre,49,2024-07-03
3489,2133,Post,62,2024-07-11
3490,2134,Pre,69,2026-03-22
3491,2134,Post,71,2026-04-01
3492,2135,Pre,57,2025-08-10
3493,2135,Post,86,2025-08-16
3494,2136,Pre,38,2025-12-20
3495,2136,Post,48,2026-01-07
3496,2137,Pre,55,2025-03-30
3497,2137,Post,67,2025-04-17
3498,2138,Pre,49,2026-07-29
3499,2140,Pre,62,2024-07-08
3500,2140,Post,69,2024-07-21
3501,2141,Pre,52,2026-01-04
3502,2141,Post,59,2026-01-12
3503,2142,Pre,60,2024-03-27
3504,2142,Post,71,2024-04-09
3505,2143,Pre,72,2025-07-05
3506,2143,Post,71,2025-07-17
3507,2144,Pre,64,2025-04-19
3508,2144,Post,79,2025-05-13
3509,2145,Pre,63,2024-01-06
3510,2145,Post,65,2024-01-23
3511,2146,Pre,51,2025-06-25
3512,2146,Post,59,2025-07-16
3513,2147,Pre,50,2025-02-13
3514,2147,Post,59,2025-02-22
3515,2148,Pre,61,2025-03-04
3516,2149,Pre,58,2025-03-22
3517,2150,Pre,60,2025-12-26
3518,2150,Post,82,2026-01-11
3519,2151,Pre,73,2024-11-29
3520,2151,Post,92,2024-12-10
3521,2152,Pre,58,2024-04-02
3522,2152,Post,74,2024-04-20
3523,2153,Pre,58,2024-08-16
3524,2153,Post,76,2024-08-28
3525,2154,Pre,43,2026-03-16
3526,2154,Post,53,2026-03-18
3527,2155,Pre,62,2025-09-24
3528,2155,Post,61,2025-10-18
3529,2156,Pre,68,2024-11-02
3530,2156,Post,64,2024-11-10
3531,2157,Pre,83,2024-12-23
3532,2157,Post,88,2025-01-11
3533,2158,Pre,48,2024-07-20
3534,2158,Post,57,2024-08-05
3535,2159,Pre,43,2025-02-01
3536,2159,Post,56,2025-02-21
3537,2160,Pre,55,2026-07-29
3538,2161,Pre,54,2024-08-01
3539,2163,Pre,68,2025-03-14
3540,2164,Pre,39,2024-12-14
3541,2164,Post,53,2025-01-05
3542,2166,Pre,79,2025-08-01
3543,2166,Post,86,2025-08-15
3544,2167,Pre,49,2026-06-22
3545,2167,Post,61,2026-07-21
3546,2168,Pre,63,2024-09-30
3547,2169,Pre,63,2024-06-21
3548,2169,Post,70,2024-07-10
3549,2170,Pre,77,2026-03-26
3550,2170,Post,78,2026-04-15
3551,2171,Pre,50,2025-08-06
3552,2172,Pre,52,2026-06-14
3553,2172,Post,64,2026-07-13
3554,2173,Pre,60,2025-01-22
3555,2174,Pre,68,2025-08-04
3556,2174,Post,83,2025-08-30
3557,2175,Pre,45,2025-06-12
3558,2175,Post,66,2025-07-16
3559,2177,Pre,71,2024-08-20
3560,2177,Post,84,2024-09-03
3561,2178,Pre,74,2025-05-08
3562,2179,Pre,54,2025-02-04
3563,2180,Pre,68,2025-08-27
3564,2180,Post,81,2025-09-26
3565,2181,Pre,53,2024-08-13
3566,2181,Post,67,2024-08-19
3567,2182,Pre,67,2024-02-21
3568,2182,Post,68,2024-03-18
3569,2183,Pre,70,2024-04-06
3570,2183,Post,83,2024-04-24
3571,2184,Pre,50,2025-06-19
3572,2184,Post,55,2025-06-27
3573,2185,Pre,36,2026-01-15
3574,2185,Post,49,2026-02-09
3575,2187,Pre,48,2024-09-19
3576,2190,Pre,67,2024-03-09
3577,2190,Post,76,2024-03-20
3578,2191,Pre,51,2025-06-15
3579,2191,Post,62,2025-07-07
3580,2193,Pre,51,2026-08-04
3581,2193,Post,57,2026-08-27
3582,2194,Pre,46,2026-03-06
3583,2194,Post,64,2026-03-26
3584,2195,Pre,62,2025-10-27
3585,2197,Pre,42,2026-06-22
3586,2197,Post,40,2026-07-06
3587,2198,Pre,44,2025-12-23
3588,2198,Post,56,2026-01-06
3589,2199,Pre,57,2025-06-05
3590,2199,Post,65,2025-06-09
3591,2200,Pre,53,2025-03-26
3592,2200,Post,62,2025-03-30
3593,2201,Pre,61,2025-12-18
3594,2202,Pre,48,2026-08-13
3595,2202,Post,60,2026-09-15
3596,2203,Pre,55,2026-06-28
3597,2204,Pre,48,2024-10-14
3598,2205,Pre,63,2025-06-08
3599,2205,Post,73,2025-07-04
3600,2206,Pre,63,2024-08-11
3601,2206,Post,78,2024-08-25
3602,2207,Pre,50,2026-04-26
3603,2207,Post,59,2026-05-16
3604,2208,Pre,48,2025-02-28
3605,2208,Post,63,2025-03-29
3606,2209,Pre,49,2025-06-11
3607,2209,Post,72,2025-07-09
3608,2210,Pre,46,2025-02-13
3609,2210,Post,71,2025-02-27
3610,2211,Pre,45,2024-11-26
3611,2212,Pre,73,2024-11-05
3612,2212,Post,87,2024-11-15
3613,2213,Pre,76,2025-04-11
3614,2213,Post,93,2025-05-11
3615,2214,Pre,40,2026-02-22
3616,2214,Post,55,2026-02-27
3617,2215,Pre,49,2025-11-30
3618,2216,Pre,54,2024-07-29
3619,2216,Post,66,2024-08-03
3620,2217,Pre,56,2026-02-20
3621,2217,Post,71,2026-03-21
3622,2218,Pre,58,2025-04-30
3623,2218,Post,67,2025-05-27
3624,2219,Pre,61,2026-02-24
3625,2221,Pre,59,2024-06-12
3626,2221,Post,72,2024-07-04
3627,2222,Pre,75,2024-11-26
3628,2223,Pre,57,2026-04-03
3629,2223,Post,69,2026-04-13
3630,2224,Pre,74,2026-08-02
3631,2224,Post,81,2026-08-21
3632,2225,Pre,59,2025-09-17
3633,2225,Post,71,2025-10-04
3634,2226,Pre,35,2024-01-31
3635,2226,Post,61,2024-02-28
3636,2227,Pre,81,2025-11-11
3637,2227,Post,83,2025-11-18
3638,2228,Pre,62,2024-11-30
3639,2228,Post,79,2024-12-28
3640,2229,Pre,57,2024-04-25
3641,2229,Post,64,2024-05-25
3642,2230,Pre,62,2025-03-04
3643,2230,Post,75,2025-03-21
3644,2231,Pre,68,2025-09-23
3645,2231,Post,87,2025-10-22
3646,2232,Pre,63,2025-01-11
3647,2232,Post,74,2025-02-11
3648,2233,Pre,69,2024-10-05
3649,2233,Post,91,2024-10-27
3650,2234,Pre,48,2025-11-05
3651,2235,Pre,61,2024-05-30
3652,2236,Pre,42,2026-01-28
3653,2236,Post,56,2026-02-26
3654,2237,Pre,59,2025-04-27
3655,2237,Post,78,2025-05-07
3656,2238,Pre,70,2025-10-18
3657,2238,Post,77,2025-10-30
3658,2239,Pre,74,2026-06-23
3659,2239,Post,86,2026-07-21
3660,2241,Pre,62,2026-05-21
3661,2241,Post,65,2026-06-18
3662,2242,Pre,68,2025-11-04
3663,2242,Post,79,2025-11-26
3664,2243,Pre,62,2024-01-02
3665,2243,Post,77,2024-01-26
3666,2244,Pre,52,2025-05-02
3667,2244,Post,69,2025-05-29
3668,2245,Pre,57,2024-11-01
3669,2245,Post,69,2024-11-06
3670,2246,Pre,41,2025-10-06
3671,2246,Post,58,2025-10-28
3672,2247,Pre,75,2026-05-29
3673,2247,Post,77,2026-06-05
3674,2248,Pre,58,2024-06-18
3675,2248,Post,68,2024-07-07
3676,2249,Pre,63,2026-06-10
3677,2250,Pre,59,2025-06-23
3678,2250,Post,69,2025-06-29
3679,2251,Pre,51,2025-04-13
3680,2251,Post,60,2025-05-05
3681,2253,Pre,47,2025-04-23
3682,2253,Post,57,2025-04-30
3683,2254,Pre,41,2024-01-03
3684,2254,Post,46,2024-01-25
3685,2256,Pre,49,2024-06-24
3686,2257,Pre,56,2024-01-16
3687,2257,Post,65,2024-02-06
3688,2258,Pre,31,2024-09-02
3689,2258,Post,31,2024-09-21
3690,2259,Pre,83,2026-04-03
3691,2259,Post,92,2026-04-21
3692,2260,Pre,71,2026-06-22
3693,2260,Post,69,2026-07-06
3694,2261,Pre,43,2025-09-01
3695,2261,Post,51,2025-09-26
3696,2263,Pre,52,2025-05-11
3697,2265,Pre,63,2025-11-04
3698,2265,Post,70,2025-11-15
3699,2266,Pre,67,2024-08-08
3700,2266,Post,71,2024-08-10
3701,2267,Pre,60,2026-08-06
3702,2267,Post,73,2026-08-23
3703,2268,Pre,74,2024-01-10
3704,2268,Post,73,2024-01-24
3705,2269,Pre,59,2026-04-22
3706,2270,Pre,48,2025-09-16
3707,2270,Post,68,2025-10-18
3708,2271,Pre,71,2026-07-29
3709,2273,Pre,58,2024-02-13
3710,2273,Post,74,2024-02-26
3711,2274,Pre,65,2024-09-18
3712,2274,Post,89,2024-09-28
3713,2275,Pre,82,2025-03-26
3714,2276,Pre,56,2025-11-26
3715,2276,Post,57,2025-12-05
3716,2277,Pre,48,2025-12-19
3717,2277,Post,59,2026-01-09
3718,2278,Pre,41,2024-12-26
3719,2279,Pre,43,2025-05-25
3720,2279,Post,48,2025-06-10
3721,2280,Pre,62,2025-02-13
3722,2280,Post,73,2025-02-21
3723,2281,Pre,48,2025-03-14
3724,2281,Post,68,2025-04-05
3725,2282,Pre,56,2026-03-05
3726,2282,Post,64,2026-03-26
3727,2283,Pre,71,2024-03-16
3728,2283,Post,91,2024-04-08
3729,2285,Pre,28,2026-07-15
3730,2285,Post,29,2026-08-09
3731,2286,Pre,69,2024-07-09
3732,2286,Post,74,2024-07-23
3733,2287,Pre,60,2025-02-24
3734,2287,Post,79,2025-03-12
3735,2288,Pre,36,2025-02-11
3736,2288,Post,44,2025-03-01
3737,2289,Pre,67,2025-08-20
3738,2289,Post,71,2025-08-28
3739,2291,Pre,54,2025-09-07
3740,2291,Post,67,2025-09-13
3741,2293,Pre,54,2024-08-08
3742,2293,Post,68,2024-08-28
3743,2294,Pre,84,2025-02-13
3744,2294,Post,96,2025-03-03
3745,2295,Pre,63,2025-09-17
3746,2295,Post,78,2025-10-15
3747,2296,Pre,60,2024-05-04
3748,2296,Post,69,2024-05-26
3749,2297,Pre,57,2026-06-06
3750,2298,Pre,67,2024-09-09
3751,2298,Post,66,2024-09-20
3752,2299,Pre,57,2024-07-13
3753,2300,Pre,76,2024-05-09
3754,2300,Post,88,2024-05-17
3755,2301,Pre,70,2024-10-23
3756,2301,Post,72,2024-11-14
3757,2302,Pre,31,2026-08-10
3758,2302,Post,36,2026-09-04
3759,2304,Pre,46,2025-11-08
3760,2304,Post,58,2025-11-15
3761,2305,Pre,56,2025-07-31
3762,2305,Post,73,2025-08-15
3763,2306,Pre,56,2025-06-12
3764,2307,Pre,51,2026-07-11
3765,2307,Post,58,2026-08-02
3766,2308,Pre,42,2025-08-28
3767,2308,Post,64,2025-09-16
3768,2309,Pre,53,2025-11-18
3769,2309,Post,67,2025-11-28
3770,2310,Pre,67,2025-12-15
3771,2310,Post,92,2025-12-21
3772,2311,Pre,31,2025-12-27
3773,2311,Post,40,2026-01-02
3774,2312,Pre,55,2024-12-10
3775,2314,Pre,61,2026-03-30
3776,2314,Post,58,2026-04-12
3777,2315,Pre,36,2025-02-14
3778,2315,Post,35,2025-03-06
3779,2316,Pre,56,2026-03-06
3780,2316,Post,59,2026-03-09
3781,2317,Pre,47,2025-01-13
3782,2317,Post,65,2025-01-20
3783,2318,Pre,73,2025-04-30
3784,2318,Post,95,2025-05-13
3785,2319,Pre,57,2025-04-04
3786,2319,Post,64,2025-04-19
3787,2320,Pre,41,2025-03-16
3788,2320,Post,42,2025-04-02
3789,2321,Pre,57,2025-10-29
3790,2322,Pre,68,2024-10-24
3791,2324,Pre,38,2025-12-28
3792,2324,Post,53,2026-01-10
3793,2325,Pre,27,2024-07-17
3794,2325,Post,38,2024-08-13
3795,2326,Pre,68,2024-04-09
3796,2326,Post,87,2024-04-30
3797,2327,Pre,62,2025-10-19
3798,2327,Post,70,2025-11-07
3799,2328,Pre,43,2024-08-19
3800,2328,Post,53,2024-09-19
3801,2330,Pre,51,2026-05-03
3802,2330,Post,61,2026-05-27
3803,2331,Pre,58,2025-08-27
3804,2331,Post,73,2025-09-16
3805,2332,Pre,53,2024-02-11
3806,2332,Post,63,2024-03-13
3807,2334,Pre,51,2024-10-20
3808,2334,Post,64,2024-10-26
3809,2335,Pre,74,2025-03-17
3810,2335,Post,83,2025-04-14
3811,2336,Pre,60,2026-06-05
3812,2336,Post,64,2026-06-17
3813,2338,Pre,63,2025-04-26
3814,2338,Post,75,2025-05-04
3815,2339,Pre,73,2024-03-14
3816,2340,Pre,65,2026-07-29
3817,2340,Post,81,2026-08-28
3818,2341,Pre,53,2025-05-09
3819,2341,Post,70,2025-06-05
3820,2342,Pre,62,2025-08-30
3821,2342,Post,73,2025-09-09
3822,2343,Pre,64,2024-09-18
3823,2343,Post,75,2024-09-24
3824,2344,Pre,69,2025-06-05
3825,2344,Post,85,2025-06-22
3826,2345,Pre,67,2026-01-16
3827,2346,Pre,70,2026-05-05
3828,2346,Post,81,2026-05-18
3829,2347,Pre,52,2025-02-05
3830,2347,Post,79,2025-02-18
3831,2348,Pre,59,2026-08-01
3832,2348,Post,70,2026-08-27
3833,2349,Pre,51,2024-01-03
3834,2349,Post,59,2024-01-10
3835,2350,Pre,36,2026-04-28
3836,2351,Pre,52,2026-07-03
3837,2351,Post,71,2026-07-25
3838,2352,Pre,62,2026-02-18
3839,2352,Post,82,2026-03-18
3840,2353,Pre,59,2024-07-01
3841,2353,Post,72,2024-07-21
3842,2354,Pre,68,2025-08-25
3843,2354,Post,79,2025-09-24
3844,2355,Pre,48,2026-01-26
3845,2356,Pre,70,2026-07-26
3846,2357,Pre,54,2024-10-12
3847,2357,Post,67,2024-11-08
3848,2358,Pre,39,2025-03-31
3849,2358,Post,50,2025-04-06
3850,2359,Pre,43,2024-06-10
3851,2359,Post,46,2024-06-25
3852,2360,Pre,83,2025-01-26
3853,2360,Post,84,2025-02-10
3854,2361,Pre,48,2026-06-06
3855,2361,Post,54,2026-06-18
3856,2362,Pre,56,2024-05-15
3857,2362,Post,69,2024-05-26
3858,2363,Pre,63,2024-11-03
3859,2363,Post,69,2024-11-06
3860,2364,Pre,65,2026-07-10
3861,2364,Post,66,2026-08-05
3862,2365,Pre,45,2024-02-13
3863,2365,Post,55,2024-03-07
3864,2366,Pre,54,2024-02-13
3865,2366,Post,77,2024-02-18
3866,2367,Pre,41,2025-09-05
3867,2367,Post,52,2025-09-12
3868,2368,Pre,60,2026-04-22
3869,2368,Post,68,2026-05-06
3870,2369,Pre,54,2024-04-04
3871,2369,Post,77,2024-04-15
3872,2370,Pre,50,2024-04-12
3873,2370,Post,57,2024-05-04
3874,2371,Pre,42,2025-07-28
3875,2371,Post,49,2025-08-05
3876,2372,Pre,54,2024-07-09
3877,2372,Post,58,2024-07-17
3878,2373,Pre,68,2024-02-03
3879,2373,Post,83,2024-02-22
3880,2374,Pre,37,2024-06-11
3881,2374,Post,39,2024-06-27
3882,2375,Pre,39,2025-04-26
3883,2375,Post,46,2025-05-16
3884,2376,Pre,46,2025-01-07
3885,2376,Post,49,2025-01-18
3886,2377,Pre,78,2026-03-19
3887,2377,Post,80,2026-04-10
3888,2378,Pre,37,2026-03-02
3889,2378,Post,45,2026-03-24
3890,2381,Pre,68,2024-09-06
3891,2381,Post,64,2024-09-26
3892,2382,Pre,52,2026-04-03
3893,2382,Post,67,2026-04-22
3894,2383,Pre,51,2024-07-03
3895,2383,Post,60,2024-07-27
3896,2384,Pre,79,2026-08-02
3897,2384,Post,87,2026-08-13
3898,2385,Pre,72,2026-02-06
3899,2385,Post,87,2026-03-07
3900,2386,Pre,83,2024-05-12
3901,2386,Post,94,2024-06-04
3902,2387,Pre,65,2024-08-09
3903,2389,Pre,72,2024-02-12
3904,2389,Post,78,2024-02-24
3905,2390,Pre,57,2025-01-14
3906,2390,Post,65,2025-02-13
3907,2391,Pre,32,2024-03-30
3908,2391,Post,37,2024-04-14
3909,2392,Pre,50,2025-09-30
3910,2392,Post,66,2025-10-08
3911,2393,Pre,72,2025-08-23
3912,2393,Post,80,2025-09-01
3913,2394,Pre,71,2026-01-28
3914,2394,Post,95,2026-02-05
3915,2395,Pre,65,2024-01-24
3916,2395,Post,72,2024-02-09
3917,2397,Pre,67,2025-04-23
3918,2397,Post,78,2025-05-08
3919,2398,Pre,63,2025-08-11
3920,2398,Post,81,2025-08-22
3921,2399,Pre,48,2024-02-20
3922,2399,Post,53,2024-03-13
3923,2402,Pre,72,2026-04-10
3924,2402,Post,87,2026-05-05
3925,2403,Pre,55,2024-02-14
3926,2403,Post,56,2024-03-10
3927,2404,Pre,70,2024-10-15
3928,2404,Post,75,2024-10-27
3929,2405,Pre,73,2024-05-07
3930,2405,Post,81,2024-05-31
3931,2406,Pre,65,2025-07-15
3932,2406,Post,85,2025-08-05
3933,2407,Pre,60,2024-08-04
3934,2407,Post,74,2024-08-20
3935,2408,Pre,66,2025-02-19
3936,2408,Post,80,2025-03-01
3937,2409,Pre,61,2025-01-14
3938,2409,Post,73,2025-02-04
3939,2410,Pre,40,2024-11-18
3940,2410,Post,60,2024-12-04
3941,2411,Pre,47,2026-04-11
3942,2411,Post,55,2026-05-13
3943,2412,Pre,44,2024-11-13
3944,2412,Post,58,2024-11-18
3945,2413,Pre,52,2025-04-04
3946,2414,Pre,45,2026-07-12
3947,2415,Pre,57,2024-12-27
3948,2416,Pre,61,2025-01-08
3949,2416,Post,59,2025-01-25
3950,2417,Pre,66,2024-01-05
3951,2417,Post,87,2024-01-20
3952,2418,Pre,53,2024-04-02
3953,2418,Post,62,2024-05-02
3954,2419,Pre,54,2024-02-25
3955,2419,Post,67,2024-03-15
3956,2420,Pre,71,2024-05-12
3957,2420,Post,87,2024-05-29
3958,2421,Pre,55,2025-08-27
3959,2421,Post,66,2025-09-18
3960,2422,Pre,49,2025-12-27
3961,2422,Post,60,2026-01-10
3962,2423,Pre,59,2024-08-06
3963,2423,Post,71,2024-09-07
3964,2424,Pre,54,2026-07-28
3965,2424,Post,66,2026-08-04
3966,2425,Pre,85,2024-05-06
3967,2425,Post,97,2024-06-03
3968,2426,Pre,68,2026-08-12
3969,2426,Post,85,2026-09-06
3970,2427,Pre,59,2026-01-31
3971,2428,Pre,88,2025-08-17
3972,2428,Post,95,2025-09-01
3973,2429,Pre,74,2025-07-21
3974,2429,Post,83,2025-08-02
3975,2430,Pre,53,2024-09-27
3976,2430,Post,62,2024-10-19
3977,2431,Pre,59,2024-01-08
3978,2431,Post,81,2024-01-27
3979,2433,Pre,58,2025-04-30
3980,2434,Pre,58,2024-09-07
3981,2435,Pre,59,2025-07-31
3982,2435,Post,62,2025-08-05
3983,2436,Pre,69,2025-05-15
3984,2436,Post,72,2025-05-27
3985,2437,Pre,66,2025-12-07
3986,2437,Post,85,2026-01-05
3987,2438,Pre,41,2025-11-29
3988,2438,Post,54,2025-12-25
3989,2439,Pre,62,2024-09-22
3990,2439,Post,62,2024-10-13
3991,2440,Pre,57,2024-09-02
3992,2441,Pre,48,2026-04-03
3993,2442,Pre,76,2026-05-30
3994,2442,Post,86,2026-06-08
3995,2443,Pre,33,2025-04-29
3996,2444,Pre,63,2024-06-12
3997,2444,Post,75,2024-07-01
3998,2445,Pre,50,2024-05-24
3999,2445,Post,55,2024-06-07
4000,2446,Pre,61,2025-08-12
4001,2446,Post,69,2025-09-15
4002,2447,Pre,57,2025-09-23
4003,2447,Post,68,2025-10-25
4004,2448,Pre,70,2024-10-12
4005,2448,Post,80,2024-10-30
4006,2449,Pre,74,2025-11-06
4007,2449,Post,85,2025-11-30
4008,2450,Pre,67,2025-09-14
4009,2450,Post,86,2025-10-11
4010,2451,Pre,60,2024-11-24
4011,2452,Pre,62,2025-12-07
4012,2452,Post,72,2025-12-24
4013,2453,Pre,70,2025-03-29
4014,2453,Post,72,2025-04-18
4015,2454,Pre,26,2024-03-12
4016,2454,Post,30,2024-03-24
4017,2455,Pre,64,2026-01-03
4018,2456,Pre,43,2024-09-08
4019,2456,Post,54,2024-09-18
4020,2458,Pre,48,2026-07-24
4021,2458,Post,58,2026-08-15
4022,2460,Pre,52,2025-06-02
4023,2460,Post,59,2025-06-05
4024,2461,Pre,37,2026-08-08
4025,2461,Post,51,2026-08-28
4026,2462,Pre,70,2025-03-29
4027,2462,Post,79,2025-04-17
4028,2463,Pre,76,2025-01-22
4029,2464,Pre,50,2024-06-22
4030,2464,Post,52,2024-07-22
4031,2465,Pre,53,2024-10-21
4032,2465,Post,73,2024-10-28
4033,2466,Pre,51,2025-12-26
4034,2466,Post,59,2025-12-31
4035,2467,Pre,51,2024-10-03
4036,2467,Post,60,2024-10-25
4037,2468,Pre,59,2026-03-11
4038,2469,Pre,73,2025-04-09
4039,2469,Post,76,2025-05-02
4040,2470,Pre,35,2026-05-12
4041,2471,Pre,66,2026-05-12
4042,2471,Post,80,2026-06-09
4043,2472,Pre,64,2025-06-04
4044,2472,Post,73,2025-06-27
4045,2475,Pre,63,2025-08-10
4046,2475,Post,74,2025-08-28
4047,2476,Pre,57,2025-08-23
4048,2476,Post,70,2025-09-12
4049,2477,Pre,56,2025-08-24
4050,2477,Post,79,2025-09-19
4051,2479,Pre,53,2025-09-04
4052,2480,Pre,58,2025-12-24
4053,2480,Post,65,2025-12-30
4054,2481,Pre,36,2026-06-29
4055,2481,Post,63,2026-07-15
4056,2482,Pre,64,2025-09-03
4057,2482,Post,66,2025-09-26
4058,2483,Pre,62,2025-03-02
4059,2484,Pre,43,2024-05-10
4060,2484,Post,68,2024-05-23
4061,2485,Pre,47,2026-07-03
4062,2485,Post,49,2026-07-11
4063,2486,Pre,77,2025-07-15
4064,2486,Post,100,2025-08-07
4065,2487,Pre,43,2025-11-07
4066,2488,Pre,74,2024-10-22
4067,2488,Post,79,2024-11-06
4068,2489,Pre,50,2024-01-05
4069,2489,Post,63,2024-01-16
4070,2490,Pre,58,2026-01-29
4071,2490,Post,67,2026-02-08
4072,2491,Pre,65,2026-04-16
4073,2491,Post,74,2026-05-04
4074,2492,Pre,53,2025-05-24
4075,2492,Post,61,2025-06-15
4076,2493,Pre,54,2026-01-02
4077,2493,Post,62,2026-01-25
4078,2494,Pre,59,2026-05-17
4079,2494,Post,70,2026-06-06
4080,2495,Pre,58,2024-05-11
4081,2495,Post,71,2024-06-02
4082,2496,Pre,56,2025-05-09
4083,2496,Post,65,2025-06-02
4084,2497,Pre,43,2024-10-24
4085,2497,Post,49,2024-11-11
4086,2499,Pre,53,2024-09-18
4087,2499,Post,56,2024-10-05
4088,2502,Pre,58,2025-11-26
4089,2502,Post,83,2025-12-15
4090,2503,Pre,71,2024-10-02
4091,2503,Post,74,2024-11-01
4092,2504,Pre,28,2025-11-25
4093,2504,Post,46,2025-12-07
4094,2505,Pre,55,2026-07-29
4095,2505,Post,64,2026-08-09
4096,2506,Pre,47,2024-02-21
4097,2507,Pre,61,2024-05-24
4098,2507,Post,73,2024-06-09
4099,2508,Pre,54,2024-04-11
4100,2508,Post,64,2024-04-28
4101,2509,Pre,51,2025-04-05
4102,2509,Post,58,2025-04-23
4103,2510,Pre,60,2025-05-26
4104,2510,Post,73,2025-06-16
4105,2511,Pre,56,2024-12-01
4106,2512,Pre,56,2024-12-26
4107,2512,Post,63,2025-01-02
4108,2513,Pre,44,2024-10-08
4109,2513,Post,53,2024-10-13
4110,2514,Pre,63,2024-12-11
4111,2514,Post,73,2025-01-10
4112,2515,Pre,61,2026-05-26
4113,2515,Post,75,2026-06-23
4114,2516,Pre,80,2025-02-28
4115,2516,Post,79,2025-03-14
4116,2518,Pre,66,2024-03-11
4117,2519,Pre,47,2026-08-13
4118,2519,Post,61,2026-08-22
4119,2520,Pre,50,2024-07-25
4120,2520,Post,63,2024-08-13
4121,2521,Pre,64,2025-03-12
4122,2521,Post,65,2025-04-10
4123,2522,Pre,53,2026-04-20
4124,2522,Post,69,2026-04-26
4125,2524,Pre,60,2026-06-22
4126,2524,Post,69,2026-07-25
4127,2525,Pre,62,2026-07-27
4128,2525,Post,86,2026-08-21
4129,2526,Pre,72,2024-02-16
4130,2527,Pre,70,2025-07-07
4131,2527,Post,94,2025-07-30
4132,2528,Pre,68,2025-09-15
4133,2529,Pre,61,2024-08-05
4134,2529,Post,66,2024-08-30
4135,2530,Pre,61,2025-03-19
4136,2530,Post,69,2025-04-11
4137,2531,Pre,59,2026-06-07
4138,2532,Pre,70,2026-06-17
4139,2532,Post,79,2026-06-27
4140,2533,Pre,52,2025-07-22
4141,2533,Post,71,2025-07-31
4142,2534,Pre,75,2024-10-03
4143,2534,Post,76,2024-10-17
4144,2535,Pre,57,2025-04-20
4145,2535,Post,57,2025-05-16
4146,2536,Pre,53,2025-12-08
4147,2536,Post,62,2025-12-28
4148,2537,Pre,51,2025-08-09
4149,2537,Post,65,2025-09-01
4150,2538,Pre,53,2025-08-09
4151,2538,Post,59,2025-08-11
4152,2539,Pre,56,2026-04-28
4153,2539,Post,70,2026-05-22
4154,2540,Pre,40,2025-03-18
4155,2540,Post,58,2025-04-15
4156,2541,Pre,63,2024-05-30
4157,2541,Post,80,2024-06-30
4158,2544,Pre,47,2024-10-14
4159,2544,Post,57,2024-10-19
4160,2545,Pre,63,2024-11-15
4161,2545,Post,76,2024-12-04
4162,2546,Pre,73,2025-03-26
4163,2546,Post,84,2025-04-13
4164,2547,Pre,60,2025-04-16
4165,2547,Post,68,2025-05-02
4166,2548,Pre,54,2025-11-03
4167,2548,Post,50,2025-11-21
4168,2550,Pre,68,2024-06-11
4169,2550,Post,84,2024-07-02
4170,2551,Pre,61,2024-05-12
4171,2552,Pre,58,2025-06-16
4172,2553,Pre,67,2024-10-10
4173,2553,Post,83,2024-10-27
4174,2554,Pre,68,2026-02-23
4175,2554,Post,93,2026-03-14
4176,2555,Pre,67,2025-01-04
4177,2556,Pre,51,2026-02-13
4178,2556,Post,60,2026-03-04
4179,2558,Pre,61,2025-03-30
4180,2558,Post,74,2025-04-09
4181,2559,Pre,65,2026-05-13
4182,2559,Post,74,2026-06-08
4183,2560,Pre,74,2025-11-28
4184,2560,Post,83,2025-12-05
4185,2561,Pre,43,2026-07-03
4186,2562,Pre,53,2025-05-27
4187,2562,Post,70,2025-06-24
4188,2563,Pre,71,2026-04-23
4189,2563,Post,69,2026-05-05
4190,2564,Pre,54,2025-09-29
4191,2564,Post,62,2025-10-04
4192,2565,Pre,61,2024-06-05
4193,2565,Post,69,2024-06-23
4194,2566,Pre,51,2025-10-31
4195,2566,Post,61,2025-11-20
4196,2567,Pre,60,2025-08-16
4197,2567,Post,65,2025-08-24
4198,2568,Pre,59,2025-04-27
4199,2568,Post,74,2025-05-27
4200,2569,Pre,37,2026-04-12
4201,2570,Pre,79,2024-10-06
4202,2571,Pre,49,2025-10-15
4203,2571,Post,61,2025-11-08
4204,2572,Pre,62,2026-04-09
4205,2572,Post,71,2026-04-26
4206,2573,Pre,80,2024-09-22
4207,2573,Post,92,2024-10-22
4208,2574,Pre,55,2024-11-17
4209,2574,Post,76,2024-12-09
4210,2575,Pre,56,2026-04-18
4211,2576,Pre,56,2025-12-02
4212,2576,Post,63,2025-12-19
4213,2577,Pre,88,2025-06-10
4214,2577,Post,99,2025-07-06
4215,2578,Pre,62,2025-09-08
4216,2578,Post,81,2025-10-01
4217,2579,Pre,68,2025-09-15
4218,2580,Pre,81,2025-02-18
4219,2581,Pre,78,2025-07-17
4220,2581,Post,86,2025-08-03
4221,2582,Pre,66,2026-05-31
4222,2582,Post,78,2026-06-05
4223,2583,Pre,28,2024-03-22
4224,2583,Post,36,2024-04-13
4225,2584,Pre,74,2024-07-03
4226,2584,Post,85,2024-07-29
4227,2585,Pre,61,2024-01-29
4228,2585,Post,79,2024-02-14
4229,2586,Pre,72,2026-06-18
4230,2587,Pre,48,2025-08-03
4231,2587,Post,66,2025-08-26
4232,2588,Pre,74,2026-05-17
4233,2588,Post,90,2026-06-15
4234,2589,Pre,58,2024-05-17
4235,2590,Pre,68,2025-05-15
4236,2590,Post,83,2025-06-01
4237,2592,Pre,44,2024-02-18
4238,2592,Post,46,2024-02-24
4239,2593,Pre,52,2024-05-30
4240,2593,Post,65,2024-06-07
4241,2594,Pre,64,2026-07-03
4242,2594,Post,74,2026-07-14
4243,2596,Pre,68,2025-09-14
4244,2597,Pre,62,2025-12-31
4245,2597,Post,81,2026-01-21
4246,2598,Pre,66,2025-06-07
4247,2598,Post,73,2025-06-28
4248,2600,Pre,48,2025-12-08
4249,2600,Post,62,2026-01-09
4250,2601,Pre,67,2026-01-27
4251,2601,Post,69,2026-02-06
4252,2602,Pre,61,2026-07-09
4253,2603,Pre,76,2024-12-14
4254,2603,Post,84,2025-01-09
4255,2604,Pre,40,2025-03-26
4256,2604,Post,61,2025-04-04
4257,2605,Pre,47,2024-04-05
4258,2605,Post,65,2024-05-04
4259,2606,Pre,59,2026-01-26
4260,2606,Post,70,2026-02-09
4261,2607,Pre,58,2024-09-26
4262,2607,Post,82,2024-10-14
4263,2609,Pre,56,2026-06-28
4264,2609,Post,77,2026-07-07
4265,2610,Pre,73,2024-04-14
4266,2611,Pre,50,2025-10-25
4267,2612,Pre,82,2025-02-14
4268,2612,Post,100,2025-03-08
4269,2613,Pre,41,2026-02-07
4270,2613,Post,52,2026-03-08
4271,2614,Pre,53,2026-01-31
4272,2614,Post,54,2026-02-25
4273,2615,Pre,51,2025-04-06
4274,2615,Post,60,2025-04-25
4275,2616,Pre,71,2024-05-25
4276,2616,Post,77,2024-06-05
4277,2617,Pre,44,2024-09-30
4278,2617,Post,63,2024-10-24
4279,2618,Pre,45,2025-04-29
4280,2618,Post,50,2025-05-14
4281,2621,Pre,59,2025-03-18
4282,2621,Post,69,2025-03-28
4283,2623,Pre,31,2026-06-08
4284,2623,Post,39,2026-07-02
4285,2624,Pre,70,2025-04-08
4286,2624,Post,71,2025-04-17
4287,2625,Pre,79,2025-11-16
4288,2625,Post,84,2025-12-02
4289,2627,Pre,56,2025-12-28
4290,2627,Post,55,2026-01-21
4291,2628,Pre,71,2025-07-26
4292,2628,Post,81,2025-08-27
4293,2630,Pre,42,2024-11-03
4294,2630,Post,51,2024-12-03
4295,2631,Pre,71,2024-12-21
4296,2631,Post,89,2025-01-06
4297,2632,Pre,52,2025-03-19
4298,2633,Pre,37,2026-07-21
4299,2633,Post,43,2026-08-01
4300,2634,Pre,47,2025-04-27
4301,2634,Post,62,2025-05-13
4302,2635,Pre,63,2024-12-19
4303,2636,Pre,67,2024-10-17
4304,2636,Post,76,2024-11-12
4305,2638,Pre,36,2024-03-06
4306,2638,Post,46,2024-03-26
4307,2639,Pre,63,2026-07-08
4308,2639,Post,74,2026-07-26
4309,2640,Pre,54,2025-08-01
4310,2640,Post,67,2025-08-31
4311,2641,Pre,60,2026-07-01
4312,2643,Pre,79,2025-12-16
4313,2644,Pre,79,2026-04-16
4314,2644,Post,85,2026-05-12
4315,2645,Pre,57,2024-10-21
4316,2645,Post,70,2024-11-01
4317,2646,Pre,48,2026-05-30
4318,2646,Post,61,2026-06-18
4319,2648,Pre,50,2026-04-11
4320,2648,Post,62,2026-05-03
4321,2649,Pre,72,2026-02-06
4322,2649,Post,83,2026-03-03
4323,2650,Pre,57,2025-12-25
4324,2651,Pre,51,2024-07-12
4325,2651,Post,61,2024-07-29
4326,2652,Pre,49,2026-02-03
4327,2652,Post,49,2026-02-26
4328,2653,Pre,45,2024-03-20
4329,2653,Post,52,2024-04-03
4330,2654,Pre,59,2024-09-03
4331,2654,Post,79,2024-10-03
4332,2656,Pre,55,2025-11-27
4333,2656,Post,62,2025-12-14
4334,2657,Pre,44,2025-07-11
4335,2657,Post,50,2025-07-22
4336,2658,Pre,82,2025-03-09
4337,2658,Post,88,2025-03-27
4338,2659,Pre,58,2026-01-28
4339,2659,Post,61,2026-02-18
4340,2660,Pre,65,2024-03-14
4341,2660,Post,84,2024-04-08
4342,2661,Pre,47,2025-02-17
4343,2661,Post,64,2025-03-03
4344,2662,Pre,73,2024-08-04
4345,2662,Post,91,2024-08-20
4346,2663,Pre,64,2026-05-21
4347,2663,Post,63,2026-06-06
4348,2665,Pre,86,2024-04-22
4349,2665,Post,95,2024-05-06
4350,2666,Pre,61,2025-01-23
4351,2666,Post,82,2025-02-17
4352,2667,Pre,60,2024-12-31
4353,2668,Pre,57,2025-09-19
4354,2668,Post,68,2025-10-04
4355,2669,Pre,56,2025-10-16
4356,2669,Post,63,2025-11-13
4357,2670,Pre,43,2026-06-20
4358,2670,Post,42,2026-06-26
4359,2671,Pre,66,2024-01-27
4360,2671,Post,75,2024-02-26
4361,2672,Pre,76,2024-11-27
4362,2672,Post,87,2024-12-09
4363,2673,Pre,52,2024-12-17
4364,2673,Post,67,2025-01-15
4365,2675,Pre,60,2025-11-30
4366,2675,Post,77,2025-12-23
4367,2676,Pre,61,2024-07-03
4368,2676,Post,82,2024-07-24
4369,2677,Pre,60,2024-11-03
4370,2677,Post,73,2024-11-14
4371,2679,Pre,61,2026-01-26
4372,2679,Post,70,2026-02-10
4373,2680,Pre,66,2025-08-17
4374,2681,Pre,51,2024-04-27
4375,2681,Post,58,2024-05-28
4376,2682,Pre,41,2025-06-13
4377,2682,Post,51,2025-06-28
4378,2683,Pre,48,2026-06-14
4379,2683,Post,63,2026-07-01
4380,2684,Pre,48,2024-10-19
4381,2684,Post,56,2024-11-07
4382,2685,Pre,47,2024-04-07
4383,2685,Post,57,2024-04-12
4384,2686,Pre,53,2025-01-17
4385,2686,Post,61,2025-01-23
4386,2687,Pre,38,2025-07-02
4387,2687,Post,50,2025-07-14
4388,2688,Pre,51,2025-08-19
4389,2688,Post,60,2025-08-26
4390,2689,Pre,55,2024-08-22
4391,2689,Post,67,2024-09-16
4392,2691,Pre,65,2025-07-15
4393,2691,Post,76,2025-08-02
4394,2692,Pre,53,2025-11-18
4395,2692,Post,64,2025-12-12
4396,2693,Pre,39,2024-05-11
4397,2693,Post,36,2024-05-29
4398,2694,Pre,35,2025-10-19
4399,2694,Post,65,2025-10-27
4400,2695,Pre,58,2026-04-21
4401,2695,Post,54,2026-04-29
4402,2696,Pre,50,2026-01-08
4403,2696,Post,59,2026-01-18
4404,2697,Pre,38,2024-07-19
4405,2697,Post,51,2024-07-25
4406,2698,Pre,45,2024-02-25
4407,2698,Post,63,2024-03-24
4408,2699,Pre,37,2025-10-24
4409,2699,Post,43,2025-11-05
4410,2700,Pre,66,2025-11-22
4411,2700,Post,75,2025-12-02
4412,2701,Pre,59,2024-04-07
4413,2701,Post,78,2024-05-08
4414,2702,Pre,48,2025-02-22
4415,2702,Post,63,2025-03-03
4416,2703,Pre,49,2024-11-23
4417,2705,Pre,58,2024-09-12
4418,2705,Post,74,2024-10-09
4419,2706,Pre,46,2024-05-18
4420,2707,Pre,63,2024-11-23
4421,2707,Post,72,2024-12-17
4422,2708,Pre,58,2024-06-29
4423,2708,Post,72,2024-07-23
4424,2710,Pre,62,2024-02-17
4425,2711,Pre,59,2024-09-19
4426,2711,Post,63,2024-10-02
4427,2712,Pre,73,2024-07-16
4428,2712,Post,82,2024-07-25
4429,2714,Pre,83,2024-06-11
4430,2714,Post,89,2024-07-06
4431,2715,Pre,59,2026-05-30
4432,2715,Post,60,2026-06-15
4433,2716,Pre,73,2024-11-07
4434,2716,Post,89,2024-11-29
4435,2717,Pre,59,2024-11-01
4436,2717,Post,73,2024-11-22
4437,2718,Pre,83,2024-09-27
4438,2718,Post,94,2024-10-16
4439,2719,Pre,56,2024-06-27
4440,2720,Pre,62,2024-12-31
4441,2720,Post,77,2025-01-31
4442,2721,Pre,55,2025-04-29
4443,2721,Post,64,2025-05-11
4444,2722,Pre,46,2025-07-17
4445,2722,Post,64,2025-08-03
4446,2723,Pre,60,2026-04-30
4447,2723,Post,68,2026-05-17
4448,2724,Pre,68,2024-12-08
4449,2724,Post,73,2024-12-28
4450,2725,Pre,44,2026-04-13
4451,2725,Post,56,2026-04-19
4452,2726,Pre,78,2026-07-07
4453,2726,Post,85,2026-07-16
4454,2727,Pre,47,2026-06-12
4455,2727,Post,50,2026-06-19
4456,2728,Pre,60,2025-03-02
4457,2728,Post,82,2025-03-12
4458,2729,Pre,59,2025-01-13
4459,2729,Post,69,2025-02-02
4460,2730,Pre,72,2025-01-14
4461,2730,Post,75,2025-02-01
4462,2732,Pre,88,2024-11-21
4463,2732,Post,100,2024-12-05
4464,2733,Pre,59,2025-12-16
4465,2733,Post,62,2026-01-01
4466,2734,Pre,62,2026-06-20
4467,2735,Pre,44,2026-02-04
4468,2735,Post,46,2026-02-15
4469,2736,Pre,52,2025-12-25
4470,2737,Pre,67,2025-08-29
4471,2737,Post,81,2025-09-05
4472,2738,Pre,66,2024-06-09
4473,2738,Post,84,2024-07-03
4474,2739,Pre,71,2024-07-20
4475,2740,Pre,62,2024-11-27
4476,2740,Post,76,2024-12-20
4477,2741,Pre,62,2024-12-02
4478,2741,Post,65,2024-12-19
4479,2742,Pre,72,2024-01-27
4480,2742,Post,84,2024-02-05
4481,2743,Pre,50,2024-05-30
4482,2743,Post,51,2024-06-20
4483,2744,Pre,66,2025-09-22
4484,2744,Post,84,2025-10-21
4485,2745,Pre,74,2024-03-20
4486,2745,Post,83,2024-04-06
4487,2746,Pre,70,2025-05-27
4488,2746,Post,89,2025-06-15
4489,2747,Pre,58,2025-11-02
4490,2747,Post,68,2025-11-24
4491,2748,Pre,65,2024-01-24
4492,2748,Post,85,2024-02-05
4493,2749,Pre,55,2024-03-01
4494,2749,Post,65,2024-03-12
4495,2752,Pre,53,2025-12-29
4496,2752,Post,63,2026-01-05
4497,2753,Pre,38,2025-08-10
4498,2753,Post,40,2025-08-20
4499,2755,Pre,58,2026-03-12
4500,2756,Pre,55,2025-10-19
4501,2756,Post,62,2025-11-04
4502,2757,Pre,46,2026-05-01
4503,2757,Post,61,2026-05-17
4504,2758,Pre,60,2024-12-18
4505,2759,Pre,56,2024-07-14
4506,2759,Post,64,2024-07-30
4507,2761,Pre,78,2024-11-03
4508,2761,Post,83,2024-11-20
4509,2762,Pre,58,2025-06-01
4510,2763,Pre,45,2024-04-22
4511,2763,Post,50,2024-05-08
4512,2764,Pre,51,2026-01-05
4513,2764,Post,67,2026-01-21
4514,2766,Pre,40,2026-06-29
4515,2766,Post,50,2026-07-09
4516,2767,Pre,82,2024-04-23
4517,2767,Post,93,2024-05-13
4518,2768,Pre,67,2026-03-15
4519,2769,Pre,69,2026-03-05
4520,2769,Post,88,2026-04-02
4521,2770,Pre,61,2025-08-22
4522,2770,Post,79,2025-09-20
4523,2771,Pre,62,2024-08-25
4524,2771,Post,86,2024-09-10
4525,2772,Pre,27,2025-11-12
4526,2772,Post,32,2025-12-01
4527,2773,Pre,57,2025-12-03
4528,2773,Post,66,2026-01-03
4529,2774,Pre,52,2026-04-25
4530,2774,Post,72,2026-05-25
4531,2775,Pre,70,2026-01-15
4532,2775,Post,81,2026-01-23
4533,2776,Pre,64,2025-09-06
4534,2776,Post,85,2025-09-12
4535,2777,Pre,59,2024-04-03
4536,2777,Post,62,2024-04-05
4537,2778,Pre,49,2025-11-01
4538,2778,Post,63,2025-11-27
4539,2779,Pre,56,2024-01-26
4540,2779,Post,75,2024-02-12
4541,2780,Pre,66,2024-06-14
4542,2781,Pre,65,2025-07-29
4543,2782,Pre,47,2026-08-06
4544,2782,Post,59,2026-08-29
4545,2783,Pre,60,2024-03-15
4546,2784,Pre,62,2024-10-25
4547,2784,Post,76,2024-11-24
4548,2785,Pre,56,2026-07-05
4549,2786,Pre,64,2024-09-24
4550,2787,Pre,32,2024-07-21
4551,2787,Post,45,2024-07-30
4552,2788,Pre,51,2025-11-18
4553,2788,Post,61,2025-12-10
4554,2789,Pre,46,2025-07-10
4555,2789,Post,55,2025-07-20
4556,2790,Pre,63,2024-04-11
4557,2791,Pre,53,2025-05-22
4558,2791,Post,58,2025-06-05
4559,2792,Pre,57,2025-08-19
4560,2792,Post,85,2025-08-24
4561,2793,Pre,32,2025-04-20
4562,2793,Post,44,2025-04-26
4563,2794,Pre,52,2025-06-17
4564,2794,Post,49,2025-07-09
4565,2795,Pre,53,2024-05-02
4566,2795,Post,75,2024-05-25
4567,2796,Pre,61,2024-11-02
4568,2796,Post,63,2024-11-23
4569,2798,Pre,60,2025-05-02
4570,2799,Pre,70,2024-10-28
4571,2800,Pre,50,2024-09-01
4572,2800,Post,57,2024-09-08
4573,2801,Pre,66,2025-05-26
4574,2801,Post,76,2025-05-31
4575,2802,Pre,66,2024-05-05
4576,2803,Pre,66,2025-10-18
4577,2803,Post,72,2025-11-10
4578,2804,Pre,38,2024-03-18
4579,2804,Post,40,2024-03-22
4580,2805,Pre,60,2024-12-05
4581,2805,Post,70,2024-12-31
4582,2806,Pre,72,2025-11-08
4583,2806,Post,74,2025-11-14
4584,2807,Pre,44,2026-04-13
4585,2807,Post,53,2026-04-21
4586,2808,Pre,72,2025-11-02
4587,2808,Post,83,2025-11-23
4588,2809,Pre,47,2024-05-22
4589,2809,Post,61,2024-06-08
4590,2811,Pre,49,2025-09-03
4591,2811,Post,54,2025-09-15
4592,2812,Pre,55,2026-07-20
4593,2812,Post,59,2026-08-06
4594,2814,Pre,55,2024-02-29
4595,2814,Post,71,2024-03-11
4596,2815,Pre,52,2025-12-18
4597,2816,Pre,67,2025-11-10
4598,2817,Pre,54,2026-03-07
4599,2817,Post,58,2026-03-17
4600,2818,Pre,56,2025-04-04
4601,2818,Post,62,2025-04-09
4602,2819,Pre,63,2025-02-17
4603,2819,Post,73,2025-03-15
4604,2820,Pre,40,2024-01-27
4605,2820,Post,54,2024-01-31
4606,2821,Pre,64,2024-02-13
4607,2821,Post,83,2024-03-10
4608,2822,Pre,78,2026-05-08
4609,2822,Post,81,2026-05-25
4610,2823,Pre,52,2025-03-07
4611,2824,Pre,64,2025-12-18
4612,2824,Post,79,2026-01-19
4613,2825,Pre,84,2024-01-06
4614,2825,Post,95,2024-02-05
4615,2826,Pre,74,2025-07-08
4616,2826,Post,89,2025-08-02
4617,2827,Pre,75,2026-04-03
4618,2828,Pre,77,2024-05-24
4619,2828,Post,96,2024-06-12
4620,2829,Pre,71,2026-01-07
4621,2829,Post,87,2026-01-30
4622,2830,Pre,88,2024-06-14
4623,2830,Post,100,2024-06-24
4624,2831,Pre,63,2024-06-28
4625,2831,Post,79,2024-07-13
4626,2832,Pre,74,2025-04-27
4627,2832,Post,80,2025-05-06
4628,2833,Pre,53,2025-09-12
4629,2833,Post,74,2025-10-03
4630,2834,Pre,45,2024-04-04
4631,2834,Post,67,2024-05-04
4632,2835,Pre,68,2025-09-11
4633,2836,Pre,73,2026-03-11
4634,2836,Post,84,2026-03-18
4635,2837,Pre,44,2025-11-14
4636,2837,Post,58,2025-12-14
4637,2839,Pre,59,2026-02-23
4638,2839,Post,83,2026-03-19
4639,2840,Pre,47,2024-01-08
4640,2841,Pre,66,2025-10-16
4641,2841,Post,80,2025-11-12
4642,2843,Pre,55,2025-06-20
4643,2843,Post,68,2025-07-01
4644,2844,Pre,61,2026-05-21
4645,2844,Post,74,2026-06-02
4646,2845,Pre,74,2026-07-20
4647,2846,Pre,69,2024-11-04
4648,2846,Post,78,2024-11-19
4649,2847,Pre,35,2026-03-16
4650,2848,Pre,58,2026-08-10
4651,2848,Post,59,2026-08-21
4652,2849,Pre,52,2026-03-30
4653,2849,Post,61,2026-04-25
4654,2850,Pre,71,2025-07-17
4655,2850,Post,84,2025-07-24
4656,2852,Pre,78,2024-08-15
4657,2853,Pre,51,2025-07-26
4658,2853,Post,59,2025-07-29
4659,2854,Pre,63,2025-04-20
4660,2854,Post,70,2025-05-17
4661,2855,Pre,55,2024-04-09
4662,2855,Post,63,2024-05-06
4663,2856,Pre,76,2026-01-05
4664,2856,Post,82,2026-01-17
4665,2857,Pre,51,2025-09-02
4666,2857,Post,65,2025-09-17
4667,2859,Pre,52,2025-01-16
4668,2859,Post,70,2025-01-29
4669,2860,Pre,81,2025-07-11
4670,2861,Pre,83,2026-01-24
4671,2861,Post,87,2026-02-10
4672,2862,Pre,61,2025-08-03
4673,2862,Post,80,2025-08-27
4674,2863,Pre,60,2024-06-05
4675,2863,Post,80,2024-07-06
4676,2864,Pre,78,2025-01-21
4677,2864,Post,84,2025-01-26
4678,2865,Pre,73,2025-04-15
4679,2865,Post,80,2025-05-04
4680,2867,Pre,51,2024-05-27
4681,2867,Post,71,2024-06-03
4682,2868,Pre,25,2025-11-10
4683,2868,Post,36,2025-11-26
4684,2869,Pre,52,2024-02-29
4685,2869,Post,66,2024-03-09
4686,2870,Pre,48,2024-10-14
4687,2870,Post,52,2024-11-12
4688,2871,Pre,66,2024-06-13
4689,2871,Post,70,2024-06-30
4690,2872,Pre,61,2025-04-15
4691,2873,Pre,60,2024-07-03
4692,2873,Post,64,2024-08-03
4693,2874,Pre,50,2025-11-22
4694,2874,Post,54,2025-12-20
4695,2875,Pre,48,2024-06-27
4696,2875,Post,55,2024-07-15
4697,2876,Pre,71,2024-10-07
4698,2876,Post,87,2024-11-06
4699,2877,Pre,59,2026-01-07
4700,2877,Post,66,2026-01-19
4701,2878,Pre,53,2025-09-06
4702,2878,Post,68,2025-09-25
4703,2879,Pre,72,2024-10-15
4704,2880,Pre,69,2025-01-28
4705,2880,Post,69,2025-02-14
4706,2881,Pre,54,2024-01-16
4707,2881,Post,57,2024-01-28
4708,2883,Pre,78,2024-05-27
4709,2883,Post,100,2024-06-13
4710,2884,Pre,74,2025-01-02
4711,2884,Post,80,2025-01-14
4712,2885,Pre,67,2025-10-17
4713,2885,Post,81,2025-11-19
4714,2886,Pre,43,2024-08-19
4715,2886,Post,50,2024-08-24
4716,2887,Pre,67,2025-09-11
4717,2887,Post,71,2025-09-23
4718,2888,Pre,62,2025-09-24
4719,2888,Post,81,2025-10-10
4720,2890,Pre,50,2024-05-14
4721,2890,Post,64,2024-05-22
4722,2892,Pre,62,2025-12-01
4723,2892,Post,73,2025-12-16
4724,2893,Pre,54,2025-09-10
4725,2893,Post,59,2025-09-14
4726,2894,Pre,41,2024-05-09
4727,2895,Pre,61,2024-08-08
4728,2895,Post,74,2024-08-21
4729,2896,Pre,55,2024-02-16
4730,2896,Post,65,2024-03-17
4731,2897,Pre,68,2024-01-08
4732,2897,Post,80,2024-01-16
4733,2898,Pre,59,2025-08-22
4734,2898,Post,70,2025-09-19
4735,2899,Pre,38,2024-08-04
4736,2899,Post,53,2024-08-16
4737,2900,Pre,63,2024-03-27
4738,2900,Post,77,2024-04-01
4739,2901,Pre,55,2024-07-07
4740,2901,Post,61,2024-08-01
4741,2902,Pre,48,2025-01-20
4742,2902,Post,58,2025-02-03
4743,2903,Pre,63,2025-11-24
4744,2903,Post,67,2025-12-14
4745,2904,Pre,44,2025-01-12
4746,2904,Post,50,2025-02-04
4747,2905,Pre,52,2025-04-05
4748,2905,Post,72,2025-04-30
4749,2906,Pre,57,2024-08-20
4750,2906,Post,63,2024-09-16
4751,2908,Pre,72,2024-03-25
4752,2909,Pre,57,2025-04-21
4753,2910,Pre,72,2024-10-18
4754,2910,Post,84,2024-11-04
4755,2911,Pre,69,2026-05-07
4756,2911,Post,74,2026-05-13
4757,2912,Pre,49,2025-09-21
4758,2912,Post,68,2025-10-21
4759,2913,Pre,39,2025-09-21
4760,2913,Post,50,2025-10-02
4761,2915,Pre,65,2025-12-29
4762,2915,Post,83,2026-01-01
4763,2916,Pre,52,2025-04-27
4764,2916,Post,72,2025-06-02
4765,2918,Pre,48,2026-04-21
4766,2918,Post,69,2026-05-04
4767,2919,Pre,69,2025-02-20
4768,2919,Post,80,2025-03-20
4769,2920,Pre,71,2024-06-08
4770,2920,Post,74,2024-06-15
4771,2921,Pre,57,2025-05-04
4772,2921,Post,71,2025-06-04
4773,2922,Pre,43,2025-01-30
4774,2922,Post,48,2025-02-19
4775,2923,Pre,62,2024-12-09
4776,2923,Post,68,2024-12-17
4777,2924,Pre,60,2024-05-06
4778,2924,Post,68,2024-05-30
4779,2925,Pre,57,2024-05-21
4780,2925,Post,75,2024-06-18
4781,2926,Pre,39,2025-10-24
4782,2926,Post,52,2025-11-11
4783,2927,Pre,50,2024-03-26
4784,2927,Post,53,2024-04-01
4785,2928,Pre,76,2024-01-23
4786,2928,Post,94,2024-02-20
4787,2929,Pre,61,2024-12-10
4788,2930,Pre,55,2025-07-04
4789,2930,Post,64,2025-07-30
4790,2931,Pre,50,2025-12-20
4791,2931,Post,61,2025-12-28
4792,2932,Pre,66,2024-12-18
4793,2932,Post,88,2025-01-13
4794,2933,Pre,71,2025-01-24
4795,2933,Post,77,2025-02-03
4796,2934,Pre,64,2025-07-02
4797,2934,Post,65,2025-07-09
4798,2935,Pre,49,2024-07-25
4799,2936,Pre,66,2025-08-06
4800,2936,Post,75,2025-08-20
4801,2937,Pre,74,2025-06-20
4802,2937,Post,90,2025-07-01
4803,2938,Pre,42,2025-11-14
4804,2939,Pre,86,2024-12-27
4805,2939,Post,93,2025-01-14
4806,2940,Pre,65,2025-03-17
4807,2940,Post,83,2025-04-17
4808,2941,Pre,75,2026-06-27
4809,2941,Post,81,2026-07-30
4810,2942,Pre,67,2024-10-13
4811,2942,Post,72,2024-10-28
4812,2943,Pre,46,2026-07-20
4813,2943,Post,44,2026-08-02
4814,2945,Pre,66,2025-02-24
4815,2945,Post,76,2025-03-14
4816,2946,Pre,43,2025-03-12
4817,2946,Post,63,2025-03-26
4818,2947,Pre,76,2024-10-21
4819,2947,Post,82,2024-10-30
4820,2948,Pre,65,2025-10-02
4821,2948,Post,68,2025-10-07
4822,2949,Pre,49,2024-05-12
4823,2951,Pre,56,2026-04-18
4824,2951,Post,57,2026-05-11
4825,2952,Pre,50,2025-04-03
4826,2954,Pre,34,2024-01-23
4827,2954,Post,46,2024-02-15
4828,2955,Pre,53,2025-12-02
4829,2956,Pre,32,2024-05-14
4830,2956,Post,58,2024-05-29
4831,2957,Pre,62,2025-11-03
4832,2957,Post,58,2025-11-05
4833,2958,Pre,74,2024-07-19
4834,2958,Post,91,2024-08-09
4835,2959,Pre,68,2026-05-27
4836,2959,Post,77,2026-06-21
4837,2960,Pre,59,2024-01-07
4838,2960,Post,74,2024-01-24
4839,2961,Pre,40,2025-08-03
4840,2961,Post,46,2025-08-11
4841,2962,Pre,81,2025-06-16
4842,2962,Post,96,2025-07-16
4843,2963,Pre,57,2024-07-27
4844,2963,Post,54,2024-08-20
4845,2964,Pre,61,2024-10-26
4846,2964,Post,78,2024-11-22
4847,2965,Pre,44,2024-05-27
4848,2967,Pre,67,2025-08-04
4849,2967,Post,77,2025-08-20
4850,2968,Pre,74,2026-08-02
4851,2968,Post,89,2026-08-22
4852,2969,Pre,63,2024-01-13
4853,2969,Post,68,2024-02-01
4854,2970,Pre,75,2024-05-23
4855,2971,Pre,59,2025-06-16
4856,2971,Post,63,2025-06-19
4857,2972,Pre,54,2024-05-21
4858,2974,Pre,44,2026-01-07
4859,2974,Post,55,2026-01-18
4860,2975,Pre,59,2024-05-09
4861,2975,Post,61,2024-05-19
4862,2976,Pre,60,2025-07-10
4863,2976,Post,69,2025-08-05
4864,2977,Pre,49,2025-04-07
4865,2977,Post,72,2025-04-23
4866,2978,Pre,69,2025-06-05
4867,2978,Post,68,2025-06-29
4868,2979,Pre,60,2025-05-25
4869,2980,Pre,66,2024-07-30
4870,2980,Post,76,2024-08-19
4871,2981,Pre,45,2025-09-13
4872,2982,Pre,69,2026-07-26
4873,2982,Post,83,2026-07-30
4874,2983,Pre,57,2026-07-28
4875,2983,Post,74,2026-08-18
4876,2984,Pre,58,2024-04-26
4877,2985,Pre,50,2025-01-13
4878,2986,Pre,55,2026-08-10
4879,2986,Post,60,2026-08-13
4880,2987,Pre,55,2026-06-30
4881,2988,Pre,53,2024-12-05
4882,2988,Post,68,2024-12-18
4883,2989,Pre,69,2026-07-10
4884,2989,Post,71,2026-08-08
4885,2990,Pre,66,2024-03-02
4886,2990,Post,85,2024-03-08
4887,2991,Pre,38,2026-01-21
4888,2991,Post,48,2026-02-12
4889,2992,Pre,56,2024-02-06
4890,2992,Post,70,2024-03-03
4891,2993,Pre,56,2024-03-03
4892,2993,Post,79,2024-03-13
4893,2994,Pre,34,2026-07-04
4894,2994,Post,42,2026-07-10
4895,2995,Pre,52,2024-12-04
4896,2995,Post,66,2025-01-01
4897,2996,Pre,71,2025-06-11
4898,2996,Post,79,2025-07-06
4899,2997,Pre,53,2024-12-26
4900,2997,Post,57,2025-01-06
4901,2998,Pre,59,2024-01-13
4902,2998,Post,72,2024-01-30
4903,2999,Pre,59,2025-01-25
4904,2999,Post,69,2025-01-30
4905,3000,Pre,65,2025-04-06
4906,3000,Post,74,2025-04-12
4907,3001,Pre,76,2025-09-14
4908,3001,Post,81,2025-09-30
4909,3002,Pre,69,2024-04-15
4910,3002,Post,76,2024-05-06
4911,3003,Pre,70,2025-10-23
4912,3003,Post,86,2025-11-13
4913,3004,Pre,52,2024-04-05
4914,3004,Post,70,2024-05-01
4915,3005,Pre,69,2026-03-29
4916,3005,Post,82,2026-04-16
4917,3006,Pre,55,2025-08-07
4918,3006,Post,77,2025-08-27
4919,3007,Pre,51,2026-01-23
4920,3007,Post,58,2026-02-04
4921,3008,Pre,50,2025-02-27
4922,3008,Post,57,2025-03-08
4923,3009,Pre,81,2024-01-29
4924,3009,Post,87,2024-02-20
4925,3010,Pre,36,2024-09-18
4926,3010,Post,53,2024-10-09
4927,3011,Pre,56,2025-03-08
4928,3011,Post,72,2025-04-03
4929,3012,Pre,49,2024-09-09
4930,3012,Post,56,2024-09-19
4931,3013,Pre,57,2025-08-30
4932,3014,Pre,53,2024-06-12
4933,3014,Post,70,2024-07-09
4934,3015,Pre,76,2026-07-16
4935,3016,Pre,60,2024-02-14
4936,3016,Post,77,2024-02-29
4937,3017,Pre,67,2026-08-09
4938,3017,Post,63,2026-09-02
4939,3018,Pre,63,2024-08-01
4940,3018,Post,69,2024-08-30
4941,3019,Pre,53,2026-03-18
4942,3019,Post,67,2026-03-30
4943,3020,Pre,48,2025-04-18
4944,3020,Post,47,2025-05-14
4945,3021,Pre,38,2025-07-27
4946,3022,Pre,61,2024-03-12
4947,3022,Post,69,2024-04-12
4948,3023,Pre,52,2024-06-17
4949,3023,Post,65,2024-07-08
4950,3024,Pre,61,2025-03-12
4951,3024,Post,68,2025-03-21
4952,3026,Pre,36,2025-07-02
4953,3027,Pre,66,2026-06-26
4954,3028,Pre,44,2026-02-22
4955,3029,Pre,51,2026-05-14
4956,3029,Post,60,2026-05-31
4957,3030,Pre,65,2025-04-11
4958,3031,Pre,47,2024-05-03
4959,3032,Pre,52,2024-11-22
4960,3032,Post,68,2024-12-21
4961,3033,Pre,52,2026-08-01
4962,3033,Post,62,2026-08-06
4963,3034,Pre,47,2024-01-09
4964,3034,Post,56,2024-01-16
4965,3035,Pre,61,2026-04-27
4966,3035,Post,75,2026-05-13
4967,3036,Pre,51,2025-11-22
4968,3036,Post,66,2025-12-06
4969,3037,Pre,50,2024-02-23
4970,3037,Post,59,2024-03-21
4971,3038,Pre,73,2025-12-09
4972,3038,Post,82,2025-12-30
4973,3040,Pre,52,2026-08-15
4974,3040,Post,60,2026-09-04
4975,3041,Pre,58,2024-04-20
4976,3041,Post,74,2024-05-17
4977,3042,Pre,59,2026-03-01
4978,3042,Post,70,2026-03-29
4979,3043,Pre,62,2024-02-11
4980,3043,Post,86,2024-03-09
4981,3044,Pre,49,2026-05-25
4982,3044,Post,63,2026-06-07
4983,3045,Pre,49,2024-01-18
4984,3045,Post,66,2024-02-04
4985,3046,Pre,61,2026-04-23
4986,3047,Pre,81,2025-11-21
4987,3047,Post,96,2025-12-19
4988,3048,Pre,71,2025-04-14
4989,3048,Post,84,2025-05-14
4990,3049,Pre,59,2024-03-31
4991,3049,Post,73,2024-05-04
4992,3050,Pre,45,2025-09-30
4993,3050,Post,63,2025-10-21
4994,3051,Pre,76,2024-10-18
4995,3051,Post,84,2024-10-31
4996,3052,Pre,53,2024-04-26
4997,3052,Post,76,2024-05-29
4998,3053,Pre,55,2024-03-25
4999,3054,Pre,72,2025-12-19
5000,3054,Post,95,2025-12-27
5001,3055,Pre,41,2026-07-20
5002,3055,Post,59,2026-07-25
5003,3056,Pre,72,2024-05-17
5004,3056,Post,85,2024-06-07
5005,3057,Pre,57,2025-11-16
5006,3057,Post,78,2025-12-05
5007,3059,Pre,56,2024-08-13
5008,3059,Post,61,2024-09-04
5009,3060,Pre,57,2025-01-01
5010,3060,Post,67,2025-01-08
5011,3061,Pre,74,2024-10-17
5012,3061,Post,90,2024-11-13
5013,3062,Pre,54,2024-09-15
5014,3062,Post,64,2024-10-17
5015,3063,Pre,57,2025-10-10
5016,3063,Post,61,2025-10-21
5017,3064,Pre,43,2026-04-11
5018,3064,Post,53,2026-04-22
5019,3065,Pre,42,2025-05-21
5020,3065,Post,51,2025-06-13
5021,3066,Pre,43,2024-05-29
5022,3067,Pre,76,2025-07-05
5023,3067,Post,77,2025-07-28
5024,3068,Pre,50,2026-01-07
5025,3068,Post,55,2026-01-23
5026,3069,Pre,70,2026-04-10
5027,3069,Post,78,2026-05-09
5028,3070,Pre,69,2024-01-22
5029,3070,Post,88,2024-02-17
5030,3072,Pre,61,2024-03-29
5031,3072,Post,73,2024-04-21
5032,3073,Pre,46,2024-08-01
5033,3074,Pre,57,2025-02-14
5034,3075,Pre,58,2026-06-19
5035,3075,Post,68,2026-07-18
5036,3076,Pre,64,2024-11-23
5037,3077,Pre,45,2024-08-10
5038,3077,Post,54,2024-09-06
5039,3078,Pre,76,2024-07-24
5040,3079,Pre,52,2024-02-28
5041,3080,Pre,65,2026-04-20
5042,3080,Post,85,2026-05-05
5043,3081,Pre,55,2025-06-17
5044,3081,Post,60,2025-06-20
5045,3082,Pre,71,2026-05-24
5046,3083,Pre,49,2025-06-23
5047,3083,Post,73,2025-07-08
5048,3084,Pre,71,2024-10-12
5049,3084,Post,86,2024-11-04
5050,3085,Pre,65,2026-02-13
5051,3085,Post,74,2026-03-08
5052,3086,Pre,55,2024-08-23
5053,3086,Post,59,2024-09-05
5054,3087,Pre,45,2025-03-30
5055,3087,Post,63,2025-04-09
5056,3088,Pre,43,2025-02-07
5057,3088,Post,49,2025-03-07
5058,3089,Pre,70,2026-04-10
5059,3089,Post,75,2026-04-18
5060,3090,Pre,88,2025-06-16
5061,3090,Post,85,2025-07-15
5062,3091,Pre,50,2025-04-14
5063,3092,Pre,57,2026-05-17
5064,3092,Post,62,2026-06-05
5065,3095,Pre,61,2024-08-05
5066,3095,Post,81,2024-08-31
5067,3096,Pre,49,2025-09-19
5068,3096,Post,70,2025-10-01
5069,3097,Pre,73,2025-05-30
5070,3097,Post,98,2025-06-08
5071,3098,Pre,70,2024-05-07
5072,3099,Pre,50,2025-09-12
5073,3099,Post,50,2025-10-01
5074,3100,Pre,52,2025-10-25
5075,3100,Post,59,2025-11-23
5076,3101,Pre,66,2025-05-12
5077,3101,Post,76,2025-06-07
5078,3102,Pre,74,2025-05-22
5079,3102,Post,81,2025-06-05
5080,3104,Pre,54,2025-03-18
5081,3104,Post,67,2025-04-10
5082,3105,Pre,75,2024-03-30
5083,3106,Pre,64,2026-03-12
5084,3106,Post,71,2026-03-28
5085,3107,Pre,79,2025-08-29
5086,3107,Post,90,2025-09-16
5087,3108,Pre,75,2025-06-11
5088,3109,Pre,61,2025-12-17
5089,3109,Post,77,2026-01-06
5090,3112,Pre,72,2026-01-01
5091,3112,Post,84,2026-01-26
5092,3113,Pre,62,2025-08-17
5093,3113,Post,64,2025-09-16
5094,3114,Pre,67,2024-04-18
5095,3114,Post,79,2024-05-01
5096,3115,Pre,69,2025-04-21
5097,3115,Post,78,2025-05-05
5098,3116,Pre,49,2025-05-22
5099,3116,Post,50,2025-05-27
5100,3117,Pre,46,2026-07-23
5101,3117,Post,57,2026-08-20
5102,3119,Pre,67,2026-08-15
5103,3119,Post,83,2026-09-13
5104,3120,Pre,60,2026-03-10
5105,3120,Post,72,2026-04-04
5106,3121,Pre,51,2025-08-08
5107,3121,Post,57,2025-08-16
5108,3122,Pre,58,2026-06-02
5109,3122,Post,62,2026-06-16
5110,3123,Pre,53,2025-07-01
5111,3123,Post,72,2025-07-09
5112,3124,Pre,39,2024-11-11
5113,3124,Post,55,2024-11-22
5114,3126,Pre,30,2024-07-07
5115,3126,Post,43,2024-07-31
5116,3128,Pre,58,2025-05-18
5117,3128,Post,62,2025-06-06
5118,3129,Pre,49,2025-10-19
5119,3129,Post,55,2025-10-28
5120,3130,Pre,69,2024-05-06
5121,3130,Post,84,2024-05-18
5122,3131,Pre,64,2024-03-06
5123,3131,Post,76,2024-03-23
5124,3132,Pre,81,2025-05-20
5125,3132,Post,89,2025-06-12
5126,3133,Pre,69,2025-02-15
5127,3133,Post,73,2025-03-08
5128,3134,Pre,49,2024-07-04
5129,3134,Post,66,2024-07-16
5130,3135,Pre,59,2026-04-20
5131,3135,Post,72,2026-05-12
5132,3136,Pre,71,2026-06-26
5133,3136,Post,83,2026-07-25
5134,3137,Pre,68,2024-07-19
5135,3137,Post,84,2024-07-27
5136,3138,Pre,37,2024-06-25
5137,3139,Pre,61,2024-05-22
5138,3139,Post,77,2024-06-21
5139,3140,Pre,65,2024-09-01
5140,3140,Post,61,2024-10-01
5141,3141,Pre,66,2024-01-26
5142,3141,Post,83,2024-02-10
5143,3142,Pre,68,2025-12-07
5144,3142,Post,78,2025-12-29
5145,3144,Pre,48,2026-07-11
5146,3144,Post,47,2026-08-09
5147,3145,Pre,72,2024-02-20
5148,3146,Pre,64,2026-03-18
5149,3146,Post,60,2026-04-09
5150,3147,Pre,64,2025-01-16
5151,3147,Post,82,2025-02-01
5152,3148,Pre,54,2025-01-24
5153,3148,Post,75,2025-02-18
5154,3149,Pre,68,2026-04-22
5155,3149,Post,71,2026-05-13
5156,3150,Pre,65,2026-06-12
5157,3150,Post,91,2026-06-24
5158,3151,Pre,63,2026-01-29
5159,3152,Pre,47,2024-12-27
5160,3152,Post,61,2025-01-11
5161,3153,Pre,61,2025-03-02
5162,3154,Pre,54,2025-02-05
5163,3155,Pre,60,2024-06-06
5164,3155,Post,69,2024-07-02
5165,3156,Pre,74,2025-01-08
5166,3156,Post,81,2025-01-13
5167,3157,Pre,53,2025-09-15
5168,3157,Post,62,2025-09-24
5169,3158,Pre,68,2025-02-22
5170,3159,Pre,48,2025-11-03
5171,3161,Pre,54,2025-12-08
5172,3161,Post,70,2025-12-28
5173,3162,Pre,49,2026-02-20
5174,3163,Pre,74,2024-03-02
5175,3163,Post,88,2024-03-30
5176,3164,Pre,58,2025-06-28
5177,3164,Post,60,2025-07-16
5178,3165,Pre,59,2024-01-09
5179,3165,Post,79,2024-01-21
5180,3166,Pre,66,2026-02-15
5181,3166,Post,69,2026-03-05
5182,3167,Pre,56,2025-04-23
5183,3167,Post,66,2025-05-24
5184,3170,Pre,78,2025-12-03
5185,3170,Post,87,2025-12-25
5186,3171,Pre,72,2025-03-07
5187,3171,Post,92,2025-03-30
5188,3172,Pre,58,2024-02-09
5189,3172,Post,72,2024-03-12
5190,3174,Pre,72,2025-07-29
5191,3174,Post,88,2025-08-09
5192,3175,Pre,62,2024-03-07
5193,3175,Post,73,2024-03-28
5194,3176,Pre,51,2025-12-01
5195,3176,Post,61,2025-12-28
5196,3177,Pre,56,2026-02-07
5197,3177,Post,70,2026-03-10
5198,3178,Pre,65,2026-03-27
5199,3179,Pre,78,2024-05-25
5200,3179,Post,100,2024-06-15
5201,3180,Pre,67,2026-06-08
5202,3180,Post,90,2026-06-25
5203,3181,Pre,58,2026-04-16
5204,3181,Post,71,2026-05-05
5205,3182,Pre,56,2025-01-24
5206,3183,Pre,42,2024-04-23
5207,3183,Post,54,2024-05-15
5208,3184,Pre,66,2025-06-25
5209,3184,Post,79,2025-07-21
5210,3185,Pre,55,2024-10-26
5211,3185,Post,72,2024-11-04
5212,3187,Pre,50,2026-07-19
5213,3187,Post,57,2026-08-11
5214,3188,Pre,57,2024-03-21
5215,3188,Post,75,2024-04-04
5216,3189,Pre,56,2024-11-16
5217,3190,Pre,47,2025-12-16
5218,3190,Post,65,2026-01-15
5219,3191,Pre,61,2024-07-09
5220,3191,Post,70,2024-07-18
5221,3192,Pre,61,2024-09-10
5222,3192,Post,71,2024-09-27
5223,3193,Pre,40,2024-05-23
5224,3194,Pre,68,2025-05-02
5225,3194,Post,81,2025-05-20
5226,3195,Pre,46,2026-06-09
5227,3196,Pre,76,2026-06-23
5228,3196,Post,81,2026-07-21
5229,3197,Pre,62,2024-09-20
5230,3197,Post,80,2024-10-12
5231,3198,Pre,80,2025-03-28
5232,3198,Post,90,2025-04-05
5233,3199,Pre,55,2024-03-01
5234,3199,Post,61,2024-03-13
5235,3200,Pre,62,2025-03-17
5236,3200,Post,71,2025-04-16
5237,3201,Pre,52,2025-09-25
5238,3201,Post,58,2025-10-04
5239,3202,Pre,53,2024-03-01
5240,3202,Post,68,2024-03-09
5241,3203,Pre,56,2025-09-22
5242,3204,Pre,44,2026-04-20
5243,3204,Post,62,2026-05-17
5244,3205,Pre,52,2025-03-27
5245,3205,Post,68,2025-04-26
5246,3206,Pre,44,2026-02-17
5247,3206,Post,51,2026-03-16
5248,3208,Pre,62,2024-11-11
5249,3208,Post,68,2024-11-15
5250,3209,Pre,62,2024-06-04
5251,3209,Post,82,2024-06-21
5252,3210,Pre,59,2025-02-14
5253,3210,Post,64,2025-02-22
5254,3211,Pre,63,2025-07-20
5255,3211,Post,80,2025-08-18
5256,3212,Pre,49,2024-09-18
5257,3212,Post,67,2024-10-09
5258,3213,Pre,64,2025-01-22
5259,3213,Post,71,2025-02-14
5260,3214,Pre,50,2026-01-05
5261,3214,Post,67,2026-01-31
5262,3215,Pre,56,2025-10-05
5263,3215,Post,72,2025-10-14
5264,3216,Pre,54,2024-07-26
5265,3216,Post,59,2024-08-08
5266,3217,Pre,50,2025-01-16
5267,3217,Post,67,2025-02-12
5268,3218,Pre,58,2025-12-03
5269,3218,Post,65,2025-12-10
5270,3219,Pre,51,2025-05-10
5271,3219,Post,64,2025-06-03
5272,3220,Pre,53,2024-01-17
5273,3220,Post,67,2024-02-17
5274,3222,Pre,41,2026-07-13
5275,3223,Pre,48,2026-07-20
5276,3223,Post,55,2026-08-01
5277,3224,Pre,52,2025-03-13
5278,3224,Post,58,2025-04-11
5279,3225,Pre,66,2026-01-18
5280,3225,Post,78,2026-01-31
5281,3226,Pre,54,2024-06-09
5282,3226,Post,57,2024-07-01
5283,3227,Pre,88,2026-07-10
5284,3227,Post,97,2026-07-25
5285,3228,Pre,57,2025-04-16
5286,3228,Post,64,2025-05-09
5287,3229,Pre,44,2025-01-02
5288,3229,Post,53,2025-01-26
5289,3230,Pre,70,2024-01-02
5290,3230,Post,75,2024-01-16
5291,3231,Pre,79,2026-01-28
5292,3231,Post,88,2026-02-26
5293,3232,Pre,63,2024-07-20
5294,3232,Post,76,2024-08-01
5295,3234,Pre,39,2025-10-23
5296,3234,Post,61,2025-11-23
5297,3235,Pre,57,2025-05-21
5298,3235,Post,70,2025-05-29
5299,3236,Pre,59,2024-11-13
5300,3236,Post,73,2024-11-22
5301,3237,Pre,59,2025-05-30
5302,3237,Post,64,2025-06-27
5303,3238,Pre,55,2025-10-26
5304,3239,Pre,60,2026-03-10
5305,3239,Post,74,2026-03-22
5306,3240,Pre,48,2025-12-07
5307,3240,Post,67,2025-12-22
5308,3241,Pre,58,2025-07-03
5309,3241,Post,75,2025-07-12
5310,3242,Pre,73,2025-07-08
5311,3242,Post,82,2025-07-15
5312,3243,Pre,55,2026-04-30
5313,3243,Post,68,2026-05-06
5314,3244,Pre,60,2024-02-19
5315,3245,Pre,67,2024-09-07
5316,3245,Post,86,2024-09-18
5317,3246,Pre,67,2024-06-12
5318,3246,Post,88,2024-06-18
5319,3247,Pre,66,2025-07-14
5320,3247,Post,81,2025-08-13
5321,3248,Pre,53,2026-02-28
5322,3248,Post,61,2026-03-18
5323,3249,Pre,55,2026-06-21
5324,3250,Pre,48,2026-01-11
5325,3251,Pre,65,2026-05-11
5326,3251,Post,76,2026-06-04
5327,3252,Pre,69,2025-11-27
5328,3252,Post,87,2025-12-25
5329,3253,Pre,64,2026-01-25
5330,3253,Post,61,2026-01-28
5331,3254,Pre,56,2025-08-29
5332,3254,Post,58,2025-09-25
5333,3255,Pre,51,2024-07-07
5334,3255,Post,61,2024-07-11
5335,3256,Pre,61,2024-09-20
5336,3256,Post,75,2024-10-03
5337,3257,Pre,54,2025-04-30
5338,3258,Pre,43,2024-09-04
5339,3258,Post,62,2024-09-25
5340,3259,Pre,65,2026-03-24
5341,3259,Post,76,2026-04-16
5342,3260,Pre,62,2024-04-16
5343,3260,Post,76,2024-05-05
5344,3261,Pre,70,2024-03-23
5345,3262,Pre,69,2026-02-10
5346,3262,Post,80,2026-02-26
5347,3263,Pre,53,2025-01-05
5348,3263,Post,58,2025-01-21
5349,3264,Pre,43,2024-05-25
5350,3264,Post,48,2024-06-10
5351,3265,Pre,55,2024-04-27
5352,3265,Post,67,2024-05-16
5353,3266,Pre,61,2024-08-29
5354,3266,Post,72,2024-09-25
5355,3267,Pre,49,2025-12-05
5356,3268,Pre,70,2026-02-07
5357,3268,Post,79,2026-02-24
5358,3269,Pre,71,2025-02-14
5359,3269,Post,77,2025-03-13
5360,3271,Pre,63,2024-01-26
5361,3271,Post,80,2024-02-13
5362,3272,Pre,39,2024-07-19
5363,3272,Post,44,2024-08-09
5364,3274,Pre,76,2024-08-10
5365,3274,Post,83,2024-09-07
5366,3275,Pre,65,2025-11-14
5367,3275,Post,77,2025-11-18
5368,3276,Pre,66,2025-02-04
5369,3277,Pre,44,2024-07-28
5370,3278,Pre,53,2025-11-27
5371,3278,Post,78,2025-12-28
5372,3279,Pre,40,2024-04-09
5373,3279,Post,52,2024-04-18
5374,3280,Pre,75,2025-01-18
5375,3280,Post,88,2025-02-09
5376,3283,Pre,54,2026-05-11
5377,3283,Post,62,2026-05-25
5378,3284,Pre,72,2025-08-01
5379,3284,Post,85,2025-08-22
5380,3285,Pre,62,2024-01-23
5381,3285,Post,78,2024-02-13
5382,3286,Pre,67,2024-08-24
5383,3286,Post,83,2024-09-09
5384,3287,Pre,36,2025-11-30
5385,3287,Post,53,2025-12-28
5386,3288,Pre,56,2024-08-20
5387,3288,Post,73,2024-08-27
5388,3289,Pre,66,2024-07-04
5389,3291,Pre,56,2025-10-21
5390,3291,Post,65,2025-11-01
5391,3292,Pre,66,2024-08-16
5392,3292,Post,76,2024-08-22
5393,3293,Pre,64,2025-01-21
5394,3294,Pre,54,2024-04-06
5395,3294,Post,74,2024-04-26
5396,3295,Pre,77,2024-06-09
5397,3295,Post,92,2024-06-22
5398,3296,Pre,63,2024-03-30
5399,3296,Post,80,2024-04-25
5400,3297,Pre,48,2025-02-14
5401,3297,Post,69,2025-03-05
5402,3298,Pre,53,2025-06-22
5403,3298,Post,67,2025-07-23
5404,3299,Pre,44,2025-11-02
5405,3299,Post,62,2025-11-25
5406,3300,Pre,44,2025-08-18
5407,3300,Post,55,2025-09-08
5408,3301,Pre,34,2024-06-14
5409,3302,Pre,50,2024-05-07
5410,3302,Post,69,2024-06-03
5411,3304,Pre,53,2024-04-07
5412,3304,Post,67,2024-04-28
5413,3306,Pre,65,2024-08-04
5414,3306,Post,81,2024-09-02
5415,3307,Pre,43,2025-12-24
5416,3307,Post,55,2026-01-02
5417,3309,Pre,59,2025-01-10
5418,3311,Pre,62,2025-09-03
5419,3311,Post,79,2025-09-26
5420,3312,Pre,38,2025-07-28
5421,3312,Post,49,2025-08-03
5422,3313,Pre,55,2024-08-04
5423,3313,Post,69,2024-08-31
5424,3314,Pre,42,2025-08-17
5425,3315,Pre,68,2024-06-19
5426,3315,Post,76,2024-06-27
5427,3316,Pre,61,2026-04-23
5428,3316,Post,74,2026-05-03
5429,3317,Pre,57,2024-12-22
5430,3317,Post,73,2025-01-15
5431,3318,Pre,67,2025-02-02
5432,3318,Post,85,2025-03-08
5433,3319,Pre,63,2024-05-03
5434,3320,Pre,52,2025-09-20
5435,3321,Pre,62,2024-02-07
5436,3322,Pre,56,2025-09-08
5437,3323,Pre,47,2024-06-16
5438,3323,Post,49,2024-07-13
5439,3324,Pre,62,2026-03-06
5440,3324,Post,70,2026-03-17
5441,3325,Pre,65,2026-07-14
5442,3326,Pre,64,2025-09-04
5443,3327,Pre,64,2024-05-06
5444,3327,Post,72,2024-05-21
5445,3328,Pre,64,2025-10-09
5446,3328,Post,81,2025-10-27
5447,3329,Pre,38,2024-12-16
5448,3329,Post,41,2025-01-12
5449,3330,Pre,54,2025-09-06
5450,3330,Post,63,2025-09-19
5451,3331,Pre,50,2026-06-18
5452,3331,Post,58,2026-07-14
5453,3332,Pre,47,2026-05-01
5454,3332,Post,51,2026-05-19
5455,3334,Pre,56,2024-07-05
5456,3334,Post,66,2024-07-24
5457,3335,Pre,76,2025-12-13
5458,3335,Post,88,2025-12-26
5459,3336,Pre,64,2025-01-01
5460,3336,Post,72,2025-01-12
5461,3337,Pre,57,2024-09-14
5462,3337,Post,66,2024-09-25
5463,3338,Pre,49,2026-03-05
5464,3338,Post,56,2026-03-17
5465,3339,Pre,42,2026-03-31
5466,3339,Post,55,2026-04-14
5467,3340,Pre,47,2024-12-11
5468,3341,Pre,65,2025-08-24
5469,3341,Post,82,2025-09-22
5470,3342,Pre,66,2026-03-18
5471,3342,Post,73,2026-04-07
5472,3343,Pre,56,2026-07-25
5473,3344,Pre,65,2025-09-17
5474,3344,Post,72,2025-09-25
5475,3345,Pre,58,2025-05-10
5476,3345,Post,75,2025-05-26
5477,3346,Pre,55,2026-02-17
5478,3347,Pre,32,2024-03-06
5479,3347,Post,39,2024-03-17
5480,3348,Pre,56,2025-04-26
5481,3348,Post,67,2025-05-11
5482,3349,Pre,48,2025-12-10
5483,3349,Post,63,2025-12-31
5484,3351,Pre,62,2024-11-08
5485,3351,Post,74,2024-11-15
5486,3353,Pre,59,2025-06-21
5487,3354,Pre,73,2026-04-10
5488,3355,Pre,64,2024-09-08
5489,3355,Post,64,2024-09-21
5490,3356,Pre,54,2026-07-12
5491,3356,Post,71,2026-08-03
5492,3357,Pre,36,2024-11-13
5493,3357,Post,52,2024-11-23
5494,3358,Pre,48,2025-07-20
5495,3359,Pre,75,2025-11-15
5496,3359,Post,86,2025-12-13
5497,3360,Pre,66,2026-05-06
5498,3361,Pre,62,2024-11-11
5499,3361,Post,63,2024-11-28
5500,3362,Pre,77,2024-04-03
5501,3362,Post,88,2024-04-28
5502,3364,Pre,39,2024-01-09
5503,3364,Post,47,2024-01-30
5504,3365,Pre,40,2025-05-21
5505,3365,Post,51,2025-06-19
5506,3366,Pre,62,2024-03-07
5507,3367,Pre,70,2024-11-14
5508,3369,Pre,69,2024-02-27
5509,3369,Post,74,2024-03-08
5510,3370,Pre,77,2025-11-14
5511,3371,Pre,27,2025-10-20
5512,3371,Post,41,2025-11-09
5513,3372,Pre,60,2024-07-04
5514,3373,Pre,68,2024-02-06
5515,3373,Post,71,2024-02-14
5516,3374,Pre,76,2025-12-29
5517,3374,Post,82,2026-01-20
5518,3375,Pre,67,2025-03-09
5519,3375,Post,65,2025-04-04
5520,3376,Pre,55,2024-08-27
5521,3376,Post,72,2024-09-12
5522,3377,Pre,53,2024-04-05
5523,3378,Pre,55,2026-03-12
5524,3379,Pre,64,2026-05-05
5525,3379,Post,72,2026-05-18
5526,3380,Pre,34,2024-05-09
5527,3380,Post,45,2024-06-04
5528,3381,Pre,62,2024-01-03
5529,3381,Post,75,2024-01-30
5530,3382,Pre,68,2024-07-11
5531,3382,Post,78,2024-07-21
5532,3383,Pre,56,2025-11-21
5533,3383,Post,66,2025-12-16
5534,3384,Pre,70,2024-09-20
5535,3384,Post,85,2024-10-03
5536,3385,Pre,85,2026-01-25
5537,3385,Post,88,2026-02-09
5538,3386,Pre,53,2026-01-19
5539,3386,Post,73,2026-02-06
5540,3387,Pre,43,2026-04-11
5541,3387,Post,60,2026-04-27
5542,3388,Pre,88,2024-06-29
5543,3388,Post,100,2024-07-24
5544,3389,Pre,29,2024-12-03
5545,3389,Post,45,2024-12-23
5546,3390,Pre,58,2026-04-20
5547,3393,Pre,55,2025-01-17
5548,3393,Post,60,2025-02-06
5549,3394,Pre,62,2024-01-09
5550,3394,Post,64,2024-01-27
5551,3396,Pre,36,2024-11-26
5552,3396,Post,54,2024-12-16
5553,3397,Pre,56,2024-09-21
5554,3397,Post,66,2024-10-21
5555,3398,Pre,75,2024-01-05
5556,3398,Post,81,2024-01-28
5557,3399,Pre,46,2024-10-07
5558,3399,Post,54,2024-10-27
5559,3400,Pre,68,2026-08-14
5560,3400,Post,80,2026-08-28
5561,3401,Pre,61,2025-10-22
5562,3401,Post,69,2025-11-09
5563,3402,Pre,56,2025-03-16
5564,3402,Post,68,2025-04-04
5565,3403,Pre,49,2025-04-12
5566,3403,Post,57,2025-05-08
5567,3404,Pre,26,2026-05-23
5568,3405,Pre,64,2026-06-06
5569,3406,Pre,57,2026-05-16
5570,3406,Post,61,2026-06-07
5571,3407,Pre,56,2024-01-27
5572,3408,Pre,42,2024-09-23
5573,3409,Pre,55,2025-04-03
5574,3409,Post,66,2025-04-20
5575,3410,Pre,88,2025-03-04
5576,3410,Post,93,2025-03-21
5577,3411,Pre,73,2024-03-19
5578,3411,Post,75,2024-04-09
5579,3412,Pre,48,2025-12-03
5580,3412,Post,44,2025-12-20
5581,3414,Pre,52,2024-10-17
5582,3414,Post,63,2024-11-09
5583,3415,Pre,56,2025-03-21
5584,3415,Post,59,2025-04-02
5585,3416,Pre,68,2026-08-06
5586,3416,Post,74,2026-09-01
5587,3417,Pre,75,2024-12-09
5588,3418,Pre,53,2025-08-13
5589,3419,Pre,60,2024-11-14
5590,3419,Post,76,2024-12-10
5591,3420,Pre,61,2026-07-11
5592,3420,Post,72,2026-07-30
5593,3421,Pre,54,2026-05-01
5594,3421,Post,79,2026-05-27
5595,3422,Pre,65,2026-03-31
5596,3422,Post,77,2026-04-11
5597,3423,Pre,61,2024-05-13
5598,3423,Post,76,2024-06-09
5599,3424,Pre,65,2024-11-27
5600,3425,Pre,60,2024-06-25
5601,3427,Pre,70,2026-02-17
5602,3428,Pre,42,2025-08-09
5603,3428,Post,57,2025-09-06
5604,3429,Pre,71,2026-06-08
5605,3429,Post,85,2026-06-26
5606,3430,Pre,68,2024-12-25
5607,3430,Post,78,2025-01-22
5608,3431,Pre,53,2026-02-27
5609,3431,Post,73,2026-03-31
5610,3432,Pre,52,2025-08-14
5611,3432,Post,60,2025-08-29
5612,3433,Pre,48,2025-09-17
5613,3433,Post,52,2025-09-19
5614,3434,Pre,51,2026-07-31
5615,3434,Post,69,2026-08-17
5616,3435,Pre,55,2026-07-14
5617,3435,Post,69,2026-07-30
5618,3436,Pre,50,2026-02-16
5619,3436,Post,64,2026-02-27
5620,3437,Pre,66,2024-05-30
5621,3437,Post,76,2024-06-10
5622,3438,Pre,64,2024-09-16
5623,3438,Post,77,2024-09-29
5624,3439,Pre,67,2024-09-21
5625,3439,Post,74,2024-10-20
5626,3440,Pre,67,2026-01-26
5627,3440,Post,79,2026-02-06
5628,3442,Pre,60,2025-03-26
5629,3442,Post,66,2025-04-04
5630,3443,Pre,56,2026-01-30
5631,3444,Pre,55,2026-05-08
5632,3444,Post,67,2026-05-24
5633,3445,Pre,51,2024-12-31
5634,3445,Post,59,2025-01-18
5635,3446,Pre,59,2026-06-30
5636,3446,Post,66,2026-07-13
5637,3447,Pre,78,2025-07-05
5638,3447,Post,88,2025-07-11
5639,3448,Pre,50,2026-07-20
5640,3448,Post,57,2026-08-13
5641,3449,Pre,58,2024-09-28
5642,3450,Pre,53,2025-01-18
5643,3450,Post,70,2025-02-16
5644,3451,Pre,61,2024-10-19
5645,3452,Pre,71,2025-08-24
5646,3452,Post,78,2025-09-04
5647,3453,Pre,65,2026-03-17
5648,3453,Post,67,2026-03-24
5649,3454,Pre,52,2024-09-02
5650,3454,Post,55,2024-09-23
5651,3455,Pre,44,2024-10-15
5652,3455,Post,55,2024-10-22
5653,3456,Pre,64,2025-05-06
5654,3456,Post,74,2025-05-19
5655,3457,Pre,27,2025-03-31
5656,3457,Post,28,2025-04-14
5657,3458,Pre,63,2026-02-11
5658,3458,Post,75,2026-02-25
5659,3459,Pre,50,2024-03-01
5660,3459,Post,58,2024-03-10
5661,3460,Pre,60,2026-01-04
5662,3460,Post,72,2026-01-18
5663,3461,Pre,64,2025-02-22
5664,3461,Post,81,2025-03-11
5665,3462,Pre,72,2024-09-04
5666,3463,Pre,70,2024-09-07
5667,3463,Post,68,2024-10-08
5668,3464,Pre,48,2025-03-08
5669,3464,Post,69,2025-03-23
5670,3465,Pre,54,2024-07-24
5671,3466,Pre,39,2025-03-16
5672,3467,Pre,51,2026-07-26
5673,3467,Post,64,2026-08-01
5674,3468,Pre,46,2024-09-23
5675,3468,Post,47,2024-10-13
5676,3469,Pre,49,2024-03-02
5677,3470,Pre,80,2026-02-10
5678,3470,Post,81,2026-02-28
5679,3471,Pre,61,2025-12-06
5680,3472,Pre,32,2026-01-23
5681,3472,Post,39,2026-02-05
5682,3473,Pre,61,2024-04-14
5683,3473,Post,76,2024-05-04
5684,3474,Pre,53,2025-04-03
5685,3475,Pre,61,2024-03-19
5686,3475,Post,66,2024-04-02
5687,3476,Pre,57,2026-08-03
5688,3476,Post,66,2026-08-28
5689,3477,Pre,62,2025-06-07
5690,3477,Post,69,2025-06-12
5691,3478,Pre,54,2026-01-20
5692,3478,Post,69,2026-02-06
5693,3479,Pre,65,2026-03-11
5694,3480,Pre,62,2025-12-26
5695,3480,Post,69,2026-01-20
5696,3481,Pre,55,2025-01-12
5697,3481,Post,74,2025-02-05
5698,3482,Pre,42,2025-06-23
5699,3482,Post,64,2025-06-29
5700,3483,Pre,59,2025-12-19
5701,3483,Post,75,2025-12-31
5702,3484,Pre,51,2025-08-11
5703,3484,Post,67,2025-09-01
5704,3485,Pre,71,2026-05-25
5705,3485,Post,73,2026-06-04
5706,3486,Pre,31,2024-09-04
5707,3486,Post,40,2024-09-21
5708,3487,Pre,37,2024-03-09
5709,3487,Post,43,2024-03-22
5710,3488,Pre,74,2024-03-31
5711,3488,Post,94,2024-04-20
5712,3489,Pre,80,2024-11-10
5713,3489,Post,88,2024-11-22
5714,3490,Pre,48,2026-05-08
5715,3490,Post,51,2026-05-25
5716,3491,Pre,70,2024-12-13
5717,3491,Post,76,2025-01-02
5718,3492,Pre,74,2026-04-27
5719,3492,Post,75,2026-05-05
5720,3493,Pre,50,2024-10-15
5721,3493,Post,49,2024-11-12
5722,3494,Pre,54,2026-07-27
5723,3495,Pre,52,2025-10-22
5724,3495,Post,64,2025-11-06
5725,3496,Pre,55,2026-02-04
5726,3496,Post,61,2026-03-05
5727,3498,Pre,62,2024-11-05
5728,3498,Post,70,2024-11-11
5729,3499,Pre,68,2025-01-10
5730,3499,Post,81,2025-02-08
5731,3500,Pre,58,2024-12-29
5732,3500,Post,70,2025-01-10
5733,3501,Pre,56,2025-03-04
5734,3502,Pre,62,2024-12-23
5735,3502,Post,75,2025-01-18
5736,3503,Pre,60,2025-07-04
5737,3503,Post,72,2025-07-14
5738,3504,Pre,60,2025-07-17
5739,3504,Post,79,2025-08-06
5740,3505,Pre,50,2025-09-26
5741,3505,Post,52,2025-10-19
5742,3506,Pre,60,2026-06-26
5743,3506,Post,83,2026-07-04
5744,3508,Pre,55,2025-06-15
5745,3509,Pre,70,2025-01-20
5746,3509,Post,66,2025-02-15
5747,3510,Pre,73,2025-07-04
5748,3510,Post,80,2025-07-19
5749,3511,Pre,58,2025-06-29
5750,3512,Pre,63,2026-07-01
5751,3512,Post,76,2026-07-12
5752,3514,Pre,46,2026-06-05
5753,3514,Post,63,2026-06-20
5754,3515,Pre,55,2026-04-16
5755,3515,Post,65,2026-04-27
5756,3516,Pre,59,2026-06-16
5757,3516,Post,72,2026-07-06
5758,3517,Pre,65,2026-02-20
5759,3518,Pre,72,2026-08-03
5760,3518,Post,74,2026-08-09
5761,3519,Pre,66,2025-04-28
5762,3520,Pre,76,2024-03-30
5763,3520,Post,78,2024-04-21
5764,3521,Pre,52,2024-03-26
5765,3521,Post,62,2024-04-23
5766,3522,Pre,46,2026-05-19
5767,3522,Post,55,2026-05-27
5768,3523,Pre,70,2024-07-13
5769,3523,Post,78,2024-07-29
5770,3524,Pre,60,2025-03-27
5771,3524,Post,62,2025-04-23
5772,3525,Pre,54,2024-02-18
5773,3525,Post,66,2024-03-22
5774,3526,Pre,68,2025-07-16
5775,3526,Post,73,2025-08-15
5776,3527,Pre,52,2025-02-20
5777,3528,Pre,45,2026-02-06
5778,3529,Pre,50,2024-11-06
5779,3529,Post,72,2024-11-26
5780,3530,Pre,61,2025-09-03
5781,3530,Post,76,2025-09-09
5782,3531,Pre,54,2026-05-28
5783,3532,Pre,54,2024-02-26
5784,3532,Post,66,2024-03-25
5785,3533,Pre,55,2026-07-28
5786,3534,Pre,71,2024-04-17
5787,3535,Pre,61,2025-10-18
5788,3535,Post,76,2025-11-10
5789,3536,Pre,58,2026-07-05
5790,3537,Pre,76,2026-01-14
5791,3537,Post,90,2026-01-24
5792,3538,Pre,34,2024-05-17
5793,3539,Pre,71,2024-05-24
5794,3539,Post,84,2024-06-13
5795,3540,Pre,58,2025-12-04
5796,3540,Post,64,2026-01-08
5797,3541,Pre,62,2025-10-15
5798,3541,Post,77,2025-11-10
5799,3542,Pre,58,2025-09-25
5800,3542,Post,66,2025-10-11
5801,3543,Pre,50,2025-06-25
5802,3543,Post,63,2025-07-09
5803,3544,Pre,74,2026-08-12
5804,3544,Post,92,2026-09-08
5805,3545,Pre,71,2025-08-05
5806,3545,Post,80,2025-09-01
5807,3548,Pre,58,2024-02-20
5808,3548,Post,57,2024-03-01
5809,3549,Pre,47,2025-10-22
5810,3549,Post,57,2025-11-05
5811,3550,Pre,62,2025-05-20
5812,3551,Pre,41,2025-07-23
5813,3551,Post,50,2025-08-01
5814,3552,Pre,57,2024-03-31
5815,3552,Post,63,2024-04-10
5816,3553,Pre,60,2024-02-15
5817,3553,Post,62,2024-03-07
5818,3554,Pre,63,2025-10-19
5819,3554,Post,62,2025-10-25
5820,3555,Pre,52,2025-06-12
5821,3555,Post,57,2025-07-12
5822,3556,Pre,54,2025-07-19
5823,3556,Post,76,2025-08-21
5824,3557,Pre,49,2024-09-25
5825,3557,Post,58,2024-10-25
5826,3558,Pre,32,2026-06-26
5827,3558,Post,54,2026-07-16
5828,3560,Pre,65,2026-01-05
5829,3560,Post,68,2026-01-20
5830,3562,Pre,62,2025-03-22
5831,3562,Post,81,2025-04-17
5832,3563,Pre,51,2024-04-06
5833,3564,Pre,63,2024-12-28
5834,3564,Post,67,2025-01-06
5835,3565,Pre,49,2025-05-18
5836,3565,Post,59,2025-06-07
5837,3566,Pre,78,2025-01-25
5838,3566,Post,92,2025-02-22
5839,3567,Pre,30,2025-09-30
5840,3570,Pre,57,2026-06-24
5841,3570,Post,63,2026-07-01
5842,3571,Pre,61,2024-07-17
5843,3571,Post,72,2024-07-22
5844,3572,Pre,61,2026-04-30
5845,3572,Post,71,2026-05-26
5846,3573,Pre,45,2026-06-22
5847,3573,Post,64,2026-07-15
5848,3574,Pre,67,2025-06-05
5849,3574,Post,75,2025-06-21
5850,3575,Pre,31,2026-01-17
5851,3575,Post,41,2026-02-09
5852,3576,Pre,80,2026-02-22
5853,3576,Post,88,2026-03-07
5854,3577,Pre,80,2026-01-05
5855,3577,Post,88,2026-01-26
5856,3578,Pre,50,2026-02-10
5857,3578,Post,60,2026-02-28
5858,3580,Pre,72,2024-05-11
5859,3580,Post,81,2024-06-03
5860,3581,Pre,39,2026-01-23
5861,3581,Post,47,2026-01-31
5862,3582,Pre,53,2025-07-31
5863,3582,Post,76,2025-08-15
5864,3583,Pre,51,2025-02-07
5865,3583,Post,69,2025-03-09
5866,3584,Pre,44,2025-06-06
5867,3585,Pre,36,2025-06-25
5868,3586,Pre,37,2024-12-05
5869,3586,Post,51,2024-12-31
5870,3587,Pre,46,2024-06-19
5871,3587,Post,45,2024-07-14
5872,3588,Pre,55,2025-11-10
5873,3588,Post,70,2025-11-21
5874,3589,Pre,64,2026-01-04
5875,3589,Post,73,2026-01-06
5876,3590,Pre,61,2025-06-23
5877,3590,Post,59,2025-07-08
5878,3592,Pre,57,2025-07-02
5879,3593,Pre,66,2025-03-08
5880,3593,Post,67,2025-03-23
5881,3594,Pre,71,2024-01-19
5882,3594,Post,80,2024-02-04
5883,3595,Pre,84,2025-07-18
5884,3595,Post,85,2025-07-31
5885,3596,Pre,76,2024-11-29
5886,3597,Pre,48,2024-03-22
5887,3597,Post,65,2024-04-16
5888,3598,Pre,36,2025-05-04
5889,3598,Post,42,2025-05-23
5890,3599,Pre,52,2024-12-03
5891,3599,Post,58,2024-12-14
5892,3600,Pre,72,2025-09-29
5893,3600,Post,75,2025-10-20
5894,3601,Pre,66,2024-10-10
5895,3601,Post,87,2024-11-05
5896,3602,Pre,49,2024-10-25
5897,3603,Pre,52,2026-08-08
5898,3603,Post,55,2026-08-28
5899,3604,Pre,53,2026-05-09
5900,3605,Pre,61,2025-09-25
5901,3605,Post,70,2025-10-09
5902,3606,Pre,79,2025-09-19
5903,3606,Post,94,2025-10-21
5904,3607,Pre,55,2025-01-01
5905,3608,Pre,60,2024-04-24
5906,3608,Post,71,2024-05-13
5907,3610,Pre,51,2024-02-21
5908,3610,Post,64,2024-02-29
5909,3611,Pre,36,2026-04-17
5910,3611,Post,45,2026-04-26
5911,3612,Pre,72,2026-05-07
5912,3612,Post,79,2026-06-06
5913,3613,Pre,36,2025-05-01
5914,3613,Post,46,2025-05-10
5915,3614,Pre,77,2024-05-28
5916,3614,Post,79,2024-06-07
5917,3615,Pre,75,2026-02-01
5918,3615,Post,89,2026-02-28
5919,3616,Pre,74,2025-05-06
5920,3616,Post,83,2025-05-28
5921,3617,Pre,57,2025-06-16
5922,3620,Pre,56,2024-07-27
5923,3620,Post,78,2024-08-11
5924,3621,Pre,52,2026-05-08
5925,3622,Pre,62,2026-02-04
5926,3622,Post,78,2026-03-09
5927,3624,Pre,61,2024-12-20
5928,3624,Post,81,2025-01-07
5929,3625,Pre,47,2024-12-19
5930,3625,Post,52,2024-12-25
5931,3626,Pre,51,2025-09-21
5932,3627,Pre,62,2026-08-11
5933,3628,Pre,77,2024-05-21
5934,3628,Post,78,2024-05-27
5935,3629,Pre,66,2024-07-30
5936,3629,Post,83,2024-08-26
5937,3630,Pre,75,2025-10-01
5938,3630,Post,85,2025-10-10
5939,3631,Pre,73,2025-12-28
5940,3631,Post,84,2026-01-14
5941,3633,Pre,45,2025-01-08
5942,3634,Pre,65,2026-06-19
5943,3635,Pre,62,2026-01-09
5944,3636,Pre,49,2025-11-03
5945,3636,Post,58,2025-11-15
5946,3637,Pre,57,2025-05-24
5947,3637,Post,70,2025-06-09
5948,3638,Pre,57,2026-07-25
5949,3638,Post,74,2026-08-05
5950,3639,Pre,50,2025-09-13
5951,3639,Post,61,2025-10-04
5952,3641,Pre,52,2025-09-16
5953,3642,Pre,51,2026-04-30
5954,3642,Post,63,2026-05-26
5955,3643,Pre,55,2025-12-14
5956,3643,Post,53,2025-12-19
5957,3644,Pre,45,2025-04-12
5958,3644,Post,53,2025-04-27
5959,3645,Pre,60,2025-11-24
5960,3645,Post,81,2025-12-09
5961,3646,Pre,43,2025-09-10
5962,3647,Pre,69,2024-04-12
5963,3647,Post,78,2024-04-28
5964,3648,Pre,45,2025-06-16
5965,3649,Pre,67,2026-03-10
5966,3649,Post,73,2026-04-06
5967,3650,Pre,56,2025-03-26
5968,3650,Post,67,2025-04-10
5969,3652,Pre,75,2024-11-29
5970,3652,Post,96,2024-12-24
5971,3653,Pre,48,2025-12-26
5972,3653,Post,58,2026-01-09
5973,3654,Pre,61,2025-03-18
5974,3654,Post,70,2025-04-11
5975,3655,Pre,71,2026-05-30
5976,3655,Post,83,2026-06-27
5977,3656,Pre,47,2026-01-13
5978,3656,Post,53,2026-02-02
5979,3657,Pre,49,2026-05-29
5980,3658,Pre,58,2025-12-11
5981,3658,Post,69,2025-12-18
5982,3659,Pre,51,2025-08-30
5983,3659,Post,64,2025-09-10
5984,3660,Pre,64,2024-04-22
5985,3660,Post,77,2024-05-08
5986,3661,Pre,63,2025-04-10
5987,3662,Pre,45,2024-09-26
5988,3662,Post,59,2024-10-04
5989,3663,Pre,44,2024-09-25
5990,3663,Post,53,2024-10-12
5991,3664,Pre,72,2025-01-09
5992,3664,Post,76,2025-02-06
5993,3665,Pre,41,2024-04-16
5994,3665,Post,54,2024-04-29
5995,3666,Pre,51,2025-10-11
5996,3666,Post,53,2025-10-16
5997,3667,Pre,71,2026-06-15
5998,3667,Post,79,2026-07-04
5999,3668,Pre,52,2024-11-17
6000,3668,Post,64,2024-11-26
6001,3669,Pre,45,2025-01-16
6002,3669,Post,52,2025-01-22
6003,3670,Pre,58,2026-02-06
6004,3670,Post,71,2026-02-25
6005,3671,Pre,38,2024-11-04
6006,3672,Pre,50,2024-04-10
6007,3672,Post,48,2024-04-24
6008,3673,Pre,36,2026-07-08
6009,3674,Pre,52,2025-10-05
6010,3674,Post,62,2025-10-31
6011,3675,Pre,40,2024-09-01
6012,3675,Post,55,2024-09-28
6013,3676,Pre,46,2025-10-15
6014,3676,Post,59,2025-10-21
6015,3677,Pre,67,2024-04-14
6016,3677,Post,78,2024-05-15
6017,3678,Pre,56,2025-03-31
6018,3678,Post,68,2025-04-06
6019,3679,Pre,59,2025-05-19
6020,3679,Post,61,2025-06-09
6021,3680,Pre,57,2026-04-20
6022,3680,Post,69,2026-05-06
6023,3681,Pre,58,2025-12-31
6024,3681,Post,69,2026-01-13
6025,3682,Pre,64,2024-08-09
6026,3682,Post,81,2024-08-23
6027,3683,Pre,67,2025-02-16
6028,3683,Post,84,2025-03-07
6029,3684,Pre,48,2026-04-24
6030,3684,Post,54,2026-05-06
6031,3685,Pre,71,2025-09-22
6032,3685,Post,71,2025-10-18
6033,3686,Pre,65,2024-04-17
6034,3686,Post,85,2024-04-24
6035,3687,Pre,56,2025-08-09
6036,3688,Pre,55,2025-05-15
6037,3688,Post,66,2025-06-10
6038,3689,Pre,58,2025-06-25
6039,3689,Post,71,2025-07-28
6040,3690,Pre,54,2025-12-21
6041,3690,Post,67,2026-01-18
6042,3693,Pre,70,2025-11-24
6043,3693,Post,86,2025-12-05
6044,3694,Pre,55,2024-09-02
6045,3694,Post,76,2024-09-27
6046,3695,Pre,56,2025-06-23
6047,3695,Post,68,2025-06-30
6048,3696,Pre,46,2024-05-11
6049,3696,Post,48,2024-06-05
6050,3698,Pre,51,2026-04-19
6051,3698,Post,66,2026-05-01
6052,3699,Pre,36,2024-10-05
6053,3699,Post,59,2024-10-30
6054,3700,Pre,63,2024-11-13
6055,3700,Post,68,2024-12-05
6056,3701,Pre,58,2024-08-20
6057,3701,Post,73,2024-09-12
6058,3702,Pre,56,2025-05-06
6059,3702,Post,68,2025-06-05
6060,3703,Pre,48,2026-02-26
6061,3704,Pre,54,2024-10-01
6062,3704,Post,65,2024-10-03
6063,3706,Pre,75,2024-02-22
6064,3707,Pre,59,2026-04-03
6065,3707,Post,73,2026-04-28
6066,3708,Pre,53,2025-07-28
6067,3709,Pre,54,2025-06-09
6068,3709,Post,63,2025-06-26
6069,3710,Pre,52,2025-11-16
6070,3710,Post,54,2025-12-11
6071,3711,Pre,63,2024-09-27
6072,3711,Post,72,2024-10-29
6073,3712,Pre,65,2025-06-02
6074,3713,Pre,70,2025-08-20
6075,3713,Post,81,2025-09-19
6076,3714,Pre,70,2024-07-19
6077,3715,Pre,62,2025-10-03
6078,3715,Post,78,2025-10-21
6079,3716,Pre,62,2025-01-21
6080,3716,Post,85,2025-01-30
6081,3717,Pre,39,2025-10-19
6082,3717,Post,47,2025-11-17
6083,3718,Pre,57,2026-04-09
6084,3718,Post,75,2026-04-23
6085,3719,Pre,62,2026-02-15
6086,3719,Post,73,2026-02-25
6087,3720,Pre,59,2025-01-21
6088,3721,Pre,44,2025-01-18
6089,3721,Post,58,2025-02-05
6090,3722,Pre,44,2024-03-19
6091,3722,Post,62,2024-03-28
6092,3723,Pre,43,2025-06-29
6093,3723,Post,61,2025-07-31
6094,3724,Pre,48,2024-03-28
6095,3724,Post,59,2024-04-17
6096,3725,Pre,44,2024-01-19
6097,3725,Post,46,2024-01-27
6098,3726,Pre,43,2026-04-25
6099,3726,Post,55,2026-05-20
6100,3727,Pre,61,2024-08-09
6101,3727,Post,73,2024-09-07
6102,3728,Pre,54,2026-03-10
6103,3728,Post,60,2026-04-07
6104,3729,Pre,78,2025-05-23
6105,3730,Pre,65,2024-05-17
6106,3730,Post,74,2024-05-23
6107,3731,Pre,59,2024-09-06
6108,3731,Post,62,2024-09-22
6109,3732,Pre,44,2026-07-09
6110,3732,Post,46,2026-07-16
6111,3733,Pre,68,2024-07-31
6112,3734,Pre,51,2025-06-04
6113,3734,Post,67,2025-07-06
6114,3736,Pre,62,2024-01-11
6115,3737,Pre,32,2025-03-21
6116,3737,Post,48,2025-04-13
6117,3738,Pre,53,2025-01-21
6118,3738,Post,63,2025-02-17
6119,3739,Pre,58,2025-03-07
6120,3739,Post,76,2025-04-04
6121,3740,Pre,34,2025-03-02
6122,3740,Post,44,2025-03-13
6123,3741,Pre,63,2024-10-15
6124,3741,Post,84,2024-11-06
6125,3742,Pre,60,2025-11-03
6126,3742,Post,72,2025-11-22
6127,3743,Pre,45,2024-08-15
6128,3743,Post,46,2024-09-12
6129,3744,Pre,69,2024-10-31
6130,3744,Post,87,2024-11-30
6131,3745,Pre,55,2025-03-15
6132,3745,Post,62,2025-03-24
6133,3746,Pre,61,2025-02-14
6134,3746,Post,69,2025-03-13
6135,3747,Pre,69,2024-08-24
6136,3747,Post,81,2024-08-30
6137,3748,Pre,72,2024-09-13
6138,3749,Pre,57,2025-08-01
6139,3749,Post,76,2025-08-31
6140,3750,Pre,46,2024-08-22
6141,3750,Post,48,2024-09-06
6142,3751,Pre,81,2024-04-27
6143,3751,Post,87,2024-05-22
6144,3752,Pre,40,2024-05-06
6145,3752,Post,62,2024-06-04
6146,3753,Pre,54,2025-08-10
6147,3753,Post,71,2025-08-26
6148,3754,Pre,50,2025-02-04
6149,3754,Post,62,2025-02-10
6150,3755,Pre,53,2024-04-30
6151,3756,Pre,44,2025-09-04
6152,3756,Post,50,2025-09-22
6153,3757,Pre,38,2026-06-14
6154,3757,Post,50,2026-06-25
6155,3758,Pre,84,2024-05-23
6156,3758,Post,95,2024-06-11
6157,3759,Pre,37,2026-02-13
6158,3759,Post,45,2026-03-13
6159,3760,Pre,48,2026-03-22
6160,3760,Post,52,2026-03-27
6161,3761,Pre,58,2026-08-08
6162,3761,Post,63,2026-08-16
6163,3762,Pre,79,2025-07-12
6164,3762,Post,91,2025-07-31
6165,3763,Pre,50,2025-11-29
6166,3764,Pre,57,2025-02-22
6167,3764,Post,75,2025-03-09
6168,3765,Pre,54,2026-05-21
6169,3765,Post,66,2026-06-05
6170,3766,Pre,38,2025-01-21
6171,3766,Post,39,2025-02-16
6172,3767,Pre,51,2024-05-05
6173,3767,Post,57,2024-05-15
6174,3768,Pre,79,2024-02-18
6175,3769,Pre,61,2026-07-21
6176,3769,Post,71,2026-08-06
6177,3770,Pre,56,2025-01-11
6178,3770,Post,55,2025-02-04
6179,3771,Pre,47,2025-08-02
6180,3771,Post,60,2025-08-14
6181,3772,Pre,39,2026-06-02
6182,3772,Post,45,2026-06-12
6183,3773,Pre,46,2024-03-24
6184,3774,Pre,67,2024-02-03
6185,3774,Post,80,2024-02-25
6186,3775,Pre,59,2026-07-03
6187,3775,Post,70,2026-07-07
6188,3776,Pre,36,2026-08-13
6189,3776,Post,48,2026-08-19
6190,3777,Pre,51,2025-02-05
6191,3777,Post,68,2025-03-12
6192,3778,Pre,39,2025-10-08
6193,3778,Post,45,2025-10-25
6194,3779,Pre,45,2025-01-29
6195,3779,Post,57,2025-02-08
6196,3781,Pre,45,2025-11-14
6197,3781,Post,58,2025-11-20
6198,3782,Pre,48,2024-08-17
6199,3782,Post,63,2024-09-11
6200,3783,Pre,45,2025-08-24
6201,3784,Pre,60,2025-11-15
6202,3785,Pre,55,2026-02-19
6203,3785,Post,59,2026-03-06
6204,3786,Pre,65,2024-06-30
6205,3786,Post,79,2024-08-01
6206,3787,Pre,63,2026-01-09
6207,3788,Pre,57,2025-05-26
6208,3789,Pre,51,2024-12-14
6209,3789,Post,67,2024-12-17
6210,3790,Pre,47,2026-07-07
6211,3790,Post,59,2026-07-11
6212,3792,Pre,41,2026-05-13
6213,3792,Post,37,2026-05-21
6214,3793,Pre,58,2026-05-27
6215,3793,Post,70,2026-06-10
6216,3794,Pre,63,2025-04-10
6217,3794,Post,70,2025-05-02
6218,3795,Pre,59,2026-04-17
6219,3795,Post,68,2026-04-28
6220,3796,Pre,66,2026-05-01
6221,3796,Post,77,2026-05-08
6222,3797,Pre,72,2025-08-12
6223,3797,Post,76,2025-08-25
6224,3798,Pre,56,2024-10-23
6225,3798,Post,72,2024-11-08
6226,3799,Pre,51,2024-06-02
6227,3799,Post,57,2024-07-04
6228,3800,Pre,65,2025-01-31
6229,3800,Post,84,2025-02-12
6230,3802,Pre,57,2024-07-27
6231,3802,Post,75,2024-08-21
6232,3803,Pre,55,2025-12-02
6233,3803,Post,70,2025-12-19
6234,3804,Pre,62,2026-05-13
6235,3804,Post,68,2026-06-09
6236,3806,Pre,55,2026-06-02
6237,3806,Post,70,2026-06-13
6238,3808,Pre,52,2026-02-24
6239,3809,Pre,62,2025-04-12
6240,3809,Post,75,2025-04-28
6241,3810,Pre,64,2025-10-31
6242,3810,Post,88,2025-11-26
6243,3811,Pre,47,2024-05-27
6244,3811,Post,58,2024-06-18
6245,3812,Pre,56,2026-06-19
6246,3813,Pre,66,2024-03-12
6247,3813,Post,66,2024-03-16
6248,3814,Pre,52,2026-02-16
6249,3814,Post,59,2026-03-01
6250,3815,Pre,63,2025-09-03
6251,3815,Post,82,2025-09-18
6252,3816,Pre,58,2025-02-20
6253,3816,Post,69,2025-03-18
6254,3817,Pre,63,2024-07-25
6255,3817,Post,72,2024-08-12
6256,3818,Pre,64,2024-09-04
6257,3818,Post,66,2024-09-10
6258,3819,Pre,66,2026-08-09
6259,3819,Post,69,2026-08-22
6260,3820,Pre,69,2025-02-14
6261,3822,Pre,40,2024-09-21
6262,3822,Post,42,2024-10-15
6263,3823,Pre,66,2025-09-18
6264,3823,Post,69,2025-09-28
6265,3824,Pre,55,2025-07-04
6266,3825,Pre,55,2025-09-05
6267,3825,Post,62,2025-09-17
6268,3826,Pre,67,2025-05-08
6269,3826,Post,81,2025-05-16
6270,3828,Pre,48,2026-04-27
6271,3828,Post,64,2026-05-11
6272,3829,Pre,63,2024-12-14
6273,3829,Post,70,2024-12-21
6274,3830,Pre,64,2026-02-10
6275,3831,Pre,85,2024-09-19
6276,3831,Post,84,2024-10-08
6277,3832,Pre,64,2024-05-26
6278,3832,Post,75,2024-05-31
6279,3833,Pre,39,2025-03-30
6280,3833,Post,54,2025-04-14
6281,3834,Pre,67,2024-12-07
6282,3835,Pre,64,2025-03-10
6283,3835,Post,70,2025-04-02
6284,3836,Pre,53,2025-02-10
6285,3836,Post,62,2025-02-20
6286,3837,Pre,45,2025-08-27
6287,3838,Pre,55,2026-06-28
6288,3838,Post,67,2026-07-23
6289,3839,Pre,65,2024-04-05
6290,3839,Post,73,2024-04-29
6291,3841,Pre,60,2025-08-29
6292,3842,Pre,64,2026-04-10
6293,3842,Post,83,2026-05-02
6294,3843,Pre,53,2026-07-30
6295,3844,Pre,68,2026-03-27
6296,3844,Post,92,2026-04-12
6297,3845,Pre,65,2024-11-13
6298,3845,Post,85,2024-12-14
6299,3846,Pre,64,2026-04-17
6300,3846,Post,72,2026-05-20
6301,3847,Pre,73,2024-11-03
6302,3847,Post,70,2024-11-08
6303,3848,Pre,82,2024-07-06
6304,3848,Post,94,2024-07-30
6305,3849,Pre,42,2024-01-20
6306,3849,Post,44,2024-02-15
6307,3850,Pre,73,2025-05-14
6308,3850,Post,89,2025-06-16
6309,3851,Pre,48,2024-01-22
6310,3851,Post,61,2024-02-02
6311,3852,Pre,63,2026-02-09
6312,3852,Post,65,2026-03-10
6313,3853,Pre,46,2024-10-31
6314,3853,Post,66,2024-11-12
6315,3854,Pre,70,2025-06-26
6316,3854,Post,76,2025-07-05
6317,3855,Pre,55,2024-03-10
6318,3855,Post,65,2024-03-20
6319,3856,Pre,60,2026-06-14
6320,3856,Post,69,2026-07-08
6321,3857,Pre,56,2024-04-10
6322,3857,Post,70,2024-04-28
6323,3858,Pre,51,2025-04-03
6324,3858,Post,67,2025-04-14
6325,3859,Pre,58,2026-06-07
6326,3860,Pre,50,2026-07-19
6327,3863,Pre,54,2024-05-25
6328,3864,Pre,49,2025-02-11
6329,3864,Post,65,2025-03-06
6330,3865,Pre,57,2026-03-25
6331,3865,Post,61,2026-04-06
6332,3866,Pre,86,2025-08-31
6333,3866,Post,92,2025-09-09
6334,3868,Pre,56,2025-12-21
6335,3868,Post,65,2026-01-17
6336,3869,Pre,51,2025-01-08
6337,3869,Post,63,2025-01-17
6338,3871,Pre,58,2024-05-15
6339,3871,Post,87,2024-05-23
6340,3872,Pre,66,2024-05-13
6341,3872,Post,84,2024-06-07
6342,3873,Pre,44,2026-01-08
6343,3873,Post,60,2026-01-18
6344,3874,Pre,88,2025-08-01
6345,3874,Post,93,2025-08-06
6346,3875,Pre,58,2025-10-24
6347,3876,Pre,49,2024-12-14
6348,3876,Post,69,2025-01-05
6349,3878,Pre,46,2026-07-25
6350,3878,Post,56,2026-07-30
6351,3879,Pre,59,2024-08-04
6352,3880,Pre,81,2024-10-16
6353,3880,Post,84,2024-10-21
6354,3881,Pre,55,2024-12-08
6355,3882,Pre,60,2026-05-29
6356,3882,Post,79,2026-06-29
6357,3883,Pre,62,2024-07-06
6358,3883,Post,72,2024-08-05
6359,3884,Pre,83,2025-08-19
6360,3884,Post,89,2025-09-07
6361,3885,Pre,63,2024-03-22
6362,3885,Post,72,2024-04-15
6363,3886,Pre,71,2024-07-01
6364,3886,Post,72,2024-07-25
6365,3889,Pre,58,2025-04-17
6366,3889,Post,67,2025-05-16
6367,3890,Pre,62,2025-10-12
6368,3890,Post,78,2025-11-07
6369,3891,Pre,62,2024-11-07
6370,3891,Post,71,2024-11-28
6371,3893,Pre,46,2024-04-22
6372,3893,Post,58,2024-05-10
6373,3894,Pre,57,2024-11-10
6374,3894,Post,75,2024-12-01
6375,3895,Pre,52,2024-02-14
6376,3896,Pre,49,2024-02-18
6377,3897,Pre,59,2025-06-30
6378,3897,Post,83,2025-07-25
6379,3898,Pre,63,2025-04-27
6380,3898,Post,81,2025-05-20
6381,3899,Pre,50,2024-02-01
6382,3900,Pre,51,2025-09-07
6383,3900,Post,70,2025-10-05
6384,3901,Pre,72,2025-05-04
6385,3901,Post,81,2025-05-17
6386,3902,Pre,64,2025-01-26
6387,3902,Post,77,2025-03-01
6388,3903,Pre,71,2025-01-09
6389,3903,Post,80,2025-01-19
6390,3904,Pre,74,2025-02-26
6391,3905,Pre,56,2026-02-17
6392,3905,Post,77,2026-03-05
6393,3906,Pre,45,2024-03-01
6394,3907,Pre,43,2025-04-22
6395,3907,Post,65,2025-05-19
6396,3908,Pre,67,2024-07-07
6397,3909,Pre,71,2024-03-08
6398,3909,Post,77,2024-03-23
6399,3910,Pre,56,2026-03-17
6400,3910,Post,65,2026-03-21
6401,3911,Pre,49,2024-09-29
6402,3911,Post,65,2024-10-26
6403,3912,Pre,56,2024-12-03
6404,3912,Post,70,2025-01-02
6405,3913,Pre,48,2024-11-09
6406,3913,Post,57,2024-12-02
6407,3914,Pre,65,2026-05-04
6408,3915,Pre,54,2024-11-26
6409,3915,Post,67,2024-12-22
6410,3916,Pre,79,2025-05-07
6411,3917,Pre,66,2024-12-27
6412,3917,Post,68,2025-01-17
6413,3918,Pre,45,2024-06-19
6414,3918,Post,53,2024-06-30
6415,3920,Pre,73,2024-02-13
6416,3920,Post,79,2024-02-22
6417,3921,Pre,46,2025-08-11
6418,3921,Post,51,2025-09-03
6419,3922,Pre,53,2026-05-12
6420,3922,Post,65,2026-05-18
6421,3923,Pre,53,2024-11-15
6422,3923,Post,54,2024-12-04
6423,3924,Pre,61,2026-05-12
6424,3926,Pre,55,2024-06-29
6425,3926,Post,73,2024-07-04
6426,3927,Pre,57,2025-09-05
6427,3927,Post,75,2025-10-02
6428,3928,Pre,51,2025-03-19
6429,3928,Post,66,2025-04-07
6430,3929,Pre,50,2025-08-07
6431,3929,Post,62,2025-08-19
6432,3930,Pre,88,2025-12-01
6433,3930,Post,95,2025-12-21
6434,3931,Pre,54,2026-05-24
6435,3931,Post,66,2026-06-22
6436,3932,Pre,67,2024-07-06
6437,3933,Pre,73,2025-06-09
6438,3933,Post,87,2025-07-08
6439,3934,Pre,75,2024-07-21
6440,3934,Post,96,2024-08-20
6441,3935,Pre,47,2026-07-02
6442,3935,Post,58,2026-07-06
6443,3936,Pre,52,2024-10-10
6444,3936,Post,54,2024-11-03
6445,3937,Pre,59,2024-08-01
6446,3937,Post,69,2024-08-13
6447,3938,Pre,65,2026-05-15
6448,3938,Post,80,2026-05-29
6449,3939,Pre,65,2024-09-16
6450,3939,Post,73,2024-10-08
6451,3940,Pre,59,2026-01-01
6452,3941,Pre,74,2024-08-23
6453,3941,Post,91,2024-09-10
6454,3942,Pre,55,2024-02-19
6455,3942,Post,72,2024-03-02
6456,3943,Pre,51,2024-01-30
6457,3943,Post,64,2024-02-11
6458,3944,Pre,54,2024-11-28
6459,3944,Post,65,2024-12-15
6460,3945,Pre,66,2024-09-30
6461,3945,Post,68,2024-10-28
6462,3946,Pre,38,2024-06-04
6463,3948,Pre,48,2024-03-21
6464,3948,Post,72,2024-04-01
6465,3949,Pre,66,2026-05-26
6466,3949,Post,81,2026-06-12
6467,3950,Pre,55,2026-04-12
6468,3950,Post,66,2026-05-01
6469,3951,Pre,84,2025-08-23
6470,3951,Post,100,2025-09-03
6471,3952,Pre,70,2026-06-26
6472,3952,Post,84,2026-06-28
6473,3953,Pre,68,2024-08-16
6474,3955,Pre,73,2025-12-31
6475,3957,Pre,65,2024-05-04
6476,3958,Pre,61,2024-08-24
6477,3958,Post,72,2024-09-13
6478,3959,Pre,55,2024-10-11
6479,3959,Post,70,2024-10-16
6480,3960,Pre,44,2024-05-03
6481,3961,Pre,58,2024-03-17
6482,3961,Post,67,2024-04-08
6483,3962,Pre,73,2026-01-03
6484,3962,Post,78,2026-01-19
6485,3963,Pre,56,2026-03-08
6486,3963,Post,69,2026-03-27
6487,3964,Pre,73,2024-02-12
6488,3964,Post,92,2024-02-21
6489,3965,Pre,68,2025-11-06
6490,3965,Post,73,2025-12-06
6491,3966,Pre,52,2025-03-06
6492,3966,Post,67,2025-03-26
6493,3967,Pre,47,2024-07-13
6494,3967,Post,68,2024-08-12
6495,3969,Pre,38,2025-08-30
6496,3969,Post,48,2025-09-07
6497,3970,Pre,52,2026-02-22
6498,3971,Pre,88,2024-02-21
6499,3972,Pre,61,2026-05-01
6500,3972,Post,75,2026-05-23
6501,3973,Pre,53,2025-08-31
6502,3973,Post,65,2025-09-18
6503,3974,Pre,44,2025-02-04
6504,3974,Post,49,2025-02-18
6505,3975,Pre,62,2025-06-19
6506,3975,Post,75,2025-07-12
6507,3976,Pre,54,2026-01-21
6508,3976,Post,67,2026-02-11
6509,3977,Pre,50,2026-08-12
6510,3977,Post,60,2026-09-06
6511,3978,Pre,59,2025-10-04
6512,3978,Post,75,2025-10-25
6513,3979,Pre,60,2025-02-13
6514,3980,Pre,63,2025-01-24
6515,3980,Post,76,2025-02-16
6516,3981,Pre,76,2024-06-08
6517,3981,Post,80,2024-06-19
6518,3983,Pre,65,2026-06-04
6519,3983,Post,82,2026-06-14
6520,3984,Pre,64,2024-08-03
6521,3984,Post,91,2024-08-24
6522,3985,Pre,51,2024-08-16
6523,3986,Pre,60,2025-06-30
6524,3986,Post,75,2025-08-01
6525,3987,Pre,52,2026-06-24
6526,3987,Post,66,2026-07-18
6527,3988,Pre,88,2025-08-06
6528,3988,Post,84,2025-08-31
6529,3989,Pre,72,2024-10-17
6530,3989,Post,72,2024-10-30
6531,3990,Pre,50,2024-03-22
6532,3990,Post,64,2024-04-11
6533,3991,Pre,55,2025-03-21
6534,3991,Post,57,2025-04-09
6535,3992,Pre,60,2025-01-16
6536,3992,Post,67,2025-02-06
6537,3993,Pre,56,2026-07-03
6538,3993,Post,65,2026-07-24
6539,3994,Pre,72,2024-02-16
6540,3994,Post,87,2024-03-12
6541,3995,Pre,61,2025-02-15
6542,3995,Post,78,2025-03-02
6543,3996,Pre,46,2024-04-01
6544,3996,Post,49,2024-04-23
6545,3998,Pre,63,2024-05-17
6546,3998,Post,87,2024-06-02
6547,3999,Pre,69,2026-03-20
6548,3999,Post,80,2026-04-18
6549,4000,Pre,54,2025-05-08
6550,4001,Pre,54,2024-04-11
6551,4001,Post,69,2024-05-09
6552,4002,Pre,53,2025-08-29
6553,4003,Pre,73,2025-01-15
6554,4003,Post,72,2025-02-03
6555,4004,Pre,51,2026-05-22
6556,4004,Post,65,2026-06-05
6557,4006,Pre,72,2024-01-25
6558,4006,Post,70,2024-02-11
6559,4007,Pre,70,2024-02-02
6560,4007,Post,81,2024-02-29
6561,4008,Pre,73,2025-07-31
6562,4008,Post,78,2025-08-23
6563,4009,Pre,51,2026-05-16
6564,4009,Post,67,2026-06-13
6565,4010,Pre,48,2025-06-06
6566,4010,Post,73,2025-06-22
6567,4011,Pre,61,2024-08-07
6568,4011,Post,69,2024-09-11
6569,4012,Pre,54,2024-09-11
6570,4012,Post,66,2024-10-13
6571,4013,Pre,46,2024-01-31
6572,4013,Post,72,2024-02-17
6573,4014,Pre,64,2025-09-21
6574,4014,Post,72,2025-10-03
6575,4015,Pre,48,2026-01-01
6576,4015,Post,66,2026-01-19
6577,4016,Pre,56,2025-10-21
6578,4016,Post,69,2025-11-01
6579,4017,Pre,60,2024-06-05
6580,4017,Post,81,2024-06-27
6581,4018,Pre,40,2024-04-12
6582,4018,Post,48,2024-05-15
6583,4019,Pre,69,2024-12-10
6584,4019,Post,87,2025-01-09
6585,4020,Pre,56,2024-02-27
6586,4020,Post,59,2024-03-07
6587,4021,Pre,69,2024-08-17
6588,4022,Pre,74,2025-01-26
6589,4023,Pre,83,2024-04-14
6590,4023,Post,98,2024-04-22
6591,4024,Pre,68,2025-07-31
6592,4025,Pre,55,2026-08-03
6593,4025,Post,74,2026-08-29
6594,4026,Pre,51,2025-06-03
6595,4027,Pre,62,2025-02-26
6596,4027,Post,74,2025-03-06
6597,4028,Pre,54,2024-04-27
6598,4029,Pre,63,2025-05-14
6599,4029,Post,61,2025-05-27
6600,4030,Pre,61,2025-10-12
6601,4030,Post,61,2025-11-04
6602,4031,Pre,63,2024-07-17
6603,4031,Post,76,2024-07-31
6604,4032,Pre,57,2025-09-18
6605,4032,Post,63,2025-10-09
6606,4033,Pre,75,2026-05-28
6607,4033,Post,86,2026-06-13
6608,4034,Pre,54,2024-06-12
6609,4035,Pre,51,2024-06-01
6610,4035,Post,54,2024-06-24
6611,4036,Pre,72,2026-01-11
6612,4036,Post,92,2026-01-30
6613,4037,Pre,64,2024-11-03
6614,4037,Post,77,2024-11-15
6615,4038,Pre,48,2026-05-05
6616,4039,Pre,42,2025-12-13
6617,4039,Post,56,2026-01-08
6618,4040,Pre,36,2026-04-11
6619,4040,Post,48,2026-04-24
6620,4041,Pre,68,2026-02-19
6621,4041,Post,84,2026-03-19
6622,4042,Pre,51,2024-03-28
6623,4042,Post,67,2024-04-17
6624,4043,Pre,57,2024-04-04
6625,4044,Pre,59,2024-05-07
6626,4045,Pre,58,2026-03-29
6627,4045,Post,72,2026-04-25
6628,4047,Pre,58,2026-06-28
6629,4047,Post,75,2026-07-18
6630,4048,Pre,48,2025-11-16
6631,4049,Pre,45,2024-02-16
6632,4049,Post,64,2024-02-26
6633,4050,Pre,43,2026-02-12
6634,4050,Post,58,2026-02-25
6635,4051,Pre,45,2026-05-25
6636,4051,Post,45,2026-05-30
6637,4053,Pre,67,2024-06-09
6638,4053,Post,74,2024-06-18
6639,4054,Pre,70,2025-11-15
6640,4054,Post,67,2025-11-26
6641,4055,Pre,36,2025-01-04
6642,4055,Post,46,2025-01-28
6643,4056,Pre,45,2024-02-18
6644,4057,Pre,59,2024-04-12
6645,4057,Post,73,2024-05-03
6646,4058,Pre,46,2024-03-11
6647,4058,Post,54,2024-03-19
6648,4059,Pre,69,2024-12-28
6649,4060,Pre,80,2025-04-30
6650,4060,Post,91,2025-05-29
6651,4062,Pre,55,2024-02-25
6652,4062,Post,69,2024-03-09
6653,4064,Pre,77,2025-09-25
6654,4064,Post,92,2025-10-20
6655,4065,Pre,58,2025-04-05
6656,4065,Post,61,2025-04-14
6657,4066,Pre,41,2025-12-26
6658,4066,Post,52,2026-01-23
6659,4067,Pre,54,2024-10-22
6660,4067,Post,64,2024-11-14
6661,4068,Pre,42,2024-03-13
6662,4068,Post,44,2024-03-27
6663,4070,Pre,65,2024-03-07
6664,4070,Post,74,2024-03-31
6665,4072,Pre,57,2026-05-06
6666,4072,Post,75,2026-05-16
6667,4073,Pre,52,2025-10-21
6668,4073,Post,63,2025-11-08
6669,4074,Pre,39,2024-11-25
6670,4074,Post,48,2024-12-06
6671,4075,Pre,29,2024-01-22
6672,4075,Post,36,2024-02-07
6673,4076,Pre,41,2025-02-13
6674,4076,Post,47,2025-02-24
6675,4077,Pre,72,2026-03-04
6676,4077,Post,80,2026-03-25
6677,4078,Pre,47,2024-10-05
6678,4078,Post,62,2024-10-26
6679,4079,Pre,53,2026-07-08
6680,4079,Post,67,2026-07-24
6681,4081,Pre,46,2024-01-05
6682,4082,Pre,52,2026-02-22
6683,4083,Pre,38,2025-08-10
6684,4085,Pre,66,2025-06-24
6685,4085,Post,87,2025-07-02
6686,4086,Pre,60,2025-12-21
6687,4087,Pre,31,2024-02-07
6688,4087,Post,50,2024-02-15
6689,4088,Pre,70,2024-10-01
6690,4088,Post,83,2024-10-05
6691,4089,Pre,56,2024-12-31
6692,4089,Post,65,2025-01-20
6693,4090,Pre,63,2024-08-20
6694,4090,Post,72,2024-09-15
6695,4091,Pre,78,2025-11-10
6696,4091,Post,86,2025-11-28
6697,4093,Pre,70,2024-04-21
6698,4093,Post,75,2024-05-15
6699,4094,Pre,51,2026-01-14
6700,4094,Post,60,2026-01-28
6701,4095,Pre,60,2026-02-14
6702,4095,Post,90,2026-03-11
6703,4096,Pre,70,2025-08-20
6704,4096,Post,86,2025-09-15
6705,4097,Pre,42,2024-08-07
6706,4097,Post,52,2024-09-01
6707,4098,Pre,78,2025-09-20
6708,4098,Post,91,2025-10-06
6709,4099,Pre,30,2025-04-10
6710,4099,Post,32,2025-05-08
6711,4100,Pre,72,2025-03-13
6712,4100,Post,86,2025-03-23
6713,4101,Pre,37,2026-01-04
6714,4102,Pre,47,2026-03-22
6715,4103,Pre,73,2026-05-16
6716,4103,Post,86,2026-06-02
6717,4104,Pre,63,2026-05-05
6718,4104,Post,71,2026-05-26
6719,4105,Pre,57,2025-07-20
6720,4105,Post,70,2025-07-29
6721,4107,Pre,52,2026-03-21
6722,4107,Post,72,2026-04-18
6723,4108,Pre,31,2025-02-03
6724,4108,Post,29,2025-02-06
6725,4109,Pre,61,2025-01-07
6726,4109,Post,61,2025-01-16
6727,4110,Pre,80,2026-04-24
6728,4110,Post,82,2026-05-15
6729,4111,Pre,71,2026-01-04
6730,4111,Post,89,2026-01-18
6731,4112,Pre,58,2025-12-15
6732,4113,Pre,81,2026-08-14
6733,4114,Pre,57,2024-11-05
6734,4114,Post,78,2024-11-29
6735,4115,Pre,59,2025-04-03
6736,4115,Post,72,2025-04-18
6737,4116,Pre,61,2025-10-23
6738,4116,Post,70,2025-11-09
6739,4117,Pre,63,2024-08-24
6740,4117,Post,72,2024-09-06
6741,4118,Pre,49,2025-05-01
6742,4118,Post,58,2025-05-10
6743,4119,Pre,56,2025-02-08
6744,4119,Post,69,2025-03-06
6745,4120,Pre,65,2025-01-05
6746,4120,Post,63,2025-01-26
6747,4121,Pre,73,2024-02-26
6748,4121,Post,82,2024-03-22
6749,4122,Pre,61,2024-02-24
6750,4122,Post,73,2024-03-28
6751,4123,Pre,72,2026-03-26
6752,4124,Pre,66,2024-02-26
6753,4124,Post,84,2024-03-15
6754,4125,Pre,71,2024-03-13
6755,4126,Pre,57,2024-09-21
6756,4127,Pre,59,2025-09-30
6757,4127,Post,67,2025-10-10
6758,4128,Pre,41,2026-05-25
6759,4128,Post,52,2026-05-28
6760,4129,Pre,72,2025-06-08
6761,4129,Post,75,2025-07-08
6762,4130,Pre,71,2024-11-06
6763,4130,Post,78,2024-11-23
6764,4131,Pre,62,2024-02-22
6765,4132,Pre,75,2026-07-24
6766,4132,Post,73,2026-08-12
6767,4133,Pre,65,2024-05-10
6768,4133,Post,83,2024-05-20
6769,4134,Pre,72,2025-11-12
6770,4134,Post,84,2025-11-23
6771,4136,Pre,62,2025-02-26
6772,4137,Pre,43,2024-11-20
6773,4139,Pre,57,2025-07-14
6774,4139,Post,65,2025-07-21
6775,4140,Pre,35,2026-02-07
6776,4140,Post,49,2026-03-06
6777,4141,Pre,56,2024-05-04
6778,4141,Post,71,2024-05-13
6779,4142,Pre,63,2026-01-05
6780,4142,Post,66,2026-01-10
6781,4143,Pre,38,2024-09-25
6782,4144,Pre,65,2025-09-14
6783,4144,Post,79,2025-10-05
6784,4145,Pre,62,2025-10-02
6785,4145,Post,75,2025-10-09
6786,4146,Pre,72,2025-03-20
6787,4146,Post,75,2025-04-02
6788,4147,Pre,49,2025-08-14
6789,4147,Post,60,2025-09-12
6790,4148,Pre,35,2025-11-05
6791,4148,Post,36,2025-11-21
6792,4149,Pre,71,2025-06-30
6793,4149,Post,74,2025-07-26
6794,4151,Pre,56,2025-09-08
6795,4151,Post,73,2025-09-30
6796,4152,Pre,70,2025-10-01
6797,4152,Post,82,2025-10-11
6798,4153,Pre,54,2024-07-08
6799,4154,Pre,54,2024-09-21
6800,4154,Post,78,2024-10-15
6801,4155,Pre,58,2024-09-11
6802,4156,Pre,68,2026-02-24
6803,4156,Post,75,2026-03-18
6804,4158,Pre,58,2026-03-12
6805,4159,Pre,62,2024-09-20
6806,4159,Post,81,2024-10-20
6807,4160,Pre,54,2025-07-29
6808,4160,Post,65,2025-08-06
6809,4161,Pre,60,2025-12-20
6810,4161,Post,61,2026-01-15
6811,4162,Pre,62,2024-02-27
6812,4163,Pre,57,2026-06-29
6813,4163,Post,57,2026-07-19
6814,4164,Pre,67,2025-09-16
6815,4164,Post,73,2025-10-01
6816,4165,Pre,62,2024-06-04
6817,4165,Post,70,2024-07-07
6818,4166,Pre,44,2024-08-29
6819,4166,Post,47,2024-09-03
6820,4168,Pre,55,2024-08-09
6821,4168,Post,67,2024-08-24
6822,4169,Pre,59,2025-07-02
6823,4170,Pre,56,2024-12-18
6824,4170,Post,52,2025-01-10
6825,4171,Pre,48,2025-04-24
6826,4172,Pre,75,2026-07-27
6827,4174,Pre,63,2026-02-20
6828,4174,Post,73,2026-03-14
6829,4175,Pre,47,2024-05-29
6830,4175,Post,61,2024-06-17
6831,4176,Pre,66,2024-03-16
6832,4176,Post,82,2024-04-12
6833,4177,Pre,58,2026-08-02
6834,4177,Post,66,2026-08-11
6835,4178,Pre,36,2024-05-31
6836,4179,Pre,65,2025-04-19
6837,4181,Pre,57,2024-06-13
6838,4181,Post,72,2024-06-19
6839,4182,Pre,53,2024-02-13
6840,4182,Post,63,2024-02-26
6841,4183,Pre,73,2025-06-04
6842,4183,Post,86,2025-06-28
6843,4185,Pre,51,2025-04-22
6844,4185,Post,67,2025-05-03
6845,4186,Pre,75,2026-06-28
6846,4186,Post,87,2026-07-30
6847,4187,Pre,48,2024-03-26
6848,4187,Post,65,2024-04-14
6849,4188,Pre,79,2024-12-27
6850,4189,Pre,62,2024-06-01
6851,4189,Post,68,2024-06-19
6852,4190,Pre,69,2025-09-23
6853,4190,Post,84,2025-09-29
6854,4191,Pre,57,2025-07-11
6855,4191,Post,75,2025-08-07
6856,4192,Pre,79,2026-01-03
6857,4192,Post,82,2026-01-26
6858,4193,Pre,59,2026-06-28
6859,4193,Post,74,2026-07-14
6860,4194,Pre,57,2025-10-01
6861,4195,Pre,47,2024-04-03
6862,4195,Post,52,2024-04-09
6863,4196,Pre,53,2026-06-25
6864,4196,Post,52,2026-07-13
6865,4197,Pre,35,2025-12-06
6866,4197,Post,42,2025-12-19
6867,4198,Pre,61,2025-03-15
6868,4199,Pre,56,2024-01-14
6869,4199,Post,66,2024-01-20
6870,4200,Pre,61,2024-09-03
6871,4200,Post,78,2024-09-13
6872,4201,Pre,60,2024-08-24
6873,4201,Post,69,2024-09-04
6874,4202,Pre,55,2024-05-25
6875,4203,Pre,52,2025-04-12
6876,4203,Post,80,2025-04-23
6877,4204,Pre,67,2025-03-21
6878,4205,Pre,51,2025-07-27
6879,4205,Post,66,2025-08-21
6880,4206,Pre,66,2025-12-27
6881,4206,Post,68,2026-01-01
6882,4207,Pre,75,2026-03-14
6883,4207,Post,82,2026-03-31
6884,4208,Pre,55,2026-01-14
6885,4208,Post,58,2026-01-17
6886,4209,Pre,65,2024-01-02
6887,4209,Post,83,2024-01-18
6888,4210,Pre,76,2024-01-20
6889,4210,Post,93,2024-02-08
6890,4211,Pre,87,2025-04-20
6891,4211,Post,99,2025-05-17
6892,4212,Pre,65,2026-03-18
6893,4213,Pre,38,2024-12-03
6894,4214,Pre,65,2024-11-02
6895,4214,Post,78,2024-11-19
6896,4215,Pre,72,2025-06-12
6897,4215,Post,78,2025-06-22
6898,4216,Pre,58,2025-01-02
6899,4216,Post,80,2025-01-12
6900,4217,Pre,54,2026-04-05
6901,4217,Post,68,2026-04-28
6902,4218,Pre,83,2026-01-18
6903,4218,Post,92,2026-01-28
6904,4219,Pre,57,2024-06-15
6905,4219,Post,69,2024-07-01
6906,4220,Pre,46,2025-12-14
6907,4220,Post,54,2026-01-10
6908,4221,Pre,49,2026-08-15
6909,4221,Post,58,2026-09-03
6910,4222,Pre,65,2025-04-11
6911,4222,Post,80,2025-05-04
6912,4223,Pre,62,2026-08-01
6913,4223,Post,84,2026-08-09
6914,4224,Pre,51,2025-12-31
6915,4224,Post,67,2026-01-18
6916,4225,Pre,60,2026-02-03
6917,4227,Pre,73,2024-12-03
6918,4228,Pre,61,2025-06-02
6919,4228,Post,74,2025-06-12
6920,4229,Pre,75,2025-07-10
6921,4229,Post,82,2025-07-20
6922,4232,Pre,51,2025-01-02
6923,4233,Pre,65,2025-06-03
6924,4233,Post,71,2025-06-29
6925,4234,Pre,49,2026-05-06
6926,4234,Post,59,2026-05-12
6927,4235,Pre,48,2026-05-13
6928,4235,Post,68,2026-05-19
6929,4236,Pre,57,2026-07-03
6930,4236,Post,71,2026-07-30
6931,4237,Pre,48,2026-02-25
6932,4237,Post,55,2026-03-22
6933,4238,Pre,61,2024-07-04
6934,4238,Post,57,2024-07-31
6935,4239,Pre,66,2025-02-20
6936,4239,Post,79,2025-03-12
6937,4240,Pre,47,2026-05-23
6938,4240,Post,53,2026-06-18
6939,4241,Pre,54,2025-08-29
6940,4242,Pre,47,2024-11-08
6941,4243,Pre,61,2024-05-26
6942,4243,Post,65,2024-06-07
6943,4244,Pre,47,2025-11-30
6944,4244,Post,58,2025-12-20
6945,4245,Pre,66,2026-07-02
6946,4246,Pre,73,2025-04-20
6947,4247,Pre,55,2024-04-21
6948,4248,Pre,64,2024-06-20
6949,4248,Post,70,2024-07-16
6950,4249,Pre,64,2025-12-27
6951,4249,Post,81,2026-01-28
6952,4250,Pre,67,2026-07-26
6953,4250,Post,93,2026-08-11
6954,4251,Pre,57,2026-02-05
6955,4251,Post,72,2026-03-02
6956,4252,Pre,82,2026-06-28
6957,4252,Post,88,2026-07-22
6958,4254,Pre,73,2026-07-13
6959,4254,Post,87,2026-07-21
6960,4255,Pre,66,2026-05-07
6961,4255,Post,79,2026-06-06
6962,4256,Pre,39,2026-06-24
6963,4257,Pre,88,2024-04-17
6964,4257,Post,96,2024-05-07
6965,4258,Pre,70,2024-02-19
6966,4259,Pre,51,2024-08-04
6967,4259,Post,70,2024-08-25
6968,4260,Pre,59,2025-06-15
6969,4260,Post,59,2025-06-22
6970,4261,Pre,56,2025-10-20
6971,4262,Pre,59,2025-06-08
6972,4262,Post,72,2025-07-04
6973,4263,Pre,50,2026-02-24
6974,4263,Post,53,2026-03-06
6975,4264,Pre,40,2025-02-09
6976,4264,Post,51,2025-02-14
6977,4265,Pre,64,2025-08-05
6978,4265,Post,62,2025-08-07
6979,4266,Pre,65,2025-08-24
6980,4266,Post,77,2025-09-18
6981,4267,Pre,60,2026-01-15
6982,4267,Post,73,2026-01-30
6983,4268,Pre,40,2025-04-18
6984,4268,Post,56,2025-05-13
6985,4269,Pre,66,2026-03-30
6986,4269,Post,71,2026-04-08
6987,4270,Pre,47,2025-04-07
6988,4270,Post,59,2025-04-14
6989,4271,Pre,81,2025-01-29
6990,4271,Post,92,2025-02-12
6991,4272,Pre,56,2024-10-31
6992,4273,Pre,50,2025-08-04
6993,4273,Post,66,2025-08-22
6994,4274,Pre,68,2026-01-21
6995,4274,Post,67,2026-02-02
6996,4275,Pre,66,2025-06-11
6997,4275,Post,82,2025-07-05
6998,4276,Pre,59,2025-10-03
6999,4276,Post,78,2025-10-26
7000,4277,Pre,72,2026-04-11
7001,4277,Post,94,2026-05-14
7002,4278,Pre,56,2025-01-07
7003,4278,Post,71,2025-01-19
7004,4281,Pre,61,2025-05-03
7005,4281,Post,80,2025-05-17
7006,4282,Pre,49,2025-05-15
7007,4283,Pre,48,2025-03-29
7008,4283,Post,65,2025-04-09
7009,4284,Pre,83,2025-04-22
7010,4284,Post,97,2025-05-10
7011,4285,Pre,67,2025-12-03
7012,4285,Post,68,2025-12-11
7013,4286,Pre,49,2025-10-19
7014,4286,Post,71,2025-11-08
7015,4287,Pre,49,2025-02-01
7016,4287,Post,62,2025-02-10
7017,4288,Pre,68,2025-12-29
7018,4288,Post,82,2026-01-15
7019,4289,Pre,56,2024-07-12
7020,4289,Post,74,2024-08-06
7021,4290,Pre,54,2025-07-21
7022,4290,Post,65,2025-08-21
7023,4291,Pre,84,2024-08-17
7024,4291,Post,97,2024-08-27
7025,4292,Pre,48,2026-03-31
7026,4292,Post,56,2026-04-13
7027,4293,Pre,45,2024-11-17
7028,4293,Post,55,2024-12-14
7029,4294,Pre,80,2024-10-18
7030,4294,Post,93,2024-10-29
7031,4295,Pre,85,2024-02-24
7032,4295,Post,97,2024-03-03
7033,4296,Pre,62,2025-05-13
7034,4296,Post,70,2025-05-31
7035,4297,Pre,40,2026-06-26
7036,4297,Post,40,2026-07-08
7037,4298,Pre,62,2025-01-11
7038,4298,Post,67,2025-01-31
7039,4299,Pre,54,2024-06-01
7040,4299,Post,61,2024-06-16
7041,4300,Pre,75,2024-03-16
7042,4300,Post,74,2024-03-29
7043,4301,Pre,58,2026-03-22
7044,4301,Post,69,2026-04-01
7045,4302,Pre,49,2025-02-05
7046,4302,Post,53,2025-02-14
7047,4304,Pre,51,2025-10-12
7048,4304,Post,72,2025-11-12
7049,4305,Pre,58,2024-01-15
7050,4306,Pre,67,2026-01-22
7051,4306,Post,78,2026-02-01
7052,4308,Pre,66,2025-12-28
7053,4308,Post,87,2026-01-15
7054,4309,Pre,25,2025-03-05
7055,4309,Post,49,2025-03-22
7056,4310,Pre,54,2024-09-19
7057,4310,Post,70,2024-10-05
7058,4311,Pre,82,2025-08-17
7059,4311,Post,83,2025-08-23
7060,4312,Pre,75,2025-12-23
7061,4312,Post,84,2025-12-27
7062,4313,Pre,61,2026-02-25
7063,4313,Post,63,2026-03-26
7064,4314,Pre,74,2026-03-23
7065,4314,Post,91,2026-04-17
7066,4316,Pre,57,2024-03-04
7067,4316,Post,68,2024-03-22
7068,4317,Pre,60,2024-07-01
7069,4317,Post,74,2024-07-14
7070,4318,Pre,43,2026-01-08
7071,4318,Post,45,2026-01-15
7072,4320,Pre,37,2025-12-03
7073,4320,Post,52,2025-12-16
7074,4321,Pre,71,2024-12-11
7075,4321,Post,78,2024-12-28
7076,4322,Pre,63,2025-09-12
7077,4322,Post,66,2025-10-07
7078,4324,Pre,48,2025-11-25
7079,4324,Post,52,2025-11-28
7080,4325,Pre,65,2026-05-18
7081,4325,Post,76,2026-06-04
7082,4326,Pre,79,2025-03-22
7083,4326,Post,83,2025-04-02
7084,4327,Pre,72,2024-07-05
7085,4328,Pre,48,2025-12-03
7086,4328,Post,57,2025-12-29
7087,4329,Pre,82,2026-01-22
7088,4329,Post,95,2026-01-31
7089,4330,Pre,68,2025-08-14
7090,4331,Pre,73,2024-05-30
7091,4331,Post,80,2024-06-14
7092,4332,Pre,64,2024-03-28
7093,4332,Post,76,2024-04-16
7094,4333,Pre,35,2026-07-08
7095,4333,Post,40,2026-07-14
7096,4334,Pre,77,2025-04-19
7097,4334,Post,99,2025-05-04
7098,4335,Pre,50,2024-02-25
7099,4335,Post,61,2024-03-20
7100,4336,Pre,74,2026-01-22
7101,4336,Post,73,2026-02-10
7102,4338,Pre,61,2024-06-03
7103,4338,Post,67,2024-06-29
7104,4339,Pre,73,2026-02-04
7105,4340,Pre,73,2024-06-20
7106,4340,Post,87,2024-07-16
7107,4341,Pre,67,2024-10-25
7108,4341,Post,82,2024-11-24
7109,4342,Pre,62,2025-08-16
7110,4342,Post,68,2025-09-14
7111,4343,Pre,82,2025-02-22
7112,4343,Post,98,2025-03-17
7113,4344,Pre,30,2026-04-21
7114,4344,Post,33,2026-05-11
7115,4345,Pre,60,2024-09-28
7116,4345,Post,74,2024-10-25
7117,4347,Pre,88,2024-08-10
7118,4347,Post,100,2024-08-30
7119,4348,Pre,62,2025-05-21
7120,4348,Post,82,2025-06-13
7121,4349,Pre,55,2024-01-04
7122,4350,Pre,57,2025-03-02
7123,4350,Post,53,2025-03-21
7124,4352,Pre,84,2025-09-21
7125,4352,Post,85,2025-10-16
7126,4353,Pre,51,2024-06-05
7127,4353,Post,49,2024-06-11
7128,4354,Pre,78,2026-03-25
7129,4354,Post,88,2026-04-15
7130,4355,Pre,76,2026-07-04
7131,4355,Post,89,2026-07-30
7132,4356,Pre,55,2026-02-13
7133,4356,Post,67,2026-02-21
7134,4357,Pre,63,2024-12-15
7135,4357,Post,77,2025-01-05
7136,4358,Pre,54,2025-03-10
7137,4358,Post,72,2025-03-27
7138,4359,Pre,60,2025-07-09
7139,4359,Post,77,2025-08-08
7140,4360,Pre,46,2026-05-09
7141,4362,Pre,41,2025-10-13
7142,4362,Post,53,2025-11-01
7143,4363,Pre,66,2026-07-08
7144,4363,Post,85,2026-07-18
7145,4364,Pre,53,2024-09-25
7146,4364,Post,69,2024-10-24
7147,4365,Pre,50,2025-01-17
7148,4365,Post,66,2025-02-01
7149,4366,Pre,63,2026-03-21
7150,4366,Post,79,2026-04-13
7151,4367,Pre,67,2025-09-23
7152,4367,Post,79,2025-10-11
7153,4368,Pre,49,2025-03-26
7154,4368,Post,65,2025-04-23
7155,4369,Pre,51,2025-12-09
7156,4369,Post,59,2026-01-05
7157,4370,Pre,60,2026-06-12
7158,4371,Pre,63,2025-05-06
7159,4371,Post,80,2025-05-21
7160,4372,Pre,68,2025-04-27
7161,4373,Pre,33,2024-08-18
7162,4373,Post,43,2024-09-10
7163,4374,Pre,49,2025-03-29
7164,4374,Post,62,2025-04-16
7165,4375,Pre,61,2026-07-22
7166,4375,Post,72,2026-07-30
7167,4376,Pre,75,2024-03-09
7168,4376,Post,100,2024-04-04
7169,4377,Pre,87,2025-11-23
7170,4377,Post,97,2025-12-02
7171,4378,Pre,61,2025-01-05
7172,4378,Post,71,2025-01-13
7173,4379,Pre,64,2024-06-01
7174,4379,Post,60,2024-06-14
7175,4380,Pre,42,2025-12-03
7176,4381,Pre,54,2025-11-30
7177,4381,Post,73,2025-12-08
7178,4382,Pre,43,2025-11-21
7179,4382,Post,54,2025-12-12
7180,4383,Pre,48,2026-03-20
7181,4383,Post,60,2026-03-30
7182,4384,Pre,42,2025-12-10
7183,4384,Post,44,2025-12-25
7184,4385,Pre,70,2025-09-05
7185,4385,Post,72,2025-10-01
7186,4386,Pre,75,2025-04-07
7187,4387,Pre,47,2024-06-20
7188,4387,Post,64,2024-07-07
7189,4388,Pre,50,2025-09-22
7190,4389,Pre,75,2024-06-18
7191,4389,Post,97,2024-06-26
7192,4390,Pre,58,2024-12-23
7193,4392,Pre,56,2025-01-10
7194,4392,Post,64,2025-01-22
7195,4394,Pre,44,2025-03-30
7196,4395,Pre,66,2026-01-29
7197,4395,Post,88,2026-03-02
7198,4396,Pre,59,2025-01-23
7199,4396,Post,71,2025-02-20
7200,4398,Pre,51,2024-12-17
7201,4398,Post,64,2024-12-24
7202,4399,Pre,71,2024-11-04
7203,4399,Post,71,2024-11-11
7204,4400,Pre,65,2024-11-01
7205,4400,Post,74,2024-11-19
7206,4401,Pre,68,2024-10-08
7207,4401,Post,69,2024-10-31
7208,4403,Pre,63,2025-02-14
7209,4403,Post,63,2025-03-16
7210,4404,Pre,45,2025-03-30
7211,4404,Post,48,2025-04-15
7212,4405,Pre,53,2025-08-14
7213,4405,Post,61,2025-08-23
7214,4406,Pre,30,2026-02-22
7215,4406,Post,42,2026-03-04
7216,4407,Pre,80,2025-08-28
7217,4407,Post,81,2025-09-05
7218,4409,Pre,60,2025-12-10
7219,4410,Pre,72,2025-02-24
7220,4410,Post,85,2025-03-17
7221,4411,Pre,37,2026-01-14
7222,4411,Post,49,2026-01-24
7223,4412,Pre,67,2024-09-05
7224,4412,Post,83,2024-10-05
7225,4413,Pre,53,2025-11-12
7226,4413,Post,65,2025-12-13
7227,4414,Pre,61,2024-07-22
7228,4414,Post,75,2024-08-18
7229,4415,Pre,51,2024-01-09
7230,4416,Pre,58,2024-05-31
7231,4416,Post,54,2024-06-15
7232,4418,Pre,44,2024-05-17
7233,4418,Post,53,2024-06-02
7234,4419,Pre,60,2024-06-16
7235,4420,Pre,67,2026-08-07
7236,4420,Post,77,2026-09-03
7237,4421,Pre,46,2026-01-05
7238,4421,Post,57,2026-01-09
7239,4422,Pre,88,2024-10-15
7240,4422,Post,100,2024-11-12
7241,4423,Pre,62,2025-07-06
7242,4423,Post,69,2025-07-20
7243,4424,Pre,55,2024-06-27
7244,4424,Post,59,2024-07-17
7245,4425,Pre,82,2026-01-08
7246,4425,Post,90,2026-01-26
7247,4426,Pre,47,2026-03-24
7248,4427,Pre,45,2024-03-21
7249,4427,Post,58,2024-04-11
7250,4428,Pre,62,2026-04-08
7251,4428,Post,69,2026-05-08
7252,4429,Pre,64,2026-07-07
7253,4429,Post,76,2026-07-26
7254,4430,Pre,58,2025-03-14
7255,4430,Post,67,2025-04-01
7256,4431,Pre,60,2025-04-10
7257,4431,Post,67,2025-05-02
7258,4432,Pre,45,2025-04-26
7259,4432,Post,57,2025-05-09
7260,4433,Pre,41,2026-06-23
7261,4433,Post,54,2026-07-06
7262,4434,Pre,81,2024-10-11
7263,4434,Post,91,2024-11-07
7264,4438,Pre,68,2025-04-09
7265,4438,Post,75,2025-04-23
7266,4439,Pre,71,2024-09-14
7267,4439,Post,72,2024-09-25
7268,4440,Pre,56,2024-04-23
7269,4440,Post,61,2024-05-06
7270,4441,Pre,57,2024-10-20
7271,4442,Pre,54,2025-03-08
7272,4442,Post,59,2025-04-03
7273,4443,Pre,56,2026-08-01
7274,4444,Pre,52,2026-04-02
7275,4444,Post,59,2026-04-28
7276,4445,Pre,63,2024-09-02
7277,4446,Pre,47,2026-04-10
7278,4446,Post,52,2026-05-03
7279,4447,Pre,65,2024-09-15
7280,4447,Post,77,2024-10-02
7281,4448,Pre,72,2025-01-22
7282,4448,Post,85,2025-02-20
7283,4449,Pre,55,2026-08-03
7284,4449,Post,66,2026-08-15
7285,4451,Pre,63,2026-07-24
7286,4451,Post,69,2026-08-24
7287,4452,Pre,40,2025-07-03
7288,4452,Post,52,2025-07-27
7289,4453,Pre,57,2025-04-12
7290,4454,Pre,69,2026-06-01
7291,4454,Post,76,2026-06-30
7292,4455,Pre,46,2024-03-19
7293,4455,Post,44,2024-04-20
7294,4456,Pre,58,2026-05-17
7295,4456,Post,70,2026-06-05
7296,4457,Pre,78,2024-02-18
7297,4459,Pre,81,2025-06-06
7298,4459,Post,85,2025-06-23
7299,4460,Pre,62,2025-03-19
7300,4460,Post,81,2025-04-04
7301,4461,Pre,59,2024-01-30
7302,4461,Post,72,2024-02-21
7303,4462,Pre,42,2024-12-12
7304,4462,Post,56,2024-12-22
7305,4463,Pre,50,2025-12-22
7306,4463,Post,58,2026-01-10
7307,4464,Pre,49,2026-08-05
7308,4464,Post,68,2026-09-01
7309,4465,Pre,73,2026-08-02
7310,4465,Post,88,2026-08-23
7311,4466,Pre,68,2025-07-03
7312,4466,Post,84,2025-07-13
7313,4467,Pre,59,2024-10-20
7314,4467,Post,55,2024-10-26
7315,4468,Pre,59,2024-09-05
7316,4468,Post,81,2024-09-18
7317,4469,Pre,58,2026-04-14
7318,4469,Post,68,2026-05-07
7319,4471,Pre,72,2024-08-02
7320,4472,Pre,60,2026-06-07
7321,4472,Post,65,2026-06-25
7322,4473,Pre,72,2024-10-27
7323,4473,Post,90,2024-11-14
7324,4474,Pre,75,2025-05-07
7325,4474,Post,82,2025-05-13
7326,4475,Pre,38,2025-12-20
7327,4475,Post,46,2026-01-01
7328,4476,Pre,75,2025-06-25
7329,4476,Post,84,2025-07-11
7330,4477,Pre,57,2024-06-02
7331,4477,Post,74,2024-06-22
7332,4478,Pre,58,2026-05-01
7333,4478,Post,76,2026-05-06
7334,4479,Pre,43,2025-02-20
7335,4479,Post,57,2025-03-15
7336,4480,Pre,57,2024-09-29
7337,4480,Post,70,2024-10-17
7338,4481,Pre,42,2026-02-13
7339,4482,Pre,59,2025-05-06
7340,4482,Post,74,2025-05-25
7341,4483,Pre,69,2025-10-27
7342,4483,Post,89,2025-12-03
7343,4484,Pre,63,2025-05-26
7344,4484,Post,66,2025-06-24
7345,4485,Pre,46,2024-12-04
7346,4485,Post,49,2024-12-28
7347,4486,Pre,46,2025-04-26
7348,4486,Post,46,2025-05-05
7349,4487,Pre,62,2026-02-02
7350,4487,Post,67,2026-02-11
7351,4489,Pre,53,2024-01-24
7352,4489,Post,57,2024-01-31
7353,4490,Pre,71,2026-02-20
7354,4491,Pre,77,2024-12-11
7355,4491,Post,89,2024-12-29
7356,4492,Pre,67,2026-03-19
7357,4492,Post,70,2026-03-31
7358,4493,Pre,67,2026-07-02
7359,4494,Pre,76,2024-10-27
7360,4494,Post,86,2024-11-14
7361,4495,Pre,63,2025-07-04
7362,4496,Pre,80,2025-08-20
7363,4496,Post,77,2025-09-20
7364,4497,Pre,64,2026-06-09
7365,4497,Post,83,2026-06-22
7366,4498,Pre,57,2026-03-16
7367,4499,Pre,69,2024-01-11
7368,4499,Post,73,2024-01-23
7369,4500,Pre,57,2026-07-08
7370,4500,Post,67,2026-08-04
7371,4501,Pre,73,2024-08-21
7372,4501,Post,97,2024-09-16
7373,4503,Pre,47,2025-09-08
7374,4503,Post,71,2025-09-30
7375,4504,Pre,60,2025-03-24
7376,4504,Post,64,2025-04-16
7377,4505,Pre,65,2024-06-14
7378,4505,Post,79,2024-07-07
7379,4507,Pre,59,2024-06-12
7380,4507,Post,76,2024-06-18
7381,4508,Pre,53,2025-10-13
7382,4508,Post,72,2025-10-27
7383,4509,Pre,72,2024-05-11
7384,4510,Pre,51,2024-09-07
7385,4510,Post,70,2024-09-14
7386,4512,Pre,61,2026-02-16
7387,4512,Post,77,2026-03-15
7388,4513,Pre,53,2025-03-10
7389,4513,Post,62,2025-03-17
7390,4514,Pre,39,2025-07-15
7391,4515,Pre,69,2025-11-20
7392,4515,Post,75,2025-11-29
7393,4516,Pre,86,2024-07-30
7394,4516,Post,98,2024-08-31
7395,4517,Pre,63,2025-04-14
7396,4517,Post,76,2025-05-09
7397,4518,Pre,61,2024-06-18
7398,4518,Post,73,2024-07-07
7399,4519,Pre,60,2026-08-06
7400,4519,Post,79,2026-08-28
7401,4520,Pre,68,2025-01-11
7402,4520,Post,82,2025-02-04
7403,4522,Pre,70,2025-09-18
7404,4522,Post,74,2025-10-03
7405,4523,Pre,50,2024-11-27
7406,4524,Pre,84,2025-01-31
7407,4524,Post,93,2025-02-28
7408,4525,Pre,69,2024-04-27
7409,4525,Post,88,2024-05-16
7410,4526,Pre,63,2026-05-09
7411,4526,Post,71,2026-05-13
7412,4528,Pre,63,2026-01-26
7413,4530,Pre,58,2025-11-15
7414,4531,Pre,71,2024-06-16
7415,4532,Pre,67,2024-11-16
7416,4532,Post,70,2024-11-23
7417,4533,Pre,59,2024-07-08
7418,4533,Post,55,2024-07-24
7419,4534,Pre,48,2024-10-29
7420,4534,Post,71,2024-11-05
7421,4535,Pre,41,2026-03-19
7422,4536,Pre,56,2025-01-29
7423,4537,Pre,61,2024-07-26
7424,4537,Post,78,2024-08-24
7425,4539,Pre,55,2025-01-06
7426,4539,Post,61,2025-01-20
7427,4540,Pre,57,2024-04-03
7428,4542,Pre,69,2024-06-26
7429,4542,Post,80,2024-07-26
7430,4543,Pre,54,2025-10-21
7431,4544,Pre,47,2024-09-13
7432,4544,Post,53,2024-10-14
7433,4545,Pre,71,2025-07-18
7434,4546,Pre,69,2025-11-06
7435,4546,Post,88,2025-11-26
7436,4547,Pre,59,2025-08-04
7437,4547,Post,71,2025-08-09
7438,4548,Pre,70,2025-05-04
7439,4548,Post,83,2025-05-14
7440,4549,Pre,58,2026-07-21
7441,4549,Post,71,2026-07-31
7442,4550,Pre,52,2024-01-09
7443,4550,Post,62,2024-02-03
7444,4551,Pre,72,2026-03-11
7445,4551,Post,80,2026-04-07
7446,4553,Pre,72,2025-12-28
7447,4553,Post,87,2026-01-05
7448,4554,Pre,54,2026-02-24
7449,4554,Post,76,2026-03-17
7450,4555,Pre,77,2025-04-17
7451,4555,Post,93,2025-05-12
7452,4556,Pre,50,2024-09-01
7453,4556,Post,64,2024-09-17
7454,4557,Pre,84,2024-06-03
7455,4557,Post,100,2024-06-16
7456,4558,Pre,66,2025-12-13
7457,4558,Post,73,2026-01-08
7458,4559,Pre,41,2024-02-10
7459,4559,Post,47,2024-03-02
7460,4560,Pre,44,2024-02-05
7461,4560,Post,57,2024-02-27
7462,4561,Pre,76,2025-07-23
7463,4561,Post,82,2025-08-13
7464,4562,Pre,55,2025-01-23
7465,4562,Post,72,2025-02-09
7466,4563,Pre,74,2024-07-11
7467,4563,Post,87,2024-08-04
7468,4564,Pre,71,2026-06-08
7469,4564,Post,86,2026-06-30
7470,4565,Pre,59,2024-08-10
7471,4565,Post,89,2024-08-30
7472,4566,Pre,60,2026-04-16
7473,4566,Post,77,2026-04-22
7474,4567,Pre,56,2024-08-27
7475,4568,Pre,85,2025-02-12
7476,4568,Post,96,2025-02-27
7477,4569,Pre,63,2026-06-20
7478,4569,Post,70,2026-06-24
7479,4571,Pre,50,2026-07-12
7480,4571,Post,54,2026-08-06
7481,4572,Pre,58,2026-03-23
7482,4573,Pre,56,2026-04-12
7483,4574,Pre,54,2024-07-29
7484,4575,Pre,38,2024-09-11
7485,4575,Post,39,2024-10-14
7486,4576,Pre,60,2025-03-16
7487,4576,Post,65,2025-04-04
7488,4577,Pre,83,2025-06-15
7489,4577,Post,81,2025-07-03
7490,4578,Pre,54,2026-01-02
7491,4578,Post,67,2026-01-21
7492,4579,Pre,26,2025-01-01
7493,4579,Post,43,2025-01-27
7494,4581,Pre,70,2024-04-30
7495,4581,Post,79,2024-05-13
7496,4582,Pre,68,2025-10-19
7497,4582,Post,74,2025-10-25
7498,4583,Pre,72,2026-05-23
7499,4583,Post,76,2026-06-21
7500,4584,Pre,66,2026-06-29
7501,4584,Post,72,2026-07-18
7502,4586,Pre,60,2025-09-18
7503,4586,Post,66,2025-10-18
7504,4587,Pre,57,2025-02-12
7505,4588,Pre,57,2025-08-31
7506,4588,Post,62,2025-09-18
7507,4590,Pre,39,2024-09-08
7508,4591,Pre,44,2024-09-10
7509,4591,Post,51,2024-09-27
7510,4593,Pre,55,2024-01-10
7511,4594,Pre,60,2026-07-23
7512,4594,Post,76,2026-08-16
7513,4595,Pre,56,2024-07-21
7514,4595,Post,73,2024-07-30
7515,4596,Pre,44,2024-02-01
7516,4597,Pre,64,2025-07-01
7517,4598,Pre,58,2025-12-13
7518,4598,Post,74,2026-01-04
7519,4599,Pre,63,2026-06-15
7520,4599,Post,71,2026-07-04
7521,4600,Pre,64,2026-01-19
7522,4600,Post,74,2026-02-11
7523,4601,Pre,62,2025-06-21
7524,4602,Pre,49,2026-05-08
7525,4602,Post,49,2026-05-31
7526,4603,Pre,61,2024-12-11
7527,4604,Pre,56,2026-06-10
7528,4604,Post,65,2026-07-04
7529,4606,Pre,49,2024-08-07
7530,4607,Pre,65,2026-03-07
7531,4608,Pre,71,2025-07-28
7532,4609,Pre,69,2024-07-19
7533,4609,Post,81,2024-08-11
7534,4611,Pre,56,2024-09-21
7535,4611,Post,70,2024-10-10
7536,4612,Pre,47,2025-06-15
7537,4612,Post,57,2025-07-03
7538,4613,Pre,58,2025-06-13
7539,4613,Post,62,2025-07-04
7540,4614,Pre,79,2024-04-10
7541,4614,Post,90,2024-04-30
7542,4615,Pre,46,2024-02-09
7543,4615,Post,63,2024-02-22
7544,4616,Pre,66,2026-06-30
7545,4616,Post,85,2026-07-19
7546,4617,Pre,54,2024-05-04
7547,4617,Post,59,2024-05-25
7548,4618,Pre,57,2024-04-15
7549,4618,Post,69,2024-05-15
7550,4619,Pre,52,2024-03-22
7551,4619,Post,71,2024-04-02
7552,4620,Pre,62,2024-11-15
7553,4620,Post,69,2024-12-17
7554,4621,Pre,59,2024-03-15
7555,4621,Post,66,2024-03-29
7556,4622,Pre,39,2025-01-30
7557,4623,Pre,65,2025-01-19
7558,4623,Post,75,2025-02-12
7559,4624,Pre,53,2026-02-05
7560,4625,Pre,70,2024-12-13
7561,4625,Post,82,2024-12-26
7562,4626,Pre,43,2026-07-20
7563,4626,Post,47,2026-08-14
7564,4627,Pre,71,2024-09-09
7565,4627,Post,82,2024-10-07
7566,4630,Pre,61,2024-10-24
7567,4631,Pre,49,2025-12-03
7568,4631,Post,57,2025-12-18
7569,4632,Pre,63,2025-11-21
7570,4632,Post,75,2025-12-07
7571,4633,Pre,77,2024-01-08
7572,4634,Pre,49,2025-02-27
7573,4634,Post,62,2025-03-08
7574,4636,Pre,55,2026-03-30
7575,4636,Post,83,2026-04-12
7576,4637,Pre,58,2024-04-11
7577,4637,Post,75,2024-05-14
7578,4638,Pre,48,2026-01-31
7579,4639,Pre,62,2025-06-27
7580,4639,Post,58,2025-07-13
7581,4640,Pre,59,2024-02-26
7582,4641,Pre,37,2025-10-08
7583,4641,Post,44,2025-11-07
7584,4642,Pre,64,2024-01-31
7585,4643,Pre,69,2025-02-20
7586,4643,Post,70,2025-03-07
7587,4644,Pre,71,2024-03-12
7588,4644,Post,73,2024-04-09
7589,4645,Pre,48,2026-05-26
7590,4646,Pre,56,2024-09-03
7591,4646,Post,58,2024-09-21
7592,4647,Pre,67,2024-10-05
7593,4647,Post,78,2024-11-03
7594,4648,Pre,43,2025-04-19
7595,4648,Post,58,2025-05-15
7596,4650,Pre,54,2025-08-13
7597,4650,Post,72,2025-09-09
7598,4651,Pre,69,2024-07-04
7599,4651,Post,90,2024-07-21
7600,4652,Pre,53,2026-02-05
7601,4652,Post,71,2026-03-01
7602,4653,Pre,48,2026-05-05
7603,4653,Post,67,2026-06-03
7604,4654,Pre,52,2026-05-12
7605,4654,Post,59,2026-05-29
7606,4655,Pre,48,2025-05-01
7607,4655,Post,63,2025-05-21
7608,4656,Pre,50,2024-04-24
7609,4656,Post,53,2024-05-19
7610,4657,Pre,50,2026-08-11
7611,4657,Post,64,2026-08-16
7612,4658,Pre,52,2024-07-28
7613,4658,Post,65,2024-08-14
7614,4659,Pre,49,2024-10-18
7615,4659,Post,61,2024-11-03
7616,4660,Pre,52,2024-11-16
7617,4660,Post,59,2024-12-11
7618,4661,Pre,51,2024-08-21
7619,4662,Pre,59,2026-01-19
7620,4662,Post,77,2026-02-08
7621,4663,Pre,79,2025-11-30
7622,4664,Pre,63,2024-01-14
7623,4664,Post,72,2024-01-27
7624,4665,Pre,50,2025-09-29
7625,4665,Post,60,2025-10-25
7626,4666,Pre,66,2024-03-17
7627,4667,Pre,69,2024-10-04
7628,4668,Pre,52,2025-08-02
7629,4668,Post,58,2025-08-13
7630,4669,Pre,59,2026-05-23
7631,4669,Post,59,2026-06-18
7632,4671,Pre,68,2024-12-25
7633,4672,Pre,54,2026-04-13
7634,4673,Pre,70,2025-05-09
7635,4673,Post,81,2025-05-31
7636,4674,Pre,32,2025-01-02
7637,4675,Pre,68,2025-07-22
7638,4675,Post,79,2025-08-01
7639,4678,Pre,62,2024-03-25
7640,4678,Post,78,2024-04-21
7641,4681,Pre,56,2026-03-20
7642,4681,Post,58,2026-03-24
7643,4682,Pre,72,2024-01-03
7644,4682,Post,88,2024-01-26
7645,4683,Pre,59,2025-03-02
7646,4683,Post,80,2025-03-21
7647,4684,Pre,66,2024-09-17
7648,4684,Post,68,2024-10-12
7649,4686,Pre,46,2025-08-13
7650,4686,Post,57,2025-09-15
7651,4687,Pre,66,2026-02-24
7652,4687,Post,78,2026-03-23
7653,4688,Pre,77,2026-04-12
7654,4689,Pre,46,2026-05-28
7655,4689,Post,49,2026-06-09
7656,4690,Pre,55,2024-09-03
7657,4690,Post,67,2024-10-01
7658,4691,Pre,64,2024-10-26
7659,4691,Post,75,2024-11-22
7660,4692,Pre,41,2024-02-27
7661,4692,Post,46,2024-03-20
7662,4693,Pre,45,2024-05-30
7663,4693,Post,66,2024-06-14
7664,4694,Pre,54,2024-06-09
7665,4694,Post,54,2024-07-01
7666,4695,Pre,82,2026-04-28
7667,4695,Post,91,2026-05-11
7668,4696,Pre,41,2025-05-09
7669,4696,Post,58,2025-06-08
7670,4697,Pre,38,2025-11-12
7671,4697,Post,53,2025-12-10
7672,4698,Pre,64,2025-03-16
7673,4698,Post,77,2025-04-14
7674,4699,Pre,55,2024-08-08
7675,4700,Pre,47,2025-04-15
7676,4700,Post,57,2025-04-27
7677,4701,Pre,52,2025-11-15
7678,4701,Post,59,2025-11-25
7679,4702,Pre,55,2026-04-29
7680,4702,Post,63,2026-05-25
7681,4704,Pre,73,2024-01-22
7682,4704,Post,82,2024-02-21
7683,4705,Pre,55,2026-03-06
7684,4705,Post,63,2026-03-30
7685,4706,Pre,78,2025-03-02
7686,4707,Pre,51,2026-02-08
7687,4708,Pre,50,2024-02-07
7688,4708,Post,68,2024-03-10
7689,4710,Pre,65,2024-10-06
7690,4710,Post,72,2024-10-29
7691,4711,Pre,46,2025-12-09
7692,4711,Post,52,2026-01-07
7693,4712,Pre,65,2026-06-04
7694,4712,Post,73,2026-06-28
7695,4713,Pre,63,2024-12-21
7696,4713,Post,72,2025-01-10
7697,4714,Pre,47,2026-06-03
7698,4714,Post,60,2026-06-19
7699,4715,Pre,62,2024-05-16
7700,4715,Post,70,2024-06-02
7701,4717,Pre,55,2024-04-15
7702,4717,Post,69,2024-05-09
7703,4718,Pre,59,2025-08-14
7704,4718,Post,73,2025-09-12
7705,4719,Pre,42,2024-12-07
7706,4720,Pre,78,2024-07-09
7707,4720,Post,88,2024-07-20
7708,4721,Pre,54,2024-08-19
7709,4721,Post,59,2024-08-28
7710,4722,Pre,62,2025-11-10
7711,4723,Pre,69,2026-08-06
7712,4723,Post,76,2026-08-27
7713,4725,Pre,48,2025-04-17
7714,4726,Pre,69,2026-02-17
7715,4726,Post,85,2026-03-07
7716,4727,Pre,60,2025-03-19
7717,4727,Post,72,2025-03-28
7718,4728,Pre,64,2025-04-21
7719,4728,Post,84,2025-05-12
7720,4729,Pre,64,2024-12-16
7721,4729,Post,93,2025-01-01
7722,4730,Pre,53,2025-08-11
7723,4730,Post,63,2025-08-18
7724,4731,Pre,48,2025-01-01
7725,4733,Pre,55,2024-08-01
7726,4733,Post,65,2024-08-21
7727,4734,Pre,56,2024-09-21
7728,4734,Post,69,2024-10-15
7729,4735,Pre,67,2025-02-13
7730,4735,Post,74,2025-03-15
7731,4736,Pre,72,2024-05-23
7732,4737,Pre,65,2024-08-12
7733,4737,Post,77,2024-08-23
7734,4738,Pre,58,2025-08-16
7735,4738,Post,75,2025-08-24
7736,4739,Pre,59,2026-01-04
7737,4739,Post,79,2026-02-04
7738,4740,Pre,65,2026-06-25
7739,4740,Post,77,2026-07-18
7740,4741,Pre,51,2024-05-25
7741,4741,Post,61,2024-06-06
7742,4742,Pre,58,2024-07-28
7743,4743,Pre,69,2024-07-14
7744,4743,Post,80,2024-08-12
7745,4744,Pre,61,2025-10-09
7746,4744,Post,71,2025-11-09
7747,4745,Pre,52,2024-10-14
7748,4745,Post,77,2024-11-11
7749,4746,Pre,40,2024-05-10
7750,4746,Post,42,2024-05-27
7751,4747,Pre,58,2026-08-02
7752,4747,Post,68,2026-08-19
7753,4748,Pre,63,2025-08-29
7754,4748,Post,71,2025-09-25
7755,4750,Pre,76,2025-03-07
7756,4750,Post,79,2025-03-29
7757,4751,Pre,60,2025-10-30
7758,4751,Post,69,2025-11-14
7759,4752,Pre,53,2024-12-31
7760,4752,Post,68,2025-01-28
7761,4753,Pre,51,2024-04-08
7762,4753,Post,71,2024-05-05
7763,4754,Pre,66,2024-08-15
7764,4754,Post,67,2024-09-10
7765,4755,Pre,57,2024-01-31
7766,4755,Post,63,2024-02-26
7767,4756,Pre,71,2025-04-06
7768,4756,Post,74,2025-04-30
7769,4757,Pre,57,2025-01-06
7770,4757,Post,67,2025-01-19
7771,4759,Pre,68,2025-08-08
7772,4759,Post,67,2025-09-01
7773,4760,Pre,70,2025-09-13
7774,4760,Post,77,2025-10-09
7775,4761,Pre,54,2024-08-10
7776,4761,Post,67,2024-08-17
7777,4762,Pre,51,2024-08-31
7778,4762,Post,69,2024-09-23
7779,4763,Pre,59,2025-08-18
7780,4764,Pre,51,2026-03-28
7781,4764,Post,62,2026-04-01
7782,4765,Pre,73,2024-01-31
7783,4765,Post,90,2024-02-06
7784,4766,Pre,68,2026-06-16
7785,4767,Pre,61,2025-10-15
7786,4767,Post,76,2025-10-21
7787,4769,Pre,41,2024-04-05
7788,4770,Pre,88,2025-11-25
7789,4770,Post,100,2025-12-06
7790,4771,Pre,68,2025-01-01
7791,4772,Pre,74,2024-01-01
7792,4772,Post,76,2024-01-13
7793,4773,Pre,71,2026-05-27
7794,4773,Post,93,2026-06-06
7795,4774,Pre,51,2024-12-26
7796,4774,Post,78,2025-01-17
7797,4775,Pre,77,2025-03-28
7798,4775,Post,82,2025-04-17
7799,4776,Pre,67,2024-08-21
7800,4776,Post,77,2024-09-01
7801,4777,Pre,55,2025-09-02
7802,4777,Post,62,2025-09-15
7803,4778,Pre,57,2024-11-24
7804,4779,Pre,51,2025-03-21
7805,4780,Pre,71,2024-03-17
7806,4780,Post,87,2024-04-08
7807,4781,Pre,65,2024-02-24
7808,4781,Post,81,2024-03-05
7809,4782,Pre,57,2026-01-23
7810,4783,Pre,54,2025-01-24
7811,4783,Post,63,2025-02-02
7812,4784,Pre,67,2024-06-20
7813,4784,Post,69,2024-07-08
7814,4785,Pre,70,2024-07-28
7815,4785,Post,80,2024-08-08
7816,4786,Pre,58,2024-07-28
7817,4786,Post,69,2024-08-15
7818,4787,Pre,70,2024-08-06
7819,4787,Post,79,2024-08-13
7820,4788,Pre,76,2024-01-06
7821,4789,Pre,45,2025-09-09
7822,4789,Post,63,2025-10-06
7823,4792,Pre,55,2024-11-12
7824,4792,Post,67,2024-12-12
7825,4793,Pre,63,2025-07-25
7826,4794,Pre,49,2025-11-11
7827,4794,Post,64,2025-11-28
7828,4795,Pre,58,2024-10-13
7829,4795,Post,74,2024-11-01
7830,4796,Pre,67,2026-04-15
7831,4796,Post,90,2026-04-23
7832,4797,Pre,47,2024-04-09
7833,4798,Pre,69,2026-02-28
7834,4798,Post,78,2026-03-23
7835,4799,Pre,63,2025-07-26
7836,4799,Post,82,2025-08-09
7837,4800,Pre,66,2026-04-14
7838,4800,Post,84,2026-04-29
7839,4801,Pre,62,2025-08-11
7840,4802,Pre,47,2026-03-22
7841,4802,Post,61,2026-03-31
7842,4803,Pre,67,2025-07-16
7843,4805,Pre,53,2025-08-09
7844,4805,Post,64,2025-08-25
7845,4808,Pre,53,2025-03-29
7846,4808,Post,65,2025-04-20
7847,4809,Pre,39,2025-05-29
7848,4809,Post,57,2025-06-19
7849,4810,Pre,55,2024-09-27
7850,4810,Post,83,2024-10-22
7851,4811,Pre,75,2024-11-22
7852,4811,Post,82,2024-12-13
7853,4812,Pre,60,2026-02-03
7854,4812,Post,72,2026-02-12
7855,4813,Pre,57,2026-05-31
7856,4813,Post,72,2026-06-26
7857,4814,Pre,59,2024-10-14
7858,4814,Post,82,2024-11-08
7859,4815,Pre,71,2024-09-28
7860,4816,Pre,63,2024-08-25
7861,4816,Post,81,2024-09-18
7862,4818,Pre,62,2025-12-03
7863,4818,Post,78,2025-12-11
7864,4819,Pre,60,2025-04-07
7865,4819,Post,84,2025-04-30
7866,4820,Pre,68,2024-12-04
7867,4821,Pre,53,2025-01-25
7868,4821,Post,68,2025-02-08
7869,4822,Pre,66,2024-08-05
7870,4822,Post,72,2024-08-19
7871,4823,Pre,66,2025-03-16
7872,4824,Pre,70,2026-01-29
7873,4825,Pre,72,2024-06-30
7874,4825,Post,97,2024-07-18
7875,4826,Pre,48,2024-08-31
7876,4827,Pre,58,2025-12-16
7877,4827,Post,72,2026-01-02
7878,4828,Pre,49,2025-12-28
7879,4828,Post,61,2026-01-25
7880,4829,Pre,58,2026-07-13
7881,4829,Post,69,2026-07-19
7882,4830,Pre,88,2024-05-05
7883,4830,Post,95,2024-05-31
7884,4831,Pre,84,2025-01-16
7885,4831,Post,100,2025-02-10
7886,4832,Pre,58,2025-11-08
7887,4832,Post,76,2025-11-16
7888,4833,Pre,55,2024-11-17
7889,4833,Post,75,2024-11-24
7890,4834,Pre,62,2024-06-20
7891,4834,Post,86,2024-07-21
7892,4835,Pre,53,2026-03-19
7893,4835,Post,67,2026-03-26
7894,4836,Pre,57,2024-03-11
7895,4836,Post,60,2024-03-22
7896,4837,Pre,77,2025-04-21
7897,4837,Post,83,2025-05-14
7898,4838,Pre,63,2025-07-26
7899,4838,Post,65,2025-08-20
7900,4839,Pre,48,2024-04-02
7901,4839,Post,67,2024-04-26
7902,4840,Pre,76,2024-04-28
7903,4840,Post,85,2024-05-18
7904,4841,Pre,58,2025-01-17
7905,4841,Post,74,2025-02-03
7906,4842,Pre,72,2024-04-07
7907,4842,Post,88,2024-05-10
7908,4844,Pre,64,2024-03-24
7909,4844,Post,70,2024-04-23
7910,4845,Pre,52,2025-05-09
7911,4845,Post,63,2025-05-13
7912,4846,Pre,67,2024-05-31
7913,4846,Post,77,2024-06-11
7914,4849,Pre,69,2025-01-09
7915,4849,Post,77,2025-02-02
7916,4850,Pre,47,2024-03-26
7917,4850,Post,50,2024-04-18
7918,4851,Pre,42,2024-05-23
7919,4851,Post,60,2024-06-06
7920,4853,Pre,34,2026-05-30
7921,4855,Pre,45,2026-06-12
7922,4855,Post,55,2026-07-05
7923,4856,Pre,88,2025-07-23
7924,4856,Post,95,2025-08-02
7925,4857,Pre,76,2025-07-07
7926,4857,Post,72,2025-07-24
7927,4858,Pre,54,2026-07-29
7928,4860,Pre,51,2025-10-27
7929,4860,Post,71,2025-11-02
7930,4861,Pre,41,2026-04-30
7931,4861,Post,46,2026-05-06
7932,4862,Pre,60,2025-11-20
7933,4862,Post,58,2025-11-28
7934,4863,Pre,45,2024-02-19
7935,4864,Pre,47,2026-07-09
7936,4864,Post,56,2026-08-04
7937,4865,Pre,66,2025-12-28
7938,4865,Post,80,2026-01-10
7939,4866,Pre,85,2026-05-14
7940,4866,Post,89,2026-05-27
7941,4867,Pre,58,2024-11-28
7942,4867,Post,75,2024-12-29
7943,4868,Pre,46,2025-08-17
7944,4869,Pre,67,2026-03-17
7945,4869,Post,79,2026-03-28
7946,4870,Pre,42,2025-11-09
7947,4870,Post,64,2025-11-28
7948,4871,Pre,58,2025-06-01
7949,4871,Post,57,2025-06-09
7950,4872,Pre,52,2025-08-19
7951,4872,Post,61,2025-09-14
7952,4873,Pre,64,2025-02-18
7953,4874,Pre,56,2025-01-02
7954,4874,Post,65,2025-01-09
7955,4875,Pre,58,2026-02-11
7956,4875,Post,79,2026-02-25
7957,4876,Pre,88,2025-06-15
7958,4876,Post,100,2025-07-14
7959,4877,Pre,46,2025-12-06
7960,4878,Pre,54,2024-09-18
7961,4879,Pre,52,2024-02-13
7962,4880,Pre,53,2025-09-17
7963,4880,Post,78,2025-09-28
7964,4881,Pre,55,2026-03-04
7965,4881,Post,64,2026-03-17
7966,4882,Pre,53,2024-11-29
7967,4882,Post,71,2024-12-21
7968,4883,Pre,45,2026-04-19
7969,4883,Post,57,2026-05-13
7970,4884,Pre,72,2026-01-27
7971,4884,Post,91,2026-02-19
7972,4885,Pre,62,2024-05-14
7973,4885,Post,71,2024-06-01
7974,4886,Pre,59,2025-03-18
7975,4886,Post,66,2025-04-01
7976,4887,Pre,62,2025-07-13
7977,4888,Pre,63,2024-02-11
7978,4888,Post,67,2024-02-19
7979,4889,Pre,52,2024-03-21
7980,4889,Post,64,2024-04-14
7981,4890,Pre,64,2024-10-24
7982,4890,Post,76,2024-11-12
7983,4891,Pre,40,2025-10-28
7984,4891,Post,57,2025-11-16
7985,4892,Pre,45,2024-07-14
7986,4892,Post,57,2024-08-08
7987,4893,Pre,50,2025-02-19
7988,4894,Pre,47,2025-09-06
7989,4896,Pre,53,2024-05-22
7990,4896,Post,69,2024-06-17
7991,4897,Pre,50,2024-10-27
7992,4897,Post,51,2024-11-18
7993,4898,Pre,42,2025-08-19
7994,4899,Pre,50,2025-12-03
7995,4899,Post,56,2025-12-24
7996,4900,Pre,71,2025-02-01
7997,4900,Post,72,2025-03-02
7998,4901,Pre,50,2026-02-26
7999,4901,Post,55,2026-03-15
8000,4902,Pre,49,2024-07-13
8001,4902,Post,61,2024-08-04
8002,4903,Pre,51,2025-02-13
8003,4904,Pre,58,2026-03-15
8004,4904,Post,67,2026-04-01
8005,4905,Pre,66,2025-02-09
8006,4905,Post,90,2025-02-22
8007,4906,Pre,33,2025-05-17
8008,4908,Pre,50,2024-05-15
8009,4908,Post,46,2024-06-08
8010,4909,Pre,68,2024-05-31
8011,4909,Post,81,2024-06-12
8012,4910,Pre,44,2026-04-27
8013,4911,Pre,53,2025-06-17
8014,4911,Post,67,2025-07-09
8015,4912,Pre,60,2025-09-06
8016,4912,Post,83,2025-09-13
8017,4914,Pre,43,2024-06-02
8018,4914,Post,55,2024-06-20
8019,4915,Pre,65,2024-08-21
8020,4915,Post,77,2024-09-20
8021,4916,Pre,47,2024-05-01
8022,4916,Post,55,2024-05-24
8023,4917,Pre,74,2024-12-03
8024,4917,Post,70,2024-12-26
8025,4918,Pre,62,2024-06-01
8026,4918,Post,79,2024-06-11
8027,4919,Pre,74,2024-05-06
8028,4919,Post,87,2024-05-13
8029,4920,Pre,67,2026-06-18
8030,4920,Post,85,2026-07-02
8031,4921,Pre,69,2026-01-12
8032,4921,Post,71,2026-01-26
8033,4922,Pre,56,2026-03-28
8034,4922,Post,70,2026-04-03
8035,4923,Pre,73,2026-08-06
8036,4924,Pre,60,2025-12-12
8037,4925,Pre,39,2026-05-13
8038,4925,Post,48,2026-06-05
8039,4926,Pre,65,2024-06-03
8040,4926,Post,72,2024-06-20
8041,4928,Pre,67,2024-05-30
8042,4928,Post,66,2024-06-07
8043,4929,Pre,62,2025-08-02
8044,4930,Pre,60,2024-03-23
8045,4930,Post,66,2024-04-19
8046,4931,Pre,55,2026-04-03
8047,4931,Post,65,2026-04-17
8048,4933,Pre,79,2025-06-15
8049,4934,Pre,42,2026-04-10
8050,4934,Post,60,2026-04-26
8051,4936,Pre,56,2024-12-21
8052,4937,Pre,63,2025-12-20
8053,4937,Post,80,2026-01-13
8054,4939,Pre,43,2024-06-01
8055,4939,Post,50,2024-06-17
8056,4940,Pre,53,2025-10-16
8057,4940,Post,65,2025-11-07
8058,4942,Pre,55,2024-07-10
8059,4942,Post,78,2024-07-23
8060,4943,Pre,77,2024-09-14
8061,4943,Post,92,2024-09-24
8062,4944,Pre,76,2024-07-10
8063,4944,Post,87,2024-07-31
8064,4945,Pre,51,2024-09-25
8065,4945,Post,72,2024-10-16
8066,4946,Pre,54,2025-01-22
8067,4946,Post,72,2025-02-12
8068,4947,Pre,41,2025-05-22
8069,4947,Post,52,2025-06-16
8070,4948,Pre,36,2025-04-02
8071,4948,Post,41,2025-04-30
8072,4949,Pre,75,2025-04-28
8073,4949,Post,85,2025-05-08
8074,4950,Pre,52,2024-08-08
8075,4950,Post,68,2024-08-25
8076,4951,Pre,88,2024-07-13
8077,4951,Post,95,2024-08-12
8078,4952,Pre,81,2025-02-09
8079,4952,Post,82,2025-03-07
8080,4953,Pre,52,2026-05-11
8081,4953,Post,73,2026-05-19
8082,4954,Pre,52,2024-09-26
8083,4954,Post,69,2024-10-22
8084,4955,Pre,49,2026-04-04
8085,4955,Post,66,2026-04-22
8086,4956,Pre,62,2024-05-25
8087,4956,Post,69,2024-06-19
8088,4957,Pre,44,2024-12-26
8089,4957,Post,55,2025-01-06
8090,4958,Pre,61,2024-08-06
8091,4958,Post,66,2024-09-02
8092,4959,Pre,48,2024-04-09
8093,4960,Pre,62,2024-08-20
8094,4960,Post,61,2024-09-02
8095,4962,Pre,71,2026-05-12
8096,4962,Post,68,2026-05-17
8097,4963,Pre,57,2024-02-16
8098,4964,Pre,44,2024-08-19
8099,4964,Post,53,2024-09-12
8100,4965,Pre,71,2026-01-26
8101,4965,Post,76,2026-02-21
8102,4966,Pre,63,2026-01-04
8103,4966,Post,75,2026-01-13
8104,4967,Pre,63,2025-06-02
8105,4967,Post,70,2025-06-22
8106,4969,Pre,60,2024-04-28
8107,4969,Post,67,2024-05-18
8108,4970,Pre,68,2024-09-18
8109,4970,Post,77,2024-10-05
8110,4971,Pre,63,2024-05-10
8111,4971,Post,81,2024-05-27
8112,4972,Pre,67,2026-07-30
8113,4972,Post,68,2026-08-04
8114,4973,Pre,72,2024-08-22
8115,4975,Pre,46,2025-04-06
8116,4975,Post,57,2025-04-15
8117,4976,Pre,63,2026-06-18
8118,4977,Pre,47,2026-03-27
8119,4977,Post,57,2026-04-15
8120,4978,Pre,53,2026-01-10
8121,4979,Pre,55,2024-01-19
8122,4979,Post,68,2024-02-06
8123,4980,Pre,57,2026-02-19
8124,4980,Post,71,2026-02-25
8125,4981,Pre,57,2025-04-05
8126,4981,Post,67,2025-05-03
8127,4982,Pre,51,2025-07-16
8128,4983,Pre,65,2024-07-04
8129,4984,Pre,64,2024-05-03
8130,4984,Post,62,2024-05-14
8131,4985,Pre,45,2025-03-01
8132,4986,Pre,56,2025-07-22
8133,4987,Pre,61,2025-03-12
8134,4987,Post,73,2025-04-11
8135,4988,Pre,55,2024-07-21
8136,4989,Pre,44,2026-03-08
8137,4989,Post,69,2026-04-01
8138,4990,Pre,74,2024-06-19
8139,4990,Post,97,2024-06-24
8140,4992,Pre,52,2025-07-10
8141,4992,Post,60,2025-07-19
8142,4993,Pre,68,2024-09-15
8143,4993,Post,77,2024-10-05
8144,4994,Pre,50,2025-06-17
8145,4995,Pre,40,2025-07-29
8146,4995,Post,51,2025-08-18
8147,4996,Pre,62,2026-05-30
8148,4997,Pre,56,2024-09-24
8149,4997,Post,77,2024-10-04
8150,4998,Pre,87,2024-08-28
8151,4998,Post,92,2024-09-23
8152,4999,Pre,74,2025-12-25
8153,4999,Post,84,2026-01-15
8154,5000,Pre,60,2024-08-18
8155,5001,Pre,44,2025-06-25
8156,5001,Post,42,2025-07-22
8157,5002,Pre,40,2025-08-16
8158,5002,Post,56,2025-09-01
8159,5003,Pre,80,2025-07-19
8160,5004,Pre,67,2026-08-12
8161,5004,Post,75,2026-08-18
8162,5005,Pre,46,2025-08-10
8163,5006,Pre,62,2026-02-20
8164,5007,Pre,63,2025-02-07
8165,5007,Post,65,2025-02-24
8166,5008,Pre,59,2025-04-17
8167,5008,Post,77,2025-05-06
8168,5009,Pre,61,2025-08-04
8169,5009,Post,75,2025-09-02
8170,5010,Pre,56,2024-08-01
8171,5013,Pre,65,2025-07-14
8172,5013,Post,71,2025-08-14
8173,5014,Pre,81,2026-03-16
8174,5014,Post,92,2026-04-01
8175,5015,Pre,42,2025-09-13
8176,5015,Post,64,2025-10-16
8177,5016,Pre,65,2024-04-27
8178,5016,Post,82,2024-05-03
8179,5017,Pre,67,2024-03-24
8180,5017,Post,81,2024-04-06
8181,5018,Pre,50,2024-01-01
8182,5018,Post,61,2024-01-11
8183,5019,Pre,65,2024-09-14
8184,5019,Post,82,2024-09-27
8185,5020,Pre,59,2025-08-22
8186,5020,Post,83,2025-09-01
8187,5022,Pre,72,2025-01-28
8188,5023,Pre,51,2026-04-25
8189,5023,Post,56,2026-05-21
8190,5025,Pre,64,2024-04-01
8191,5025,Post,83,2024-04-21
8192,5026,Pre,67,2026-08-02
8193,5026,Post,78,2026-08-21
8194,5027,Pre,66,2025-01-25
8195,5027,Post,78,2025-02-03
8196,5028,Pre,56,2024-02-07
8197,5028,Post,67,2024-02-24
8198,5029,Pre,46,2024-07-04
8199,5030,Pre,58,2024-11-08
8200,5030,Post,69,2024-11-25
8201,5031,Pre,63,2026-03-28
8202,5031,Post,68,2026-04-21
8203,5032,Pre,60,2026-07-06
8204,5032,Post,76,2026-07-20
8205,5033,Pre,70,2024-04-16
8206,5033,Post,87,2024-05-13
8207,5034,Pre,87,2026-07-25
8208,5034,Post,85,2026-08-19
8209,5035,Pre,60,2026-06-16
8210,5035,Post,92,2026-06-22
8211,5036,Pre,73,2024-12-09
8212,5036,Post,80,2025-01-07
8213,5037,Pre,44,2025-04-22
8214,5037,Post,54,2025-05-03
8215,5038,Pre,58,2026-01-17
8216,5039,Pre,69,2025-08-23
8217,5039,Post,78,2025-09-08
8218,5040,Pre,45,2025-12-05
8219,5040,Post,54,2025-12-29
8220,5041,Pre,65,2026-02-11
8221,5041,Post,76,2026-03-10
8222,5042,Pre,64,2025-09-11
8223,5042,Post,78,2025-09-29
8224,5044,Pre,65,2025-08-28
8225,5044,Post,77,2025-09-05
8226,5045,Pre,83,2024-07-18
8227,5046,Pre,68,2026-06-23
8228,5046,Post,76,2026-07-03
8229,5047,Pre,62,2025-05-16
8230,5047,Post,78,2025-06-08
8231,5048,Pre,67,2026-04-01
8232,5049,Pre,49,2026-04-07
8233,5050,Pre,62,2025-06-14
8234,5050,Post,65,2025-07-13
8235,5051,Pre,68,2024-09-22
8236,5052,Pre,51,2025-03-29
8237,5053,Pre,79,2025-10-05
8238,5054,Pre,84,2025-03-29
8239,5055,Pre,74,2024-02-06
8240,5055,Post,89,2024-02-15
8241,5056,Pre,62,2025-01-08
8242,5056,Post,73,2025-01-29
8243,5057,Pre,63,2024-01-06
8244,5057,Post,72,2024-01-19
8245,5058,Pre,52,2025-06-20
8246,5058,Post,60,2025-07-05
8247,5059,Pre,54,2025-09-30
8248,5059,Post,69,2025-10-07
8249,5060,Pre,52,2026-04-14
8250,5060,Post,63,2026-05-06
8251,5062,Pre,68,2024-08-23
8252,5062,Post,84,2024-09-04
8253,5063,Pre,49,2026-08-05
8254,5063,Post,59,2026-08-16
8255,5064,Pre,62,2024-05-03
8256,5064,Post,79,2024-05-27
8257,5065,Pre,52,2026-01-28
8258,5065,Post,72,2026-02-25
8259,5066,Pre,72,2026-03-10
8260,5066,Post,85,2026-03-22
8261,5067,Pre,46,2026-04-02
8262,5068,Pre,58,2026-01-09
8263,5069,Pre,47,2025-12-24
8264,5069,Post,63,2026-01-05
8265,5070,Pre,69,2026-04-01
8266,5071,Pre,88,2025-06-12
8267,5071,Post,93,2025-07-03
8268,5072,Pre,75,2025-03-18
8269,5072,Post,84,2025-04-01
8270,5073,Pre,46,2024-10-14
8271,5073,Post,47,2024-10-27
8272,5075,Pre,72,2026-02-02
8273,5075,Post,74,2026-02-10
8274,5076,Pre,54,2024-05-19
8275,5077,Pre,49,2025-08-07
8276,5077,Post,56,2025-08-22
8277,5078,Pre,64,2024-05-30
8278,5079,Pre,67,2025-08-12
8279,5079,Post,75,2025-08-16
8280,5080,Pre,51,2024-01-22
8281,5080,Post,54,2024-02-08
8282,5081,Pre,38,2026-04-03
8283,5081,Post,63,2026-05-02
8284,5082,Pre,61,2024-04-27
8285,5082,Post,71,2024-05-17
8286,5083,Pre,61,2025-04-17
8287,5083,Post,61,2025-05-11
8288,5085,Pre,54,2025-03-13
8289,5085,Post,68,2025-03-26
8290,5086,Pre,49,2025-04-02
8291,5087,Pre,58,2025-04-29
8292,5087,Post,63,2025-05-10
8293,5088,Pre,59,2026-04-07
8294,5089,Pre,62,2025-10-18
8295,5089,Post,69,2025-11-07
8296,5090,Pre,54,2025-04-23
8297,5090,Post,65,2025-05-17
8298,5091,Pre,68,2024-12-08
8299,5091,Post,72,2024-12-28
8300,5092,Pre,53,2025-10-13
8301,5093,Pre,54,2024-05-02
8302,5094,Pre,55,2026-06-23
8303,5094,Post,65,2026-07-08
8304,5095,Pre,58,2024-04-22
8305,5095,Post,75,2024-05-15
8306,5096,Pre,39,2025-09-04
8307,5096,Post,44,2025-09-26
8308,5097,Pre,61,2025-11-19
8309,5097,Post,86,2025-12-18
8310,5098,Pre,56,2026-07-24
8311,5098,Post,79,2026-08-14
8312,5099,Pre,48,2024-01-10
8313,5099,Post,55,2024-02-05
8314,5100,Pre,63,2024-01-12
8315,5100,Post,74,2024-01-22
8316,5101,Pre,78,2026-04-01
8317,5103,Pre,56,2024-02-11
8318,5103,Post,68,2024-02-29
8319,5104,Pre,67,2025-07-04
8320,5104,Post,84,2025-07-21
8321,5105,Pre,52,2024-10-02
8322,5105,Post,62,2024-10-13
8323,5106,Pre,43,2024-09-17
8324,5106,Post,68,2024-10-17
8325,5108,Pre,66,2025-12-07
8326,5108,Post,85,2025-12-22
8327,5109,Pre,50,2024-05-12
8328,5109,Post,73,2024-06-03
8329,5110,Pre,38,2024-07-12
8330,5110,Post,58,2024-07-31
8331,5111,Pre,54,2025-06-02
8332,5111,Post,64,2025-06-25
8333,5112,Pre,60,2024-09-19
8334,5112,Post,68,2024-09-26
8335,5113,Pre,69,2025-06-15
8336,5113,Post,78,2025-07-08
8337,5115,Pre,60,2025-07-29
8338,5115,Post,66,2025-08-16
8339,5116,Pre,43,2024-01-25
8340,5116,Post,53,2024-02-03
8341,5117,Pre,54,2025-04-17
8342,5117,Post,62,2025-05-03
8343,5118,Pre,51,2025-12-31
8344,5119,Pre,54,2025-10-01
8345,5120,Pre,71,2024-06-11
8346,5120,Post,84,2024-07-07
8347,5122,Pre,54,2025-01-25
8348,5122,Post,64,2025-01-30
8349,5123,Pre,49,2026-07-01
8350,5123,Post,45,2026-07-13
8351,5124,Pre,67,2025-02-13
8352,5124,Post,80,2025-02-19
8353,5125,Pre,83,2025-09-03
8354,5125,Post,92,2025-09-12
8355,5126,Pre,70,2026-04-04
8356,5127,Pre,46,2025-11-30
8357,5127,Post,50,2025-12-11
8358,5129,Pre,61,2024-04-05
8359,5129,Post,70,2024-04-21
8360,5130,Pre,49,2024-05-11
8361,5130,Post,65,2024-06-07
8362,5131,Pre,75,2025-12-17
8363,5131,Post,90,2026-01-13
8364,5132,Pre,59,2025-06-13
8365,5132,Post,71,2025-06-18
8366,5133,Pre,70,2024-05-07
8367,5135,Pre,64,2024-10-31
8368,5135,Post,69,2024-11-24
8369,5136,Pre,61,2025-06-12
8370,5136,Post,81,2025-07-14
8371,5137,Pre,51,2025-04-02
8372,5138,Pre,67,2026-02-05
8373,5138,Post,88,2026-03-06
8374,5139,Pre,55,2024-12-01
8375,5139,Post,67,2024-12-09
8376,5140,Pre,44,2025-07-02
8377,5140,Post,66,2025-07-12
8378,5141,Pre,68,2026-02-22
8379,5141,Post,85,2026-03-04
8380,5142,Pre,54,2026-05-22
8381,5142,Post,63,2026-06-04
8382,5143,Pre,61,2025-05-31
8383,5143,Post,75,2025-06-13
8384,5144,Pre,52,2025-12-03
8385,5144,Post,67,2025-12-24
8386,5145,Pre,65,2026-01-11
8387,5145,Post,74,2026-01-26
8388,5147,Pre,78,2026-01-15
8389,5148,Pre,69,2026-05-15
8390,5148,Post,83,2026-06-12
8391,5149,Pre,48,2024-04-15
8392,5149,Post,55,2024-04-30
8393,5150,Pre,80,2026-02-19
8394,5150,Post,93,2026-03-15
8395,5151,Pre,68,2024-04-27
8396,5152,Pre,42,2024-02-01
8397,5152,Post,46,2024-02-10
8398,5153,Pre,66,2025-02-20
8399,5153,Post,78,2025-02-27
8400,5154,Pre,82,2024-01-28
8401,5154,Post,85,2024-02-12
8402,5157,Pre,46,2025-06-04
8403,5157,Post,61,2025-06-11
8404,5158,Pre,60,2024-05-17
8405,5158,Post,64,2024-06-07
8406,5159,Pre,71,2024-11-03
8407,5159,Post,85,2024-11-25
8408,5160,Pre,66,2025-05-19
8409,5160,Post,78,2025-06-10
8410,5161,Pre,67,2024-10-17
8411,5162,Pre,65,2025-06-10
8412,5162,Post,79,2025-06-29
8413,5163,Pre,68,2026-04-10
8414,5163,Post,75,2026-05-03
8415,5164,Pre,52,2024-01-18
8416,5164,Post,59,2024-02-14
8417,5165,Pre,66,2026-07-03
8418,5165,Post,72,2026-07-14
8419,5166,Pre,55,2025-08-05
8420,5166,Post,66,2025-08-23
8421,5167,Pre,56,2026-08-02
8422,5167,Post,56,2026-08-07
8423,5168,Pre,47,2024-07-21
8424,5168,Post,60,2024-08-04
8425,5169,Pre,61,2026-05-15
8426,5169,Post,74,2026-05-23
8427,5170,Pre,64,2024-08-14
8428,5170,Post,71,2024-08-20
8429,5171,Pre,53,2025-04-06
8430,5171,Post,66,2025-04-26
8431,5172,Pre,41,2024-01-22
8432,5172,Post,53,2024-01-31
8433,5174,Pre,52,2025-05-09
8434,5174,Post,73,2025-05-21
8435,5175,Pre,53,2024-10-16
8436,5176,Pre,65,2025-10-04
8437,5176,Post,82,2025-10-17
8438,5177,Pre,60,2025-10-14
8439,5178,Pre,66,2025-01-08
8440,5178,Post,65,2025-01-22
8441,5179,Pre,44,2024-12-30
8442,5179,Post,64,2025-01-15
8443,5180,Pre,54,2026-08-03
8444,5180,Post,60,2026-08-13
8445,5182,Pre,70,2025-01-16
8446,5184,Pre,64,2025-06-05
8447,5184,Post,75,2025-07-04
8448,5185,Pre,59,2024-01-08
8449,5185,Post,73,2024-02-08
8450,5186,Pre,59,2024-01-31
8451,5186,Post,62,2024-02-28
8452,5187,Pre,64,2024-07-24
8453,5187,Post,89,2024-08-03
8454,5188,Pre,56,2025-11-27
8455,5188,Post,52,2025-12-09
8456,5189,Pre,43,2025-10-02
8457,5189,Post,63,2025-10-22
8458,5190,Pre,53,2025-02-04
8459,5190,Post,72,2025-02-12
8460,5191,Pre,33,2025-11-29
8461,5192,Pre,45,2025-11-27
8462,5192,Post,71,2025-12-21
8463,5193,Pre,48,2026-06-23
8464,5193,Post,64,2026-07-11
8465,5194,Pre,84,2025-11-26
8466,5194,Post,95,2025-12-05
8467,5195,Pre,77,2026-03-20
8468,5196,Pre,67,2024-04-05
8469,5196,Post,76,2024-04-16
8470,5197,Pre,66,2025-02-19
8471,5197,Post,80,2025-02-28
8472,5198,Pre,65,2025-12-03
8473,5198,Post,75,2025-12-15
8474,5199,Pre,80,2025-08-07
8475,5199,Post,100,2025-08-30
8476,5200,Pre,59,2026-07-20
8477,5200,Post,67,2026-08-18
8478,5201,Pre,33,2025-07-27
8479,5201,Post,46,2025-08-19
8480,5202,Pre,88,2024-03-05
8481,5202,Post,89,2024-03-26
8482,5204,Pre,69,2026-02-09
8483,5205,Pre,72,2025-02-17
8484,5205,Post,81,2025-03-02
8485,5206,Pre,60,2024-05-18
8486,5207,Pre,53,2025-06-08
8487,5207,Post,63,2025-06-20
8488,5208,Pre,51,2026-02-23
8489,5208,Post,65,2026-03-16
8490,5209,Pre,52,2026-01-15
8491,5210,Pre,63,2024-01-31
8492,5210,Post,78,2024-02-25
8493,5211,Pre,69,2025-12-01
8494,5212,Pre,69,2026-04-20
8495,5212,Post,71,2026-05-01
8496,5213,Pre,57,2025-10-28
8497,5213,Post,65,2025-11-03
8498,5214,Pre,70,2025-04-30
8499,5214,Post,87,2025-05-15
8500,5215,Pre,73,2024-06-21
8501,5215,Post,79,2024-07-12
8502,5217,Pre,51,2025-09-16
8503,5217,Post,68,2025-10-15
8504,5218,Pre,55,2024-12-08
8505,5218,Post,65,2025-01-07
8506,5219,Pre,56,2025-03-23
8507,5219,Post,66,2025-04-17
8508,5220,Pre,59,2024-10-12
8509,5220,Post,68,2024-10-24
8510,5221,Pre,32,2026-03-23
8511,5221,Post,39,2026-03-27
8512,5222,Pre,51,2025-08-01
8513,5223,Pre,50,2025-08-26
8514,5223,Post,62,2025-09-16
8515,5224,Pre,26,2025-06-15
8516,5224,Post,32,2025-06-21
8517,5225,Pre,57,2024-07-05
8518,5226,Pre,59,2024-05-29
8519,5226,Post,68,2024-06-30
8520,5227,Pre,68,2026-06-21
8521,5227,Post,92,2026-07-04
8522,5228,Pre,58,2024-05-20
8523,5228,Post,59,2024-05-24
8524,5229,Pre,47,2024-08-23
8525,5229,Post,59,2024-09-13
8526,5230,Pre,52,2025-01-31
8527,5230,Post,65,2025-02-07
8528,5231,Pre,63,2025-05-18
8529,5234,Pre,64,2025-08-21
8530,5234,Post,79,2025-09-20
8531,5235,Pre,48,2025-11-22
8532,5236,Pre,71,2026-04-19
8533,5236,Post,83,2026-05-19
8534,5237,Pre,56,2025-04-16
8535,5237,Post,69,2025-05-10
8536,5238,Pre,40,2026-06-26
8537,5238,Post,52,2026-07-04
8538,5239,Pre,53,2026-07-27
8539,5239,Post,65,2026-08-25
8540,5240,Pre,56,2024-09-24
8541,5240,Post,70,2024-10-18
8542,5242,Pre,50,2025-01-11
8543,5242,Post,56,2025-01-23
8544,5243,Pre,51,2024-07-16
8545,5244,Pre,61,2024-02-13
8546,5244,Post,83,2024-02-23
8547,5245,Pre,57,2025-06-06
8548,5245,Post,70,2025-06-17
8549,5246,Pre,78,2026-06-05
8550,5246,Post,92,2026-06-11
8551,5247,Pre,72,2025-10-08
8552,5247,Post,87,2025-10-31
8553,5249,Pre,49,2025-02-22
8554,5249,Post,54,2025-03-03
8555,5250,Pre,56,2026-06-19
8556,5251,Pre,40,2024-03-30
8557,5251,Post,50,2024-04-13
8558,5252,Pre,55,2024-07-09
8559,5252,Post,61,2024-08-06
8560,5253,Pre,62,2026-07-09
8561,5253,Post,70,2026-08-02
8562,5254,Pre,66,2025-05-16
8563,5254,Post,73,2025-06-19
8564,5255,Pre,78,2024-10-12
8565,5255,Post,92,2024-10-26
8566,5256,Pre,58,2025-02-15
8567,5256,Post,86,2025-03-20
8568,5257,Pre,49,2024-03-20
8569,5258,Pre,62,2025-01-07
8570,5258,Post,87,2025-02-03
8571,5259,Pre,55,2024-12-23
8572,5259,Post,67,2025-01-17
8573,5260,Pre,57,2024-10-29
8574,5260,Post,62,2024-11-27
8575,5261,Pre,66,2025-09-04
8576,5261,Post,79,2025-09-14
8577,5262,Pre,71,2024-07-03
8578,5262,Post,76,2024-07-28
8579,5263,Pre,55,2024-04-25
8580,5264,Pre,58,2025-05-30
8581,5265,Pre,48,2026-06-07
8582,5265,Post,53,2026-06-27
8583,5266,Pre,66,2026-01-29
8584,5266,Post,78,2026-02-07
8585,5267,Pre,53,2024-03-19
8586,5267,Post,70,2024-04-20
8587,5268,Pre,65,2024-05-23
8588,5268,Post,68,2024-06-11
8589,5270,Pre,71,2024-04-22
8590,5270,Post,71,2024-05-13
8591,5271,Pre,48,2024-06-07
8592,5271,Post,57,2024-06-16
8593,5272,Pre,64,2025-03-30
8594,5272,Post,71,2025-04-29
8595,5273,Pre,69,2025-03-11
8596,5273,Post,89,2025-04-04
8597,5274,Pre,85,2024-08-14
8598,5274,Post,100,2024-08-24
8599,5275,Pre,65,2024-12-30
8600,5275,Post,78,2025-01-03
8601,5276,Pre,50,2024-09-13
8602,5276,Post,59,2024-10-01
8603,5278,Pre,67,2024-09-04
8604,5278,Post,86,2024-09-27
8605,5279,Pre,45,2025-04-10
8606,5281,Pre,40,2026-05-12
8607,5282,Pre,67,2025-05-14
8608,5282,Post,78,2025-06-05
8609,5283,Pre,54,2024-03-18
8610,5284,Pre,63,2025-12-15
8611,5284,Post,73,2026-01-08
8612,5285,Pre,57,2025-09-05
8613,5285,Post,66,2025-09-12
8614,5286,Pre,61,2026-03-29
8615,5287,Pre,80,2026-02-17
8616,5287,Post,89,2026-03-02
8617,5288,Pre,79,2025-01-14
8618,5288,Post,98,2025-01-28
8619,5290,Pre,33,2024-12-04
8620,5290,Post,47,2024-12-07
8621,5291,Pre,44,2024-10-30
8622,5291,Post,48,2024-11-07
8623,5292,Pre,64,2024-02-02
8624,5292,Post,72,2024-02-12
8625,5293,Pre,68,2025-02-26
8626,5294,Pre,48,2026-08-09
8627,5294,Post,62,2026-09-06
8628,5295,Pre,55,2024-05-26
8629,5296,Pre,76,2026-03-04
8630,5296,Post,100,2026-03-14
8631,5297,Pre,77,2025-07-11
8632,5297,Post,86,2025-08-09
8633,5298,Pre,54,2025-09-13
8634,5298,Post,63,2025-10-02
8635,5299,Pre,63,2026-01-10
8636,5299,Post,71,2026-01-31
8637,5300,Pre,62,2024-01-07
8638,5300,Post,75,2024-02-06
8639,5301,Pre,41,2024-11-05
8640,5301,Post,46,2024-12-03
8641,5302,Pre,76,2025-08-14
8642,5303,Pre,60,2025-02-19
8643,5304,Pre,52,2026-08-09
8644,5304,Post,65,2026-09-05
8645,5305,Pre,76,2026-03-16
8646,5305,Post,91,2026-04-14
8647,5306,Pre,65,2024-04-23
8648,5307,Pre,54,2026-06-13
8649,5307,Post,65,2026-07-06
8650,5308,Pre,40,2026-04-04
8651,5308,Post,53,2026-04-16
8652,5309,Pre,47,2026-04-19
8653,5309,Post,60,2026-05-06
8654,5310,Pre,69,2026-05-10
8655,5311,Pre,57,2024-04-21
8656,5311,Post,67,2024-05-14
8657,5312,Pre,57,2024-12-29
8658,5312,Post,64,2025-01-17
8659,5313,Pre,67,2025-12-06
8660,5314,Pre,63,2025-12-19
8661,5314,Post,79,2025-12-26
8662,5315,Pre,63,2025-01-06
8663,5316,Pre,42,2025-01-22
8664,5316,Post,70,2025-02-16
8665,5317,Pre,58,2025-10-28
8666,5317,Post,76,2025-11-21
8667,5318,Pre,70,2025-01-19
8668,5318,Post,84,2025-02-06
8669,5319,Pre,58,2025-12-31
8670,5320,Pre,63,2025-01-29
8671,5320,Post,84,2025-02-26
8672,5322,Pre,66,2026-01-27
8673,5322,Post,79,2026-02-09
8674,5323,Pre,45,2025-04-23
8675,5323,Post,60,2025-05-13
8676,5324,Pre,55,2025-01-26
8677,5325,Pre,51,2025-02-05
8678,5325,Post,59,2025-02-09
8679,5326,Pre,59,2025-10-25
8680,5326,Post,68,2025-11-03
8681,5327,Pre,62,2024-07-05
8682,5327,Post,70,2024-07-25
8683,5328,Pre,58,2025-02-24
8684,5328,Post,67,2025-03-07
8685,5329,Pre,56,2025-11-04
8686,5329,Post,67,2025-12-02
8687,5330,Pre,47,2024-05-04
8688,5330,Post,55,2024-05-22
8689,5331,Pre,59,2026-01-27
8690,5331,Post,68,2026-02-17
8691,5332,Pre,59,2024-08-13
8692,5332,Post,70,2024-08-15
8693,5333,Pre,42,2025-08-26
8694,5333,Post,48,2025-09-18
8695,5334,Pre,64,2024-03-09
8696,5334,Post,77,2024-03-17
8697,5335,Pre,50,2024-05-19
8698,5335,Post,54,2024-06-02
8699,5336,Pre,59,2024-01-25
8700,5336,Post,63,2024-03-02
8701,5337,Pre,38,2025-06-20
8702,5337,Post,49,2025-07-11
8703,5338,Pre,51,2024-02-20
8704,5338,Post,62,2024-03-16
8705,5339,Pre,51,2025-12-15
8706,5339,Post,62,2025-12-24
8707,5340,Pre,56,2024-04-17
8708,5340,Post,63,2024-05-02
8709,5341,Pre,59,2026-01-22
8710,5341,Post,69,2026-02-08
8711,5342,Pre,83,2025-05-17
8712,5342,Post,84,2025-06-10
8713,5343,Pre,60,2025-01-05
8714,5343,Post,71,2025-02-01
8715,5344,Pre,56,2025-08-30
8716,5345,Pre,75,2026-06-05
8717,5346,Pre,65,2024-07-28
8718,5346,Post,84,2024-08-14
8719,5347,Pre,81,2026-05-03
8720,5347,Post,89,2026-05-28
8721,5348,Pre,50,2024-10-16
8722,5349,Pre,56,2024-06-27
8723,5349,Post,69,2024-07-04
8724,5350,Pre,68,2025-03-10
8725,5350,Post,70,2025-03-24
8726,5351,Pre,74,2025-06-21
8727,5351,Post,89,2025-07-13
8728,5352,Pre,49,2024-05-03
8729,5352,Post,56,2024-06-01
8730,5353,Pre,53,2025-05-23
8731,5353,Post,62,2025-06-10
8732,5354,Pre,55,2025-05-26
8733,5354,Post,66,2025-06-05
8734,5356,Pre,82,2024-12-07
8735,5356,Post,97,2024-12-22
8736,5357,Pre,63,2025-01-16
8737,5357,Post,66,2025-02-08
8738,5358,Pre,51,2024-05-07
8739,5358,Post,64,2024-05-15
8740,5359,Pre,59,2024-03-23
8741,5359,Post,70,2024-03-30
8742,5360,Pre,54,2024-09-17
8743,5360,Post,63,2024-10-09
8744,5361,Pre,57,2026-04-09
8745,5361,Post,69,2026-05-03
8746,5362,Pre,63,2025-08-22
8747,5362,Post,73,2025-09-01
8748,5363,Pre,58,2024-02-08
8749,5363,Post,79,2024-02-17
8750,5364,Pre,58,2025-05-04
8751,5364,Post,73,2025-05-13
8752,5365,Pre,43,2025-06-27
8753,5365,Post,56,2025-07-27
8754,5366,Pre,65,2025-05-03
8755,5366,Post,83,2025-05-15
8756,5367,Pre,34,2024-07-01
8757,5367,Post,40,2024-07-11
8758,5368,Pre,71,2025-11-22
8759,5368,Post,87,2025-12-15
8760,5369,Pre,57,2025-05-06
8761,5369,Post,69,2025-05-13
8762,5370,Pre,65,2025-02-16
8763,5370,Post,71,2025-03-12
8764,5371,Pre,63,2026-02-02
8765,5371,Post,79,2026-02-24
8766,5372,Pre,61,2024-06-18
8767,5373,Pre,72,2024-03-25
8768,5373,Post,81,2024-04-12
8769,5375,Pre,65,2025-10-28
8770,5375,Post,76,2025-11-27
8771,5376,Pre,69,2025-01-17
8772,5377,Pre,42,2024-11-19
8773,5377,Post,45,2024-12-09
8774,5378,Pre,63,2026-01-12
8775,5378,Post,78,2026-02-05
8776,5379,Pre,68,2024-07-27
8777,5379,Post,72,2024-08-05
8778,5380,Pre,66,2024-11-05
8779,5380,Post,79,2024-11-17
8780,5381,Pre,62,2026-08-05
8781,5381,Post,73,2026-08-13
8782,5382,Pre,54,2024-12-26
8783,5382,Post,64,2025-01-18
8784,5383,Pre,62,2025-04-15
8785,5383,Post,67,2025-05-06
8786,5384,Pre,61,2026-01-20
8787,5385,Pre,67,2026-05-25
8788,5385,Post,76,2026-06-18
8789,5386,Pre,60,2024-07-09
8790,5387,Pre,38,2025-08-13
8791,5387,Post,56,2025-09-07
8792,5388,Pre,47,2026-03-20
8793,5388,Post,47,2026-03-22
8794,5389,Pre,65,2024-11-18
8795,5389,Post,74,2024-12-05
8796,5390,Pre,39,2024-08-21
8797,5391,Pre,58,2024-10-06
8798,5391,Post,68,2024-10-14
8799,5392,Pre,42,2024-03-10
8800,5392,Post,48,2024-03-20
8801,5393,Pre,64,2026-02-05
8802,5393,Post,73,2026-02-17
8803,5394,Pre,49,2024-10-12
8804,5395,Pre,67,2024-01-02
8805,5395,Post,83,2024-01-28
8806,5396,Pre,62,2025-07-12
8807,5398,Pre,64,2024-06-08
8808,5399,Pre,55,2024-09-08
8809,5399,Post,65,2024-09-23
8810,5400,Pre,84,2026-03-26
8811,5400,Post,95,2026-04-20
8812,5401,Pre,47,2024-11-28
8813,5401,Post,71,2024-12-09
8814,5402,Pre,56,2025-04-14
8815,5402,Post,70,2025-04-27
8816,5403,Pre,64,2026-05-07
8817,5403,Post,77,2026-06-07
8818,5404,Pre,65,2024-11-05
8819,5405,Pre,67,2024-10-17
8820,5405,Post,77,2024-10-24
8821,5406,Pre,48,2024-05-06
8822,5407,Pre,71,2026-03-23
8823,5407,Post,79,2026-04-19
8824,5408,Pre,68,2025-11-10
8825,5408,Post,82,2025-12-01
8826,5409,Pre,76,2026-05-30
8827,5409,Post,75,2026-06-17
8828,5410,Pre,74,2024-08-22
8829,5410,Post,86,2024-09-09
8830,5411,Pre,62,2026-03-31
8831,5411,Post,79,2026-04-18
8832,5412,Pre,60,2025-04-28
8833,5412,Post,71,2025-05-23
8834,5413,Pre,66,2024-02-21
8835,5414,Pre,59,2025-06-22
8836,5415,Pre,57,2025-08-14
8837,5416,Pre,38,2024-07-13
8838,5416,Post,54,2024-07-25
8839,5417,Pre,76,2026-01-25
8840,5417,Post,89,2026-02-04
8841,5418,Pre,60,2024-06-18
8842,5418,Post,67,2024-06-23
8843,5419,Pre,41,2024-03-09
8844,5419,Post,49,2024-03-17
8845,5420,Pre,76,2025-03-22
8846,5420,Post,82,2025-03-29
8847,5421,Pre,53,2026-07-18
8848,5421,Post,64,2026-07-27
8849,5422,Pre,69,2024-07-20
8850,5422,Post,92,2024-08-08
8851,5423,Pre,55,2024-05-23
8852,5423,Post,61,2024-06-17
8853,5425,Pre,78,2024-11-23
8854,5425,Post,82,2024-12-14
8855,5426,Pre,59,2025-11-13
8856,5426,Post,63,2025-12-03
8857,5427,Pre,59,2024-03-01
8858,5427,Post,78,2024-03-18
8859,5428,Pre,57,2025-08-29
8860,5428,Post,71,2025-09-06
8861,5429,Pre,56,2024-04-28
8862,5429,Post,62,2024-05-05
8863,5430,Pre,53,2025-08-07
8864,5430,Post,61,2025-08-31
8865,5431,Pre,61,2024-10-24
8866,5431,Post,72,2024-10-28
8867,5432,Pre,31,2026-04-15
8868,5432,Post,48,2026-05-04
8869,5433,Pre,58,2026-07-11
8870,5433,Post,68,2026-07-23
8871,5434,Pre,56,2026-05-25
8872,5434,Post,73,2026-06-14
8873,5435,Pre,56,2024-05-03
8874,5436,Pre,47,2024-04-20
8875,5436,Post,61,2024-04-26
8876,5437,Pre,79,2026-07-12
8877,5437,Post,100,2026-07-29
8878,5439,Pre,55,2025-02-04
8879,5439,Post,59,2025-02-25
8880,5440,Pre,42,2025-12-08
8881,5440,Post,60,2025-12-25
8882,5441,Pre,64,2025-09-06
8883,5441,Post,71,2025-09-29
8884,5442,Pre,44,2025-11-15
8885,5442,Post,62,2025-12-09
8886,5443,Pre,45,2025-03-02
8887,5443,Post,63,2025-03-20
8888,5445,Pre,48,2026-03-25
8889,5445,Post,58,2026-04-02
8890,5446,Pre,68,2026-07-02
8891,5446,Post,90,2026-07-13
8892,5447,Pre,61,2026-06-22
8893,5447,Post,65,2026-06-30
8894,5448,Pre,59,2026-06-17
8895,5448,Post,71,2026-06-27
8896,5449,Pre,74,2024-10-23
8897,5449,Post,76,2024-11-02
8898,5450,Pre,46,2024-01-13
8899,5452,Pre,70,2025-02-06
8900,5452,Post,76,2025-02-13
8901,5453,Pre,52,2026-03-10
8902,5453,Post,70,2026-03-21
8903,5455,Pre,65,2024-09-04
8904,5455,Post,84,2024-09-24
8905,5456,Pre,57,2025-04-03
8906,5456,Post,76,2025-04-09
8907,5459,Pre,63,2025-07-02
8908,5459,Post,84,2025-07-28
8909,5460,Pre,77,2025-12-26
8910,5460,Post,84,2026-01-12
8911,5461,Pre,63,2025-07-06
8912,5461,Post,78,2025-07-29
8913,5462,Pre,42,2024-03-17
8914,5462,Post,57,2024-04-12
8915,5463,Pre,74,2024-10-26
8916,5464,Pre,67,2026-05-02
8917,5464,Post,78,2026-05-09
8918,5465,Pre,59,2026-05-24
8919,5465,Post,76,2026-06-21
8920,5466,Pre,87,2026-02-11
8921,5466,Post,95,2026-03-05
8922,5467,Pre,29,2024-10-17
8923,5468,Pre,57,2024-12-18
8924,5468,Post,61,2025-01-02
8925,5469,Pre,56,2024-03-07
8926,5469,Post,61,2024-04-07
8927,5470,Pre,62,2025-08-29
8928,5470,Post,78,2025-09-19
8929,5471,Pre,52,2026-05-14
8930,5471,Post,55,2026-06-10
8931,5472,Pre,58,2025-12-31
8932,5472,Post,74,2026-01-24
8933,5473,Pre,58,2024-08-12
8934,5473,Post,72,2024-08-21
8935,5475,Pre,78,2025-01-25
8936,5475,Post,85,2025-02-27
8937,5476,Pre,54,2026-05-04
8938,5476,Post,63,2026-06-05
8939,5478,Pre,62,2024-10-07
8940,5478,Post,75,2024-10-16
8941,5479,Pre,60,2025-04-12
8942,5480,Pre,61,2025-09-20
8943,5480,Post,74,2025-10-16
8944,5481,Pre,48,2024-03-23
8945,5482,Pre,68,2024-07-10
8946,5482,Post,68,2024-08-03
8947,5483,Pre,64,2024-11-15
8948,5483,Post,80,2024-12-13
8949,5484,Pre,77,2026-04-14
8950,5484,Post,80,2026-05-11
8951,5485,Pre,85,2025-01-18
8952,5485,Post,100,2025-02-08
8953,5486,Pre,38,2026-07-13
8954,5486,Post,57,2026-07-24
8955,5487,Pre,56,2025-09-18
8956,5488,Pre,36,2024-12-20
8957,5488,Post,52,2025-01-13
8958,5489,Pre,67,2025-02-28
8959,5489,Post,72,2025-03-08
8960,5490,Pre,70,2024-01-12
8961,5491,Pre,56,2024-03-15
8962,5491,Post,60,2024-03-27
8963,5492,Pre,73,2025-01-02
8964,5492,Post,90,2025-01-12
8965,5493,Pre,49,2025-08-19
8966,5493,Post,45,2025-08-24
8967,5494,Pre,62,2026-04-24
8968,5494,Post,76,2026-05-02
8969,5495,Pre,52,2024-03-09
8970,5495,Post,65,2024-03-17
8971,5496,Pre,61,2025-11-06
8972,5496,Post,76,2025-11-13
8973,5497,Pre,53,2026-08-04
8974,5498,Pre,56,2025-05-24
8975,5498,Post,62,2025-06-01
8976,5499,Pre,51,2026-05-31
8977,5500,Pre,59,2026-02-13
8978,5500,Post,87,2026-03-11
8979,5501,Pre,45,2024-12-09
8980,5502,Pre,43,2024-08-31
8981,5502,Post,55,2024-09-12
8982,5503,Pre,68,2024-05-17
8983,5503,Post,85,2024-06-15
8984,5504,Pre,56,2026-03-16
8985,5506,Pre,69,2026-04-25
8986,5506,Post,83,2026-05-03
8987,5507,Pre,67,2024-04-24
8988,5507,Post,67,2024-05-03
8989,5508,Pre,51,2026-03-22
8990,5509,Pre,76,2026-01-12
8991,5509,Post,82,2026-01-24
8992,5510,Pre,59,2024-11-10
8993,5510,Post,63,2024-12-05
8994,5511,Pre,41,2024-11-23
8995,5512,Pre,55,2024-03-13
8996,5513,Pre,55,2025-08-18
8997,5513,Post,68,2025-09-18
8998,5514,Pre,67,2026-04-16
8999,5514,Post,79,2026-04-22
9000,5515,Pre,51,2024-07-29
9001,5515,Post,62,2024-08-06
9002,5516,Pre,72,2025-07-01
9003,5516,Post,85,2025-07-12
9004,5517,Pre,81,2026-04-16
9005,5517,Post,100,2026-05-17
9006,5518,Pre,59,2025-08-18
9007,5519,Pre,56,2024-01-28
9008,5519,Post,72,2024-02-19
9009,5520,Pre,45,2024-01-20
9010,5520,Post,59,2024-02-06
9011,5521,Pre,65,2025-01-16
9012,5521,Post,84,2025-02-09
9013,5522,Pre,47,2024-05-12
9014,5522,Post,63,2024-05-18
9015,5523,Pre,62,2024-09-15
9016,5523,Post,80,2024-09-25
9017,5524,Pre,52,2025-06-14
9018,5524,Post,73,2025-07-05
9019,5525,Pre,76,2025-07-17
9020,5525,Post,88,2025-08-04
9021,5526,Pre,47,2024-07-15
9022,5526,Post,61,2024-07-23
9023,5527,Pre,50,2025-08-10
9024,5527,Post,56,2025-08-13
9025,5528,Pre,66,2024-01-22
9026,5528,Post,72,2024-02-17
9027,5529,Pre,78,2024-09-18
9028,5529,Post,89,2024-09-30
9029,5530,Pre,58,2024-04-16
9030,5530,Post,71,2024-05-03
9031,5531,Pre,37,2026-04-04
9032,5531,Post,35,2026-04-18
9033,5532,Pre,60,2025-10-06
9034,5532,Post,76,2025-10-20
9035,5533,Pre,79,2025-01-10
9036,5533,Post,86,2025-02-09
9037,5534,Pre,72,2024-05-16
9038,5534,Post,83,2024-06-04
9039,5535,Pre,50,2024-05-30
9040,5535,Post,58,2024-06-05
9041,5536,Pre,45,2024-12-31
9042,5536,Post,55,2025-01-29
9043,5537,Pre,64,2024-03-28
9044,5537,Post,73,2024-05-02
9045,5538,Pre,59,2025-06-19
9046,5540,Pre,40,2025-07-21
9047,5541,Pre,59,2025-03-09
9048,5541,Post,77,2025-03-28
9049,5542,Pre,42,2024-03-06
9050,5542,Post,52,2024-03-25
9051,5543,Pre,44,2024-05-11
9052,5545,Pre,39,2025-10-20
9053,5545,Post,35,2025-10-30
9054,5546,Pre,78,2025-05-02
9055,5546,Post,90,2025-05-15
9056,5547,Pre,67,2024-09-15
9057,5547,Post,79,2024-10-18
9058,5548,Pre,62,2025-06-06
9059,5549,Pre,44,2026-03-20
9060,5549,Post,62,2026-04-17
9061,5550,Pre,79,2025-07-05
9062,5550,Post,84,2025-07-31
9063,5551,Pre,44,2025-08-15
9064,5551,Post,59,2025-09-12
9065,5552,Pre,73,2024-02-11
9066,5552,Post,82,2024-03-08
9067,5553,Pre,64,2026-06-16
9068,5553,Post,65,2026-07-06
9069,5554,Pre,42,2024-07-16
9070,5555,Pre,43,2025-07-06
9071,5555,Post,49,2025-07-21
9072,5556,Pre,82,2024-05-23
9073,5556,Post,85,2024-06-05
9074,5558,Pre,63,2024-03-24
9075,5558,Post,74,2024-04-15
9076,5559,Pre,43,2025-02-24
9077,5559,Post,64,2025-03-12
9078,5560,Pre,43,2025-04-12
9079,5560,Post,54,2025-04-17
9080,5561,Pre,59,2025-10-12
9081,5561,Post,64,2025-10-27
9082,5562,Pre,65,2025-11-03
9083,5562,Post,71,2025-11-09
9084,5563,Pre,73,2025-01-02
9085,5563,Post,78,2025-01-15
9086,5564,Pre,55,2024-08-12
9087,5564,Post,66,2024-08-27
9088,5565,Pre,45,2026-05-19
9089,5565,Post,49,2026-06-14
9090,5566,Pre,41,2025-12-26
9091,5566,Post,42,2026-01-10
9092,5569,Pre,79,2026-07-08
9093,5570,Pre,78,2024-04-18
9094,5571,Pre,46,2025-04-11
9095,5572,Pre,48,2026-08-05
9096,5572,Post,67,2026-09-04
9097,5573,Pre,59,2025-05-21
9098,5574,Pre,53,2026-03-12
9099,5574,Post,65,2026-03-27
9100,5575,Pre,73,2025-01-10
9101,5575,Post,94,2025-02-02
9102,5576,Pre,67,2024-10-13
9103,5576,Post,84,2024-10-19
9104,5577,Pre,55,2024-11-14
9105,5577,Post,67,2024-12-03
9106,5578,Pre,48,2025-03-04
9107,5578,Post,71,2025-03-20
9108,5579,Pre,49,2024-05-09
9109,5580,Pre,53,2025-05-24
9110,5580,Post,67,2025-06-08
9111,5581,Pre,53,2025-04-26
9112,5581,Post,60,2025-05-24
9113,5582,Pre,57,2025-05-29
9114,5582,Post,60,2025-06-25
9115,5583,Pre,64,2024-06-09
9116,5583,Post,80,2024-07-10
9117,5584,Pre,54,2025-11-06
9118,5584,Post,75,2025-12-07
9119,5585,Pre,55,2024-09-07
9120,5585,Post,66,2024-09-25
9121,5586,Pre,63,2025-06-26
9122,5586,Post,69,2025-07-19
9123,5587,Pre,45,2026-07-02
9124,5587,Post,57,2026-07-31
9125,5588,Pre,64,2026-02-11
9126,5588,Post,68,2026-03-13
9127,5589,Pre,43,2024-08-21
9128,5589,Post,58,2024-08-30
9129,5590,Pre,73,2025-10-01
9130,5590,Post,88,2025-10-29
9131,5591,Pre,47,2025-08-10
9132,5591,Post,56,2025-08-24
9133,5592,Pre,70,2024-10-17
9134,5592,Post,67,2024-10-30
9135,5594,Pre,62,2024-04-05
9136,5594,Post,75,2024-05-11
9137,5595,Pre,60,2024-09-10
9138,5595,Post,70,2024-09-24
9139,5597,Pre,40,2024-05-07
9140,5597,Post,40,2024-05-22
9141,5598,Pre,70,2026-04-16
9142,5598,Post,90,2026-04-24
9143,5599,Pre,50,2026-07-14
9144,5600,Pre,50,2026-05-13
9145,5600,Post,66,2026-06-02
9146,5601,Pre,54,2024-10-30
9147,5601,Post,69,2024-11-30
9148,5602,Pre,59,2024-12-04
9149,5602,Post,58,2024-12-16
9150,5603,Pre,33,2025-10-26
9151,5603,Post,42,2025-11-11
9152,5604,Pre,52,2024-12-10
9153,5604,Post,69,2025-01-07
9154,5606,Pre,43,2024-01-29
9155,5606,Post,52,2024-02-18
9156,5607,Pre,65,2025-02-15
9157,5607,Post,76,2025-02-27
9158,5608,Pre,66,2025-01-04
9159,5609,Pre,52,2025-11-22
9160,5609,Post,74,2025-12-05
9161,5612,Pre,84,2025-07-27
9162,5612,Post,86,2025-08-07
9163,5613,Pre,49,2024-05-02
9164,5613,Post,66,2024-05-23
9165,5614,Pre,72,2024-11-16
9166,5614,Post,72,2024-12-07
9167,5615,Pre,75,2024-11-14
9168,5615,Post,78,2024-11-23
9169,5616,Pre,66,2024-03-28
9170,5616,Post,69,2024-04-13
9171,5618,Pre,52,2024-06-06
9172,5618,Post,67,2024-06-15
9173,5619,Pre,48,2025-01-12
9174,5619,Post,56,2025-01-20
9175,5620,Pre,53,2025-08-17
9176,5621,Pre,63,2024-02-02
9177,5621,Post,75,2024-02-13
9178,5622,Pre,68,2025-07-22
9179,5622,Post,79,2025-08-06
9180,5623,Pre,56,2024-02-27
9181,5623,Post,60,2024-03-26
9182,5624,Pre,53,2024-12-07
9183,5625,Pre,52,2024-01-31
9184,5625,Post,51,2024-02-29
9185,5626,Pre,80,2026-06-12
9186,5626,Post,80,2026-07-08
9187,5628,Pre,62,2026-04-07
9188,5628,Post,69,2026-04-22
9189,5629,Pre,64,2024-10-28
9190,5630,Pre,62,2025-12-21
9191,5630,Post,73,2026-01-17
9192,5631,Pre,49,2024-10-19
9193,5632,Pre,39,2024-09-27
9194,5633,Pre,36,2025-03-13
9195,5633,Post,53,2025-03-20
9196,5634,Pre,69,2025-01-30
9197,5634,Post,82,2025-02-19
9198,5635,Pre,88,2024-10-31
9199,5635,Post,100,2024-11-10
9200,5636,Pre,79,2025-04-13
9201,5636,Post,92,2025-04-30
9202,5637,Pre,55,2025-04-18
9203,5637,Post,68,2025-05-21
9204,5638,Pre,74,2025-07-29
9205,5638,Post,82,2025-08-25
9206,5639,Pre,43,2026-04-03
9207,5639,Post,59,2026-04-27
9208,5640,Pre,54,2024-01-23
9209,5641,Pre,54,2024-06-09
9210,5642,Pre,67,2024-12-28
9211,5643,Pre,50,2024-04-04
9212,5644,Pre,62,2025-09-21
9213,5645,Pre,58,2026-05-12
9214,5645,Post,77,2026-05-27
9215,5646,Pre,59,2025-07-31
9216,5646,Post,72,2025-08-10
9217,5647,Pre,62,2026-07-03
9218,5648,Pre,70,2024-07-25
9219,5648,Post,85,2024-08-10
9220,5649,Pre,42,2024-05-14
9221,5649,Post,66,2024-06-11
9222,5650,Pre,31,2025-11-27
9223,5651,Pre,49,2024-09-09
9224,5651,Post,69,2024-10-02
9225,5653,Pre,64,2025-07-24
9226,5653,Post,75,2025-08-03
9227,5654,Pre,59,2025-03-13
9228,5654,Post,71,2025-03-30
9229,5655,Pre,63,2025-08-06
9230,5655,Post,65,2025-08-16
9231,5656,Pre,68,2024-11-09
9232,5656,Post,70,2024-12-04
9233,5657,Pre,63,2025-09-30
9234,5657,Post,66,2025-10-20
9235,5658,Pre,54,2024-04-28
9236,5658,Post,67,2024-05-25
9237,5659,Pre,63,2025-05-19
9238,5659,Post,80,2025-06-02
9239,5660,Pre,73,2025-11-05
9240,5661,Pre,66,2025-06-25
9241,5661,Post,65,2025-07-05
9242,5662,Pre,61,2026-07-12
9243,5662,Post,75,2026-07-24
9244,5663,Pre,52,2025-02-07
9245,5664,Pre,67,2025-01-31
9246,5664,Post,70,2025-02-23
9247,5665,Pre,57,2025-12-28
9248,5665,Post,61,2026-01-25
9249,5667,Pre,68,2025-01-10
9250,5667,Post,80,2025-01-22
9251,5668,Pre,69,2025-05-31
9252,5668,Post,85,2025-06-07
9253,5670,Pre,59,2024-05-14
9254,5670,Post,64,2024-06-04
9255,5671,Pre,55,2026-03-04
9256,5671,Post,75,2026-03-31
9257,5672,Pre,62,2024-12-31
9258,5672,Post,72,2025-01-23
9259,5674,Pre,51,2025-05-08
9260,5675,Pre,58,2024-08-03
9261,5675,Post,67,2024-08-19
9262,5676,Pre,62,2024-08-22
9263,5677,Pre,69,2026-01-18
9264,5678,Pre,67,2024-08-09
9265,5678,Post,70,2024-09-07
9266,5679,Pre,86,2024-03-22
9267,5680,Pre,85,2024-01-13
9268,5680,Post,88,2024-01-23
9269,5681,Pre,77,2024-06-18
9270,5681,Post,77,2024-06-29
9271,5683,Pre,62,2026-06-17
9272,5683,Post,70,2026-07-17
9273,5684,Pre,64,2026-08-06
9274,5685,Pre,55,2024-03-10
9275,5685,Post,68,2024-03-23
9276,5686,Pre,69,2024-01-27
9277,5686,Post,84,2024-02-02
9278,5687,Pre,66,2024-07-18
9279,5687,Post,63,2024-08-04
9280,5688,Pre,58,2026-04-09
9281,5688,Post,72,2026-04-26
9282,5689,Pre,54,2024-08-02
9283,5690,Pre,58,2026-04-29
9284,5691,Pre,76,2025-09-18
9285,5691,Post,84,2025-09-27
9286,5694,Pre,36,2025-04-09
9287,5694,Post,55,2025-04-26
9288,5695,Pre,48,2026-07-05
9289,5695,Post,60,2026-07-26
9290,5696,Pre,43,2026-01-03
9291,5696,Post,53,2026-01-26
9292,5697,Pre,38,2024-06-25
9293,5697,Post,48,2024-07-19
9294,5698,Pre,69,2026-06-11
9295,5698,Post,83,2026-07-09
9296,5700,Pre,72,2024-09-08
9297,5700,Post,82,2024-10-05
9298,5701,Pre,51,2025-02-27
9299,5702,Pre,70,2024-03-18
9300,5703,Pre,70,2026-03-09
9301,5704,Pre,58,2024-12-25
9302,5704,Post,74,2025-01-10
9303,5705,Pre,66,2024-01-31
9304,5705,Post,78,2024-02-12
9305,5706,Pre,56,2025-07-18
9306,5706,Post,72,2025-07-26
9307,5707,Pre,64,2024-01-04
9308,5708,Pre,69,2025-04-21
9309,5708,Post,79,2025-04-28
9310,5709,Pre,52,2024-10-13
9311,5709,Post,65,2024-10-26
9312,5710,Pre,72,2025-03-30
9313,5710,Post,85,2025-04-22
9314,5711,Pre,68,2024-12-23
9315,5711,Post,81,2025-01-21
9316,5712,Pre,35,2025-11-30
9317,5712,Post,49,2025-12-05
9318,5713,Pre,65,2026-02-10
9319,5713,Post,74,2026-02-27
9320,5715,Pre,78,2025-02-04
9321,5715,Post,80,2025-02-15
9322,5716,Pre,56,2025-04-01
9323,5716,Post,76,2025-04-19
9324,5717,Pre,60,2025-07-07
9325,5718,Pre,72,2024-05-17
9326,5718,Post,82,2024-06-19
9327,5719,Pre,49,2025-10-28
9328,5719,Post,55,2025-11-23
9329,5720,Pre,71,2024-02-17
9330,5720,Post,79,2024-03-15
9331,5721,Pre,42,2024-05-29
9332,5721,Post,46,2024-06-12
9333,5722,Pre,60,2026-08-09
9334,5722,Post,73,2026-08-21
9335,5723,Pre,79,2024-10-20
9336,5723,Post,79,2024-11-18
9337,5724,Pre,45,2026-01-02
9338,5725,Pre,70,2024-02-04
9339,5725,Post,83,2024-03-01
9340,5726,Pre,52,2025-12-12
9341,5726,Post,70,2026-01-03
9342,5727,Pre,71,2025-12-14
9343,5728,Pre,61,2024-11-18
9344,5728,Post,68,2024-12-13
9345,5729,Pre,38,2024-03-29
9346,5729,Post,43,2024-04-20
9347,5730,Pre,56,2025-04-13
9348,5730,Post,60,2025-04-28
9349,5731,Pre,41,2025-05-31
9350,5731,Post,54,2025-06-09
9351,5732,Pre,72,2025-07-04
9352,5732,Post,84,2025-07-18
9353,5733,Pre,63,2024-02-23
9354,5733,Post,77,2024-03-04
9355,5734,Pre,61,2026-06-18
9356,5735,Pre,88,2024-12-30
9357,5735,Post,97,2025-01-24
9358,5736,Pre,52,2026-08-06
9359,5737,Pre,42,2025-03-25
9360,5737,Post,49,2025-04-05
9361,5738,Pre,50,2024-02-10
9362,5738,Post,71,2024-03-05
9363,5739,Pre,74,2024-03-10
9364,5741,Pre,44,2026-07-10
9365,5741,Post,53,2026-07-31
9366,5743,Pre,64,2024-08-13
9367,5743,Post,74,2024-09-07
9368,5745,Pre,58,2024-05-24
9369,5745,Post,68,2024-06-12
9370,5746,Pre,51,2024-06-07
9371,5747,Pre,66,2026-03-10
9372,5747,Post,81,2026-04-06
9373,5748,Pre,55,2024-12-23
9374,5749,Pre,58,2024-05-25
9375,5749,Post,72,2024-06-05
9376,5750,Pre,73,2025-01-24
9377,5750,Post,81,2025-02-19
9378,5751,Pre,75,2026-05-24
9379,5751,Post,78,2026-06-09
9380,5752,Pre,64,2025-07-04
9381,5752,Post,79,2025-07-28
9382,5753,Pre,63,2024-07-29
9383,5753,Post,73,2024-08-14
9384,5754,Pre,25,2024-09-08
9385,5755,Pre,56,2024-07-12
9386,5755,Post,58,2024-08-04
9387,5756,Pre,58,2025-07-02
9388,5756,Post,73,2025-07-27
9389,5757,Pre,25,2025-03-30
9390,5758,Pre,52,2024-01-29
9391,5759,Pre,67,2024-02-15
9392,5759,Post,78,2024-03-02
9393,5760,Pre,50,2026-05-01
9394,5760,Post,59,2026-05-12
9395,5762,Pre,54,2025-08-28
9396,5762,Post,73,2025-09-23
9397,5764,Pre,64,2025-03-24
9398,5764,Post,75,2025-04-21
9399,5765,Pre,57,2026-07-13
9400,5765,Post,66,2026-08-05
9401,5766,Pre,65,2025-03-23
9402,5766,Post,65,2025-03-31
9403,5767,Pre,83,2025-05-04
9404,5767,Post,87,2025-06-04
9405,5768,Pre,60,2026-01-26
9406,5768,Post,81,2026-02-11
9407,5769,Pre,69,2025-03-15
9408,5769,Post,79,2025-03-23
9409,5770,Pre,51,2026-01-11
9410,5770,Post,50,2026-01-20
9411,5771,Pre,57,2025-06-02
9412,5771,Post,61,2025-06-21
9413,5772,Pre,53,2024-04-21
9414,5773,Pre,52,2025-04-26
9415,5773,Post,48,2025-05-06
9416,5774,Pre,77,2025-08-08
9417,5774,Post,96,2025-09-03
9418,5775,Pre,34,2025-12-31
9419,5775,Post,44,2026-01-24
9420,5776,Pre,68,2026-07-07
9421,5777,Pre,62,2024-11-17
9422,5777,Post,85,2024-11-23
9423,5778,Pre,70,2026-04-21
9424,5778,Post,81,2026-04-30
9425,5779,Pre,69,2024-10-23
9426,5779,Post,72,2024-11-14
9427,5780,Pre,67,2024-12-25
9428,5780,Post,63,2025-01-21
9429,5781,Pre,66,2026-04-29
9430,5782,Pre,54,2025-04-20
9431,5782,Post,73,2025-05-12
9432,5783,Pre,66,2024-11-19
9433,5783,Post,80,2024-12-13
9434,5785,Pre,61,2026-01-26
9435,5785,Post,64,2026-02-15
9436,5787,Pre,65,2026-02-08
9437,5788,Pre,66,2025-04-30
9438,5788,Post,74,2025-05-16
9439,5790,Pre,47,2024-05-08
9440,5790,Post,49,2024-06-01
9441,5791,Pre,88,2026-05-20
9442,5791,Post,89,2026-06-09
9443,5792,Pre,56,2026-06-20
9444,5792,Post,66,2026-06-30
9445,5793,Pre,63,2024-03-04
9446,5793,Post,71,2024-03-27
9447,5794,Pre,63,2025-06-25
9448,5794,Post,76,2025-07-17
9449,5795,Pre,67,2024-05-27
9450,5795,Post,75,2024-06-09
9451,5796,Pre,76,2024-06-19
9452,5796,Post,97,2024-06-26
9453,5797,Pre,63,2025-01-05
9454,5797,Post,74,2025-01-24
9455,5798,Pre,57,2025-09-01
9456,5799,Pre,63,2024-08-25
9457,5799,Post,80,2024-09-15
9458,5800,Pre,68,2024-02-05
9459,5800,Post,79,2024-03-07
9460,5801,Pre,46,2025-02-28
9461,5802,Pre,79,2024-02-08
9462,5802,Post,91,2024-03-12
9463,5803,Pre,58,2024-09-10
9464,5803,Post,86,2024-09-22
9465,5804,Pre,58,2025-08-03
9466,5805,Pre,69,2024-01-21
9467,5806,Pre,57,2026-03-31
9468,5807,Pre,55,2025-02-14
9469,5807,Post,68,2025-03-08
9470,5808,Pre,60,2025-06-19
9471,5808,Post,69,2025-07-05
9472,5809,Pre,59,2024-12-30
9473,5809,Post,73,2025-01-17
9474,5810,Pre,56,2024-10-10
9475,5810,Post,65,2024-11-05
9476,5811,Pre,58,2024-12-20
9477,5811,Post,66,2025-01-07
9478,5813,Pre,56,2025-10-27
9479,5813,Post,62,2025-11-21
9480,5814,Pre,58,2024-09-04
9481,5814,Post,62,2024-09-26
9482,5815,Pre,72,2025-09-24
9483,5815,Post,93,2025-10-05
9484,5816,Pre,72,2026-04-07
9485,5817,Pre,88,2024-12-29
9486,5817,Post,100,2025-01-27
9487,5818,Pre,57,2024-09-13
9488,5818,Post,61,2024-10-07
9489,5820,Pre,55,2025-12-10
9490,5820,Post,60,2025-12-31
9491,5821,Pre,78,2024-04-23
9492,5822,Pre,77,2024-05-12
9493,5822,Post,86,2024-05-31
9494,5823,Pre,51,2025-10-11
9495,5823,Post,67,2025-11-07
9496,5824,Pre,49,2024-07-19
9497,5824,Post,65,2024-08-21
9498,5825,Pre,61,2024-05-20
9499,5825,Post,67,2024-06-05
9500,5826,Pre,51,2025-08-27
9501,5826,Post,70,2025-09-19
9502,5827,Pre,64,2026-05-08
9503,5827,Post,74,2026-05-12
9504,5828,Pre,74,2024-01-05
9505,5828,Post,91,2024-01-27
9506,5829,Pre,44,2026-02-16
9507,5829,Post,59,2026-03-21
9508,5830,Pre,46,2026-01-07
9509,5831,Pre,79,2024-01-10
9510,5831,Post,93,2024-02-10
9511,5832,Pre,53,2026-07-26
9512,5832,Post,72,2026-08-25
9513,5833,Pre,52,2025-10-14
9514,5833,Post,70,2025-10-21
9515,5834,Pre,65,2024-12-26
9516,5835,Pre,73,2024-11-08
9517,5836,Pre,40,2025-12-06
9518,5836,Post,59,2025-12-12
9519,5837,Pre,69,2025-03-11
9520,5837,Post,79,2025-04-05
9521,5839,Pre,49,2024-06-08
9522,5839,Post,67,2024-07-07
9523,5840,Pre,66,2024-11-26
9524,5840,Post,80,2024-12-17
9525,5841,Pre,81,2024-01-15
9526,5841,Post,87,2024-02-06
9527,5842,Pre,61,2026-05-25
9528,5842,Post,66,2026-06-15
9529,5843,Pre,71,2025-11-19
9530,5843,Post,73,2025-11-29
9531,5844,Pre,54,2024-10-16
9532,5844,Post,71,2024-10-28
9533,5845,Pre,63,2024-02-20
9534,5845,Post,71,2024-03-04
9535,5846,Pre,59,2026-02-02
9536,5846,Post,71,2026-03-04
9537,5847,Pre,48,2024-07-07
9538,5847,Post,53,2024-07-31
9539,5848,Pre,62,2025-08-01
9540,5848,Post,65,2025-08-17
9541,5849,Pre,52,2024-10-03
9542,5849,Post,70,2024-11-03
9543,5850,Pre,80,2026-07-18
9544,5850,Post,88,2026-08-11
9545,5851,Pre,37,2025-07-24
9546,5851,Post,50,2025-08-24
9547,5853,Pre,51,2025-05-15
9548,5853,Post,65,2025-06-11
9549,5854,Pre,62,2024-12-29
9550,5854,Post,66,2025-01-16
9551,5855,Pre,62,2024-05-10
9552,5855,Post,86,2024-06-02
9553,5856,Pre,65,2024-11-24
9554,5856,Post,90,2024-12-04
9555,5857,Pre,40,2024-04-09
9556,5857,Post,59,2024-04-25
9557,5858,Pre,37,2024-12-13
9558,5859,Pre,62,2026-03-28
9559,5860,Pre,69,2025-09-13
9560,5860,Post,73,2025-09-29
9561,5862,Pre,53,2025-10-19
9562,5862,Post,65,2025-11-04
9563,5863,Pre,57,2025-10-13
9564,5863,Post,75,2025-10-20
9565,5864,Pre,53,2025-09-25
9566,5865,Pre,78,2025-10-21
9567,5866,Pre,73,2024-10-21
9568,5867,Pre,47,2025-12-22
9569,5868,Pre,30,2024-05-14
9570,5868,Post,59,2024-06-10
9571,5869,Pre,59,2025-04-05
9572,5871,Pre,47,2025-08-03
9573,5871,Post,57,2025-08-19
9574,5872,Pre,41,2026-07-31
9575,5872,Post,52,2026-08-14
9576,5875,Pre,45,2025-12-24
9577,5875,Post,50,2026-01-18
9578,5876,Pre,55,2025-09-04
9579,5876,Post,63,2025-09-10
9580,5877,Pre,80,2024-09-14
9581,5877,Post,90,2024-09-27
9582,5878,Pre,56,2024-09-30
9583,5878,Post,73,2024-10-14
9584,5879,Pre,60,2026-03-07
9585,5879,Post,76,2026-04-07
9586,5880,Pre,66,2024-09-15
9587,5880,Post,77,2024-10-11
9588,5881,Pre,54,2025-12-25
9589,5881,Post,67,2025-12-29
9590,5882,Pre,76,2024-06-18
9591,5883,Pre,51,2026-01-05
9592,5883,Post,54,2026-01-20
9593,5884,Pre,53,2024-02-18
9594,5885,Pre,25,2026-07-31
9595,5885,Post,25,2026-08-19
9596,5886,Pre,51,2024-04-18
9597,5886,Post,60,2024-04-30
9598,5887,Pre,65,2025-01-16
9599,5887,Post,71,2025-01-19
9600,5888,Pre,65,2026-07-10
9601,5888,Post,79,2026-07-27
9602,5889,Pre,55,2024-05-23
9603,5889,Post,65,2024-06-20
9604,5890,Pre,77,2025-05-02
9605,5891,Pre,75,2025-02-16
9606,5891,Post,84,2025-03-06
9607,5892,Pre,63,2025-07-20
9608,5892,Post,73,2025-08-07
9609,5893,Pre,50,2024-10-23
9610,5893,Post,58,2024-11-11
9611,5894,Pre,78,2024-07-07
9612,5894,Post,100,2024-07-27
9613,5895,Pre,73,2026-02-17
9614,5895,Post,83,2026-03-10
9615,5896,Pre,54,2026-02-28
9616,5896,Post,58,2026-03-11
9617,5897,Pre,75,2024-07-24
9618,5897,Post,89,2024-08-11
9619,5899,Pre,39,2025-06-11
9620,5899,Post,62,2025-07-14
9621,5900,Pre,66,2025-05-26
9622,5900,Post,78,2025-06-21
9623,5901,Pre,61,2026-04-16
9624,5901,Post,72,2026-05-10
9625,5902,Pre,67,2025-02-25
9626,5902,Post,67,2025-03-27
9627,5903,Pre,71,2026-02-26
9628,5904,Pre,59,2025-04-03
9629,5905,Pre,46,2026-05-13
9630,5905,Post,55,2026-06-02
9631,5906,Pre,52,2024-05-23
9632,5906,Post,74,2024-06-16
9633,5907,Pre,29,2026-06-27
9634,5907,Post,48,2026-07-11
9635,5908,Pre,68,2024-12-27
9636,5908,Post,83,2025-01-20
9637,5909,Pre,81,2026-01-07
9638,5909,Post,85,2026-02-02
9639,5910,Pre,52,2025-02-10
9640,5910,Post,56,2025-02-25
9641,5911,Pre,48,2025-03-15
9642,5911,Post,66,2025-03-22
9643,5912,Pre,47,2025-04-28
9644,5912,Post,63,2025-05-05
9645,5913,Pre,62,2024-06-07
9646,5913,Post,79,2024-06-30
9647,5914,Pre,32,2025-09-26
9648,5915,Pre,50,2024-06-01
9649,5915,Post,59,2024-06-27
9650,5916,Pre,58,2024-06-19
9651,5916,Post,65,2024-07-05
9652,5917,Pre,54,2025-11-20
9653,5917,Post,71,2025-12-09
9654,5918,Pre,67,2024-05-16
9655,5918,Post,75,2024-05-21
9656,5919,Pre,55,2025-11-24
9657,5919,Post,61,2025-12-18
9658,5920,Pre,69,2025-09-09
9659,5920,Post,77,2025-10-01
9660,5921,Pre,63,2024-08-05
9661,5921,Post,68,2024-08-31
9662,5922,Pre,58,2025-02-16
9663,5922,Post,66,2025-03-14
9664,5923,Pre,64,2025-03-24
9665,5923,Post,82,2025-04-10
9666,5924,Pre,53,2025-02-05
9667,5924,Post,64,2025-02-19
9668,5926,Pre,67,2025-08-01
9669,5926,Post,79,2025-08-13
9670,5927,Pre,59,2024-06-11
9671,5928,Pre,53,2026-01-16
9672,5928,Post,73,2026-02-01
9673,5929,Pre,55,2024-12-08
9674,5930,Pre,40,2025-05-03
9675,5931,Pre,64,2026-02-07
9676,5932,Pre,52,2026-03-07
9677,5932,Post,63,2026-03-28
9678,5933,Pre,58,2025-05-14
9679,5933,Post,69,2025-05-30
9680,5935,Pre,70,2025-12-29
9681,5935,Post,91,2026-01-04
9682,5936,Pre,71,2025-04-23
9683,5936,Post,81,2025-05-23
9684,5937,Pre,68,2024-09-16
9685,5937,Post,70,2024-10-05
9686,5938,Pre,62,2024-02-17
9687,5938,Post,74,2024-03-02
9688,5939,Pre,73,2025-01-30
9689,5939,Post,80,2025-02-06
9690,5940,Pre,82,2025-02-09
9691,5940,Post,85,2025-02-28
9692,5941,Pre,54,2026-02-03
9693,5941,Post,61,2026-02-26
9694,5943,Pre,58,2025-09-10
9695,5944,Pre,66,2026-02-11
9696,5944,Post,80,2026-03-10
9697,5945,Pre,46,2026-07-19
9698,5945,Post,58,2026-07-26
9699,5946,Pre,60,2025-09-28
9700,5946,Post,63,2025-10-13
9701,5947,Pre,50,2025-11-14
9702,5947,Post,66,2025-11-25
9703,5948,Pre,77,2025-07-07
9704,5948,Post,82,2025-07-30
9705,5949,Pre,42,2025-07-11
9706,5949,Post,44,2025-07-13
9707,5950,Pre,56,2026-01-28
9708,5950,Post,61,2026-02-17
9709,5951,Pre,49,2026-04-03
9710,5951,Post,55,2026-05-02
9711,5952,Pre,44,2025-05-20
9712,5952,Post,60,2025-06-22
9713,5953,Pre,64,2025-09-16
9714,5953,Post,74,2025-09-21
9715,5954,Pre,58,2026-06-16
9716,5954,Post,76,2026-07-19
9717,5955,Pre,64,2024-08-08
9718,5955,Post,83,2024-09-09
9719,5956,Pre,45,2024-01-07
9720,5956,Post,57,2024-01-26
9721,5957,Pre,59,2024-06-04
9722,5957,Post,75,2024-06-20
9723,5958,Pre,48,2025-02-08
9724,5958,Post,60,2025-03-08
9725,5959,Pre,79,2024-10-25
9726,5960,Pre,49,2024-03-22
9727,5960,Post,53,2024-03-26
9728,5961,Pre,65,2025-07-16
9729,5961,Post,77,2025-08-04
9730,5962,Pre,54,2026-05-03
9731,5962,Post,68,2026-06-03
9732,5964,Pre,61,2026-03-02
9733,5964,Post,73,2026-04-01
9734,5965,Pre,65,2025-08-12
9735,5965,Post,76,2025-08-17
9736,5966,Pre,63,2025-12-07
9737,5966,Post,76,2025-12-31
9738,5967,Pre,57,2026-02-05
9739,5967,Post,73,2026-02-22
9740,5970,Pre,58,2024-09-01
9741,5970,Post,68,2024-09-12
9742,5971,Pre,62,2026-07-20
9743,5972,Pre,44,2024-03-15
9744,5972,Post,53,2024-04-11
9745,5973,Pre,88,2025-09-25
9746,5973,Post,100,2025-10-15
9747,5974,Pre,47,2026-07-08
9748,5974,Post,57,2026-07-30
9749,5975,Pre,52,2025-05-09
9750,5975,Post,61,2025-05-20
9751,5976,Pre,37,2024-09-17
9752,5976,Post,47,2024-10-12
9753,5977,Pre,62,2026-01-20
9754,5977,Post,79,2026-01-25
9755,5979,Pre,79,2025-08-04
9756,5979,Post,83,2025-08-14
9757,5980,Pre,43,2024-04-25
9758,5980,Post,57,2024-05-24
9759,5981,Pre,54,2026-05-31
9760,5981,Post,75,2026-06-28
9761,5982,Pre,53,2025-12-15
9762,5982,Post,71,2026-01-03
9763,5983,Pre,71,2026-02-11
9764,5983,Post,77,2026-03-11
9765,5984,Pre,65,2025-01-04
9766,5984,Post,76,2025-01-09
9767,5985,Pre,61,2024-08-13
9768,5985,Post,87,2024-09-01
9769,5986,Pre,55,2026-01-12
9770,5986,Post,68,2026-01-31
9771,5987,Pre,48,2024-08-08
9772,5987,Post,64,2024-08-22
9773,5988,Pre,54,2024-04-13
9774,5989,Pre,57,2025-06-01
9775,5989,Post,70,2025-07-01
9776,5990,Pre,46,2025-04-24
9777,5991,Pre,70,2026-01-24
9778,5991,Post,78,2026-02-17
9779,5992,Pre,63,2024-04-08
9780,5992,Post,64,2024-05-06
9781,5993,Pre,41,2026-02-11
9782,5993,Post,55,2026-02-27
9783,5994,Pre,58,2024-06-23
9784,5994,Post,68,2024-07-20
9785,5995,Pre,57,2025-05-09
9786,5995,Post,85,2025-05-25
9787,5996,Pre,58,2024-01-24
9788,5996,Post,68,2024-02-19
9789,5997,Pre,64,2024-07-21
9790,5997,Post,80,2024-08-12
9791,5998,Pre,50,2024-03-03
9792,5998,Post,58,2024-03-11
9793,5999,Pre,67,2024-11-23
9794,5999,Post,80,2024-12-06
9795,6000,Pre,57,2025-07-14
9796,6000,Post,68,2025-08-03
9797,6001,Pre,52,2026-03-11
9798,6001,Post,57,2026-03-27
9799,6002,Pre,57,2025-05-18
9800,6002,Post,64,2025-05-23
9801,6004,Pre,40,2024-10-06
9802,6004,Post,46,2024-10-12
9803,6005,Pre,64,2024-08-25
9804,6005,Post,68,2024-09-18
9805,6006,Pre,68,2025-05-24
9806,6007,Pre,87,2025-10-18
9807,6007,Post,100,2025-11-13
9808,6008,Pre,59,2024-05-20
9809,6008,Post,73,2024-06-09
9810,6009,Pre,51,2025-12-07
9811,6009,Post,60,2025-12-24
9812,6010,Pre,64,2024-04-20
9813,6010,Post,71,2024-05-01
9814,6011,Pre,41,2024-09-18
9815,6011,Post,47,2024-10-01
9816,6012,Pre,70,2024-02-01
9817,6012,Post,83,2024-02-24
9818,6013,Pre,59,2024-01-31
9819,6013,Post,77,2024-02-07
9820,6014,Pre,79,2024-03-08
9821,6014,Post,84,2024-04-02
9822,6016,Pre,33,2024-03-31
9823,6016,Post,50,2024-04-29
9824,6018,Pre,48,2025-03-22
9825,6019,Pre,49,2024-07-18
9826,6019,Post,53,2024-07-24
9827,6020,Pre,48,2026-03-15
9828,6021,Pre,76,2026-01-25
9829,6021,Post,90,2026-02-02
9830,6022,Pre,64,2025-07-10
9831,6022,Post,72,2025-07-22
9832,6023,Pre,43,2025-06-17
9833,6023,Post,47,2025-06-21
9834,6025,Pre,62,2024-12-09
9835,6025,Post,71,2024-12-31
9836,6026,Pre,75,2025-04-20
9837,6026,Post,81,2025-04-28
9838,6027,Pre,45,2024-05-12
9839,6027,Post,49,2024-05-30
9840,6028,Pre,50,2025-05-10
9841,6028,Post,60,2025-05-20
9842,6029,Pre,65,2025-03-08
9843,6029,Post,75,2025-03-20
9844,6031,Pre,70,2024-05-12
9845,6032,Pre,54,2024-01-05
9846,6032,Post,67,2024-01-24
9847,6033,Pre,36,2025-04-07
9848,6033,Post,51,2025-04-19
9849,6034,Pre,47,2024-05-19
9850,6034,Post,52,2024-05-30
9851,6035,Pre,60,2025-09-24
9852,6036,Pre,57,2025-12-07
9853,6036,Post,67,2025-12-19
9854,6037,Pre,63,2025-04-30
9855,6038,Pre,54,2025-05-25
9856,6038,Post,63,2025-06-13
9857,6039,Pre,46,2025-09-14
9858,6040,Pre,83,2026-01-12
9859,6040,Post,94,2026-02-04
9860,6041,Pre,53,2024-01-17
9861,6041,Post,62,2024-01-31
9862,6042,Pre,49,2025-09-19
9863,6042,Post,65,2025-10-07
9864,6043,Pre,76,2024-07-19
9865,6043,Post,79,2024-08-19
9866,6044,Pre,47,2025-01-28
9867,6044,Post,69,2025-02-11
9868,6045,Pre,64,2025-04-10
9869,6045,Post,79,2025-05-03
9870,6046,Pre,40,2026-02-16
9871,6046,Post,61,2026-03-14
9872,6047,Pre,46,2024-09-02
9873,6047,Post,52,2024-09-25
9874,6048,Pre,56,2025-11-08
9875,6048,Post,67,2025-11-16
9876,6049,Pre,60,2025-04-29
9877,6049,Post,60,2025-05-08
9878,6050,Pre,64,2024-11-15
9879,6051,Pre,63,2024-06-10
9880,6051,Post,71,2024-06-18
9881,6052,Pre,36,2024-09-08
9882,6052,Post,47,2024-09-13
9883,6053,Pre,50,2026-06-17
9884,6053,Post,68,2026-07-04
9885,6054,Pre,68,2024-09-18
9886,6055,Pre,52,2026-06-13
9887,6055,Post,68,2026-07-07
9888,6056,Pre,53,2025-06-24
9889,6056,Post,67,2025-07-05
9890,6057,Pre,64,2025-01-08
9891,6057,Post,83,2025-01-25
9892,6058,Pre,50,2025-01-06
9893,6059,Pre,58,2026-06-24
9894,6059,Post,71,2026-07-09
9895,6061,Pre,59,2025-04-23
9896,6061,Post,84,2025-05-19
9897,6062,Pre,72,2025-08-04
9898,6062,Post,83,2025-08-30
9899,6063,Pre,73,2026-04-12
9900,6063,Post,79,2026-05-11
9901,6064,Pre,56,2024-07-02
9902,6065,Pre,71,2024-08-31
9903,6065,Post,96,2024-09-17
9904,6066,Pre,43,2024-04-23
9905,6066,Post,64,2024-05-12
9906,6067,Pre,44,2025-10-19
9907,6067,Post,50,2025-11-03
9908,6068,Pre,88,2024-07-01
9909,6068,Post,95,2024-07-22
9910,6069,Pre,70,2025-03-27
9911,6070,Pre,51,2026-07-18
9912,6070,Post,75,2026-08-11
9913,6071,Pre,63,2026-02-22
9914,6071,Post,74,2026-03-23
9915,6072,Pre,65,2026-05-24
9916,6072,Post,77,2026-06-13
9917,6073,Pre,60,2024-09-24
9918,6073,Post,73,2024-10-21
9919,6074,Pre,39,2024-08-13
9920,6075,Pre,52,2024-06-30
9921,6077,Pre,59,2024-06-24
9922,6077,Post,64,2024-07-19
9923,6080,Pre,65,2026-01-30
9924,6080,Post,61,2026-02-21
9925,6083,Pre,57,2024-10-02
9926,6083,Post,77,2024-10-10
9927,6084,Pre,60,2026-01-31
9928,6084,Post,63,2026-02-07
9929,6086,Pre,55,2026-02-06
9930,6086,Post,64,2026-02-19
9931,6087,Pre,58,2026-04-11
9932,6087,Post,64,2026-05-16
9933,6088,Pre,65,2025-05-17
9934,6088,Post,78,2025-06-13
9935,6089,Pre,58,2024-12-12
9936,6089,Post,76,2024-12-20
9937,6090,Pre,50,2025-03-24
9938,6090,Post,76,2025-04-19
9939,6091,Pre,69,2026-07-11
9940,6091,Post,67,2026-07-21
9941,6092,Pre,70,2024-07-14
9942,6092,Post,82,2024-07-20
9943,6093,Pre,62,2026-02-18
9944,6093,Post,71,2026-03-07
9945,6094,Pre,52,2026-04-10
9946,6094,Post,68,2026-04-26
9947,6095,Pre,46,2026-05-30
9948,6095,Post,60,2026-06-09
9949,6096,Pre,49,2026-08-05
9950,6096,Post,65,2026-08-28
9951,6097,Pre,38,2024-09-27
9952,6098,Pre,85,2024-05-24
9953,6098,Post,95,2024-06-10
9954,6099,Pre,60,2025-01-24
9955,6099,Post,67,2025-02-18
9956,6100,Pre,75,2025-06-01
9957,6101,Pre,62,2024-03-04
9958,6101,Post,68,2024-03-19
9959,6102,Pre,40,2024-10-03
9960,6102,Post,42,2024-10-20
9961,6103,Pre,54,2024-08-16
9962,6104,Pre,80,2026-05-14
9963,6104,Post,80,2026-06-02
9964,6105,Pre,54,2024-12-28
9965,6105,Post,79,2025-01-07
9966,6106,Pre,55,2026-05-13
9967,6106,Post,70,2026-06-06
9968,6107,Pre,50,2024-10-06
9969,6107,Post,57,2024-10-18
9970,6108,Pre,54,2025-03-23
9971,6108,Post,69,2025-04-20
9972,6109,Pre,46,2026-02-22
9973,6109,Post,55,2026-03-03
9974,6110,Pre,34,2024-12-14
9975,6110,Post,35,2025-01-05
9976,6111,Pre,71,2026-04-20
9977,6111,Post,78,2026-05-11
9978,6112,Pre,49,2025-02-03
9979,6112,Post,66,2025-02-08
9980,6113,Pre,55,2025-10-02
9981,6113,Post,75,2025-10-18
9982,6114,Pre,74,2024-10-06
9983,6115,Pre,83,2024-01-05
9984,6116,Pre,82,2025-08-06
9985,6116,Post,89,2025-08-19
9986,6117,Pre,62,2025-03-20
9987,6118,Pre,50,2024-12-30
9988,6120,Pre,56,2026-05-25
9989,6120,Post,56,2026-06-05
9990,6121,Pre,53,2025-04-24
9991,6122,Pre,64,2025-05-12
9992,6122,Post,82,2025-05-20
9993,6123,Pre,68,2024-02-28
9994,6123,Post,83,2024-03-20
9995,6124,Pre,38,2025-11-10
9996,6124,Post,51,2025-11-24
9997,6125,Pre,51,2026-07-25
9998,6125,Post,63,2026-07-30
9999,6126,Pre,46,2026-05-25
10000,6126,Post,52,2026-06-18
10001,6128,Pre,44,2024-11-25
10002,6128,Post,49,2024-12-07
10003,6129,Pre,57,2024-10-10
10004,6129,Post,81,2024-10-31
10005,6131,Pre,69,2025-04-02
10006,6132,Pre,69,2026-08-06
10007,6132,Post,75,2026-09-01
10008,6133,Pre,62,2024-08-16
10009,6133,Post,73,2024-08-29
10010,6134,Pre,63,2026-03-29
10011,6135,Pre,64,2024-06-07
10012,6135,Post,62,2024-06-14
10013,6136,Pre,55,2026-04-17
10014,6137,Pre,49,2025-04-13
10015,6138,Pre,59,2024-03-25
10016,6138,Post,66,2024-04-24
10017,6139,Pre,62,2026-05-22
10018,6139,Post,68,2026-06-14
10019,6140,Pre,62,2026-07-18
10020,6140,Post,76,2026-08-02
10021,6142,Pre,68,2024-08-02
10022,6143,Pre,61,2025-11-25
10023,6144,Pre,50,2025-09-23
10024,6144,Post,56,2025-09-26
10025,6145,Pre,49,2025-06-13
10026,6145,Post,70,2025-06-21
10027,6146,Pre,68,2025-07-27
10028,6146,Post,84,2025-08-04
10029,6148,Pre,53,2025-07-31
10030,6149,Pre,74,2024-08-14
10031,6151,Pre,55,2026-06-10
10032,6151,Post,59,2026-07-04
10033,6152,Pre,69,2025-09-21
10034,6152,Post,79,2025-09-28
10035,6154,Pre,55,2025-06-07
10036,6154,Post,72,2025-06-12
10037,6155,Pre,57,2024-07-28
10038,6155,Post,61,2024-08-16
10039,6156,Pre,33,2025-09-05
10040,6156,Post,53,2025-09-28
10041,6157,Pre,48,2025-06-17
10042,6157,Post,60,2025-07-04
10043,6158,Pre,63,2025-09-09
10044,6159,Pre,51,2025-12-09
10045,6159,Post,61,2025-12-23
10046,6160,Pre,67,2025-09-19
10047,6160,Post,78,2025-09-26
10048,6161,Pre,34,2025-01-28
10049,6161,Post,47,2025-02-06
10050,6162,Pre,54,2026-01-25
10051,6163,Pre,47,2026-04-14
10052,6163,Post,69,2026-05-01
10053,6164,Pre,59,2024-11-04
10054,6164,Post,68,2024-11-29
10055,6165,Pre,64,2024-02-25
10056,6165,Post,64,2024-03-19
10057,6166,Pre,55,2026-07-29
10058,6166,Post,61,2026-08-10
10059,6167,Pre,55,2025-07-07
10060,6167,Post,64,2025-07-14
10061,6168,Pre,64,2024-02-02
10062,6168,Post,66,2024-02-17
10063,6170,Pre,79,2026-03-12
10064,6170,Post,77,2026-03-21
10065,6172,Pre,54,2024-12-22
10066,6172,Post,64,2025-01-15
10067,6173,Pre,76,2024-09-13
10068,6174,Pre,68,2024-12-04
10069,6175,Pre,54,2025-01-01
10070,6176,Pre,59,2026-07-12
10071,6176,Post,71,2026-08-03
10072,6177,Pre,62,2024-11-18
10073,6177,Post,75,2024-12-03
10074,6178,Pre,66,2025-09-25
10075,6179,Pre,56,2024-09-12
10076,6179,Post,75,2024-09-26
10077,6181,Pre,64,2025-06-16
10078,6181,Post,76,2025-07-11
10079,6182,Pre,52,2024-01-24
10080,6182,Post,66,2024-02-07
10081,6183,Pre,44,2026-03-30
10082,6184,Pre,60,2024-10-15
10083,6184,Post,64,2024-10-29
10084,6185,Pre,54,2026-02-03
10085,6186,Pre,58,2025-05-03
10086,6186,Post,76,2025-05-13
10087,6187,Pre,73,2025-03-06
10088,6189,Pre,55,2025-12-14
10089,6190,Pre,81,2024-09-12
10090,6190,Post,81,2024-10-04
10091,6191,Pre,60,2025-08-03
10092,6191,Post,78,2025-08-26
10093,6192,Pre,65,2024-06-20
10094,6192,Post,73,2024-07-07
10095,6194,Pre,44,2025-04-09
10096,6194,Post,44,2025-04-17
10097,6195,Pre,74,2024-07-04
10098,6195,Post,95,2024-07-24
10099,6196,Pre,56,2026-07-04
10100,6196,Post,60,2026-07-28
10101,6199,Pre,52,2024-12-07
10102,6199,Post,58,2024-12-15
10103,6200,Pre,42,2025-08-20
10104,6200,Post,58,2025-09-06
10105,6201,Pre,63,2024-11-01
10106,6201,Post,74,2024-11-28
10107,6202,Pre,56,2026-04-24
10108,6202,Post,71,2026-04-30
10109,6203,Pre,54,2025-01-14
10110,6203,Post,69,2025-01-26
10111,6204,Pre,60,2026-01-25
10112,6204,Post,58,2026-02-11
10113,6205,Pre,60,2024-09-18
10114,6205,Post,62,2024-09-24
10115,6206,Pre,73,2025-08-25
10116,6206,Post,98,2025-09-17
10117,6207,Pre,44,2026-02-21
10118,6207,Post,52,2026-03-20
10119,6209,Pre,72,2024-08-21
10120,6209,Post,82,2024-08-31
10121,6210,Pre,77,2024-12-17
10122,6211,Pre,46,2025-05-30
10123,6211,Post,59,2025-06-10
10124,6212,Pre,56,2025-11-13
10125,6212,Post,65,2025-12-04
10126,6213,Pre,63,2026-04-28
10127,6213,Post,87,2026-05-10
10128,6214,Pre,88,2025-03-09
10129,6214,Post,87,2025-03-22
10130,6215,Pre,62,2024-08-14
10131,6215,Post,78,2024-08-18
10132,6216,Pre,49,2025-09-24
10133,6216,Post,70,2025-10-19
10134,6217,Pre,32,2026-06-25
10135,6217,Post,38,2026-07-20
10136,6218,Pre,57,2025-05-14
10137,6218,Post,68,2025-06-08
10138,6220,Pre,67,2024-05-08
10139,6221,Pre,53,2025-12-04
10140,6222,Pre,49,2024-12-29
10141,6222,Post,55,2025-01-13
10142,6224,Pre,60,2026-01-30
10143,6224,Post,72,2026-02-28
10144,6225,Pre,67,2025-03-01
10145,6225,Post,75,2025-03-09
10146,6227,Pre,62,2024-02-14
10147,6227,Post,79,2024-03-04
10148,6228,Pre,53,2025-02-01
10149,6228,Post,64,2025-02-28
10150,6229,Pre,47,2026-06-22
10151,6229,Post,59,2026-07-02
10152,6230,Pre,47,2026-06-03
10153,6231,Pre,54,2024-12-08
10154,6231,Post,76,2024-12-22
10155,6232,Pre,60,2026-07-17
10156,6232,Post,71,2026-07-25
10157,6233,Pre,63,2025-02-08
10158,6233,Post,88,2025-02-16
10159,6234,Pre,66,2024-05-28
10160,6234,Post,79,2024-06-20
10161,6235,Pre,57,2026-05-15
10162,6236,Pre,37,2026-02-17
10163,6236,Post,54,2026-03-04
10164,6237,Pre,49,2024-11-07
10165,6237,Post,55,2024-11-29
10166,6238,Pre,76,2025-10-04
10167,6238,Post,88,2025-10-24
10168,6239,Pre,53,2025-08-08
10169,6239,Post,73,2025-08-23
10170,6240,Pre,68,2025-05-21
10171,6240,Post,73,2025-06-05
10172,6242,Pre,62,2024-12-21
10173,6243,Pre,56,2024-09-13
10174,6243,Post,66,2024-09-21
10175,6244,Pre,66,2025-05-09
10176,6244,Post,78,2025-06-06
10177,6245,Pre,48,2024-01-11
10178,6245,Post,59,2024-01-28
10179,6246,Pre,65,2026-02-10
10180,6246,Post,63,2026-03-02
10181,6247,Pre,60,2025-03-11
10182,6247,Post,73,2025-04-05
10183,6248,Pre,45,2025-06-20
10184,6248,Post,64,2025-07-07
10185,6249,Pre,61,2024-01-05
10186,6249,Post,71,2024-01-16
10187,6250,Pre,46,2025-02-27
10188,6250,Post,56,2025-03-24
10189,6251,Pre,55,2026-01-24
10190,6251,Post,68,2026-02-15
10191,6252,Pre,43,2026-01-18
10192,6252,Post,53,2026-02-16
10193,6253,Pre,63,2026-03-30
10194,6253,Post,84,2026-04-29
10195,6255,Pre,55,2026-02-01
10196,6255,Post,62,2026-02-15
10197,6256,Pre,59,2024-05-10
10198,6256,Post,77,2024-06-03
10199,6257,Pre,70,2024-11-07
10200,6258,Pre,67,2026-03-23
10201,6258,Post,80,2026-04-21
10202,6259,Pre,45,2024-12-15
10203,6260,Pre,49,2025-06-11
10204,6260,Post,72,2025-06-25
10205,6262,Pre,79,2025-03-15
10206,6263,Pre,53,2025-08-19
10207,6263,Post,69,2025-09-15
10208,6264,Pre,46,2025-11-08
10209,6264,Post,56,2025-11-20
10210,6265,Pre,61,2025-11-11
10211,6267,Pre,66,2025-04-22
10212,6267,Post,76,2025-05-19
10213,6268,Pre,55,2024-08-02
10214,6268,Post,64,2024-08-22
10215,6269,Pre,51,2025-02-05
10216,6269,Post,60,2025-03-01
10217,6270,Pre,55,2025-06-03
10218,6270,Post,57,2025-06-14
10219,6271,Pre,71,2026-05-19
10220,6271,Post,77,2026-06-08
10221,6272,Pre,61,2024-07-16
10222,6272,Post,68,2024-08-13
10223,6273,Pre,57,2026-01-04
10224,6273,Post,60,2026-01-30
10225,6274,Pre,62,2024-02-01
10226,6275,Pre,49,2024-12-19
10227,6275,Post,69,2024-12-31
10228,6276,Pre,45,2025-11-06
10229,6276,Post,62,2025-12-04
10230,6277,Pre,64,2024-05-09
10231,6278,Pre,49,2024-12-03
10232,6278,Post,54,2024-12-08
10233,6279,Pre,57,2024-02-18
10234,6280,Pre,73,2024-09-12
10235,6280,Post,84,2024-10-02
10236,6281,Pre,60,2024-03-04
10237,6281,Post,73,2024-03-11
10238,6282,Pre,67,2026-03-02
10239,6282,Post,72,2026-03-12
10240,6283,Pre,53,2025-09-29
10241,6283,Post,65,2025-10-22
10242,6284,Pre,51,2024-12-30
10243,6284,Post,60,2025-01-30
10244,6285,Pre,65,2024-08-31
10245,6285,Post,71,2024-09-07
10246,6286,Pre,57,2025-12-31
10247,6286,Post,77,2026-01-09
10248,6287,Pre,56,2025-03-28
10249,6287,Post,66,2025-04-09
10250,6288,Pre,63,2025-02-13
10251,6289,Pre,67,2025-03-27
10252,6289,Post,80,2025-04-13
10253,6291,Pre,45,2026-02-07
10254,6291,Post,57,2026-02-27
10255,6292,Pre,75,2024-10-02
10256,6292,Post,89,2024-10-25
10257,6293,Pre,66,2026-06-29
10258,6294,Pre,47,2025-07-29
10259,6295,Pre,63,2024-07-13
10260,6295,Post,78,2024-08-13
10261,6296,Pre,64,2026-05-28
10262,6296,Post,72,2026-06-18
10263,6297,Pre,51,2025-02-23
10264,6298,Pre,50,2024-08-31
10265,6299,Pre,54,2024-12-17
10266,6299,Post,67,2024-12-22
10267,6300,Pre,41,2026-06-21
10268,6301,Pre,53,2026-05-21
10269,6301,Post,66,2026-06-03
10270,6302,Pre,63,2025-02-13
10271,6303,Pre,81,2024-08-01
10272,6303,Post,91,2024-09-02
10273,6304,Pre,80,2026-02-21
10274,6304,Post,77,2026-03-23
10275,6305,Pre,65,2025-01-27
10276,6306,Pre,63,2026-03-09
10277,6306,Post,79,2026-03-23
10278,6307,Pre,47,2025-03-01
10279,6307,Post,67,2025-03-23
10280,6308,Pre,48,2024-08-23
10281,6308,Post,53,2024-09-19
10282,6310,Pre,66,2025-11-15
10283,6310,Post,89,2025-11-28
10284,6311,Pre,77,2024-08-07
10285,6311,Post,81,2024-08-29
10286,6312,Pre,38,2024-06-10
10287,6312,Post,55,2024-06-30
10288,6313,Pre,47,2026-05-22
10289,6313,Post,46,2026-06-02
10290,6314,Pre,44,2024-01-18
10291,6314,Post,61,2024-02-07
10292,6315,Pre,54,2024-09-13
10293,6315,Post,68,2024-10-01
10294,6316,Pre,54,2024-01-01
10295,6316,Post,58,2024-01-08
10296,6317,Pre,75,2024-01-03
10297,6317,Post,75,2024-01-29
10298,6318,Pre,53,2026-04-04
10299,6318,Post,63,2026-04-15
10300,6319,Pre,43,2025-05-04
10301,6319,Post,52,2025-05-16
10302,6320,Pre,32,2024-07-25
10303,6320,Post,46,2024-08-03
10304,6321,Pre,59,2025-09-03
10305,6321,Post,76,2025-10-02
10306,6322,Pre,63,2025-03-11
10307,6323,Pre,28,2026-02-03
10308,6324,Pre,55,2026-02-12
10309,6324,Post,65,2026-03-06
10310,6326,Pre,46,2024-04-06
10311,6326,Post,72,2024-05-02
10312,6327,Pre,64,2026-05-09
10313,6328,Pre,60,2025-05-22
10314,6329,Pre,58,2024-02-03
10315,6329,Post,62,2024-02-27
10316,6330,Pre,46,2026-05-19
10317,6330,Post,64,2026-06-03
10318,6331,Pre,45,2024-11-19
10319,6331,Post,65,2024-12-13
10320,6332,Pre,78,2024-02-11
10321,6332,Post,85,2024-03-06
10322,6335,Pre,53,2026-07-28
10323,6336,Pre,56,2026-01-15
10324,6336,Post,53,2026-01-27
10325,6337,Pre,71,2025-08-09
10326,6337,Post,74,2025-09-01
10327,6338,Pre,59,2025-07-21
10328,6338,Post,70,2025-07-26
10329,6339,Pre,56,2025-06-27
10330,6339,Post,72,2025-07-25
10331,6340,Pre,72,2025-06-20
10332,6340,Post,73,2025-06-27
10333,6341,Pre,47,2024-12-24
10334,6341,Post,49,2025-01-16
10335,6342,Pre,78,2025-11-01
10336,6343,Pre,66,2024-03-10
10337,6343,Post,66,2024-04-03
10338,6344,Pre,62,2026-02-12
10339,6344,Post,89,2026-03-01
10340,6345,Pre,44,2025-08-14
10341,6345,Post,60,2025-09-11
10342,6346,Pre,45,2026-04-25
10343,6346,Post,64,2026-05-18
10344,6347,Pre,60,2026-01-26
10345,6348,Pre,82,2024-08-21
10346,6349,Pre,57,2025-07-09
10347,6349,Post,53,2025-08-05
10348,6350,Pre,51,2025-02-02
10349,6351,Pre,29,2025-01-31
10350,6354,Pre,68,2024-11-13
10351,6354,Post,73,2024-11-21
10352,6355,Pre,55,2025-04-26
10353,6355,Post,62,2025-05-18
10354,6356,Pre,54,2025-11-16
10355,6356,Post,71,2025-11-28
10356,6357,Pre,64,2025-06-06
10357,6357,Post,75,2025-06-18
10358,6358,Pre,68,2025-08-05
10359,6358,Post,82,2025-08-31
10360,6359,Pre,43,2026-04-18
10361,6359,Post,44,2026-04-20
10362,6360,Pre,48,2025-01-26
10363,6360,Post,55,2025-02-04
10364,6361,Pre,53,2024-05-05
10365,6361,Post,61,2024-05-20
10366,6362,Pre,53,2024-11-29
10367,6362,Post,71,2024-12-14
10368,6363,Pre,47,2024-03-20
10369,6364,Pre,42,2024-12-15
10370,6364,Post,52,2025-01-02
10371,6365,Pre,65,2025-05-20
10372,6365,Post,82,2025-05-29
10373,6366,Pre,50,2026-04-12
10374,6366,Post,63,2026-05-07
10375,6367,Pre,64,2024-02-04
10376,6369,Pre,51,2025-03-24
10377,6369,Post,63,2025-04-09
10378,6370,Pre,56,2026-07-18
10379,6370,Post,64,2026-08-13
10380,6371,Pre,72,2025-03-03
10381,6371,Post,92,2025-03-23
10382,6372,Pre,53,2024-04-23
10383,6372,Post,68,2024-05-18
10384,6373,Pre,77,2025-09-03
10385,6373,Post,84,2025-09-14
10386,6375,Pre,41,2025-02-18
10387,6375,Post,49,2025-03-15
10388,6376,Pre,57,2025-12-15
10389,6376,Post,71,2026-01-08
10390,6377,Pre,76,2024-08-22
10391,6377,Post,82,2024-09-20
10392,6378,Pre,59,2026-01-06
10393,6378,Post,71,2026-02-06
10394,6379,Pre,57,2026-04-23
10395,6379,Post,61,2026-05-03
10396,6380,Pre,52,2026-01-07
10397,6380,Post,67,2026-01-31
10398,6381,Pre,70,2025-12-25
10399,6381,Post,75,2026-01-12
10400,6383,Pre,41,2026-01-23
10401,6383,Post,51,2026-02-09
10402,6384,Pre,58,2026-06-04
10403,6384,Post,81,2026-06-21
10404,6385,Pre,57,2026-01-23
10405,6385,Post,69,2026-01-28
10406,6386,Pre,83,2025-11-07
10407,6386,Post,87,2025-11-30
10408,6387,Pre,59,2025-07-11
10409,6387,Post,56,2025-08-05
10410,6388,Pre,60,2026-05-30
10411,6388,Post,81,2026-06-10
10412,6389,Pre,47,2024-03-02
10413,6389,Post,59,2024-03-22
10414,6390,Pre,72,2025-03-14
10415,6390,Post,69,2025-04-07
10416,6391,Pre,59,2026-07-10
10417,6391,Post,74,2026-07-23
10418,6392,Pre,73,2024-07-30
10419,6393,Pre,69,2024-11-03
10420,6393,Post,72,2024-11-20
10421,6394,Pre,58,2024-11-24
10422,6394,Post,72,2024-12-09
10423,6395,Pre,66,2026-06-20
10424,6397,Pre,73,2024-07-15
10425,6397,Post,83,2024-07-21
10426,6398,Pre,62,2026-04-03
10427,6398,Post,80,2026-04-16
10428,6399,Pre,41,2026-07-18
10429,6399,Post,44,2026-07-26
10430,6400,Pre,63,2025-06-21
10431,6401,Pre,57,2026-01-02
10432,6402,Pre,49,2025-01-21
10433,6402,Post,66,2025-02-06
10434,6403,Pre,65,2025-05-07
10435,6403,Post,63,2025-06-07
10436,6404,Pre,62,2024-08-08
10437,6404,Post,69,2024-08-10
10438,6405,Pre,49,2024-12-18
10439,6405,Post,56,2025-01-01
10440,6407,Pre,76,2025-06-23
10441,6407,Post,85,2025-07-11
10442,6408,Pre,70,2025-09-17
10443,6408,Post,76,2025-10-20
10444,6409,Pre,76,2024-04-02
10445,6411,Pre,40,2026-02-10
10446,6411,Post,62,2026-03-12
10447,6412,Pre,70,2024-12-22
10448,6412,Post,71,2025-01-14
10449,6413,Pre,48,2024-04-07
10450,6414,Pre,80,2025-01-11
10451,6414,Post,86,2025-02-02
10452,6415,Pre,62,2025-07-05
10453,6416,Pre,64,2024-09-01
10454,6416,Post,77,2024-09-27
10455,6417,Pre,71,2024-08-25
10456,6417,Post,95,2024-09-09
10457,6418,Pre,61,2026-07-25
10458,6418,Post,78,2026-08-06
10459,6419,Pre,64,2024-11-30
10460,6419,Post,71,2024-12-23
10461,6420,Pre,78,2025-04-02
10462,6420,Post,86,2025-05-01
10463,6421,Pre,61,2025-01-03
10464,6421,Post,73,2025-01-18
10465,6422,Pre,54,2025-08-21
10466,6422,Post,50,2025-09-16
10467,6423,Pre,68,2024-05-31
10468,6424,Pre,88,2025-06-21
10469,6424,Post,95,2025-07-14
10470,6425,Pre,76,2024-11-17
10471,6425,Post,87,2024-12-09
10472,6426,Pre,60,2025-01-30
10473,6426,Post,80,2025-02-26
10474,6427,Pre,74,2025-07-05
10475,6427,Post,86,2025-07-12
10476,6428,Pre,72,2025-01-05
10477,6428,Post,79,2025-01-22
10478,6429,Pre,39,2025-10-28
10479,6429,Post,48,2025-11-14
10480,6430,Pre,49,2025-11-11
10481,6430,Post,56,2025-11-19
10482,6431,Pre,76,2024-09-06
10483,6431,Post,77,2024-09-28
10484,6432,Pre,53,2024-04-15
10485,6432,Post,68,2024-05-13
10486,6433,Pre,59,2024-06-04
10487,6433,Post,62,2024-06-06
10488,6434,Pre,40,2025-12-18
10489,6435,Pre,64,2025-06-11
10490,6436,Pre,64,2025-11-14
10491,6436,Post,77,2025-12-10
10492,6437,Pre,49,2025-03-19
10493,6438,Pre,53,2025-10-29
10494,6438,Post,57,2025-11-25
10495,6439,Pre,70,2024-04-07
10496,6439,Post,86,2024-05-06
10497,6440,Pre,78,2024-08-28
10498,6442,Pre,57,2026-05-07
10499,6442,Post,78,2026-05-14
10500,6443,Pre,68,2025-06-30
10501,6443,Post,84,2025-07-21
10502,6445,Pre,65,2025-08-11
10503,6445,Post,73,2025-09-10
10504,6446,Pre,53,2024-01-02
10505,6446,Post,64,2024-01-28
10506,6447,Pre,62,2025-01-26
10507,6448,Pre,70,2024-02-14
10508,6449,Pre,67,2026-06-06
10509,6449,Post,85,2026-06-14
10510,6450,Pre,40,2024-01-19
10511,6450,Post,42,2024-02-06
10512,6451,Pre,56,2024-12-09
10513,6451,Post,71,2025-01-03
10514,6452,Pre,57,2026-04-22
10515,6452,Post,57,2026-05-06
10516,6454,Pre,86,2025-05-18
10517,6454,Post,96,2025-06-01
10518,6456,Pre,50,2026-07-19
10519,6456,Post,64,2026-08-06
10520,6457,Pre,41,2026-07-22
10521,6457,Post,46,2026-07-28
10522,6458,Pre,43,2025-06-21
10523,6458,Post,54,2025-07-10
10524,6459,Pre,69,2026-05-17
10525,6460,Pre,60,2024-03-10
10526,6460,Post,81,2024-03-18
10527,6461,Pre,53,2024-06-24
10528,6461,Post,58,2024-07-10
10529,6462,Pre,69,2025-11-08
10530,6462,Post,92,2025-12-01
10531,6464,Pre,59,2024-09-15
10532,6464,Post,80,2024-09-27
10533,6465,Pre,44,2024-07-22
10534,6466,Pre,63,2024-09-17
10535,6466,Post,74,2024-10-19
10536,6467,Pre,63,2026-01-23
10537,6468,Pre,40,2026-03-29
10538,6469,Pre,82,2026-02-10
10539,6471,Pre,53,2026-07-11
10540,6471,Post,57,2026-07-24
10541,6472,Pre,66,2024-02-18
10542,6472,Post,71,2024-03-15
10543,6473,Pre,63,2026-05-15
10544,6473,Post,72,2026-06-02
10545,6474,Pre,49,2026-04-14
10546,6474,Post,56,2026-05-09
10547,6475,Pre,70,2024-02-16
10548,6476,Pre,51,2026-01-24
10549,6476,Post,74,2026-02-23
10550,6477,Pre,67,2026-07-29
10551,6477,Post,85,2026-08-10
10552,6478,Pre,41,2024-09-01
10553,6478,Post,51,2024-09-28
10554,6479,Pre,49,2024-02-16
10555,6480,Pre,44,2025-09-06
10556,6480,Post,50,2025-09-14
10557,6481,Pre,64,2025-07-28
10558,6481,Post,73,2025-08-08
10559,6483,Pre,48,2026-05-09
10560,6483,Post,57,2026-05-31
10561,6484,Pre,62,2024-08-03
10562,6484,Post,79,2024-08-27
10563,6485,Pre,55,2026-01-18
10564,6485,Post,73,2026-02-04
10565,6486,Pre,51,2024-07-14
10566,6486,Post,69,2024-07-19
10567,6488,Pre,60,2025-11-02
10568,6488,Post,72,2025-11-09
10569,6489,Pre,53,2025-06-11
10570,6489,Post,57,2025-06-16
10571,6490,Pre,40,2026-02-11
10572,6491,Pre,65,2026-05-25
10573,6491,Post,77,2026-06-03
10574,6492,Pre,68,2026-05-06
10575,6492,Post,69,2026-05-27
10576,6493,Pre,39,2025-04-22
10577,6493,Post,49,2025-04-27
10578,6494,Pre,71,2025-05-09
10579,6494,Post,73,2025-05-22
10580,6495,Pre,37,2024-08-25
10581,6495,Post,48,2024-09-20
10582,6497,Pre,52,2024-01-31
10583,6497,Post,66,2024-02-13
10584,6499,Pre,59,2025-06-26
10585,6499,Post,65,2025-07-22
10586,6500,Pre,35,2024-08-01
10587,6500,Post,52,2024-08-29
10588,6501,Pre,75,2025-02-18
10589,6501,Post,79,2025-02-23
10590,6502,Pre,83,2025-02-07
10591,6502,Post,100,2025-02-14
10592,6503,Pre,48,2026-06-21
10593,6504,Pre,69,2024-01-07
10594,6504,Post,87,2024-02-03
10595,6505,Pre,45,2025-06-13
10596,6505,Post,59,2025-07-11
10597,6506,Pre,55,2026-05-10
10598,6507,Pre,73,2025-08-22
10599,6507,Post,75,2025-08-27
10600,6508,Pre,70,2024-09-09
10601,6509,Pre,61,2024-05-20
10602,6509,Post,69,2024-06-18
10603,6510,Pre,44,2025-03-27
10604,6510,Post,45,2025-04-23
10605,6511,Pre,41,2025-07-28
10606,6511,Post,55,2025-08-18
10607,6512,Pre,56,2025-11-13
10608,6513,Pre,74,2025-04-26
10609,6513,Post,98,2025-05-18
10610,6514,Pre,53,2026-05-04
10611,6514,Post,77,2026-05-12
10612,6515,Pre,63,2025-05-14
10613,6515,Post,69,2025-05-29
10614,6517,Pre,49,2024-08-13
10615,6517,Post,62,2024-09-08
10616,6518,Pre,58,2024-09-03
10617,6518,Post,62,2024-09-10
10618,6519,Pre,65,2026-05-19
10619,6519,Post,72,2026-06-10
10620,6520,Pre,50,2024-12-20
10621,6520,Post,62,2025-01-13
10622,6521,Pre,68,2025-04-24
10623,6522,Pre,56,2024-01-31
10624,6522,Post,75,2024-02-13
10625,6523,Pre,58,2025-05-15
10626,6524,Pre,68,2024-12-02
10627,6524,Post,69,2024-12-22
10628,6525,Pre,55,2025-10-31
10629,6525,Post,67,2025-11-20
10630,6527,Pre,76,2025-03-03
10631,6527,Post,80,2025-03-09
10632,6528,Pre,46,2026-04-22
10633,6530,Pre,52,2024-04-06
10634,6531,Pre,68,2026-03-02
10635,6531,Post,81,2026-03-08
10636,6533,Pre,64,2026-01-16
10637,6533,Post,64,2026-01-19
10638,6534,Pre,62,2024-01-21
10639,6534,Post,73,2024-01-26
10640,6535,Pre,49,2026-06-23
10641,6535,Post,65,2026-07-18
10642,6536,Pre,52,2024-08-07
10643,6536,Post,67,2024-09-03
10644,6537,Pre,56,2024-04-16
10645,6538,Pre,46,2025-06-02
10646,6538,Post,49,2025-06-22
10647,6539,Pre,33,2026-01-06
10648,6539,Post,46,2026-02-01
10649,6540,Pre,61,2024-11-23
10650,6540,Post,78,2024-12-08
10651,6541,Pre,55,2024-11-11
10652,6542,Pre,68,2025-07-04
10653,6543,Pre,56,2026-07-28
10654,6543,Post,70,2026-08-14
10655,6544,Pre,40,2024-05-28
10656,6544,Post,43,2024-06-24
10657,6545,Pre,63,2025-07-16
10658,6546,Pre,57,2026-05-11
10659,6547,Pre,52,2026-05-19
10660,6547,Post,77,2026-06-15
10661,6548,Pre,55,2025-06-30
10662,6548,Post,73,2025-07-25
10663,6549,Pre,39,2025-11-20
10664,6549,Post,48,2025-12-15
10665,6550,Pre,56,2025-10-15
10666,6550,Post,73,2025-10-22
10667,6551,Pre,69,2025-11-24
10668,6552,Pre,61,2025-01-11
10669,6552,Post,74,2025-02-07
10670,6553,Pre,71,2026-03-24
10671,6553,Post,85,2026-04-15
10672,6554,Pre,60,2024-05-06
10673,6554,Post,78,2024-05-21
10674,6555,Pre,59,2025-05-20
10675,6555,Post,70,2025-05-27
10676,6556,Pre,52,2026-05-04
10677,6556,Post,70,2026-05-28
10678,6557,Pre,68,2024-04-07
10679,6557,Post,73,2024-04-18
10680,6558,Pre,51,2026-02-03
10681,6559,Pre,67,2025-01-13
10682,6559,Post,80,2025-01-23
10683,6560,Pre,58,2024-05-05
10684,6560,Post,75,2024-05-26
10685,6561,Pre,66,2024-02-11
10686,6561,Post,72,2024-03-03
10687,6562,Pre,64,2025-02-24
10688,6562,Post,76,2025-03-07
10689,6563,Pre,76,2025-05-30
10690,6563,Post,84,2025-06-15
10691,6564,Pre,55,2024-06-06
10692,6564,Post,66,2024-06-18
10693,6565,Pre,74,2025-08-25
10694,6565,Post,91,2025-09-17
10695,6566,Pre,66,2024-06-01
10696,6567,Pre,43,2026-05-23
10697,6567,Post,58,2026-06-21
10698,6568,Pre,52,2026-04-11
10699,6568,Post,63,2026-05-07
10700,6569,Pre,63,2024-10-09
10701,6569,Post,61,2024-10-22
10702,6570,Pre,53,2025-04-17
10703,6572,Pre,51,2025-05-10
10704,6573,Pre,61,2025-12-18
10705,6573,Post,77,2026-01-13
10706,6574,Pre,63,2024-12-29
10707,6574,Post,69,2025-01-22
10708,6575,Pre,64,2025-12-10
10709,6576,Pre,38,2024-11-27
10710,6576,Post,50,2024-12-19
10711,6577,Pre,52,2024-04-19
10712,6577,Post,71,2024-05-04
10713,6579,Pre,67,2026-03-23
10714,6579,Post,79,2026-04-08
10715,6580,Pre,47,2024-04-11
10716,6580,Post,69,2024-05-01
10717,6581,Pre,52,2024-12-26
10718,6581,Post,70,2025-01-23
10719,6582,Pre,58,2024-06-08
10720,6583,Pre,62,2026-01-22
10721,6583,Post,75,2026-01-28
10722,6585,Pre,43,2026-03-26
10723,6586,Pre,63,2025-04-14
10724,6586,Post,66,2025-05-10
10725,6587,Pre,58,2025-12-05
10726,6587,Post,69,2025-12-23
10727,6588,Pre,47,2025-05-13
10728,6590,Pre,63,2025-03-24
10729,6590,Post,73,2025-04-22
10730,6591,Pre,70,2024-03-14
10731,6591,Post,86,2024-03-26
10732,6592,Pre,58,2025-06-06
10733,6592,Post,75,2025-06-27
10734,6593,Pre,46,2024-05-09
10735,6593,Post,53,2024-05-12
10736,6594,Pre,81,2026-04-06
10737,6594,Post,92,2026-04-27
10738,6595,Pre,62,2024-02-15
10739,6595,Post,81,2024-03-02
10740,6596,Pre,53,2025-12-11
10741,6597,Pre,63,2025-12-20
10742,6597,Post,83,2026-01-15
10743,6598,Pre,60,2026-07-21
10744,6598,Post,66,2026-08-10
10745,6600,Pre,64,2024-05-18
10746,6600,Post,66,2024-06-21
10747,6601,Pre,57,2026-04-13
10748,6601,Post,74,2026-05-03
10749,6602,Pre,83,2024-11-26
10750,6602,Post,92,2024-11-30
10751,6603,Pre,56,2025-10-12
10752,6603,Post,62,2025-10-24
10753,6604,Pre,63,2024-04-26
10754,6604,Post,71,2024-05-11
10755,6605,Pre,69,2024-12-08
10756,6605,Post,87,2024-12-18
10757,6606,Pre,38,2026-02-02
10758,6606,Post,48,2026-02-06
10759,6607,Pre,46,2024-01-13
10760,6607,Post,62,2024-01-18
10761,6608,Pre,55,2025-06-15
10762,6608,Post,61,2025-06-27
10763,6609,Pre,61,2024-04-28
10764,6609,Post,73,2024-05-29
10765,6610,Pre,60,2025-07-25
10766,6611,Pre,52,2025-01-29
10767,6611,Post,59,2025-02-13
10768,6612,Pre,66,2025-02-22
10769,6612,Post,83,2025-03-01
10770,6613,Pre,54,2026-01-22
10771,6613,Post,57,2026-02-07
10772,6614,Pre,52,2024-06-09
10773,6614,Post,70,2024-06-26
10774,6615,Pre,70,2025-06-28
10775,6615,Post,71,2025-07-26
10776,6616,Pre,51,2024-05-09
10777,6617,Pre,57,2025-08-23
10778,6617,Post,62,2025-09-16
10779,6618,Pre,64,2025-11-02
10780,6618,Post,76,2025-11-16
10781,6619,Pre,84,2024-06-03
10782,6620,Pre,41,2024-01-26
10783,6620,Post,40,2024-02-20
10784,6621,Pre,41,2024-12-20
10785,6621,Post,71,2024-12-27
10786,6622,Pre,67,2025-08-24
10787,6623,Pre,64,2025-01-06
10788,6623,Post,79,2025-01-30
10789,6624,Pre,59,2025-06-17
10790,6624,Post,77,2025-07-01
10791,6625,Pre,56,2024-06-25
10792,6625,Post,80,2024-07-09
10793,6626,Pre,64,2024-09-14
10794,6627,Pre,60,2024-01-21
10795,6627,Post,64,2024-02-14
10796,6628,Pre,75,2024-06-12
10797,6628,Post,81,2024-06-24
10798,6629,Pre,46,2025-02-10
10799,6629,Post,52,2025-03-02
10800,6630,Pre,79,2025-12-17
10801,6631,Pre,46,2024-09-11
10802,6631,Post,51,2024-09-23
10803,6632,Pre,36,2026-03-20
10804,6632,Post,54,2026-04-19
10805,6633,Pre,52,2025-11-23
10806,6633,Post,68,2025-11-29
10807,6634,Pre,58,2025-12-08
10808,6634,Post,74,2025-12-31
10809,6635,Pre,58,2025-09-22
10810,6635,Post,67,2025-10-05
10811,6636,Pre,51,2025-07-22
10812,6636,Post,66,2025-08-20
10813,6637,Pre,47,2026-02-25
10814,6638,Pre,64,2026-02-21
10815,6639,Pre,40,2026-01-20
10816,6640,Pre,39,2025-02-15
10817,6640,Post,53,2025-03-08
10818,6641,Pre,57,2024-09-12
10819,6641,Post,68,2024-09-14
10820,6642,Pre,52,2024-11-27
10821,6642,Post,62,2024-12-28
10822,6643,Pre,86,2024-01-13
10823,6643,Post,96,2024-02-07
10824,6644,Pre,70,2024-02-12
10825,6644,Post,73,2024-02-23
10826,6645,Pre,64,2024-10-16
10827,6645,Post,75,2024-10-28
10828,6646,Pre,43,2025-07-20
10829,6647,Pre,73,2026-07-03
10830,6647,Post,79,2026-07-21
10831,6649,Pre,52,2025-11-04
10832,6649,Post,59,2025-12-04
10833,6650,Pre,70,2025-10-11
10834,6650,Post,89,2025-10-18
10835,6651,Pre,49,2024-03-11
10836,6651,Post,65,2024-04-09
10837,6652,Pre,56,2025-03-04
10838,6652,Post,73,2025-03-12
10839,6653,Pre,71,2024-06-13
10840,6655,Pre,31,2024-09-21
10841,6655,Post,31,2024-09-28
10842,6657,Pre,55,2024-07-13
10843,6657,Post,73,2024-07-23
10844,6658,Pre,62,2026-04-08
10845,6658,Post,61,2026-04-29
10846,6659,Pre,25,2026-05-09
10847,6659,Post,40,2026-06-03
10848,6660,Pre,65,2024-03-17
10849,6661,Pre,57,2025-08-15
10850,6661,Post,72,2025-08-28
10851,6662,Pre,63,2026-05-13
10852,6662,Post,85,2026-06-03
10853,6663,Pre,82,2025-12-04
10854,6663,Post,89,2025-12-30
10855,6664,Pre,56,2026-02-16
10856,6664,Post,61,2026-03-01
10857,6665,Pre,48,2026-07-30
10858,6665,Post,59,2026-08-08
10859,6666,Pre,39,2025-08-11
10860,6666,Post,53,2025-08-18
10861,6667,Pre,58,2025-05-28
10862,6667,Post,81,2025-06-28
10863,6668,Pre,35,2024-04-12
10864,6668,Post,43,2024-04-29
10865,6669,Pre,73,2024-05-27
10866,6670,Pre,55,2026-06-17
10867,6670,Post,61,2026-07-14
10868,6671,Pre,53,2024-05-10
10869,6674,Pre,53,2026-07-27
10870,6674,Post,59,2026-08-05
10871,6675,Pre,62,2026-06-06
10872,6675,Post,73,2026-07-08
10873,6676,Pre,55,2024-11-24
10874,6676,Post,54,2024-12-01
10875,6677,Pre,69,2025-12-05
10876,6677,Post,67,2025-12-28
10877,6678,Pre,68,2024-11-15
10878,6679,Pre,52,2025-01-12
10879,6679,Post,61,2025-01-25
10880,6680,Pre,56,2025-10-16
10881,6680,Post,62,2025-11-07
10882,6681,Pre,54,2026-08-08
10883,6681,Post,55,2026-08-29
10884,6682,Pre,72,2025-09-18
10885,6682,Post,87,2025-10-06
10886,6683,Pre,51,2025-01-14
10887,6683,Post,55,2025-02-10
10888,6684,Pre,55,2025-04-14
10889,6684,Post,75,2025-04-26
10890,6685,Pre,56,2025-07-05
10891,6685,Post,75,2025-08-06
10892,6686,Pre,66,2024-08-24
10893,6687,Pre,58,2025-09-19
10894,6689,Pre,51,2026-05-05
10895,6689,Post,64,2026-05-31
10896,6690,Pre,69,2024-06-13
10897,6691,Pre,68,2026-05-20
10898,6692,Pre,64,2024-03-31
10899,6693,Pre,49,2024-01-28
10900,6693,Post,72,2024-02-23
10901,6694,Pre,44,2026-07-25
10902,6694,Post,57,2026-08-23
10903,6695,Pre,46,2025-08-08
10904,6695,Post,67,2025-08-28
10905,6696,Pre,55,2025-11-13
10906,6696,Post,74,2025-11-24
10907,6697,Pre,48,2024-10-15
10908,6697,Post,63,2024-11-08
10909,6698,Pre,60,2024-08-10
10910,6698,Post,74,2024-08-23
10911,6699,Pre,68,2026-04-26
10912,6699,Post,71,2026-05-23
10913,6701,Pre,43,2025-03-10
10914,6701,Post,61,2025-04-02
10915,6702,Pre,68,2025-04-26
10916,6702,Post,78,2025-05-23
10917,6703,Pre,61,2025-12-30
10918,6704,Pre,53,2024-03-03
10919,6704,Post,65,2024-03-26
10920,6705,Pre,61,2024-09-09
10921,6706,Pre,71,2025-02-07
10922,6706,Post,79,2025-02-12
10923,6707,Pre,41,2025-04-25
10924,6707,Post,49,2025-05-23
10925,6708,Pre,59,2025-10-21
10926,6708,Post,76,2025-11-20
10927,6709,Pre,63,2024-05-16
10928,6709,Post,80,2024-06-08
10929,6710,Pre,70,2024-05-12
10930,6710,Post,80,2024-05-18
10931,6711,Pre,50,2025-05-19
10932,6711,Post,70,2025-06-14
10933,6712,Pre,50,2024-09-15
10934,6712,Post,62,2024-10-11
10935,6713,Pre,62,2024-04-19
10936,6713,Post,75,2024-05-13
10937,6714,Pre,40,2024-07-10
10938,6714,Post,52,2024-07-21
10939,6715,Pre,74,2024-02-05
10940,6715,Post,82,2024-02-22
10941,6716,Pre,51,2025-08-19
10942,6717,Pre,73,2025-05-15
10943,6717,Post,72,2025-06-08
10944,6718,Pre,44,2026-04-10
10945,6719,Pre,56,2025-11-14
10946,6719,Post,68,2025-12-01
10947,6720,Pre,53,2025-12-09
10948,6721,Pre,47,2025-01-12
10949,6721,Post,64,2025-02-09
10950,6722,Pre,52,2026-02-09
10951,6722,Post,54,2026-02-26
10952,6723,Pre,69,2026-01-09
10953,6724,Pre,77,2025-06-22
10954,6724,Post,91,2025-06-30
10955,6726,Pre,58,2025-02-21
10956,6726,Post,71,2025-03-11
10957,6727,Pre,56,2025-10-22
10958,6727,Post,68,2025-11-06
10959,6728,Pre,67,2025-03-31
10960,6728,Post,75,2025-04-23
10961,6730,Pre,53,2025-03-20
10962,6730,Post,68,2025-04-06
10963,6731,Pre,51,2026-06-13
10964,6731,Post,66,2026-07-03
10965,6732,Pre,52,2024-10-24
10966,6733,Pre,68,2025-08-22
10967,6733,Post,70,2025-08-27
10968,6734,Pre,57,2024-12-09
10969,6735,Pre,44,2025-10-09
10970,6735,Post,60,2025-11-05
10971,6736,Pre,39,2024-10-14
10972,6736,Post,49,2024-11-08
10973,6737,Pre,65,2024-05-20
10974,6737,Post,66,2024-05-30
10975,6738,Pre,88,2025-08-20
10976,6738,Post,97,2025-09-02
10977,6740,Pre,49,2025-04-20
10978,6740,Post,59,2025-05-16
10979,6741,Pre,73,2025-10-08
10980,6741,Post,79,2025-11-05
10981,6742,Pre,52,2025-07-17
10982,6742,Post,58,2025-07-26
10983,6743,Pre,55,2024-04-09
10984,6744,Pre,53,2025-02-21
10985,6744,Post,62,2025-03-16
10986,6745,Pre,60,2024-11-23
10987,6745,Post,61,2024-12-13
10988,6746,Pre,73,2024-04-20
10989,6746,Post,85,2024-05-12
10990,6747,Pre,68,2024-02-13
10991,6747,Post,81,2024-03-03
10992,6748,Pre,70,2025-12-15
10993,6749,Pre,52,2025-06-07
10994,6749,Post,77,2025-07-05
10995,6750,Pre,53,2024-12-27
10996,6750,Post,50,2025-01-16
10997,6751,Pre,51,2024-06-09
10998,6751,Post,69,2024-07-06
10999,6752,Pre,54,2025-10-18
11000,6752,Post,65,2025-11-16
11001,6753,Pre,56,2025-02-07
11002,6753,Post,70,2025-03-05
11003,6754,Pre,78,2024-10-31
11004,6755,Pre,40,2024-12-19
11005,6755,Post,52,2024-12-28
11006,6756,Pre,45,2026-01-30
11007,6756,Post,49,2026-02-09
11008,6757,Pre,40,2026-07-20
11009,6757,Post,54,2026-08-21
11010,6759,Pre,79,2025-04-03
11011,6759,Post,94,2025-04-22
11012,6760,Pre,66,2026-07-13
11013,6762,Pre,51,2025-05-08
11014,6762,Post,49,2025-05-19
11015,6763,Pre,62,2024-11-02
11016,6763,Post,69,2024-11-28
11017,6764,Pre,52,2024-09-19
11018,6764,Post,60,2024-10-09
11019,6765,Pre,82,2025-12-03
11020,6765,Post,88,2025-12-24
11021,6766,Pre,39,2025-02-26
11022,6766,Post,53,2025-03-21
11023,6767,Pre,62,2025-05-07
11024,6769,Pre,67,2026-05-02
11025,6769,Post,82,2026-05-25
11026,6770,Pre,55,2026-07-08
11027,6772,Pre,60,2025-01-12
11028,6772,Post,80,2025-02-05
11029,6774,Pre,52,2024-12-22
11030,6775,Pre,50,2026-05-17
11031,6776,Pre,38,2026-06-23
11032,6776,Post,64,2026-07-15
11033,6777,Pre,82,2026-06-29
11034,6777,Post,89,2026-07-11
11035,6779,Pre,63,2024-02-26
11036,6779,Post,65,2024-03-12
11037,6780,Pre,50,2025-10-30
11038,6780,Post,54,2025-11-30
11039,6782,Pre,59,2024-03-14
11040,6782,Post,70,2024-04-02
11041,6783,Pre,46,2025-12-15
11042,6783,Post,52,2026-01-09
11043,6785,Pre,64,2025-02-08
11044,6785,Post,79,2025-03-02
11045,6786,Pre,55,2024-11-01
11046,6786,Post,70,2024-11-24
11047,6787,Pre,57,2025-08-20
11048,6787,Post,75,2025-09-17
11049,6788,Pre,45,2025-02-06
11050,6789,Pre,66,2024-01-17
11051,6789,Post,76,2024-02-06
11052,6791,Pre,61,2025-01-02
11053,6791,Post,75,2025-01-17
11054,6792,Pre,67,2025-06-06
11055,6792,Post,81,2025-07-07
11056,6793,Pre,64,2025-12-30
11057,6794,Pre,57,2026-05-09
11058,6795,Pre,73,2026-01-28
11059,6795,Post,88,2026-03-03
11060,6796,Pre,85,2024-07-19
11061,6797,Pre,78,2026-02-05
11062,6797,Post,87,2026-03-04
11063,6798,Pre,49,2025-03-01
11064,6798,Post,70,2025-03-12
11065,6799,Pre,47,2026-06-27
11066,6799,Post,56,2026-07-24
11067,6800,Pre,66,2026-02-06
11068,6800,Post,64,2026-02-25
11069,6801,Pre,42,2024-03-03
11070,6801,Post,46,2024-03-16
11071,6802,Pre,46,2026-01-01
11072,6803,Pre,52,2024-07-05
11073,6803,Post,55,2024-08-03
11074,6804,Pre,56,2025-09-07
11075,6805,Pre,59,2025-07-16
11076,6805,Post,80,2025-08-06
11077,6806,Pre,52,2024-05-10
11078,6806,Post,72,2024-05-24
11079,6807,Pre,49,2024-04-17
11080,6807,Post,67,2024-04-27
11081,6808,Pre,45,2024-07-18
11082,6808,Post,60,2024-07-30
11083,6809,Pre,50,2024-03-06
11084,6809,Post,61,2024-04-05
11085,6810,Pre,70,2024-10-21
11086,6810,Post,81,2024-11-10
11087,6811,Pre,40,2024-05-18
11088,6812,Pre,66,2024-06-25
11089,6812,Post,70,2024-07-20
11090,6813,Pre,46,2025-08-27
11091,6813,Post,60,2025-09-17
11092,6814,Pre,37,2025-03-22
11093,6814,Post,58,2025-04-10
11094,6815,Pre,41,2024-06-09
11095,6815,Post,42,2024-07-04
11096,6816,Pre,40,2024-05-12
11097,6816,Post,64,2024-05-28
11098,6817,Pre,67,2024-01-27
11099,6818,Pre,56,2024-01-06
11100,6819,Pre,81,2025-07-14
11101,6820,Pre,61,2026-08-08
11102,6820,Post,85,2026-08-27
11103,6821,Pre,57,2025-07-10
11104,6822,Pre,48,2024-04-16
11105,6822,Post,61,2024-04-27
11106,6823,Pre,53,2025-09-04
11107,6823,Post,57,2025-09-19
11108,6824,Pre,45,2025-02-24
11109,6824,Post,54,2025-03-07
11110,6825,Pre,59,2024-09-29
11111,6825,Post,76,2024-10-26
11112,6826,Pre,29,2025-04-10
11113,6826,Post,46,2025-05-01
11114,6828,Pre,51,2024-12-27
11115,6830,Pre,59,2026-01-27
11116,6830,Post,61,2026-02-12
11117,6831,Pre,52,2025-11-24
11118,6831,Post,65,2025-12-03
11119,6832,Pre,62,2025-06-26
11120,6832,Post,78,2025-07-02
11121,6833,Pre,28,2025-07-23
11122,6834,Pre,48,2025-08-31
11123,6834,Post,63,2025-09-12
11124,6835,Pre,62,2024-03-22
11125,6835,Post,69,2024-04-09
11126,6836,Pre,62,2026-01-17
11127,6836,Post,62,2026-02-06
11128,6837,Pre,50,2025-01-28
11129,6838,Pre,60,2024-12-04
11130,6838,Post,71,2024-12-16
11131,6839,Pre,67,2025-03-30
11132,6839,Post,81,2025-04-28
11133,6840,Pre,58,2024-08-22
11134,6840,Post,73,2024-09-10
11135,6841,Pre,32,2024-05-31
11136,6841,Post,48,2024-06-24
11137,6842,Pre,69,2024-06-23
11138,6842,Post,72,2024-07-14
11139,6843,Pre,62,2024-01-01
11140,6843,Post,78,2024-01-24
11141,6844,Pre,61,2026-06-26
11142,6844,Post,74,2026-07-11
11143,6845,Pre,39,2024-02-21
11144,6845,Post,36,2024-02-29
11145,6846,Pre,48,2024-01-09
11146,6846,Post,52,2024-02-03
11147,6847,Pre,54,2024-05-13
11148,6848,Pre,68,2026-06-04
11149,6849,Pre,60,2025-09-01
11150,6849,Post,75,2025-09-16
11151,6850,Pre,60,2025-04-06
11152,6850,Post,69,2025-04-23
11153,6851,Pre,78,2025-06-29
11154,6852,Pre,69,2024-04-27
11155,6852,Post,92,2024-05-04
11156,6854,Pre,51,2025-01-08
11157,6854,Post,57,2025-01-27
11158,6855,Pre,37,2024-12-24
11159,6855,Post,51,2025-01-23
11160,6856,Pre,79,2025-09-01
11161,6856,Post,86,2025-09-16
11162,6857,Pre,64,2025-01-05
11163,6857,Post,81,2025-01-17
11164,6858,Pre,67,2025-09-18
11165,6858,Post,75,2025-10-02
11166,6859,Pre,44,2026-01-10
11167,6859,Post,50,2026-01-24
11168,6860,Pre,72,2024-09-05
11169,6861,Pre,53,2025-05-05
11170,6861,Post,56,2025-06-01
11171,6862,Pre,60,2025-03-25
11172,6862,Post,70,2025-04-01
11173,6863,Pre,72,2024-10-07
11174,6863,Post,88,2024-10-28
11175,6864,Pre,66,2026-04-14
11176,6864,Post,77,2026-05-07
11177,6865,Pre,50,2026-02-13
11178,6865,Post,60,2026-03-03
11179,6866,Pre,57,2025-05-19
11180,6866,Post,76,2025-06-14
11181,6867,Pre,57,2024-08-14
11182,6867,Post,60,2024-08-25
11183,6868,Pre,74,2025-10-16
11184,6869,Pre,62,2025-08-26
11185,6869,Post,75,2025-09-12
11186,6870,Pre,73,2025-03-24
11187,6870,Post,89,2025-04-09
11188,6871,Pre,56,2024-02-03
11189,6871,Post,63,2024-02-27
11190,6872,Pre,47,2024-10-10
11191,6872,Post,56,2024-10-19
11192,6873,Pre,57,2026-05-30
11193,6873,Post,56,2026-06-18
11194,6874,Pre,59,2024-07-11
11195,6874,Post,70,2024-07-21
11196,6875,Pre,51,2024-02-26
11197,6876,Pre,63,2024-08-30
11198,6876,Post,78,2024-09-28
11199,6877,Pre,41,2025-01-12
11200,6877,Post,55,2025-01-29
11201,6878,Pre,73,2026-04-20
11202,6878,Post,80,2026-05-09
11203,6879,Pre,56,2026-04-10
11204,6879,Post,71,2026-04-19
11205,6880,Pre,77,2025-08-31
11206,6880,Post,83,2025-09-06
11207,6881,Pre,67,2025-05-15
11208,6882,Pre,67,2025-05-31
11209,6882,Post,79,2025-06-22
11210,6883,Pre,53,2026-03-16
11211,6883,Post,63,2026-03-30
11212,6884,Pre,56,2025-03-11
11213,6884,Post,73,2025-04-04
11214,6885,Pre,48,2024-08-12
11215,6885,Post,63,2024-09-01
11216,6886,Pre,43,2025-03-23
11217,6887,Pre,25,2025-05-26
11218,6887,Post,33,2025-06-16
11219,6888,Pre,69,2026-08-10
11220,6888,Post,78,2026-08-17
11221,6889,Pre,58,2024-02-26
11222,6889,Post,68,2024-03-08
11223,6890,Pre,61,2025-11-08
11224,6890,Post,73,2025-12-03
11225,6892,Pre,45,2026-03-02
11226,6893,Pre,54,2026-08-09
11227,6893,Post,74,2026-08-24
11228,6894,Pre,37,2024-05-31
11229,6894,Post,57,2024-06-16
11230,6895,Pre,44,2024-12-19
11231,6895,Post,53,2024-12-30
11232,6896,Pre,75,2024-11-07
11233,6896,Post,100,2024-12-05
11234,6897,Pre,46,2024-05-03
11235,6897,Post,64,2024-05-21
11236,6898,Pre,46,2025-07-18
11237,6899,Pre,46,2026-03-18
11238,6899,Post,69,2026-03-31
11239,6900,Pre,59,2025-07-20
11240,6900,Post,81,2025-08-12
11241,6901,Pre,60,2025-07-20
11242,6901,Post,69,2025-07-26
11243,6902,Pre,68,2024-11-07
11244,6902,Post,79,2024-11-23
11245,6903,Pre,62,2024-07-24
11246,6903,Post,71,2024-08-23
11247,6904,Pre,58,2026-01-29
11248,6904,Post,68,2026-02-23
11249,6905,Pre,54,2025-03-23
11250,6905,Post,58,2025-04-15
11251,6906,Pre,69,2026-02-26
11252,6906,Post,77,2026-03-24
11253,6907,Pre,75,2024-03-25
11254,6908,Pre,71,2025-09-12
11255,6908,Post,83,2025-09-25
11256,6909,Pre,46,2025-07-01
11257,6909,Post,53,2025-07-21
11258,6912,Pre,46,2024-08-17
11259,6912,Post,55,2024-09-05
11260,6914,Pre,67,2024-11-13
11261,6914,Post,78,2024-12-02
11262,6916,Pre,67,2025-08-02
11263,6916,Post,79,2025-08-24
11264,6917,Pre,65,2024-02-04
11265,6917,Post,72,2024-02-17
11266,6919,Pre,55,2026-02-20
11267,6919,Post,70,2026-03-03
11268,6920,Pre,65,2024-07-22
11269,6920,Post,70,2024-08-09
11270,6922,Pre,44,2026-08-14
11271,6922,Post,65,2026-08-29
11272,6923,Pre,74,2026-01-22
11273,6924,Pre,63,2024-04-12
11274,6925,Pre,56,2026-02-14
11275,6925,Post,56,2026-03-02
11276,6926,Pre,69,2024-05-13
11277,6926,Post,77,2024-05-15
11278,6927,Pre,53,2024-12-02
11279,6927,Post,61,2025-01-02
11280,6928,Pre,54,2025-09-21
11281,6929,Pre,62,2025-10-05
11282,6929,Post,85,2025-10-23
11283,6930,Pre,73,2025-04-03
11284,6930,Post,86,2025-04-18
11285,6931,Pre,43,2026-02-13
11286,6931,Post,50,2026-03-04
11287,6932,Pre,58,2025-06-23
11288,6932,Post,66,2025-07-08
11289,6933,Pre,74,2026-03-23
11290,6933,Post,87,2026-04-13
11291,6935,Pre,47,2024-09-07
11292,6935,Post,67,2024-09-25
11293,6936,Pre,54,2024-05-01
11294,6936,Post,59,2024-05-27
11295,6937,Pre,51,2024-12-17
11296,6937,Post,64,2025-01-16
11297,6938,Pre,55,2024-04-01
11298,6938,Post,67,2024-04-12
11299,6939,Pre,64,2025-03-27
11300,6939,Post,68,2025-04-12
11301,6940,Pre,51,2026-06-11
11302,6942,Pre,60,2024-05-13
11303,6942,Post,72,2024-05-17
11304,6943,Pre,53,2025-08-07
11305,6943,Post,60,2025-08-10
11306,6944,Pre,25,2024-11-13
11307,6944,Post,29,2024-11-27
11308,6945,Pre,60,2025-03-23
11309,6945,Post,74,2025-04-22
11310,6946,Pre,75,2025-10-27
11311,6947,Pre,75,2025-11-25
11312,6947,Post,84,2025-12-23
11313,6948,Pre,44,2024-08-10
11314,6948,Post,62,2024-09-02
11315,6949,Pre,63,2024-11-07
11316,6949,Post,76,2024-12-03
11317,6950,Pre,68,2024-04-09
11318,6950,Post,73,2024-04-27
11319,6951,Pre,74,2024-12-23
11320,6951,Post,84,2025-01-24
11321,6952,Pre,71,2025-10-20
11322,6952,Post,94,2025-11-03
11323,6953,Pre,61,2026-06-11
11324,6954,Pre,69,2025-02-20
11325,6954,Post,86,2025-03-04
11326,6955,Pre,60,2026-02-27
11327,6955,Post,71,2026-03-05
11328,6956,Pre,67,2025-08-28
11329,6957,Pre,77,2024-10-06
11330,6957,Post,92,2024-11-01
11331,6958,Pre,68,2025-07-10
11332,6959,Pre,54,2024-06-18
11333,6960,Pre,71,2025-12-04
11334,6960,Post,91,2025-12-13
11335,6961,Pre,70,2025-08-01
11336,6961,Post,76,2025-08-20
11337,6962,Pre,56,2026-04-24
11338,6962,Post,69,2026-05-20
11339,6963,Pre,66,2026-06-27
11340,6963,Post,65,2026-07-12
11341,6964,Pre,58,2025-07-28
11342,6964,Post,60,2025-08-02
11343,6965,Pre,49,2025-07-12
11344,6965,Post,61,2025-08-06
11345,6966,Pre,62,2025-07-16
11346,6966,Post,62,2025-07-23
11347,6967,Pre,57,2024-11-29
11348,6967,Post,73,2024-12-16
11349,6968,Pre,49,2025-01-13
11350,6968,Post,56,2025-01-19
11351,6969,Pre,47,2024-08-12
11352,6969,Post,57,2024-08-18
11353,6970,Pre,64,2025-05-27
11354,6970,Post,77,2025-06-06
11355,6971,Pre,51,2026-03-16
11356,6972,Pre,47,2026-08-08
11357,6972,Post,56,2026-09-04
11358,6973,Pre,49,2024-11-12
11359,6973,Post,53,2024-11-27
11360,6974,Pre,52,2025-10-08
11361,6974,Post,66,2025-10-27
11362,6975,Pre,74,2024-05-02
11363,6975,Post,85,2024-05-17
11364,6976,Pre,75,2026-02-15
11365,6976,Post,87,2026-03-10
11366,6977,Pre,78,2024-02-07
11367,6978,Pre,74,2026-04-26
11368,6978,Post,75,2026-05-24
11369,6979,Pre,49,2026-07-07
11370,6979,Post,58,2026-07-13
11371,6980,Pre,47,2026-02-23
11372,6980,Post,61,2026-03-06
11373,6981,Pre,74,2024-12-19
11374,6981,Post,81,2025-01-10
11375,6982,Pre,87,2025-09-05
11376,6984,Pre,45,2025-11-06
11377,6984,Post,56,2025-11-30
11378,6985,Pre,39,2026-05-05
11379,6985,Post,41,2026-05-30
11380,6986,Pre,68,2024-02-15
11381,6986,Post,80,2024-03-07
11382,6987,Pre,57,2024-05-18
11383,6987,Post,72,2024-05-31
11384,6988,Pre,86,2024-07-15
11385,6988,Post,92,2024-08-06
11386,6989,Pre,33,2026-01-23
11387,6989,Post,37,2026-01-30
11388,6990,Pre,43,2025-03-02
11389,6990,Post,46,2025-03-31
11390,6991,Pre,65,2025-11-23
11391,6991,Post,71,2025-12-11
11392,6992,Pre,69,2026-07-03
11393,6992,Post,82,2026-08-02
11394,6993,Pre,67,2024-05-06
11395,6993,Post,78,2024-05-16
11396,6994,Pre,42,2024-12-27
11397,6994,Post,51,2025-01-04
11398,6996,Pre,77,2024-03-31
11399,6996,Post,92,2024-04-14
11400,6997,Pre,49,2025-12-05
11401,6997,Post,66,2025-12-17
11402,6998,Pre,70,2025-11-14
11403,6998,Post,82,2025-11-24
11404,6999,Pre,56,2025-01-05
11405,7000,Pre,57,2024-01-07
11406,7000,Post,64,2024-01-28
11407,7001,Pre,55,2025-06-06
11408,7002,Pre,74,2026-08-02
11409,7002,Post,70,2026-08-04
11410,7003,Pre,65,2024-03-14
11411,7003,Post,80,2024-03-26
11412,7004,Pre,52,2025-12-09
11413,7004,Post,61,2026-01-04
11414,7006,Pre,69,2024-06-04
11415,7006,Post,79,2024-06-17
11416,7007,Pre,63,2024-06-07
11417,7008,Pre,49,2026-07-26
11418,7009,Pre,53,2026-06-22
11419,7009,Post,74,2026-07-14
11420,7010,Pre,47,2024-05-06
11421,7010,Post,53,2024-05-19
11422,7011,Pre,72,2025-04-02
11423,7011,Post,80,2025-04-20
11424,7012,Pre,72,2025-12-03
11425,7012,Post,92,2025-12-27
11426,7013,Pre,70,2025-09-17
11427,7013,Post,76,2025-09-24
11428,7014,Pre,46,2024-12-20
11429,7014,Post,58,2025-01-08
11430,7015,Pre,52,2026-04-29
11431,7016,Pre,64,2025-05-31
11432,7016,Post,79,2025-06-24
11433,7017,Pre,44,2026-07-20
11434,7017,Post,51,2026-07-29
11435,7018,Pre,68,2026-07-08
11436,7018,Post,81,2026-07-29
11437,7019,Pre,69,2024-02-02
11438,7019,Post,77,2024-02-22
11439,7020,Pre,76,2025-12-29
11440,7021,Pre,47,2025-04-05
11441,7021,Post,64,2025-04-25
11442,7022,Pre,69,2026-07-26
11443,7022,Post,79,2026-08-22
11444,7023,Pre,53,2024-07-23
11445,7023,Post,76,2024-08-09
11446,7024,Pre,63,2026-06-27
11447,7025,Pre,63,2025-02-11
11448,7025,Post,77,2025-03-06
11449,7026,Pre,62,2024-09-12
11450,7026,Post,78,2024-10-05
11451,7027,Pre,61,2026-06-11
11452,7027,Post,65,2026-06-29
11453,7028,Pre,61,2026-01-25
11454,7029,Pre,48,2024-07-17
11455,7029,Post,60,2024-07-30
11456,7030,Pre,52,2025-11-15
11457,7031,Pre,56,2026-07-19
11458,7031,Post,64,2026-08-07
11459,7032,Pre,51,2024-03-29
11460,7033,Pre,48,2024-01-23
11461,7033,Post,55,2024-02-22
11462,7035,Pre,88,2024-12-27
11463,7035,Post,100,2025-01-13
11464,7036,Pre,51,2025-02-24
11465,7037,Pre,65,2024-05-26
11466,7037,Post,70,2024-06-22
11467,7038,Pre,66,2024-05-14
11468,7038,Post,75,2024-05-29
11469,7040,Pre,55,2026-07-04
11470,7040,Post,59,2026-07-26
11471,7041,Pre,47,2026-03-05
11472,7041,Post,58,2026-03-08
11473,7042,Pre,55,2024-03-07
11474,7042,Post,68,2024-03-20
11475,7043,Pre,36,2026-06-06
11476,7043,Post,59,2026-07-03
11477,7044,Pre,58,2026-08-03
11478,7044,Post,66,2026-08-19
11479,7045,Pre,60,2026-06-24
11480,7045,Post,76,2026-06-30
11481,7046,Pre,53,2025-05-04
11482,7046,Post,64,2025-05-12
11483,7047,Pre,43,2025-06-27
11484,7047,Post,49,2025-07-10
11485,7048,Pre,71,2024-08-07
11486,7048,Post,73,2024-08-12
11487,7049,Pre,55,2026-08-10
11488,7050,Pre,57,2024-10-24
11489,7050,Post,81,2024-11-06
11490,7051,Pre,69,2024-02-25
11491,7051,Post,75,2024-03-13
11492,7052,Pre,60,2026-02-11
11493,7052,Post,63,2026-02-13
11494,7053,Pre,71,2025-09-09
11495,7054,Pre,53,2024-02-23
11496,7054,Post,73,2024-03-25
11497,7055,Pre,44,2024-06-30
11498,7055,Post,61,2024-07-07
11499,7057,Pre,63,2024-10-19
11500,7057,Post,73,2024-11-04
11501,7058,Pre,43,2025-09-30
11502,7058,Post,69,2025-10-22
11503,7059,Pre,63,2024-06-24
11504,7059,Post,66,2024-07-04
11505,7060,Pre,79,2024-04-30
11506,7061,Pre,31,2025-09-02
11507,7062,Pre,61,2025-08-11
11508,7062,Post,70,2025-09-13
11509,7063,Pre,50,2024-12-01
11510,7063,Post,56,2024-12-06
11511,7064,Pre,70,2026-05-23
11512,7064,Post,76,2026-06-13
11513,7065,Pre,60,2026-07-03
11514,7065,Post,59,2026-07-29
11515,7066,Pre,67,2024-08-28
11516,7066,Post,77,2024-09-19
11517,7067,Pre,59,2024-11-14
11518,7067,Post,59,2024-11-27
11519,7068,Pre,60,2024-02-28
11520,7068,Post,68,2024-03-22
11521,7069,Pre,69,2024-06-26
11522,7070,Pre,73,2024-08-09
11523,7070,Post,73,2024-09-04
11524,7071,Pre,69,2025-05-04
11525,7072,Pre,51,2025-10-27
11526,7072,Post,53,2025-10-30
11527,7073,Pre,60,2024-12-10
11528,7073,Post,76,2025-01-01
11529,7074,Pre,79,2024-01-14
11530,7075,Pre,55,2024-02-02
11531,7075,Post,68,2024-02-10
11532,7076,Pre,78,2025-03-30
11533,7078,Pre,55,2025-08-24
11534,7078,Post,65,2025-08-30
11535,7079,Pre,86,2024-08-30
11536,7079,Post,98,2024-10-05
11537,7080,Pre,47,2025-08-17
11538,7080,Post,53,2025-08-23
11539,7081,Pre,47,2024-11-15
11540,7081,Post,60,2024-11-25
11541,7083,Pre,53,2024-07-09
11542,7083,Post,78,2024-07-30
11543,7085,Pre,66,2024-07-31
11544,7085,Post,74,2024-08-18
11545,7086,Pre,65,2026-02-17
11546,7086,Post,73,2026-03-01
11547,7087,Pre,72,2024-04-06
11548,7087,Post,72,2024-05-03
11549,7088,Pre,69,2024-04-17
11550,7088,Post,81,2024-05-08
11551,7089,Pre,69,2024-05-03
11552,7089,Post,82,2024-05-27
11553,7090,Pre,60,2026-08-01
11554,7091,Pre,37,2024-04-22
11555,7091,Post,51,2024-05-17
11556,7092,Pre,78,2025-07-21
11557,7092,Post,87,2025-08-18
11558,7093,Pre,44,2026-04-29
11559,7094,Pre,76,2025-03-27
11560,7095,Pre,43,2024-06-10
11561,7096,Pre,60,2025-01-12
11562,7096,Post,63,2025-02-12
11563,7097,Pre,71,2024-07-05
11564,7097,Post,85,2024-07-19
11565,7098,Pre,46,2024-06-02
11566,7098,Post,61,2024-06-29
11567,7099,Pre,58,2026-03-13
11568,7100,Pre,59,2024-02-25
11569,7100,Post,70,2024-03-09
11570,7101,Pre,53,2024-06-21
11571,7101,Post,56,2024-06-30
11572,7102,Pre,53,2026-06-23
11573,7102,Post,74,2026-07-15
11574,7103,Pre,48,2024-11-04
11575,7103,Post,60,2024-11-23
11576,7104,Pre,56,2024-12-11
11577,7104,Post,64,2024-12-25
11578,7105,Pre,53,2025-11-29
11579,7105,Post,64,2025-12-22
11580,7106,Pre,82,2025-12-11
11581,7108,Pre,41,2026-07-23
11582,7108,Post,45,2026-08-19
11583,7109,Pre,50,2025-06-20
11584,7109,Post,59,2025-07-17
11585,7110,Pre,52,2026-01-16
11586,7110,Post,69,2026-01-28
11587,7111,Pre,48,2024-04-18
11588,7111,Post,55,2024-04-25
11589,7112,Pre,64,2024-06-15
11590,7113,Pre,50,2025-12-19
11591,7114,Pre,25,2026-06-27
11592,7114,Post,45,2026-07-13
11593,7115,Pre,52,2026-07-26
11594,7115,Post,74,2026-08-09
11595,7116,Pre,39,2026-01-28
11596,7116,Post,71,2026-02-27
11597,7118,Pre,58,2025-09-03
11598,7118,Post,66,2025-09-17
11599,7119,Pre,75,2024-12-26
11600,7119,Post,91,2025-01-03
11601,7120,Pre,32,2026-07-03
11602,7120,Post,49,2026-08-03
11603,7121,Pre,59,2025-02-16
11604,7122,Pre,62,2025-01-31
11605,7122,Post,71,2025-02-25
11606,7123,Pre,53,2024-04-16
11607,7123,Post,65,2024-05-06
11608,7124,Pre,49,2026-05-27
11609,7124,Post,56,2026-06-17
11610,7125,Pre,41,2024-03-30
11611,7125,Post,57,2024-04-06
11612,7126,Pre,60,2024-11-21
11613,7126,Post,83,2024-12-09
11614,7127,Pre,37,2025-03-08
11615,7127,Post,43,2025-03-10
11616,7129,Pre,46,2026-07-21
11617,7129,Post,61,2026-07-27
11618,7130,Pre,73,2024-02-28
11619,7130,Post,83,2024-03-18
11620,7131,Pre,65,2024-06-01
11621,7132,Pre,69,2026-06-09
11622,7132,Post,78,2026-06-27
11623,7135,Pre,68,2025-04-29
11624,7135,Post,78,2025-05-10
11625,7136,Pre,51,2025-03-22
11626,7136,Post,56,2025-04-20
11627,7139,Pre,49,2024-03-16
11628,7140,Pre,40,2024-09-24
11629,7140,Post,48,2024-10-03
11630,7141,Pre,59,2025-09-03
11631,7142,Pre,41,2024-12-12
11632,7142,Post,47,2024-12-24
11633,7143,Pre,62,2025-03-08
11634,7143,Post,80,2025-03-14
11635,7144,Pre,70,2025-05-22
11636,7144,Post,71,2025-06-04
11637,7145,Pre,59,2026-08-05
11638,7145,Post,68,2026-08-30
11639,7146,Pre,74,2025-08-17
11640,7147,Pre,43,2026-03-08
11641,7147,Post,54,2026-03-21
11642,7148,Pre,52,2026-06-21
11643,7148,Post,61,2026-07-21
11644,7149,Pre,66,2025-10-19
11645,7149,Post,85,2025-11-10
11646,7150,Pre,73,2026-03-19
11647,7150,Post,86,2026-03-28
11648,7151,Pre,68,2025-05-23
11649,7151,Post,78,2025-06-19
11650,7152,Pre,78,2025-07-02
11651,7152,Post,93,2025-07-28
11652,7153,Pre,63,2026-02-04
11653,7153,Post,72,2026-02-12
11654,7154,Pre,47,2025-06-23
11655,7154,Post,56,2025-06-29
11656,7155,Pre,53,2025-11-20
11657,7155,Post,67,2025-12-08
11658,7156,Pre,47,2024-11-09
11659,7157,Pre,74,2025-12-19
11660,7157,Post,94,2026-01-15
11661,7158,Pre,51,2025-09-15
11662,7158,Post,62,2025-10-03
11663,7159,Pre,66,2024-02-05
11664,7159,Post,78,2024-02-23
11665,7160,Pre,64,2024-06-08
11666,7161,Pre,66,2024-03-19
11667,7161,Post,76,2024-04-15
11668,7162,Pre,88,2024-11-23
11669,7162,Post,97,2024-11-29
11670,7163,Pre,64,2025-04-30
11671,7163,Post,83,2025-05-26
11672,7164,Pre,58,2025-09-28
11673,7164,Post,70,2025-10-21
11674,7165,Pre,53,2025-10-21
11675,7165,Post,70,2025-11-14
11676,7166,Pre,51,2024-01-22
11677,7166,Post,62,2024-02-28
11678,7167,Pre,53,2024-02-03
11679,7167,Post,59,2024-02-20
11680,7168,Pre,57,2025-05-29
11681,7168,Post,66,2025-06-10
11682,7169,Pre,67,2025-02-03
11683,7169,Post,75,2025-02-10
11684,7170,Pre,51,2026-01-28
11685,7171,Pre,66,2024-06-25
11686,7171,Post,78,2024-07-13
11687,7172,Pre,81,2024-04-02
11688,7172,Post,81,2024-04-15
11689,7173,Pre,60,2026-01-08
11690,7174,Pre,40,2026-08-10
11691,7175,Pre,63,2025-06-09
11692,7175,Post,66,2025-07-04
11693,7177,Pre,35,2025-02-07
11694,7177,Post,37,2025-02-18
11695,7179,Pre,37,2025-08-19
11696,7179,Post,51,2025-09-02
11697,7180,Pre,64,2026-03-08
11698,7181,Pre,58,2024-03-24
11699,7181,Post,83,2024-04-13
11700,7182,Pre,44,2024-12-20
11701,7182,Post,57,2025-01-15
11702,7183,Pre,39,2025-06-15
11703,7184,Pre,69,2025-03-15
11704,7184,Post,65,2025-03-27
11705,7186,Pre,62,2024-10-12
11706,7187,Pre,60,2025-05-21
11707,7187,Post,74,2025-06-01
11708,7188,Pre,62,2024-08-26
11709,7188,Post,76,2024-09-08
11710,7189,Pre,73,2024-04-13
11711,7189,Post,84,2024-04-24
11712,7190,Pre,78,2025-09-15
11713,7190,Post,99,2025-09-22
11714,7191,Pre,54,2026-07-06
11715,7191,Post,65,2026-07-13
11716,7192,Pre,59,2025-04-11
11717,7192,Post,73,2025-05-08
11718,7193,Pre,53,2024-12-16
11719,7193,Post,70,2025-01-12
11720,7194,Pre,57,2024-05-19
11721,7194,Post,67,2024-06-16
11722,7195,Pre,65,2026-06-09
11723,7196,Pre,63,2026-06-03
11724,7197,Pre,48,2026-05-18
11725,7198,Pre,55,2025-09-14
11726,7199,Pre,49,2025-02-08
11727,7199,Post,56,2025-03-10
11728,7200,Pre,62,2025-04-16
11729,7200,Post,60,2025-05-04
11730,7201,Pre,45,2026-01-08
11731,7201,Post,64,2026-01-28
11732,7202,Pre,45,2026-07-15
11733,7202,Post,60,2026-08-08
11734,7203,Pre,65,2024-11-24
11735,7203,Post,81,2024-12-23
11736,7204,Pre,67,2024-09-02
11737,7204,Post,80,2024-09-08
11738,7205,Pre,44,2024-12-02
11739,7205,Post,64,2025-01-01
11740,7206,Pre,56,2026-06-08
11741,7206,Post,76,2026-07-04
11742,7207,Pre,39,2026-05-02
11743,7208,Pre,64,2026-06-16
11744,7208,Post,81,2026-06-27
11745,7209,Pre,76,2024-05-09
11746,7209,Post,91,2024-05-21
11747,7210,Pre,62,2025-05-10
11748,7211,Pre,59,2026-06-26
11749,7211,Post,65,2026-07-28
11750,7212,Pre,80,2026-02-25
11751,7213,Pre,49,2024-07-31
11752,7213,Post,55,2024-08-07
11753,7215,Pre,52,2025-06-15
11754,7215,Post,64,2025-07-06
11755,7216,Pre,50,2024-04-24
11756,7216,Post,59,2024-05-27
11757,7217,Pre,56,2025-01-19
11758,7217,Post,67,2025-02-16
11759,7218,Pre,49,2026-04-09
11760,7218,Post,56,2026-04-28
11761,7219,Pre,67,2025-10-01
11762,7219,Post,78,2025-10-19
11763,7220,Pre,71,2024-10-03
11764,7220,Post,78,2024-10-23
11765,7221,Pre,49,2026-04-03
11766,7221,Post,66,2026-04-09
11767,7223,Pre,66,2026-04-03
11768,7223,Post,80,2026-04-08
11769,7224,Pre,71,2024-08-01
11770,7224,Post,84,2024-08-29
11771,7225,Pre,71,2025-02-09
11772,7225,Post,70,2025-02-24
11773,7226,Pre,35,2025-03-26
11774,7227,Pre,47,2024-01-16
11775,7227,Post,58,2024-01-26
11776,7229,Pre,51,2024-07-28
11777,7230,Pre,50,2025-11-14
11778,7230,Post,63,2025-12-05
11779,7231,Pre,51,2026-04-10
11780,7231,Post,64,2026-05-06
11781,7232,Pre,67,2024-11-25
11782,7232,Post,86,2024-12-06
11783,7233,Pre,52,2024-10-14
11784,7233,Post,64,2024-11-03
11785,7235,Pre,77,2024-12-28
11786,7235,Post,86,2025-01-03
11787,7236,Pre,48,2024-10-28
11788,7236,Post,72,2024-11-26
11789,7237,Pre,48,2026-01-31
11790,7237,Post,66,2026-03-03
11791,7238,Pre,50,2025-03-02
11792,7238,Post,62,2025-03-21
11793,7239,Pre,52,2025-11-09
11794,7239,Post,77,2025-11-20
11795,7240,Pre,55,2024-04-02
11796,7240,Post,61,2024-04-29
11797,7241,Pre,46,2025-12-14
11798,7241,Post,61,2025-12-22
11799,7242,Pre,51,2024-12-11
11800,7243,Pre,64,2025-05-16
11801,7243,Post,73,2025-05-23
11802,7244,Pre,56,2025-12-02
11803,7244,Post,74,2025-12-29
11804,7245,Pre,59,2025-04-22
11805,7245,Post,72,2025-05-03
11806,7246,Pre,63,2025-10-29
11807,7246,Post,78,2025-11-15
11808,7247,Pre,40,2025-08-17
11809,7247,Post,51,2025-08-25
11810,7248,Pre,35,2026-07-30
11811,7248,Post,46,2026-08-09
11812,7249,Pre,68,2026-04-05
11813,7249,Post,76,2026-04-14
11814,7250,Pre,61,2025-12-10
11815,7250,Post,73,2025-12-24
11816,7251,Pre,52,2026-08-12
11817,7251,Post,68,2026-08-19
11818,7252,Pre,60,2026-08-01
11819,7252,Post,78,2026-08-27
11820,7253,Pre,53,2026-05-04
11821,7253,Post,59,2026-05-27
11822,7254,Pre,31,2026-01-03
11823,7255,Pre,53,2025-03-27
11824,7255,Post,66,2025-04-06
11825,7257,Pre,54,2026-01-15
11826,7257,Post,56,2026-01-28
11827,7259,Pre,39,2024-11-17
11828,7259,Post,55,2024-12-15
11829,7260,Pre,36,2025-07-04
11830,7260,Post,50,2025-07-29
11831,7261,Pre,69,2026-05-20
11832,7261,Post,78,2026-06-20
11833,7262,Pre,60,2024-09-26
11834,7262,Post,78,2024-10-11
11835,7263,Pre,36,2025-04-02
11836,7264,Pre,54,2025-07-05
11837,7265,Pre,54,2024-09-26
11838,7265,Post,65,2024-10-07
11839,7266,Pre,47,2024-09-23
11840,7266,Post,53,2024-10-15
11841,7268,Pre,63,2024-11-29
11842,7268,Post,77,2024-12-30
11843,7269,Pre,71,2026-03-16
11844,7269,Post,91,2026-03-25
11845,7270,Pre,68,2025-05-25
11846,7271,Pre,61,2025-11-26
11847,7271,Post,69,2025-12-02
11848,7273,Pre,49,2024-02-04
11849,7273,Post,59,2024-03-01
11850,7274,Pre,65,2025-10-07
11851,7274,Post,79,2025-11-02
11852,7275,Pre,36,2026-03-13
11853,7276,Pre,56,2024-11-12
11854,7276,Post,67,2024-11-16
11855,7277,Pre,63,2024-02-11
11856,7278,Pre,56,2025-12-31
11857,7278,Post,78,2026-01-17
11858,7279,Pre,70,2025-01-29
11859,7279,Post,77,2025-02-09
11860,7280,Pre,72,2025-07-02
11861,7281,Pre,48,2025-02-20
11862,7281,Post,60,2025-03-21
11863,7282,Pre,62,2026-05-30
11864,7282,Post,68,2026-06-17
11865,7283,Pre,60,2025-03-08
11866,7283,Post,80,2025-03-19
11867,7284,Pre,78,2025-04-26
11868,7284,Post,88,2025-05-25
11869,7285,Pre,57,2025-06-03
11870,7285,Post,70,2025-07-04
11871,7286,Pre,51,2026-04-13
11872,7286,Post,70,2026-04-28
11873,7287,Pre,55,2024-03-02
11874,7287,Post,54,2024-03-10
11875,7288,Pre,46,2025-09-08
11876,7288,Post,48,2025-09-18
11877,7289,Pre,83,2024-01-23
11878,7289,Post,95,2024-02-01
11879,7290,Pre,61,2024-03-13
11880,7290,Post,60,2024-04-07
11881,7291,Pre,53,2026-04-03
11882,7291,Post,61,2026-05-01
11883,7292,Pre,71,2025-01-31
11884,7293,Pre,60,2026-04-14
11885,7293,Post,63,2026-04-23
11886,7294,Pre,63,2024-08-22
11887,7295,Pre,53,2024-05-04
11888,7295,Post,69,2024-05-22
11889,7296,Pre,68,2025-01-05
11890,7296,Post,86,2025-01-25
11891,7298,Pre,35,2025-03-05
11892,7298,Post,42,2025-04-02
11893,7299,Pre,53,2025-09-13
11894,7300,Pre,79,2024-11-11
11895,7300,Post,91,2024-12-08
11896,7302,Pre,67,2026-05-26
11897,7303,Pre,53,2025-10-09
11898,7303,Post,65,2025-11-03
11899,7304,Pre,77,2026-02-24
11900,7304,Post,83,2026-03-24
11901,7305,Pre,66,2024-06-09
11902,7307,Pre,55,2024-09-29
11903,7309,Pre,57,2024-01-06
11904,7309,Post,78,2024-01-21
11905,7310,Pre,54,2026-02-17
11906,7311,Pre,40,2024-08-28
11907,7312,Pre,46,2025-10-21
11908,7313,Pre,62,2026-03-30
11909,7313,Post,70,2026-04-22
11910,7314,Pre,30,2025-05-03
11911,7315,Pre,80,2025-10-15
11912,7315,Post,90,2025-11-04
11913,7316,Pre,47,2026-05-24
11914,7316,Post,62,2026-06-05
11915,7317,Pre,47,2024-11-25
11916,7317,Post,59,2024-12-04
11917,7318,Pre,44,2024-04-12
11918,7320,Pre,53,2025-03-28
11919,7320,Post,58,2025-04-16
11920,7321,Pre,49,2025-02-13
11921,7322,Pre,55,2025-08-25
11922,7322,Post,63,2025-09-05
11923,7323,Pre,82,2025-01-24
11924,7324,Pre,58,2025-11-04
11925,7324,Post,77,2025-11-17
11926,7325,Pre,51,2026-06-04
11927,7325,Post,61,2026-06-09
11928,7326,Pre,65,2025-03-06
11929,7327,Pre,58,2024-04-29
11930,7327,Post,70,2024-05-15
11931,7328,Pre,60,2026-01-21
11932,7329,Pre,48,2025-08-28
11933,7329,Post,58,2025-09-12
11934,7330,Pre,64,2024-11-06
11935,7332,Pre,61,2024-12-29
11936,7333,Pre,58,2026-08-05
11937,7333,Post,64,2026-08-22
11938,7334,Pre,50,2025-12-14
11939,7334,Post,61,2026-01-01
11940,7335,Pre,56,2025-09-24
11941,7335,Post,76,2025-10-19
11942,7336,Pre,58,2025-12-09
11943,7336,Post,73,2026-01-01
11944,7337,Pre,54,2024-11-27
11945,7337,Post,67,2024-12-14
11946,7339,Pre,56,2025-07-16
11947,7339,Post,59,2025-07-28
11948,7340,Pre,60,2025-11-16
11949,7340,Post,67,2025-12-05
11950,7341,Pre,62,2026-02-09
11951,7341,Post,75,2026-02-20
11952,7342,Pre,47,2025-12-07
11953,7342,Post,60,2025-12-19
11954,7343,Pre,54,2024-12-07
11955,7343,Post,64,2024-12-30
11956,7344,Pre,66,2024-08-08
11957,7346,Pre,44,2025-10-02
11958,7346,Post,59,2025-11-01
11959,7347,Pre,34,2025-08-08
11960,7347,Post,50,2025-08-28
11961,7349,Pre,56,2024-10-06
11962,7350,Pre,68,2026-06-21
11963,7350,Post,85,2026-07-10
11964,7351,Pre,57,2024-08-28
11965,7351,Post,66,2024-09-15
11966,7352,Pre,84,2024-02-01
11967,7353,Pre,60,2025-03-21
11968,7353,Post,71,2025-04-07
11969,7356,Pre,60,2024-02-17
11970,7356,Post,69,2024-03-09
11971,7357,Pre,44,2026-04-01
11972,7357,Post,40,2026-04-17
11973,7358,Pre,57,2026-06-10
11974,7359,Pre,64,2024-05-22
11975,7359,Post,68,2024-05-30
11976,7362,Pre,67,2024-01-23
11977,7363,Pre,60,2024-06-26
11978,7363,Post,79,2024-07-05
11979,7364,Pre,79,2025-02-01
11980,7364,Post,92,2025-02-18
11981,7365,Pre,66,2025-06-26
11982,7365,Post,70,2025-07-20
11983,7366,Pre,63,2024-02-24
11984,7366,Post,75,2024-03-02
11985,7367,Pre,49,2024-07-20
11986,7367,Post,68,2024-08-17
11987,7368,Pre,69,2025-08-16
11988,7368,Post,85,2025-08-29
11989,7369,Pre,46,2024-11-02
11990,7369,Post,62,2024-11-23
11991,7370,Pre,50,2024-06-28
11992,7371,Pre,80,2024-04-10
11993,7371,Post,76,2024-04-17
11994,7372,Pre,55,2025-08-14
11995,7372,Post,62,2025-09-06
11996,7373,Pre,68,2025-10-22
11997,7373,Post,76,2025-11-19
11998,7374,Pre,31,2026-07-11
11999,7374,Post,54,2026-07-24
12000,7375,Pre,44,2025-07-09
12001,7375,Post,46,2025-07-26
12002,7376,Pre,47,2024-09-26
12003,7376,Post,51,2024-10-09
12004,7377,Pre,68,2024-03-25
12005,7377,Post,77,2024-04-01
12006,7378,Pre,75,2024-08-24
12007,7378,Post,100,2024-09-28
12008,7380,Pre,61,2025-10-23
12009,7380,Post,81,2025-11-02
12010,7381,Pre,51,2026-08-07
12011,7381,Post,62,2026-08-17
12012,7382,Pre,43,2026-01-08
12013,7382,Post,59,2026-02-04
12014,7383,Pre,62,2024-10-20
12015,7384,Pre,79,2025-01-29
12016,7384,Post,81,2025-02-25
12017,7385,Pre,65,2025-10-04
12018,7385,Post,77,2025-11-04
12019,7386,Pre,62,2024-09-06
12020,7386,Post,83,2024-10-07
12021,7387,Pre,31,2025-05-01
12022,7388,Pre,44,2025-04-09
12023,7388,Post,54,2025-04-17
12024,7389,Pre,43,2024-02-17
12025,7390,Pre,60,2024-06-10
12026,7390,Post,73,2024-07-05
12027,7391,Pre,53,2026-06-01
12028,7392,Pre,68,2026-03-03
12029,7392,Post,80,2026-03-16
12030,7393,Pre,57,2025-02-08
12031,7394,Pre,75,2025-12-25
12032,7394,Post,77,2026-01-06
12033,7395,Pre,75,2025-11-12
12034,7395,Post,84,2025-11-24
12035,7396,Pre,50,2026-03-31
12036,7396,Post,57,2026-04-20
12037,7397,Pre,70,2024-06-18
12038,7397,Post,78,2024-07-07
12039,7398,Pre,56,2025-07-05
12040,7398,Post,67,2025-07-28
12041,7399,Pre,41,2024-01-19
12042,7399,Post,60,2024-02-18
12043,7400,Pre,48,2024-06-18
12044,7400,Post,61,2024-07-13
12045,7401,Pre,39,2024-11-17
12046,7401,Post,52,2024-12-16
12047,7402,Pre,57,2024-11-20
12048,7402,Post,70,2024-12-02
12049,7403,Pre,60,2024-05-24
12050,7403,Post,67,2024-05-28
12051,7404,Pre,66,2026-07-06
12052,7404,Post,80,2026-08-08
12053,7405,Pre,60,2024-05-17
12054,7405,Post,71,2024-06-14
12055,7406,Pre,48,2025-12-05
12056,7406,Post,61,2025-12-12
12057,7407,Pre,46,2025-01-08
12058,7407,Post,60,2025-01-23
12059,7408,Pre,50,2024-08-15
12060,7409,Pre,67,2025-08-19
12061,7409,Post,73,2025-08-31
12062,7410,Pre,55,2024-03-22
12063,7410,Post,78,2024-04-02
12064,7411,Pre,40,2024-11-05
12065,7411,Post,48,2024-11-24
12066,7412,Pre,42,2026-06-15
12067,7412,Post,64,2026-06-29
12068,7414,Pre,66,2025-11-11
12069,7414,Post,93,2025-11-27
12070,7416,Pre,44,2024-01-29
12071,7417,Pre,63,2024-04-16
12072,7417,Post,85,2024-05-14
12073,7418,Pre,37,2024-08-06
12074,7418,Post,48,2024-08-15
12075,7419,Pre,31,2026-04-10
12076,7419,Post,33,2026-04-15
12077,7420,Pre,48,2026-06-14
12078,7420,Post,62,2026-07-10
12079,7421,Pre,58,2025-08-02
12080,7421,Post,70,2025-08-09
12081,7422,Pre,69,2025-07-18
12082,7422,Post,73,2025-07-30
12083,7423,Pre,53,2026-01-13
12084,7423,Post,59,2026-01-23
12085,7424,Pre,63,2025-03-01
12086,7424,Post,75,2025-03-20
12087,7425,Pre,67,2026-05-16
12088,7425,Post,69,2026-06-03
12089,7427,Pre,62,2024-10-04
12090,7427,Post,69,2024-10-27
12091,7429,Pre,60,2025-07-24
12092,7429,Post,85,2025-08-01
12093,7430,Pre,45,2024-11-06
12094,7430,Post,51,2024-11-14
12095,7432,Pre,77,2024-12-01
12096,7432,Post,84,2024-12-31
12097,7433,Pre,42,2024-06-03
12098,7433,Post,57,2024-06-30
12099,7434,Pre,51,2026-06-29
12100,7434,Post,63,2026-07-19
12101,7435,Pre,45,2026-02-13
12102,7435,Post,60,2026-03-02
12103,7436,Pre,33,2024-02-20
12104,7437,Pre,64,2026-05-12
12105,7438,Pre,63,2025-04-28
12106,7438,Post,88,2025-05-12
12107,7440,Pre,48,2025-08-27
12108,7441,Pre,59,2025-05-27
12109,7441,Post,66,2025-06-06
12110,7442,Pre,68,2025-05-18
12111,7442,Post,75,2025-06-01
12112,7443,Pre,44,2025-06-14
12113,7443,Post,69,2025-07-18
12114,7444,Pre,74,2024-04-28
12115,7444,Post,84,2024-05-25
12116,7445,Pre,49,2025-01-26
12117,7445,Post,59,2025-02-18
12118,7446,Pre,58,2025-08-04
12119,7446,Post,68,2025-08-31
12120,7447,Pre,56,2026-07-21
12121,7447,Post,67,2026-08-12
12122,7448,Pre,66,2026-01-25
12123,7448,Post,73,2026-02-09
12124,7449,Pre,64,2024-10-04
12125,7451,Pre,75,2026-08-04
12126,7451,Post,94,2026-08-14
12127,7452,Pre,62,2026-03-20
12128,7452,Post,70,2026-04-09
12129,7453,Pre,49,2024-12-20
12130,7454,Pre,66,2024-05-06
12131,7454,Post,65,2024-06-01
12132,7455,Pre,39,2026-02-28
12133,7456,Pre,56,2026-06-17
12134,7456,Post,75,2026-07-05
12135,7457,Pre,56,2024-09-17
12136,7457,Post,75,2024-10-16
12137,7458,Pre,52,2024-04-29
12138,7458,Post,59,2024-05-05
12139,7459,Pre,48,2025-11-06
12140,7459,Post,47,2025-11-22
12141,7460,Pre,61,2025-03-15
12142,7460,Post,81,2025-03-29
12143,7461,Pre,66,2025-08-13
12144,7461,Post,77,2025-09-07
12145,7462,Pre,45,2026-02-05
12146,7462,Post,53,2026-02-26
12147,7463,Pre,59,2024-04-17
12148,7463,Post,74,2024-05-01
12149,7464,Pre,39,2025-04-15
12150,7465,Pre,76,2026-03-26
12151,7465,Post,89,2026-04-01
12152,7466,Pre,67,2026-06-10
12153,7466,Post,77,2026-07-10
12154,7467,Pre,68,2026-01-30
12155,7467,Post,80,2026-02-09
12156,7468,Pre,63,2026-07-23
12157,7468,Post,71,2026-08-02
12158,7469,Pre,51,2025-01-11
12159,7469,Post,65,2025-01-28
12160,7471,Pre,54,2025-03-19
12161,7471,Post,71,2025-03-29
12162,7472,Pre,67,2026-01-13
12163,7472,Post,78,2026-01-28
12164,7473,Pre,76,2024-11-02
12165,7473,Post,81,2024-11-12
12166,7474,Pre,75,2025-10-12
12167,7474,Post,90,2025-10-24
12168,7476,Pre,76,2025-05-11
12169,7476,Post,87,2025-05-23
12170,7477,Pre,54,2025-04-19
12171,7478,Pre,61,2024-02-25
12172,7479,Pre,80,2024-06-23
12173,7479,Post,92,2024-06-28
12174,7480,Pre,49,2026-04-07
12175,7480,Post,63,2026-04-20
12176,7481,Pre,64,2026-06-18
12177,7483,Pre,70,2024-06-29
12178,7483,Post,80,2024-07-10
12179,7484,Pre,50,2026-03-27
12180,7484,Post,54,2026-04-20
12181,7485,Pre,55,2026-01-30
12182,7485,Post,58,2026-02-20
12183,7486,Pre,67,2025-01-01
12184,7486,Post,88,2025-01-28
12185,7487,Pre,35,2026-05-20
12186,7487,Post,53,2026-06-15
12187,7488,Pre,56,2026-01-22
12188,7488,Post,54,2026-02-18
12189,7489,Pre,46,2024-08-19
12190,7490,Pre,79,2024-12-26
12191,7491,Pre,62,2024-05-06
12192,7491,Post,72,2024-05-28
12193,7492,Pre,59,2025-12-23
12194,7492,Post,75,2026-01-18
12195,7493,Pre,54,2024-12-21
12196,7493,Post,73,2025-01-04
12197,7494,Pre,62,2024-07-16
12198,7494,Post,66,2024-07-19
12199,7497,Pre,62,2024-05-31
12200,7497,Post,66,2024-06-16
12201,7498,Pre,59,2025-07-16
12202,7499,Pre,68,2025-09-21
12203,7499,Post,75,2025-10-16
12204,7500,Pre,60,2026-08-11
12205,7500,Post,75,2026-08-20
12206,7502,Pre,54,2026-04-16
12207,7503,Pre,54,2026-06-29
12208,7503,Post,63,2026-07-10
12209,7504,Pre,46,2024-02-22
12210,7504,Post,59,2024-03-14
12211,7505,Pre,58,2024-10-26
12212,7505,Post,71,2024-11-07
12213,7506,Pre,74,2026-04-08
12214,7507,Pre,40,2026-02-13
12215,7507,Post,43,2026-02-28
12216,7508,Pre,55,2026-04-11
12217,7508,Post,61,2026-05-08
12218,7509,Pre,48,2025-12-26
12219,7509,Post,51,2026-01-21
12220,7511,Pre,65,2026-06-01
12221,7512,Pre,57,2025-09-30
12222,7513,Pre,62,2026-06-23
12223,7513,Post,84,2026-06-29
12224,7514,Pre,58,2024-11-18
12225,7515,Pre,48,2024-09-26
12226,7515,Post,70,2024-10-07
12227,7516,Pre,61,2025-08-13
12228,7516,Post,73,2025-09-01
12229,7518,Pre,40,2026-02-25
12230,7518,Post,47,2026-03-23
12231,7519,Pre,70,2026-05-24
12232,7519,Post,82,2026-06-20
12233,7520,Pre,58,2024-12-01
12234,7521,Pre,32,2024-08-02
12235,7522,Pre,64,2025-07-08
12236,7522,Post,75,2025-07-31
12237,7523,Pre,72,2024-06-12
12238,7523,Post,86,2024-07-04
12239,7524,Pre,61,2025-03-31
12240,7524,Post,75,2025-04-18
12241,7525,Pre,58,2025-01-14
12242,7525,Post,67,2025-02-12
12243,7526,Pre,43,2026-05-12
12244,7526,Post,59,2026-05-21
12245,7527,Pre,69,2024-06-09
12246,7527,Post,79,2024-06-23
12247,7528,Pre,60,2025-07-20
12248,7528,Post,76,2025-08-16
12249,7529,Pre,66,2024-12-19
12250,7529,Post,66,2025-01-02
12251,7530,Pre,31,2026-06-05
12252,7530,Post,48,2026-07-05
12253,7531,Pre,52,2025-10-12
12254,7531,Post,58,2025-10-30
12255,7532,Pre,58,2024-04-04
12256,7535,Pre,43,2025-01-17
12257,7535,Post,60,2025-02-05
12258,7536,Pre,55,2026-05-07
12259,7536,Post,70,2026-06-06
12260,7537,Pre,59,2025-02-20
12261,7537,Post,67,2025-03-02
12262,7538,Pre,65,2025-07-29
12263,7538,Post,78,2025-08-24
12264,7539,Pre,50,2025-06-07
12265,7539,Post,65,2025-07-01
12266,7540,Pre,27,2024-06-03
12267,7540,Post,51,2024-06-16
12268,7541,Pre,71,2024-02-19
12269,7541,Post,79,2024-02-28
12270,7542,Pre,54,2025-02-25
12271,7544,Pre,42,2025-05-03
12272,7544,Post,58,2025-05-22
12273,7545,Pre,45,2025-10-22
12274,7545,Post,63,2025-11-03
12275,7546,Pre,56,2025-03-16
12276,7546,Post,75,2025-04-01
12277,7547,Pre,62,2024-10-31
12278,7547,Post,72,2024-11-25
12279,7548,Pre,59,2024-07-18
12280,7548,Post,62,2024-08-02
12281,7549,Pre,57,2024-11-18
12282,7549,Post,73,2024-12-13
12283,7551,Pre,73,2025-01-11
12284,7551,Post,82,2025-02-04
12285,7552,Pre,62,2024-04-21
12286,7553,Pre,61,2026-03-19
12287,7553,Post,79,2026-03-28
12288,7554,Pre,43,2025-07-17
12289,7554,Post,43,2025-08-04
12290,7555,Pre,59,2025-11-20
12291,7556,Pre,65,2024-10-14
12292,7556,Post,78,2024-10-28
12293,7557,Pre,59,2025-12-09
12294,7557,Post,66,2026-01-05
12295,7558,Pre,50,2025-11-08
12296,7558,Post,62,2025-11-15
12297,7559,Pre,56,2024-01-28
12298,7559,Post,66,2024-02-25
12299,7560,Pre,71,2024-01-17
12300,7560,Post,83,2024-01-23
12301,7561,Pre,52,2026-03-04
12302,7562,Pre,60,2025-01-23
12303,7562,Post,72,2025-02-05
12304,7563,Pre,55,2025-05-26
12305,7563,Post,78,2025-06-15
12306,7564,Pre,48,2025-04-20
12307,7564,Post,45,2025-05-19
12308,7565,Pre,79,2025-03-12
12309,7565,Post,89,2025-04-02
12310,7566,Pre,76,2025-05-12
12311,7566,Post,75,2025-05-19
12312,7568,Pre,56,2026-06-23
12313,7569,Pre,67,2024-04-05
12314,7569,Post,73,2024-04-28
12315,7570,Pre,72,2025-04-20
12316,7570,Post,86,2025-05-22
12317,7571,Pre,59,2024-04-11
12318,7571,Post,72,2024-04-27
12319,7572,Pre,57,2025-07-30
12320,7572,Post,73,2025-08-29
12321,7573,Pre,71,2026-04-29
12322,7574,Pre,59,2025-04-16
12323,7574,Post,75,2025-05-19
12324,7575,Pre,43,2025-10-27
12325,7575,Post,55,2025-11-13
12326,7576,Pre,43,2025-01-31
12327,7576,Post,49,2025-02-14
12328,7577,Pre,49,2025-02-12
12329,7578,Pre,69,2025-06-20
12330,7578,Post,79,2025-07-01
12331,7579,Pre,51,2024-11-15
12332,7580,Pre,81,2025-07-11
12333,7580,Post,93,2025-07-27
12334,7581,Pre,54,2024-01-24
12335,7581,Post,69,2024-02-21
12336,7582,Pre,48,2025-09-03
12337,7582,Post,57,2025-09-29
12338,7583,Pre,63,2025-09-17
12339,7583,Post,76,2025-10-11
12340,7584,Pre,60,2024-08-10
12341,7584,Post,69,2024-09-01
12342,7585,Pre,54,2024-09-27
12343,7585,Post,52,2024-10-02
12344,7586,Pre,48,2026-05-20
12345,7586,Post,69,2026-06-15
12346,7587,Pre,61,2025-06-27
12347,7588,Pre,48,2026-04-19
12348,7589,Pre,77,2025-06-30
12349,7589,Post,85,2025-07-10
12350,7590,Pre,72,2024-11-21
12351,7590,Post,81,2024-12-15
12352,7591,Pre,39,2025-10-11
12353,7591,Post,45,2025-10-14
12354,7592,Pre,40,2024-03-12
12355,7592,Post,54,2024-04-07
12356,7593,Pre,54,2025-12-21
12357,7593,Post,76,2026-01-19
12358,7594,Pre,48,2024-11-23
12359,7595,Pre,57,2025-05-02
12360,7595,Post,62,2025-05-13
12361,7596,Pre,56,2025-06-27
12362,7596,Post,70,2025-07-19
12363,7597,Pre,42,2024-08-04
12364,7597,Post,56,2024-08-14
12365,7598,Pre,72,2026-03-05
12366,7598,Post,86,2026-03-14
12367,7599,Pre,64,2025-03-04
12368,7600,Pre,63,2025-05-23
12369,7600,Post,78,2025-05-30
12370,7601,Pre,65,2024-11-23
12371,7601,Post,84,2024-12-19
12372,7602,Pre,43,2026-01-21
12373,7602,Post,64,2026-02-19
12374,7604,Pre,72,2025-11-15
12375,7604,Post,70,2025-11-24
12376,7605,Pre,63,2025-09-08
12377,7605,Post,76,2025-10-05
12378,7606,Pre,84,2026-05-05
12379,7606,Post,88,2026-05-28
12380,7607,Pre,55,2026-01-09
12381,7608,Pre,50,2025-09-23
12382,7608,Post,64,2025-10-11
12383,7609,Pre,70,2024-11-12
12384,7610,Pre,62,2025-06-17
12385,7610,Post,71,2025-07-01
12386,7611,Pre,49,2026-02-21
12387,7611,Post,61,2026-03-09
12388,7612,Pre,41,2025-01-30
12389,7612,Post,44,2025-02-24
12390,7613,Pre,56,2025-06-07
12391,7613,Post,75,2025-06-26
12392,7614,Pre,66,2024-11-19
12393,7615,Pre,51,2024-06-02
12394,7615,Post,69,2024-06-25
12395,7616,Pre,58,2025-04-10
12396,7616,Post,69,2025-04-19
12397,7617,Pre,66,2025-04-19
12398,7617,Post,71,2025-05-16
12399,7618,Pre,57,2024-10-04
12400,7618,Post,79,2024-10-29
12401,7619,Pre,62,2026-03-03
12402,7619,Post,78,2026-03-20
12403,7621,Pre,69,2025-11-18
12404,7621,Post,84,2025-11-27
12405,7622,Pre,51,2026-04-02
12406,7622,Post,54,2026-04-24
12407,7623,Pre,82,2025-06-21
12408,7623,Post,92,2025-07-02
12409,7624,Pre,79,2024-09-15
12410,7624,Post,92,2024-10-06
12411,7625,Pre,48,2025-07-30
12412,7625,Post,61,2025-08-16
12413,7626,Pre,70,2025-01-04
12414,7626,Post,79,2025-01-27
12415,7627,Pre,67,2024-02-23
12416,7627,Post,74,2024-03-08
12417,7628,Pre,52,2026-08-06
12418,7628,Post,56,2026-08-19
12419,7629,Pre,59,2024-06-13
12420,7629,Post,73,2024-07-06
12421,7630,Pre,67,2024-01-05
12422,7630,Post,70,2024-01-11
12423,7631,Pre,62,2024-06-01
12424,7632,Pre,55,2026-05-25
12425,7632,Post,73,2026-06-01
12426,7633,Pre,48,2024-03-18
12427,7633,Post,66,2024-04-18
12428,7634,Pre,39,2026-05-27
12429,7634,Post,45,2026-05-31
12430,7635,Pre,46,2025-02-05
12431,7635,Post,56,2025-03-08
12432,7636,Pre,53,2024-11-12
12433,7636,Post,54,2024-11-23
12434,7637,Pre,60,2024-02-09
12435,7637,Post,62,2024-02-29
12436,7638,Pre,51,2024-10-02
12437,7639,Pre,43,2026-06-09
12438,7639,Post,58,2026-06-23
12439,7640,Pre,47,2025-12-08
12440,7640,Post,62,2025-12-15
12441,7641,Pre,69,2024-07-04
12442,7642,Pre,42,2025-11-21
12443,7642,Post,56,2025-12-14
12444,7645,Pre,49,2025-02-10
12445,7645,Post,59,2025-03-16
12446,7646,Pre,54,2026-06-26
12447,7646,Post,58,2026-07-24
12448,7647,Pre,47,2025-06-28
12449,7647,Post,60,2025-07-18
12450,7648,Pre,75,2026-06-04
12451,7648,Post,79,2026-06-21
12452,7649,Pre,62,2026-07-23
12453,7649,Post,76,2026-08-20
12454,7650,Pre,46,2024-01-23
12455,7650,Post,56,2024-02-03
12456,7652,Pre,67,2026-05-02
12457,7652,Post,82,2026-05-17
12458,7653,Pre,52,2024-12-12
12459,7653,Post,64,2024-12-31
12460,7654,Pre,74,2024-12-30
12461,7654,Post,92,2025-01-15
12462,7655,Pre,34,2025-05-26
12463,7656,Pre,51,2024-03-22
12464,7656,Post,69,2024-04-10
12465,7657,Pre,63,2025-01-17
12466,7657,Post,84,2025-02-03
12467,7659,Pre,57,2024-12-17
12468,7659,Post,68,2025-01-11
12469,7660,Pre,66,2026-08-03
12470,7660,Post,83,2026-08-29
12471,7661,Pre,62,2026-01-11
12472,7661,Post,83,2026-01-30
12473,7663,Pre,45,2026-07-27
12474,7663,Post,60,2026-08-09
12475,7664,Pre,48,2024-04-11
12476,7664,Post,50,2024-04-25
12477,7665,Pre,59,2026-07-21
12478,7665,Post,66,2026-08-17
12479,7666,Pre,62,2025-09-09
12480,7667,Pre,54,2024-10-28
12481,7667,Post,70,2024-11-11
12482,7669,Pre,39,2024-12-19
12483,7669,Post,49,2025-01-10
12484,7670,Pre,78,2026-07-26
12485,7670,Post,79,2026-08-17
12486,7671,Pre,70,2025-12-25
12487,7671,Post,81,2026-01-14
12488,7672,Pre,54,2024-09-25
12489,7672,Post,61,2024-10-24
12490,7673,Pre,61,2026-07-24
12491,7673,Post,75,2026-08-02
12492,7674,Pre,37,2026-01-26
12493,7675,Pre,88,2024-10-29
12494,7675,Post,93,2024-11-29
12495,7676,Pre,52,2025-10-04
12496,7677,Pre,50,2024-01-23
12497,7677,Post,60,2024-02-12
12498,7679,Pre,47,2025-08-15
12499,7679,Post,51,2025-08-21
12500,7680,Pre,59,2024-05-14
12501,7680,Post,59,2024-06-04
12502,7681,Pre,60,2025-06-02
12503,7681,Post,64,2025-06-25
12504,7683,Pre,47,2024-10-18
12505,7683,Post,55,2024-10-28
12506,7684,Pre,84,2025-01-07
12507,7684,Post,91,2025-02-01
12508,7685,Pre,70,2026-02-24
12509,7686,Pre,61,2024-08-22
12510,7686,Post,82,2024-09-08
12511,7687,Pre,51,2024-04-29
12512,7687,Post,66,2024-05-27
12513,7688,Pre,33,2026-07-30
12514,7688,Post,51,2026-08-06
12515,7689,Pre,57,2025-12-09
12516,7689,Post,60,2026-01-04
12517,7690,Pre,63,2025-10-29
12518,7690,Post,76,2025-11-25
12519,7691,Pre,40,2025-09-16
12520,7691,Post,52,2025-09-27
12521,7692,Pre,60,2025-07-06
12522,7693,Pre,68,2026-05-27
12523,7693,Post,76,2026-05-29
12524,7694,Pre,36,2025-12-08
12525,7695,Pre,49,2024-06-16
12526,7695,Post,61,2024-06-25
12527,7696,Pre,71,2025-02-06
12528,7696,Post,86,2025-02-18
12529,7697,Pre,79,2025-06-07
12530,7697,Post,81,2025-06-17
12531,7698,Pre,69,2025-07-20
12532,7698,Post,72,2025-08-03
12533,7699,Pre,53,2025-04-11
12534,7699,Post,58,2025-04-17
12535,7700,Pre,73,2025-03-30
12536,7700,Post,79,2025-04-16
12537,7701,Pre,56,2024-01-21
12538,7701,Post,67,2024-01-30
12539,7702,Pre,66,2024-07-08
12540,7702,Post,77,2024-07-19
12541,7703,Pre,61,2025-11-03
12542,7704,Pre,60,2024-05-13
12543,7704,Post,79,2024-05-30
12544,7705,Pre,55,2026-02-26
12545,7705,Post,65,2026-03-20
12546,7706,Pre,68,2025-05-17
12547,7706,Post,74,2025-06-08
12548,7707,Pre,57,2026-01-30
12549,7708,Pre,48,2026-08-04
12550,7708,Post,49,2026-08-24
12551,7710,Pre,56,2025-09-28
12552,7710,Post,66,2025-10-09
12553,7711,Pre,70,2024-04-21
12554,7712,Pre,66,2024-10-01
12555,7712,Post,73,2024-10-28
12556,7713,Pre,51,2025-11-20
12557,7713,Post,60,2025-12-10
12558,7714,Pre,76,2026-01-05
12559,7715,Pre,61,2025-02-13
12560,7716,Pre,57,2024-04-13
12561,7716,Post,61,2024-04-29
12562,7717,Pre,78,2026-01-10
12563,7717,Post,82,2026-01-20
12564,7718,Pre,63,2025-04-02
12565,7719,Pre,52,2025-05-20
12566,7720,Pre,60,2026-01-22
12567,7720,Post,76,2026-02-02
12568,7721,Pre,48,2025-04-01
12569,7721,Post,66,2025-04-27
12570,7722,Pre,59,2025-11-12
12571,7722,Post,84,2025-11-29
12572,7723,Pre,46,2026-07-07
12573,7723,Post,55,2026-07-13
12574,7724,Pre,54,2026-02-06
12575,7724,Post,65,2026-02-25
12576,7725,Pre,73,2024-02-21
12577,7725,Post,86,2024-03-23
12578,7726,Pre,70,2026-03-15
12579,7726,Post,80,2026-04-05
12580,7727,Pre,64,2025-11-09
12581,7727,Post,77,2025-12-01
12582,7728,Pre,53,2026-04-21
12583,7728,Post,53,2026-05-17
12584,7731,Pre,66,2025-10-29
12585,7731,Post,80,2025-11-22
12586,7732,Pre,57,2024-04-07
12587,7732,Post,83,2024-04-11
12588,7733,Pre,88,2026-06-27
12589,7733,Post,84,2026-07-11
12590,7734,Pre,52,2026-01-17
12591,7734,Post,76,2026-02-14
12592,7735,Pre,58,2025-12-01
12593,7735,Post,65,2025-12-18
12594,7736,Pre,68,2026-03-23
12595,7736,Post,78,2026-04-03
12596,7737,Pre,73,2025-06-11
12597,7737,Post,78,2025-07-01
12598,7738,Pre,58,2024-03-19
12599,7739,Pre,77,2024-09-23
12600,7740,Pre,51,2024-05-17
12601,7741,Pre,67,2025-04-01
12602,7741,Post,75,2025-04-29
12603,7742,Pre,70,2025-10-28
12604,7742,Post,70,2025-11-22
12605,7743,Pre,50,2026-03-12
12606,7744,Pre,69,2025-01-19
12607,7744,Post,89,2025-02-03
12608,7745,Pre,46,2026-02-16
12609,7746,Pre,73,2024-09-26
12610,7746,Post,83,2024-10-25
12611,7748,Pre,65,2026-02-24
12612,7748,Post,80,2026-03-24
12613,7749,Pre,59,2025-04-06
12614,7750,Pre,73,2025-02-27
12615,7750,Post,88,2025-03-05
12616,7751,Pre,41,2024-11-24
12617,7751,Post,44,2024-12-16
12618,7752,Pre,59,2025-10-23
12619,7753,Pre,51,2024-07-15
12620,7753,Post,62,2024-08-07
12621,7754,Pre,42,2024-01-20
12622,7754,Post,46,2024-02-12
12623,7755,Pre,54,2026-04-28
12624,7756,Pre,42,2026-07-22
12625,7756,Post,64,2026-08-08
12626,7757,Pre,65,2025-04-15
12627,7757,Post,72,2025-05-15
12628,7758,Pre,40,2026-01-07
12629,7758,Post,46,2026-01-31
12630,7759,Pre,71,2024-01-02
12631,7760,Pre,64,2025-02-05
12632,7760,Post,71,2025-02-18
12633,7761,Pre,58,2024-11-07
12634,7761,Post,71,2024-11-24
12635,7763,Pre,64,2025-04-13
12636,7764,Pre,80,2025-10-20
12637,7764,Post,82,2025-11-04
12638,7765,Pre,49,2024-12-11
12639,7765,Post,48,2025-01-04
12640,7766,Pre,64,2026-03-22
12641,7767,Pre,63,2024-09-06
12642,7767,Post,84,2024-10-07
12643,7769,Pre,65,2025-12-20
12644,7769,Post,72,2025-12-30
12645,7770,Pre,61,2024-04-10
12646,7771,Pre,82,2024-08-13
12647,7772,Pre,71,2026-05-06
12648,7773,Pre,58,2026-03-05
12649,7774,Pre,63,2025-09-02
12650,7774,Post,81,2025-09-29
12651,7775,Pre,44,2025-10-12
12652,7776,Pre,77,2024-07-26
12653,7776,Post,87,2024-08-19
12654,7777,Pre,71,2024-04-24
12655,7777,Post,82,2024-04-30
12656,7778,Pre,65,2026-05-12
12657,7778,Post,68,2026-06-03
12658,7779,Pre,68,2024-02-25
12659,7779,Post,72,2024-03-15
12660,7780,Pre,39,2024-03-01
12661,7780,Post,55,2024-03-09
12662,7781,Pre,69,2025-08-10
12663,7781,Post,86,2025-09-05
12664,7782,Pre,49,2025-03-17
12665,7782,Post,53,2025-03-25
12666,7783,Pre,56,2024-10-18
12667,7783,Post,66,2024-10-23
12668,7784,Pre,51,2025-01-31
12669,7784,Post,57,2025-02-19
12670,7785,Pre,38,2025-03-06
12671,7786,Pre,86,2025-09-11
12672,7787,Pre,50,2025-06-09
12673,7787,Post,67,2025-07-02
12674,7788,Pre,76,2025-12-30
12675,7788,Post,89,2026-01-22
12676,7789,Pre,58,2025-05-31
12677,7789,Post,63,2025-06-28
12678,7790,Pre,64,2025-09-28
12679,7790,Post,62,2025-10-19
12680,7791,Pre,54,2025-12-04
12681,7791,Post,60,2025-12-14
12682,7792,Pre,72,2026-07-31
12683,7792,Post,75,2026-08-25
12684,7794,Pre,65,2024-03-07
12685,7795,Pre,60,2024-12-06
12686,7795,Post,71,2024-12-21
12687,7797,Pre,40,2025-01-28
12688,7797,Post,45,2025-02-03
12689,7798,Pre,48,2024-03-08
12690,7799,Pre,69,2026-01-19
12691,7799,Post,65,2026-01-26
12692,7800,Pre,27,2024-06-12
12693,7801,Pre,62,2026-02-09
12694,7802,Pre,59,2025-10-19
12695,7803,Pre,55,2024-05-01
12696,7803,Post,59,2024-05-22
12697,7804,Pre,65,2024-11-29
12698,7804,Post,78,2024-12-11
12699,7805,Pre,65,2025-11-10
12700,7806,Pre,60,2025-01-17
12701,7808,Pre,51,2024-04-30
12702,7809,Pre,54,2025-01-08
12703,7809,Post,56,2025-02-05
12704,7810,Pre,66,2025-01-25
12705,7811,Pre,60,2024-10-09
12706,7812,Pre,54,2025-03-18
12707,7813,Pre,69,2024-03-02
12708,7814,Pre,59,2024-03-07
12709,7814,Post,77,2024-04-01
12710,7815,Pre,42,2024-09-18
12711,7816,Pre,57,2026-06-26
12712,7816,Post,58,2026-07-21
12713,7817,Pre,40,2025-09-29
12714,7818,Pre,47,2026-05-12
12715,7818,Post,49,2026-05-17
12716,7819,Pre,68,2026-05-14
12717,7820,Pre,59,2025-10-17
12718,7820,Post,73,2025-11-08
12719,7821,Pre,56,2026-05-02
12720,7821,Post,63,2026-05-06
12721,7823,Pre,46,2025-05-03
12722,7824,Pre,47,2025-09-15
12723,7824,Post,68,2025-09-21
12724,7825,Pre,32,2025-04-25
12725,7825,Post,42,2025-04-27
12726,7827,Pre,52,2025-11-25
12727,7827,Post,69,2025-12-20
12728,7828,Pre,25,2025-12-29
12729,7828,Post,44,2026-01-24
12730,7829,Pre,64,2024-06-29
12731,7829,Post,74,2024-07-05
12732,7830,Pre,42,2024-07-21
12733,7830,Post,65,2024-07-30
12734,7831,Pre,41,2026-06-04
12735,7831,Post,50,2026-06-24
12736,7832,Pre,51,2025-09-15
12737,7832,Post,65,2025-10-13
12738,7833,Pre,85,2025-09-17
12739,7833,Post,100,2025-10-07
12740,7834,Pre,57,2024-04-12
12741,7834,Post,69,2024-05-06
12742,7835,Pre,49,2026-06-03
12743,7835,Post,59,2026-06-14
12744,7836,Pre,54,2024-03-18
12745,7836,Post,59,2024-03-22
12746,7837,Pre,57,2026-05-31
12747,7839,Pre,52,2024-05-28
12748,7839,Post,69,2024-06-27
12749,7840,Pre,54,2025-04-29
12750,7840,Post,73,2025-05-15
12751,7841,Pre,45,2025-11-26
12752,7841,Post,55,2025-12-18
12753,7842,Pre,46,2025-11-05
12754,7843,Pre,66,2024-07-22
12755,7843,Post,66,2024-08-03
12756,7844,Pre,44,2024-04-03
12757,7844,Post,46,2024-04-29
12758,7845,Pre,64,2024-11-16
12759,7845,Post,83,2024-12-06
12760,7846,Pre,47,2024-10-10
12761,7848,Pre,62,2026-02-20
12762,7849,Pre,63,2024-09-11
12763,7849,Post,70,2024-09-23
12764,7850,Pre,59,2025-05-31
12765,7851,Pre,62,2024-04-30
12766,7851,Post,70,2024-05-09
12767,7853,Pre,62,2024-08-28
12768,7853,Post,79,2024-09-07
12769,7854,Pre,55,2025-08-05
12770,7854,Post,57,2025-09-03
12771,7855,Pre,75,2026-06-26
12772,7855,Post,77,2026-07-15
12773,7856,Pre,45,2025-05-17
12774,7856,Post,51,2025-05-27
12775,7857,Pre,63,2025-03-06
12776,7857,Post,73,2025-04-03
12777,7858,Pre,71,2026-01-07
12778,7858,Post,84,2026-01-24
12779,7860,Pre,44,2025-11-26
12780,7860,Post,60,2025-12-16
12781,7861,Pre,63,2026-01-22
12782,7861,Post,70,2026-02-17
12783,7862,Pre,85,2024-07-12
12784,7863,Pre,56,2026-02-23
12785,7863,Post,58,2026-03-24
12786,7864,Pre,43,2025-01-04
12787,7865,Pre,63,2024-08-10
12788,7865,Post,76,2024-08-31
12789,7866,Pre,67,2025-07-05
12790,7866,Post,66,2025-08-01
12791,7867,Pre,58,2026-02-12
12792,7867,Post,67,2026-03-10
12793,7869,Pre,58,2024-03-06
12794,7869,Post,68,2024-03-18
12795,7870,Pre,51,2025-04-05
12796,7871,Pre,79,2024-11-03
12797,7873,Pre,71,2024-12-11
12798,7874,Pre,56,2025-06-05
12799,7874,Post,68,2025-06-24
12800,7875,Pre,62,2024-04-01
12801,7875,Post,71,2024-04-21
12802,7876,Pre,53,2025-04-28
12803,7876,Post,60,2025-05-02
12804,7877,Pre,62,2026-05-19
12805,7877,Post,76,2026-06-11
12806,7878,Pre,64,2025-08-20
12807,7878,Post,76,2025-08-27
12808,7879,Pre,50,2024-06-02
12809,7879,Post,66,2024-07-08
12810,7880,Pre,56,2026-06-08
12811,7880,Post,76,2026-07-06
12812,7881,Pre,46,2025-12-05
12813,7882,Pre,64,2025-10-22
12814,7882,Post,81,2025-11-23
12815,7883,Pre,77,2024-10-22
12816,7883,Post,92,2024-11-01
12817,7884,Pre,57,2025-01-27
12818,7884,Post,73,2025-02-06
12819,7885,Pre,66,2026-06-16
12820,7885,Post,81,2026-07-17
12821,7886,Pre,56,2026-05-01
12822,7886,Post,66,2026-05-17
12823,7887,Pre,59,2025-08-25
12824,7887,Post,67,2025-09-20
12825,7888,Pre,57,2025-06-14
12826,7888,Post,69,2025-06-26
12827,7889,Pre,79,2025-01-20
12828,7889,Post,84,2025-02-18
12829,7890,Pre,84,2026-03-27
12830,7890,Post,91,2026-04-19
12831,7891,Pre,50,2024-03-17
12832,7891,Post,63,2024-04-04
12833,7892,Pre,58,2024-07-23
12834,7892,Post,73,2024-08-02
12835,7893,Pre,56,2025-01-25
12836,7893,Post,75,2025-02-18
12837,7894,Pre,46,2025-01-21
12838,7894,Post,50,2025-02-15
12839,7895,Pre,76,2025-01-17
12840,7895,Post,88,2025-02-15
12841,7896,Pre,55,2024-02-28
12842,7896,Post,67,2024-03-29
12843,7897,Pre,49,2025-01-03
12844,7897,Post,47,2025-01-18
12845,7898,Pre,47,2026-02-12
12846,7898,Post,60,2026-02-19
12847,7899,Pre,49,2025-12-04
12848,7899,Post,56,2025-12-28
12849,7900,Pre,52,2024-08-07
12850,7900,Post,71,2024-09-01
12851,7901,Pre,63,2025-08-19
12852,7901,Post,73,2025-08-22
12853,7902,Pre,44,2025-07-15
12854,7903,Pre,44,2025-01-27
12855,7904,Pre,25,2026-06-24
12856,7905,Pre,68,2025-09-02
12857,7906,Pre,75,2025-12-21
12858,7906,Post,71,2025-12-30
12859,7907,Pre,64,2025-06-07
12860,7907,Post,74,2025-06-29
12861,7908,Pre,67,2025-11-09
12862,7908,Post,79,2025-11-20
12863,7909,Pre,63,2024-08-02
12864,7910,Pre,64,2024-04-25
12865,7911,Pre,47,2026-03-20
12866,7911,Post,53,2026-04-08
12867,7915,Pre,74,2024-08-26
12868,7915,Post,82,2024-09-10
12869,7916,Pre,40,2026-02-28
12870,7916,Post,59,2026-03-22
12871,7918,Pre,73,2026-03-16
12872,7918,Post,92,2026-03-23
12873,7920,Pre,63,2026-05-18
12874,7921,Pre,67,2025-09-04
12875,7921,Post,74,2025-10-01
12876,7922,Pre,53,2024-05-05
12877,7922,Post,60,2024-05-24
12878,7923,Pre,63,2025-03-27
12879,7923,Post,66,2025-04-01
12880,7924,Pre,49,2025-12-03
12881,7924,Post,57,2025-12-15
12882,7925,Pre,57,2024-04-26
12883,7925,Post,69,2024-05-24
12884,7926,Pre,45,2025-12-21
12885,7926,Post,57,2025-12-30
12886,7927,Pre,56,2025-06-22
12887,7927,Post,56,2025-06-30
12888,7928,Pre,62,2024-11-21
12889,7928,Post,83,2024-12-04
12890,7929,Pre,57,2024-01-25
12891,7930,Pre,54,2024-05-13
12892,7931,Pre,66,2024-04-01
12893,7931,Post,78,2024-04-21
12894,7932,Pre,64,2024-12-18
12895,7932,Post,84,2024-12-25
12896,7933,Pre,57,2026-04-25
12897,7933,Post,59,2026-05-16
12898,7934,Pre,50,2026-02-14
12899,7934,Post,50,2026-02-26
12900,7935,Pre,58,2024-06-22
12901,7935,Post,60,2024-07-11
12902,7936,Pre,68,2024-08-08
12903,7936,Post,88,2024-08-15
12904,7937,Pre,65,2025-08-02
12905,7937,Post,82,2025-08-25
12906,7938,Pre,65,2026-05-02
12907,7938,Post,77,2026-05-08
12908,7939,Pre,47,2026-02-12
12909,7939,Post,49,2026-03-05
12910,7940,Pre,50,2025-12-22
12911,7940,Post,71,2026-01-11
12912,7941,Pre,54,2025-05-22
12913,7941,Post,66,2025-06-08
12914,7942,Pre,48,2026-01-30
12915,7942,Post,64,2026-02-06
12916,7943,Pre,51,2025-07-18
12917,7943,Post,73,2025-08-15
12918,7944,Pre,68,2025-12-07
12919,7944,Post,85,2025-12-20
12920,7945,Pre,72,2024-07-30
12921,7945,Post,90,2024-08-09
12922,7946,Pre,64,2024-07-10
12923,7946,Post,81,2024-07-25
12924,7947,Pre,64,2024-11-15
12925,7948,Pre,67,2024-05-02
12926,7948,Post,71,2024-05-08
12927,7949,Pre,65,2025-11-12
12928,7949,Post,68,2025-12-07
12929,7950,Pre,45,2024-07-30
12930,7950,Post,56,2024-08-10
12931,7951,Pre,87,2025-03-29
12932,7951,Post,99,2025-04-20
12933,7952,Pre,44,2026-03-22
12934,7952,Post,42,2026-03-24
12935,7953,Pre,56,2025-10-15
12936,7954,Pre,70,2025-11-27
12937,7954,Post,75,2025-12-10
12938,7955,Pre,58,2024-02-21
12939,7955,Post,74,2024-03-11
12940,7957,Pre,46,2024-07-24
12941,7957,Post,59,2024-07-31
12942,7958,Pre,66,2025-05-31
12943,7958,Post,77,2025-06-05
12944,7959,Pre,63,2024-11-01
12945,7959,Post,74,2024-11-11
12946,7960,Pre,71,2025-01-04
12947,7960,Post,77,2025-01-30
12948,7961,Pre,51,2024-09-03
12949,7961,Post,58,2024-09-15
12950,7962,Pre,43,2026-04-30
12951,7963,Pre,44,2026-02-25
12952,7963,Post,61,2026-03-12
12953,7964,Pre,63,2025-06-07
12954,7964,Post,72,2025-07-05
12955,7966,Pre,50,2024-03-01
12956,7966,Post,61,2024-03-09
12957,7967,Pre,54,2025-09-04
12958,7967,Post,68,2025-09-15
12959,7970,Pre,66,2024-01-17
12960,7971,Pre,56,2026-02-23
12961,7971,Post,62,2026-03-15
12962,7973,Pre,65,2025-02-03
12963,7974,Pre,52,2024-12-28
12964,7975,Pre,66,2026-06-25
12965,7975,Post,80,2026-07-05
12966,7976,Pre,82,2025-10-14
12967,7977,Pre,66,2024-07-19
12968,7978,Pre,68,2025-03-11
12969,7978,Post,75,2025-04-07
12970,7979,Pre,62,2026-05-01
12971,7980,Pre,51,2024-06-17
12972,7980,Post,65,2024-06-23
12973,7982,Pre,61,2026-04-28
12974,7982,Post,60,2026-05-25
12975,7983,Pre,55,2024-10-18
12976,7983,Post,61,2024-11-18
12977,7984,Pre,75,2024-10-25
12978,7985,Pre,60,2026-05-31
12979,7987,Pre,62,2024-08-11
12980,7987,Post,82,2024-08-26
12981,7988,Pre,56,2024-12-29
12982,7988,Post,71,2025-01-19
12983,7989,Pre,52,2024-05-28
12984,7989,Post,70,2024-06-05
12985,7990,Pre,58,2024-12-24
12986,7990,Post,72,2025-01-04
12987,7991,Pre,42,2026-07-22
12988,7992,Pre,83,2025-12-05
12989,7992,Post,93,2025-12-20
12990,7993,Pre,72,2024-04-05
12991,7993,Post,73,2024-05-04
12992,7995,Pre,72,2025-10-22
12993,7995,Post,82,2025-11-04
12994,7996,Pre,60,2024-10-31
12995,7996,Post,70,2024-11-08
12996,7997,Pre,66,2024-01-07
12997,7997,Post,77,2024-01-18
12998,7998,Pre,48,2025-03-14
12999,7998,Post,68,2025-03-27
13000,7999,Pre,48,2024-11-26
13001,8000,Pre,65,2024-03-23
13002,8000,Post,65,2024-04-21
13003,8002,Pre,68,2025-08-12
13004,8002,Post,79,2025-08-20
13005,8003,Pre,77,2025-11-26
13006,8003,Post,93,2025-12-12
13007,8004,Pre,57,2025-04-04
13008,8004,Post,58,2025-04-18
13009,8005,Pre,68,2025-07-21
13010,8005,Post,78,2025-07-27
13011,8006,Pre,68,2024-07-28
13012,8006,Post,86,2024-08-28
13013,8007,Pre,46,2025-10-07
13014,8008,Pre,50,2026-02-20
13015,8009,Pre,69,2025-08-22
13016,8009,Post,84,2025-09-18
13017,8010,Pre,59,2024-04-21
13018,8010,Post,77,2024-04-28
13019,8011,Pre,43,2025-01-26
13020,8011,Post,63,2025-02-08
13021,8012,Pre,55,2025-05-06
13022,8012,Post,60,2025-05-24
13023,8013,Pre,52,2025-01-26
13024,8013,Post,66,2025-02-03
13025,8014,Pre,60,2024-12-27
13026,8014,Post,57,2025-01-23
13027,8017,Pre,62,2024-12-30
13028,8017,Post,68,2025-01-02
13029,8018,Pre,59,2026-06-24
13030,8018,Post,61,2026-07-11
13031,8019,Pre,50,2025-06-17
13032,8019,Post,65,2025-07-03
13033,8020,Pre,55,2024-09-13
13034,8020,Post,71,2024-10-09
13035,8021,Pre,48,2025-11-30
13036,8021,Post,65,2025-12-06
13037,8022,Pre,33,2026-08-05
13038,8022,Post,45,2026-09-09
13039,8023,Pre,69,2024-12-11
13040,8024,Pre,51,2024-05-05
13041,8025,Pre,57,2025-06-25
13042,8025,Post,72,2025-07-12
13043,8026,Pre,75,2024-07-29
13044,8028,Pre,59,2025-03-19
13045,8028,Post,76,2025-03-27
13046,8029,Pre,67,2024-08-18
13047,8030,Pre,62,2025-06-23
13048,8030,Post,59,2025-06-29
13049,8031,Pre,86,2025-05-01
13050,8031,Post,95,2025-05-17
13051,8032,Pre,56,2025-12-06
13052,8033,Pre,48,2024-05-05
13053,8035,Pre,59,2025-09-08
13054,8035,Post,68,2025-09-28
13055,8036,Pre,64,2026-02-16
13056,8036,Post,79,2026-03-12
13057,8037,Pre,82,2025-03-22
13058,8037,Post,84,2025-03-31
13059,8038,Pre,66,2025-06-06
13060,8038,Post,92,2025-06-24
13061,8039,Pre,39,2025-10-20
13062,8039,Post,55,2025-10-31
13063,8040,Pre,74,2025-10-10
13064,8040,Post,91,2025-11-10
13065,8041,Pre,60,2025-03-10
13066,8041,Post,75,2025-04-02
13067,8042,Pre,46,2024-06-16
13068,8042,Post,48,2024-06-26
13069,8043,Pre,49,2024-06-17
13070,8043,Post,62,2024-06-27
13071,8044,Pre,57,2024-08-21
13072,8044,Post,66,2024-08-24
13073,8045,Pre,50,2025-10-11
13074,8045,Post,70,2025-11-04
13075,8046,Pre,47,2024-11-30
13076,8046,Post,46,2024-12-27
13077,8048,Pre,57,2024-08-27
13078,8048,Post,81,2024-09-04
13079,8049,Pre,43,2025-06-14
13080,8049,Post,50,2025-06-26
13081,8050,Pre,70,2026-03-09
13082,8050,Post,78,2026-03-23
13083,8051,Pre,74,2024-03-28
13084,8051,Post,84,2024-04-26
13085,8052,Pre,58,2024-12-28
13086,8053,Pre,50,2024-04-15
13087,8053,Post,71,2024-04-25
13088,8054,Pre,40,2024-07-09
13089,8055,Pre,58,2025-03-28
13090,8055,Post,64,2025-04-25
13091,8056,Pre,61,2025-06-30
13092,8056,Post,67,2025-07-11
13093,8057,Pre,63,2024-09-26
13094,8057,Post,85,2024-10-06
13095,8058,Pre,76,2025-11-21
13096,8058,Post,90,2025-12-01
13097,8059,Pre,50,2025-07-29
13098,8059,Post,64,2025-08-05
13099,8060,Pre,58,2024-10-20
13100,8060,Post,73,2024-11-04
13101,8061,Pre,61,2024-09-18
13102,8061,Post,70,2024-10-08
13103,8062,Pre,59,2024-08-22
13104,8064,Pre,59,2026-08-14
13105,8064,Post,71,2026-08-30
13106,8065,Pre,56,2024-07-17
13107,8065,Post,69,2024-07-22
13108,8066,Pre,56,2025-06-30
13109,8066,Post,69,2025-07-10
13110,8067,Pre,46,2025-04-29
13111,8067,Post,60,2025-05-04
13112,8068,Pre,45,2025-10-24
13113,8068,Post,46,2025-11-15
13114,8069,Pre,58,2024-07-18
13115,8069,Post,64,2024-08-03
13116,8070,Pre,57,2025-04-30
13117,8070,Post,66,2025-05-09
13118,8071,Pre,72,2025-03-19
13119,8071,Post,88,2025-04-08
13120,8073,Pre,71,2025-06-04
13121,8073,Post,72,2025-06-07
13122,8074,Pre,50,2024-05-12
13123,8074,Post,64,2024-05-26
13124,8075,Pre,83,2025-07-23
13125,8075,Post,94,2025-08-02
13126,8076,Pre,35,2024-07-29
13127,8076,Post,58,2024-08-18
13128,8077,Pre,54,2026-04-11
13129,8077,Post,57,2026-04-19
13130,8078,Pre,61,2026-05-04
13131,8078,Post,63,2026-05-19
13132,8079,Pre,41,2024-04-05
13133,8079,Post,64,2024-04-19
13134,8080,Pre,47,2026-02-20
13135,8080,Post,56,2026-03-17
13136,8081,Pre,72,2024-01-08
13137,8081,Post,71,2024-01-13
13138,8082,Pre,54,2026-03-05
13139,8083,Pre,59,2024-08-23
13140,8083,Post,77,2024-09-01
13141,8084,Pre,51,2024-10-20
13142,8084,Post,68,2024-11-05
13143,8085,Pre,48,2025-05-03
13144,8085,Post,69,2025-06-06
13145,8086,Pre,67,2026-04-09
13146,8086,Post,77,2026-04-20
13147,8087,Pre,64,2025-10-26
13148,8087,Post,72,2025-11-23
13149,8088,Pre,71,2026-04-09
13150,8088,Post,79,2026-05-01
13151,8089,Pre,69,2025-01-07
13152,8089,Post,82,2025-01-16
13153,8090,Pre,69,2025-01-08
13154,8090,Post,76,2025-01-29
13155,8091,Pre,68,2024-06-28
13156,8091,Post,88,2024-07-16
13157,8092,Pre,38,2024-02-22
13158,8092,Post,50,2024-03-08
13159,8093,Pre,40,2026-07-24
13160,8094,Pre,74,2025-02-17
13161,8094,Post,86,2025-03-10
13162,8095,Pre,52,2024-01-15
13163,8095,Post,60,2024-02-02
13164,8096,Pre,77,2024-09-13
13165,8096,Post,83,2024-09-21
13166,8097,Pre,57,2024-02-01
13167,8097,Post,76,2024-02-10
13168,8098,Pre,78,2024-03-17
13169,8098,Post,87,2024-04-06
13170,8099,Pre,62,2025-09-16
13171,8099,Post,78,2025-10-12
13172,8100,Pre,42,2026-07-16
13173,8100,Post,50,2026-07-26
13174,8101,Pre,74,2024-02-29
13175,8102,Pre,63,2026-03-22
13176,8102,Post,72,2026-04-11
13177,8103,Pre,53,2024-04-08
13178,8103,Post,57,2024-04-28
13179,8104,Pre,73,2024-11-20
13180,8104,Post,85,2024-12-20
13181,8105,Pre,59,2026-01-16
13182,8105,Post,69,2026-02-13
13183,8106,Pre,62,2024-06-20
13184,8106,Post,77,2024-07-14
13185,8107,Pre,43,2025-11-26
13186,8107,Post,56,2025-12-19
13187,8108,Pre,73,2026-05-01
13188,8110,Pre,57,2024-01-31
13189,8110,Post,76,2024-02-22
13190,8113,Pre,76,2024-01-01
13191,8113,Post,82,2024-01-17
13192,8114,Pre,68,2026-06-27
13193,8115,Pre,52,2024-07-25
13194,8116,Pre,62,2025-04-02
13195,8116,Post,82,2025-04-18
13196,8117,Pre,37,2026-04-15
13197,8117,Post,43,2026-05-17
13198,8118,Pre,70,2025-12-20
13199,8118,Post,83,2025-12-30
13200,8119,Pre,49,2026-03-27
13201,8119,Post,78,2026-04-15
13202,8120,Pre,76,2026-02-15
13203,8120,Post,76,2026-03-13
13204,8121,Pre,66,2024-03-08
13205,8121,Post,71,2024-03-26
13206,8122,Pre,64,2025-08-19
13207,8122,Post,67,2025-09-03
13208,8123,Pre,70,2024-03-17
13209,8123,Post,73,2024-04-08
13210,8125,Pre,53,2025-12-26
13211,8125,Post,58,2026-01-06
13212,8126,Pre,64,2026-05-02
13213,8126,Post,70,2026-06-01
13214,8127,Pre,65,2025-06-03
13215,8127,Post,69,2025-06-12
13216,8128,Pre,52,2025-05-08
13217,8128,Post,70,2025-05-28
13218,8129,Pre,56,2025-12-05
13219,8129,Post,63,2025-12-18
13220,8130,Pre,72,2024-03-16
13221,8130,Post,80,2024-04-13
13222,8131,Pre,63,2026-07-22
13223,8131,Post,80,2026-08-11
13224,8132,Pre,56,2026-06-16
13225,8132,Post,71,2026-06-26
13226,8134,Pre,61,2024-10-02
13227,8134,Post,76,2024-10-07
13228,8135,Pre,80,2026-05-17
13229,8135,Post,95,2026-06-13
13230,8136,Pre,60,2025-05-05
13231,8138,Pre,62,2024-03-14
13232,8139,Pre,57,2024-01-04
13233,8140,Pre,71,2024-08-01
13234,8141,Pre,48,2024-08-16
13235,8143,Pre,47,2024-09-18
13236,8143,Post,64,2024-10-01
13237,8144,Pre,49,2026-04-21
13238,8144,Post,63,2026-04-26
13239,8145,Pre,38,2024-11-22
13240,8145,Post,48,2024-12-01
13241,8146,Pre,63,2026-03-06
13242,8147,Pre,44,2025-04-18
13243,8148,Pre,51,2026-05-18
13244,8149,Pre,56,2026-03-20
13245,8149,Post,71,2026-03-30
13246,8150,Pre,55,2024-11-07
13247,8150,Post,76,2024-12-08
13248,8151,Pre,71,2025-08-25
13249,8151,Post,82,2025-09-11
13250,8153,Pre,65,2025-01-08
13251,8153,Post,80,2025-01-22
13252,8154,Pre,64,2025-10-11
13253,8154,Post,76,2025-10-17
13254,8155,Pre,57,2026-07-17
13255,8155,Post,75,2026-08-13
13256,8156,Pre,65,2026-03-14
13257,8156,Post,77,2026-03-22
13258,8157,Pre,48,2024-11-18
13259,8157,Post,60,2024-12-06
13260,8158,Pre,51,2026-05-08
13261,8158,Post,57,2026-05-14
13262,8159,Pre,67,2026-03-08
13263,8159,Post,66,2026-03-25
13264,8160,Pre,55,2024-04-29
13265,8160,Post,66,2024-05-28
13266,8161,Pre,49,2025-11-06
13267,8161,Post,52,2025-11-14
13268,8162,Pre,44,2024-01-22
13269,8163,Pre,60,2025-12-11
13270,8163,Post,86,2026-01-05
13271,8164,Pre,64,2024-04-03
13272,8164,Post,81,2024-04-18
13273,8165,Pre,46,2025-12-08
13274,8167,Pre,47,2026-05-17
13275,8168,Pre,57,2024-01-18
13276,8168,Post,71,2024-01-29
13277,8169,Pre,67,2024-07-03
13278,8169,Post,82,2024-07-22
13279,8170,Pre,75,2025-06-21
13280,8170,Post,81,2025-07-18
13281,8172,Pre,79,2026-01-13
13282,8172,Post,84,2026-02-09
13283,8174,Pre,54,2026-02-14
13284,8174,Post,68,2026-03-07
13285,8175,Pre,73,2024-10-23
13286,8175,Post,85,2024-11-04
13287,8176,Pre,45,2024-11-09
13288,8176,Post,51,2024-11-20
13289,8177,Pre,51,2026-04-01
13290,8178,Pre,60,2026-06-19
13291,8178,Post,64,2026-07-05
13292,8179,Pre,26,2024-06-17
13293,8179,Post,45,2024-07-18
13294,8180,Pre,71,2026-06-19
13295,8180,Post,81,2026-07-14
13296,8182,Pre,41,2024-03-27
13297,8183,Pre,44,2025-12-31
13298,8183,Post,50,2026-01-17
13299,8185,Pre,63,2025-02-14
13300,8185,Post,69,2025-03-22
13301,8186,Pre,56,2024-09-12
13302,8186,Post,61,2024-10-06
13303,8187,Pre,53,2024-12-22
13304,8187,Post,60,2025-01-09
13305,8188,Pre,39,2025-12-15
13306,8188,Post,59,2026-01-13
13307,8189,Pre,69,2026-03-17
13308,8189,Post,87,2026-03-30
13309,8190,Pre,71,2025-04-11
13310,8190,Post,77,2025-04-28
13311,8191,Pre,76,2026-04-03
13312,8191,Post,89,2026-04-30
13313,8192,Pre,50,2024-05-11
13314,8192,Post,70,2024-05-23
13315,8193,Pre,52,2025-01-27
13316,8193,Post,66,2025-02-12
13317,8194,Pre,55,2025-04-27
13318,8194,Post,61,2025-05-25
13319,8195,Pre,72,2024-05-01
13320,8196,Pre,58,2024-11-09
13321,8196,Post,75,2024-12-05
13322,8197,Pre,56,2025-07-05
13323,8197,Post,58,2025-07-29
13324,8198,Pre,73,2024-07-27
13325,8198,Post,73,2024-08-21
13326,8199,Pre,64,2026-05-10
13327,8199,Post,82,2026-05-28
13328,8200,Pre,57,2024-05-03
13329,8200,Post,76,2024-05-20
13330,8201,Pre,53,2026-02-23
13331,8201,Post,71,2026-03-12
13332,8202,Pre,56,2025-08-20
13333,8202,Post,68,2025-08-24
13334,8203,Pre,50,2025-06-14
13335,8203,Post,62,2025-07-10
13336,8204,Pre,63,2024-10-31
13337,8204,Post,74,2024-11-30
13338,8205,Pre,54,2024-02-09
13339,8206,Pre,47,2025-09-16
13340,8206,Post,62,2025-09-30
13341,8207,Pre,61,2025-04-22
13342,8207,Post,81,2025-05-12
13343,8208,Pre,56,2025-01-05
13344,8208,Post,64,2025-01-20
13345,8209,Pre,41,2025-07-28
13346,8209,Post,42,2025-08-04
13347,8210,Pre,62,2025-04-16
13348,8211,Pre,44,2024-10-10
13349,8212,Pre,61,2024-04-02
13350,8213,Pre,88,2026-08-11
13351,8213,Post,95,2026-09-10
13352,8214,Pre,75,2025-07-13
13353,8214,Post,81,2025-08-06
13354,8215,Pre,54,2024-08-21
13355,8215,Post,64,2024-09-08
13356,8216,Pre,61,2025-12-06
13357,8216,Post,62,2025-12-11
13358,8217,Pre,57,2025-01-16
13359,8217,Post,75,2025-02-05
13360,8218,Pre,51,2026-01-06
13361,8218,Post,71,2026-01-12
13362,8219,Pre,69,2025-10-31
13363,8219,Post,74,2025-11-18
13364,8220,Pre,60,2025-10-04
13365,8220,Post,70,2025-10-20
13366,8221,Pre,38,2025-04-07
13367,8222,Pre,71,2025-05-04
13368,8222,Post,75,2025-05-16
13369,8225,Pre,74,2024-07-04
13370,8225,Post,82,2024-08-01
13371,8226,Pre,54,2026-05-21
13372,8226,Post,63,2026-05-29
13373,8227,Pre,67,2026-03-25
13374,8227,Post,84,2026-04-13
13375,8228,Pre,35,2025-06-30
13376,8228,Post,53,2025-07-08
13377,8229,Pre,61,2026-02-01
13378,8230,Pre,58,2026-04-18
13379,8230,Post,75,2026-05-07
13380,8231,Pre,72,2024-09-15
13381,8231,Post,90,2024-10-02
13382,8232,Pre,56,2025-08-03
13383,8232,Post,65,2025-08-10
13384,8233,Pre,45,2025-02-07
13385,8233,Post,44,2025-03-09
13386,8234,Pre,62,2025-07-30
13387,8234,Post,65,2025-08-15
13388,8235,Pre,66,2025-10-30
13389,8235,Post,82,2025-11-10
13390,8236,Pre,34,2025-10-29
13391,8236,Post,46,2025-11-02
13392,8237,Pre,49,2025-06-27
13393,8237,Post,54,2025-07-17
13394,8238,Pre,61,2025-06-29
13395,8238,Post,83,2025-07-03
13396,8239,Pre,47,2024-06-15
13397,8240,Pre,66,2025-01-29
13398,8240,Post,76,2025-02-13
13399,8241,Pre,64,2025-06-21
13400,8241,Post,81,2025-07-10
13401,8242,Pre,42,2026-08-07
13402,8242,Post,49,2026-08-18
13403,8243,Pre,60,2024-04-01
13404,8244,Pre,33,2024-11-03
13405,8244,Post,57,2024-11-17
13406,8245,Pre,48,2026-08-08
13407,8245,Post,51,2026-08-24
13408,8246,Pre,59,2024-09-30
13409,8246,Post,62,2024-10-08
13410,8248,Pre,56,2024-06-27
13411,8248,Post,77,2024-07-25
13412,8249,Pre,50,2026-01-30
13413,8250,Pre,68,2024-09-01
13414,8251,Pre,68,2025-09-22
13415,8251,Post,82,2025-09-28
13416,8252,Pre,53,2024-10-01
13417,8252,Post,73,2024-10-21
13418,8253,Pre,68,2025-01-22
13419,8253,Post,86,2025-02-18
13420,8254,Pre,55,2026-06-24
13421,8254,Post,51,2026-07-18
13422,8255,Pre,55,2026-01-18
13423,8255,Post,64,2026-01-26
13424,8256,Pre,76,2025-07-01
13425,8256,Post,82,2025-07-29
13426,8257,Pre,59,2025-05-13
13427,8258,Pre,84,2025-02-21
13428,8258,Post,97,2025-03-09
13429,8259,Pre,55,2025-03-14
13430,8259,Post,76,2025-03-31
13431,8260,Pre,65,2024-03-06
13432,8260,Post,77,2024-03-31
13433,8261,Pre,70,2026-02-18
13434,8262,Pre,75,2025-02-25
13435,8262,Post,91,2025-03-08
13436,8263,Pre,64,2025-11-22
13437,8263,Post,86,2025-12-17
13438,8264,Pre,72,2025-06-09
13439,8264,Post,76,2025-07-08
13440,8265,Pre,66,2024-04-27
13441,8267,Pre,54,2025-10-17
13442,8267,Post,65,2025-10-24
13443,8268,Pre,48,2026-04-18
13444,8268,Post,54,2026-05-10
13445,8269,Pre,40,2026-04-05
13446,8270,Pre,67,2025-06-07
13447,8270,Post,79,2025-07-05
13448,8271,Pre,63,2025-06-02
13449,8271,Post,73,2025-07-02
13450,8272,Pre,64,2026-05-17
13451,8272,Post,73,2026-06-15
13452,8273,Pre,64,2024-02-14
13453,8273,Post,66,2024-02-28
13454,8274,Pre,61,2026-06-09
13455,8275,Pre,38,2026-06-16
13456,8275,Post,55,2026-06-24
13457,8276,Pre,55,2026-02-15
13458,8276,Post,72,2026-03-03
13459,8277,Pre,64,2025-12-30
13460,8277,Post,80,2026-01-08
13461,8278,Pre,75,2024-01-24
13462,8278,Post,78,2024-02-18
13463,8280,Pre,64,2025-08-29
13464,8280,Post,65,2025-09-25
13465,8281,Pre,71,2024-09-01
13466,8282,Pre,58,2025-07-01
13467,8282,Post,81,2025-07-20
13468,8283,Pre,53,2025-09-02
13469,8284,Pre,40,2026-02-15
13470,8284,Post,54,2026-02-17
13471,8285,Pre,63,2025-11-19
13472,8285,Post,70,2025-12-12
13473,8287,Pre,58,2026-08-14
13474,8288,Pre,73,2025-05-23
13475,8288,Post,85,2025-06-06
13476,8289,Pre,55,2024-01-28
13477,8290,Pre,62,2025-10-11
13478,8291,Pre,44,2024-07-09
13479,8292,Pre,46,2024-05-25
13480,8292,Post,51,2024-06-06
13481,8293,Pre,77,2025-12-27
13482,8293,Post,95,2026-01-13
13483,8294,Pre,58,2025-01-26
13484,8295,Pre,63,2025-09-13
13485,8295,Post,82,2025-09-29
13486,8296,Pre,88,2026-08-04
13487,8296,Post,96,2026-09-02
13488,8297,Pre,28,2026-04-09
13489,8297,Post,35,2026-04-21
13490,8298,Pre,58,2024-10-23
13491,8298,Post,69,2024-10-27
13492,8300,Pre,64,2026-02-19
13493,8300,Post,79,2026-03-09
13494,8301,Pre,63,2026-03-15
13495,8302,Pre,58,2025-11-26
13496,8303,Pre,54,2026-01-13
13497,8304,Pre,50,2025-04-01
13498,8304,Post,64,2025-04-08
13499,8305,Pre,41,2025-07-28
13500,8305,Post,60,2025-08-16
13501,8306,Pre,66,2025-10-20
13502,8306,Post,73,2025-11-19
13503,8307,Pre,56,2025-02-17
13504,8308,Pre,56,2024-01-19
13505,8309,Pre,71,2026-06-08
13506,8309,Post,84,2026-07-05
13507,8310,Pre,57,2025-01-21
13508,8310,Post,77,2025-01-27
13509,8311,Pre,36,2024-06-09
13510,8311,Post,60,2024-07-04
13511,8312,Pre,72,2025-04-02
13512,8312,Post,84,2025-04-21
13513,8313,Pre,61,2026-03-24
13514,8313,Post,65,2026-03-30
13515,8314,Pre,58,2025-05-12
13516,8314,Post,79,2025-06-08
13517,8315,Pre,42,2024-09-15
13518,8315,Post,65,2024-10-13
13519,8317,Pre,51,2025-10-09
13520,8317,Post,47,2025-10-21
13521,8319,Pre,51,2024-02-12
13522,8319,Post,63,2024-03-08
13523,8320,Pre,61,2026-07-06
13524,8321,Pre,66,2024-08-29
13525,8321,Post,74,2024-09-22
13526,8322,Pre,46,2025-07-08
13527,8322,Post,69,2025-08-08
13528,8323,Pre,49,2024-03-10
13529,8323,Post,65,2024-04-09
13530,8324,Pre,62,2025-05-15
13531,8325,Pre,67,2025-10-26
13532,8325,Post,74,2025-11-13
13533,8327,Pre,46,2025-10-15
13534,8328,Pre,67,2025-03-06
13535,8328,Post,75,2025-03-12
13536,8329,Pre,47,2025-08-09
13537,8329,Post,58,2025-08-18
13538,8330,Pre,61,2025-01-10
13539,8330,Post,74,2025-02-08
13540,8331,Pre,77,2024-09-10
13541,8331,Post,95,2024-10-07
13542,8332,Pre,56,2026-02-08
13543,8332,Post,63,2026-03-02
13544,8333,Pre,56,2025-01-30
13545,8333,Post,75,2025-02-23
13546,8334,Pre,55,2024-12-04
13547,8334,Post,68,2025-01-03
13548,8336,Pre,59,2026-01-26
13549,8336,Post,64,2026-02-15
13550,8338,Pre,47,2026-04-02
13551,8338,Post,50,2026-04-23
13552,8339,Pre,54,2024-04-08
13553,8339,Post,69,2024-04-18
13554,8340,Pre,53,2024-11-03
13555,8340,Post,64,2024-12-02
13556,8341,Pre,41,2025-04-30
13557,8341,Post,56,2025-05-15
13558,8342,Pre,56,2024-03-03
13559,8342,Post,69,2024-03-29
13560,8343,Pre,50,2025-04-09
13561,8343,Post,56,2025-05-02
13562,8344,Pre,35,2024-05-05
13563,8344,Post,51,2024-05-14
13564,8345,Pre,50,2026-04-05
13565,8345,Post,50,2026-04-26
13566,8346,Pre,59,2025-09-27
13567,8347,Pre,53,2024-02-17
13568,8348,Pre,55,2024-03-03
13569,8349,Pre,88,2025-04-21
13570,8349,Post,93,2025-05-17
13571,8350,Pre,67,2025-07-06
13572,8350,Post,72,2025-07-26
13573,8351,Pre,71,2025-08-29
13574,8351,Post,74,2025-09-11
13575,8352,Pre,54,2025-02-12
13576,8352,Post,78,2025-03-13
13577,8353,Pre,80,2026-02-07
13578,8354,Pre,51,2026-08-12
13579,8354,Post,68,2026-08-22
13580,8355,Pre,53,2026-04-17
13581,8355,Post,66,2026-05-08
13582,8356,Pre,63,2026-05-08
13583,8356,Post,66,2026-06-05
13584,8357,Pre,68,2025-06-25
13585,8357,Post,83,2025-07-19
13586,8358,Pre,58,2024-06-15
13587,8358,Post,70,2024-06-21
13588,8359,Pre,55,2024-11-19
13589,8360,Pre,50,2024-08-05
13590,8360,Post,67,2024-08-30
13591,8361,Pre,64,2024-01-27
13592,8362,Pre,50,2024-01-25
13593,8362,Post,61,2024-02-24
13594,8363,Pre,53,2024-09-25
13595,8363,Post,58,2024-10-08
13596,8364,Pre,58,2025-09-22
13597,8364,Post,61,2025-10-06
13598,8365,Pre,74,2025-03-10
13599,8365,Post,78,2025-03-19
13600,8366,Pre,51,2025-04-27
13601,8367,Pre,77,2025-10-11
13602,8367,Post,88,2025-10-24
13603,8368,Pre,52,2025-06-03
13604,8368,Post,69,2025-06-25
13605,8370,Pre,54,2024-01-30
13606,8370,Post,67,2024-02-06
13607,8371,Pre,51,2026-07-29
13608,8371,Post,56,2026-08-20
13609,8372,Pre,42,2026-06-29
13610,8372,Post,56,2026-07-27
13611,8373,Pre,75,2024-03-21
13612,8373,Post,87,2024-04-16
13613,8374,Pre,49,2024-11-05
13614,8374,Post,52,2024-11-16
13615,8375,Pre,79,2024-11-22
13616,8375,Post,78,2024-12-21
13617,8376,Pre,69,2024-05-09
13618,8376,Post,75,2024-05-15
13619,8377,Pre,76,2025-02-18
13620,8377,Post,76,2025-02-28
13621,8380,Pre,64,2024-08-26
13622,8382,Pre,43,2025-10-31
13623,8382,Post,63,2025-11-10
13624,8384,Pre,54,2025-10-22
13625,8384,Post,63,2025-11-08
13626,8385,Pre,40,2024-04-13
13627,8385,Post,61,2024-04-25
13628,8386,Pre,48,2026-05-10
13629,8386,Post,54,2026-05-29
13630,8387,Pre,67,2025-10-13
13631,8387,Post,78,2025-10-25
13632,8388,Pre,40,2025-04-15
13633,8388,Post,57,2025-05-09
13634,8389,Pre,37,2025-08-06
13635,8389,Post,38,2025-08-25
13636,8390,Pre,57,2026-02-10
13637,8390,Post,64,2026-03-04
13638,8391,Pre,60,2025-10-03
13639,8392,Pre,71,2024-06-13
13640,8393,Pre,64,2025-05-06
13641,8394,Pre,65,2025-11-23
13642,8395,Pre,63,2025-12-30
13643,8395,Post,61,2026-01-05
13644,8396,Pre,60,2025-10-23
13645,8397,Pre,69,2026-02-25
13646,8397,Post,87,2026-03-21
13647,8398,Pre,74,2025-11-14
13648,8398,Post,70,2025-11-25
13649,8399,Pre,60,2025-10-28
13650,8399,Post,72,2025-11-19
13651,8400,Pre,71,2025-08-28
13652,8400,Post,79,2025-09-26
13653,8401,Pre,63,2025-10-19
13654,8401,Post,74,2025-11-16
13655,8403,Pre,58,2025-06-01
13656,8404,Pre,70,2026-08-04
13657,8406,Pre,63,2025-03-20
13658,8406,Post,74,2025-04-20
13659,8407,Pre,32,2024-11-24
13660,8407,Post,36,2024-12-21
13661,8408,Pre,62,2025-11-08
13662,8409,Pre,67,2026-08-10
13663,8409,Post,81,2026-08-23
13664,8410,Pre,63,2025-10-16
13665,8410,Post,72,2025-10-26
13666,8411,Pre,72,2026-04-15
13667,8411,Post,82,2026-05-06
13668,8412,Pre,61,2025-06-24
13669,8412,Post,76,2025-07-15
13670,8413,Pre,47,2025-10-06
13671,8414,Pre,40,2024-10-18
13672,8414,Post,47,2024-10-29
13673,8415,Pre,57,2024-04-06
13674,8415,Post,74,2024-04-26
13675,8416,Pre,51,2026-03-30
13676,8416,Post,59,2026-04-28
13677,8417,Pre,61,2025-09-24
13678,8417,Post,82,2025-10-16
13679,8418,Pre,55,2025-10-17
13680,8418,Post,64,2025-11-08
13681,8419,Pre,48,2024-11-05
13682,8419,Post,63,2024-11-12
13683,8420,Pre,75,2025-10-15
13684,8420,Post,81,2025-10-30
13685,8421,Pre,70,2024-06-21
13686,8421,Post,81,2024-07-13
13687,8422,Pre,49,2024-12-22
13688,8422,Post,62,2025-01-19
13689,8423,Pre,84,2025-03-24
13690,8423,Post,100,2025-04-03
13691,8424,Pre,63,2026-08-04
13692,8424,Post,76,2026-08-30
13693,8426,Pre,66,2025-02-06
13694,8427,Pre,44,2024-09-19
13695,8428,Pre,62,2026-06-06
13696,8429,Pre,53,2025-04-23
13697,8429,Post,68,2025-05-17
13698,8430,Pre,62,2024-05-12
13699,8430,Post,62,2024-06-06
13700,8432,Pre,80,2024-07-01
13701,8432,Post,78,2024-07-16
13702,8433,Pre,63,2024-09-10
13703,8433,Post,71,2024-10-06
13704,8434,Pre,66,2024-10-31
13705,8434,Post,70,2024-11-25
13706,8435,Pre,66,2025-10-03
13707,8436,Pre,73,2024-12-28
13708,8437,Pre,70,2024-12-06
13709,8437,Post,82,2024-12-13
13710,8438,Pre,62,2024-11-15
13711,8438,Post,78,2024-12-05
13712,8439,Pre,71,2025-07-12
13713,8439,Post,85,2025-07-25
13714,8440,Pre,71,2024-02-17
13715,8440,Post,77,2024-03-17
13716,8441,Pre,55,2025-09-13
13717,8441,Post,66,2025-09-26
13718,8442,Pre,63,2026-03-11
13719,8442,Post,74,2026-03-21
13720,8444,Pre,31,2024-05-01
13721,8444,Post,40,2024-05-04
13722,8445,Pre,53,2025-01-08
13723,8446,Pre,55,2025-03-10
13724,8446,Post,63,2025-03-31
13725,8447,Pre,55,2026-04-06
13726,8447,Post,64,2026-04-13
13727,8448,Pre,62,2025-11-02
13728,8448,Post,66,2025-11-30
13729,8449,Pre,36,2026-03-05
13730,8449,Post,49,2026-03-18
13731,8450,Pre,58,2025-11-27
13732,8451,Pre,47,2025-08-13
13733,8451,Post,65,2025-09-14
13734,8452,Pre,34,2024-11-16
13735,8452,Post,42,2024-11-27
13736,8453,Pre,75,2025-12-28
13737,8453,Post,79,2026-01-03
13738,8454,Pre,59,2024-03-16
13739,8454,Post,74,2024-04-04
13740,8455,Pre,61,2026-07-25
13741,8455,Post,72,2026-08-20
13742,8456,Pre,52,2024-07-18
13743,8457,Pre,56,2025-08-27
13744,8457,Post,70,2025-09-16
13745,8458,Pre,70,2025-08-06
13746,8459,Pre,84,2025-06-22
13747,8459,Post,83,2025-07-04
13748,8460,Pre,40,2026-06-18
13749,8461,Pre,50,2024-06-19
13750,8461,Post,63,2024-06-26
13751,8462,Pre,44,2026-04-27
13752,8462,Post,50,2026-05-21
13753,8463,Pre,59,2025-07-23
13754,8464,Pre,61,2025-08-01
13755,8464,Post,77,2025-08-20
13756,8465,Pre,47,2026-04-21
13757,8465,Post,55,2026-05-06
13758,8466,Pre,52,2024-05-12
13759,8466,Post,58,2024-05-22
13760,8467,Pre,47,2025-01-29
13761,8467,Post,58,2025-02-06
13762,8468,Pre,35,2024-01-14
13763,8468,Post,66,2024-02-02
13764,8470,Pre,56,2025-07-18
13765,8470,Post,71,2025-07-23
13766,8471,Pre,67,2024-01-01
13767,8471,Post,75,2024-01-13
13768,8473,Pre,47,2025-05-05
13769,8473,Post,60,2025-06-04
13770,8474,Pre,52,2025-10-04
13771,8474,Post,68,2025-11-02
13772,8475,Pre,45,2024-03-13
13773,8475,Post,67,2024-04-05
13774,8476,Pre,54,2025-03-10
13775,8476,Post,53,2025-03-17
13776,8477,Pre,69,2026-06-13
13777,8477,Post,77,2026-07-09
13778,8478,Pre,73,2025-02-04
13779,8478,Post,83,2025-02-17
13780,8480,Pre,45,2025-07-28
13781,8480,Post,51,2025-07-30
13782,8481,Pre,74,2026-07-05
13783,8481,Post,83,2026-08-05
13784,8483,Pre,60,2026-05-19
13785,8484,Pre,55,2025-02-22
13786,8484,Post,61,2025-03-17
13787,8485,Pre,47,2024-11-09
13788,8485,Post,64,2024-12-07
13789,8486,Pre,65,2025-07-26
13790,8486,Post,72,2025-08-20
13791,8487,Pre,44,2025-10-22
13792,8487,Post,61,2025-11-13
13793,8488,Pre,84,2024-03-31
13794,8488,Post,89,2024-04-11
13795,8490,Pre,56,2025-06-21
13796,8490,Post,62,2025-07-11
13797,8491,Pre,55,2026-07-02
13798,8491,Post,71,2026-07-11
13799,8492,Pre,59,2024-08-08
13800,8492,Post,71,2024-09-01
13801,8493,Pre,45,2024-03-24
13802,8493,Post,49,2024-03-26
13803,8494,Pre,74,2026-07-21
13804,8494,Post,82,2026-08-06
13805,8495,Pre,54,2025-10-13
13806,8495,Post,61,2025-11-01
13807,8496,Pre,71,2025-08-22
13808,8496,Post,79,2025-09-20
13809,8497,Pre,68,2026-06-15
13810,8497,Post,71,2026-07-07
13811,8498,Pre,57,2025-04-24
13812,8498,Post,74,2025-05-22
13813,8499,Pre,48,2024-02-13
13814,8499,Post,59,2024-03-09
13815,8500,Pre,66,2025-09-21
13816,8500,Post,76,2025-10-15
13817,8501,Pre,61,2026-05-21
13818,8501,Post,72,2026-06-12
13819,8503,Pre,45,2025-10-03
13820,8503,Post,58,2025-10-21
13821,8504,Pre,65,2024-11-04
13822,8504,Post,61,2024-11-27
13823,8505,Pre,79,2024-02-13
13824,8506,Pre,50,2025-03-06
13825,8506,Post,60,2025-04-01
13826,8507,Pre,49,2024-12-20
13827,8508,Pre,64,2026-06-25
13828,8508,Post,72,2026-07-06
13829,8509,Pre,67,2025-07-24
13830,8509,Post,87,2025-07-31
13831,8510,Pre,67,2024-01-22
13832,8510,Post,71,2024-02-11
13833,8511,Pre,43,2026-02-19
13834,8511,Post,52,2026-03-03
13835,8512,Pre,47,2024-05-30
13836,8512,Post,57,2024-06-23
13837,8513,Pre,42,2026-04-18
13838,8514,Pre,57,2025-10-13
13839,8514,Post,70,2025-10-17
13840,8515,Pre,48,2024-10-01
13841,8515,Post,45,2024-10-26
13842,8516,Pre,67,2024-04-16
13843,8516,Post,76,2024-05-12
13844,8517,Pre,35,2026-03-10
13845,8517,Post,53,2026-03-24
13846,8518,Pre,47,2024-10-27
13847,8518,Post,54,2024-11-23
13848,8519,Pre,67,2025-11-25
13849,8519,Post,84,2025-12-05
13850,8520,Pre,67,2024-04-28
13851,8520,Post,66,2024-05-01
13852,8521,Pre,42,2025-04-04
13853,8522,Pre,55,2026-03-10
13854,8522,Post,66,2026-04-04
13855,8523,Pre,51,2025-04-29
13856,8523,Post,63,2025-05-10
13857,8524,Pre,56,2025-05-05
13858,8524,Post,70,2025-05-25
13859,8526,Pre,61,2024-08-05
13860,8526,Post,68,2024-08-15
13861,8528,Pre,56,2025-11-21
13862,8528,Post,75,2025-12-19
13863,8529,Pre,65,2024-09-12
13864,8529,Post,78,2024-10-03
13865,8530,Pre,70,2025-11-22
13866,8530,Post,76,2025-11-27
13867,8531,Pre,43,2026-03-04
13868,8531,Post,58,2026-03-31
13869,8532,Pre,53,2024-01-16
13870,8532,Post,64,2024-02-09
13871,8533,Pre,56,2025-04-12
13872,8533,Post,69,2025-05-08
13873,8534,Pre,62,2025-07-22
13874,8535,Pre,65,2025-05-28
13875,8536,Pre,78,2025-04-05
13876,8536,Post,82,2025-04-23
13877,8537,Pre,55,2025-06-05
13878,8537,Post,69,2025-06-21
13879,8538,Pre,62,2025-07-07
13880,8538,Post,77,2025-08-03
13881,8539,Pre,56,2025-01-28
13882,8539,Post,68,2025-02-17
13883,8540,Pre,69,2025-11-04
13884,8540,Post,80,2025-11-25
13885,8541,Pre,59,2024-02-16
13886,8541,Post,69,2024-03-02
13887,8542,Pre,69,2025-02-18
13888,8542,Post,76,2025-03-06
13889,8543,Pre,76,2024-10-19
13890,8543,Post,91,2024-11-10
13891,8544,Pre,53,2024-09-28
13892,8544,Post,72,2024-10-20
13893,8545,Pre,51,2024-01-07
13894,8545,Post,69,2024-01-16
13895,8546,Pre,69,2025-01-15
13896,8546,Post,76,2025-02-11
13897,8547,Pre,36,2026-02-22
13898,8547,Post,36,2026-02-27
13899,8548,Pre,51,2024-12-08
13900,8548,Post,57,2024-12-15
13901,8549,Pre,53,2025-02-07
13902,8549,Post,64,2025-02-23
13903,8550,Pre,70,2026-05-26
13904,8551,Pre,61,2024-11-29
13905,8551,Post,59,2024-12-09
13906,8552,Pre,67,2024-04-15
13907,8552,Post,86,2024-04-26
13908,8553,Pre,55,2024-06-04
13909,8553,Post,61,2024-06-25
13910,8555,Pre,58,2024-03-23
13911,8555,Post,72,2024-03-31
13912,8556,Pre,65,2025-03-28
13913,8556,Post,74,2025-04-17
13914,8557,Pre,57,2024-07-17
13915,8557,Post,64,2024-07-27
13916,8559,Pre,58,2024-06-07
13917,8559,Post,54,2024-06-20
13918,8560,Pre,88,2025-08-10
13919,8561,Pre,72,2025-09-10
13920,8561,Post,84,2025-10-06
13921,8562,Pre,50,2025-02-03
13922,8562,Post,66,2025-02-27
13923,8563,Pre,47,2026-01-02
13924,8563,Post,52,2026-01-08
13925,8564,Pre,57,2024-04-02
13926,8564,Post,57,2024-04-23
13927,8565,Pre,56,2025-04-15
13928,8565,Post,57,2025-05-12
13929,8566,Pre,70,2024-02-27
13930,8566,Post,79,2024-03-09
13931,8567,Pre,52,2025-02-28
13932,8567,Post,56,2025-03-11
13933,8568,Pre,58,2025-12-11
13934,8568,Post,80,2026-01-06
13935,8569,Pre,44,2026-03-18
13936,8569,Post,56,2026-04-03
13937,8571,Pre,46,2025-12-14
13938,8572,Pre,51,2026-07-17
13939,8572,Post,75,2026-08-19
13940,8575,Pre,72,2024-11-24
13941,8575,Post,76,2024-12-01
13942,8576,Pre,56,2025-06-12
13943,8576,Post,64,2025-06-25
13944,8577,Pre,85,2025-04-06
13945,8578,Pre,66,2025-12-12
13946,8578,Post,83,2025-12-31
13947,8579,Pre,55,2024-04-21
13948,8579,Post,64,2024-04-30
13949,8580,Pre,71,2024-09-24
13950,8580,Post,90,2024-10-22
13951,8581,Pre,73,2026-04-10
13952,8581,Post,84,2026-05-04
13953,8582,Pre,58,2024-07-04
13954,8582,Post,76,2024-07-16
13955,8583,Pre,54,2026-07-28
13956,8583,Post,64,2026-08-13
13957,8584,Pre,56,2025-04-21
13958,8584,Post,68,2025-05-04
13959,8585,Pre,66,2026-03-13
13960,8585,Post,93,2026-03-27
13961,8586,Pre,74,2024-07-24
13962,8586,Post,70,2024-08-22
13963,8587,Pre,59,2024-04-12
13964,8587,Post,73,2024-05-08
13965,8588,Pre,65,2024-05-12
13966,8588,Post,73,2024-05-16
13967,8589,Pre,59,2024-01-03
13968,8590,Pre,57,2024-08-25
13969,8591,Pre,64,2024-10-13
13970,8591,Post,91,2024-10-21
13971,8592,Pre,52,2026-06-26
13972,8594,Pre,66,2025-12-28
13973,8594,Post,80,2026-01-07
13974,8596,Pre,57,2024-12-04
13975,8596,Post,73,2024-12-22
13976,8597,Pre,59,2024-03-31
13977,8597,Post,86,2024-04-25
13978,8598,Pre,60,2024-12-25
13979,8599,Pre,88,2025-10-27
13980,8599,Post,100,2025-11-12
13981,8600,Pre,55,2024-02-14
13982,8600,Post,61,2024-03-12
13983,8601,Pre,56,2025-07-02
13984,8601,Post,67,2025-07-20
13985,8602,Pre,56,2026-02-08
13986,8602,Post,68,2026-03-08
13987,8603,Pre,54,2025-11-01
13988,8603,Post,68,2025-11-11
13989,8606,Pre,59,2026-07-05
13990,8606,Post,67,2026-07-16
13991,8607,Pre,70,2024-01-05
13992,8607,Post,69,2024-01-30
13993,8608,Pre,46,2024-05-18
13994,8608,Post,61,2024-06-09
13995,8609,Pre,65,2024-02-22
13996,8609,Post,82,2024-03-02
13997,8610,Pre,66,2025-07-29
13998,8611,Pre,72,2024-12-08
13999,8611,Post,81,2024-12-26
14000,8612,Pre,63,2025-01-14
14001,8612,Post,68,2025-01-23
14002,8613,Pre,64,2025-07-23
14003,8613,Post,85,2025-08-06
14004,8614,Pre,59,2025-03-25
14005,8614,Post,63,2025-04-22
14006,8615,Pre,55,2024-02-13
14007,8615,Post,69,2024-02-28
14008,8617,Pre,70,2024-07-26
14009,8619,Pre,62,2024-01-01
14010,8619,Post,58,2024-01-15
14011,8620,Pre,65,2025-04-11
14012,8621,Pre,57,2025-04-10
14013,8622,Pre,59,2025-11-26
14014,8623,Pre,56,2025-06-12
14015,8623,Post,71,2025-07-09
14016,8624,Pre,73,2024-02-09
14017,8624,Post,81,2024-02-21
14018,8625,Pre,80,2026-06-07
14019,8625,Post,85,2026-07-04
14020,8626,Pre,56,2024-05-16
14021,8626,Post,70,2024-05-26
14022,8627,Pre,36,2024-09-15
14023,8627,Post,53,2024-09-28
14024,8628,Pre,46,2024-03-06
14025,8628,Post,64,2024-03-14
14026,8629,Pre,61,2025-07-31
14027,8629,Post,81,2025-08-07
14028,8630,Pre,53,2025-01-25
14029,8631,Pre,41,2026-02-19
14030,8631,Post,53,2026-03-20
14031,8632,Pre,57,2026-01-05
14032,8632,Post,69,2026-01-11
14033,8633,Pre,51,2025-07-14
14034,8633,Post,53,2025-07-23
14035,8634,Pre,29,2024-06-10
14036,8634,Post,40,2024-07-07
14037,8635,Pre,50,2026-02-17
14038,8635,Post,56,2026-02-19
14039,8636,Pre,42,2025-10-13
14040,8636,Post,51,2025-10-31
14041,8637,Pre,39,2024-09-24
14042,8638,Pre,73,2024-09-02
14043,8638,Post,89,2024-09-21
14044,8639,Pre,55,2025-12-20
14045,8639,Post,65,2025-12-26
14046,8640,Pre,65,2025-04-03
14047,8640,Post,84,2025-05-04
14048,8641,Pre,49,2025-11-19
14049,8641,Post,53,2025-12-13
14050,8642,Pre,49,2025-10-18
14051,8642,Post,65,2025-11-07
14052,8643,Pre,66,2026-08-12
14053,8643,Post,85,2026-08-29
14054,8646,Pre,66,2026-07-04
14055,8647,Pre,64,2026-01-22
14056,8647,Post,79,2026-02-08
14057,8648,Pre,57,2026-02-25
14058,8648,Post,73,2026-03-24
14059,8650,Pre,45,2026-07-15
14060,8650,Post,50,2026-08-05
14061,8651,Pre,49,2025-04-21
14062,8651,Post,73,2025-04-28
14063,8652,Pre,67,2026-08-10
14064,8652,Post,75,2026-08-17
14065,8653,Pre,61,2024-07-11
14066,8654,Pre,65,2025-03-09
14067,8654,Post,74,2025-04-03
14068,8655,Pre,75,2025-05-16
14069,8656,Pre,45,2025-03-15
14070,8656,Post,57,2025-03-27
14071,8657,Pre,54,2025-09-04
14072,8657,Post,66,2025-09-27
14073,8658,Pre,46,2026-06-04
14074,8658,Post,55,2026-06-26
14075,8659,Pre,50,2025-12-08
14076,8659,Post,68,2025-12-30
14077,8660,Pre,76,2025-03-18
14078,8660,Post,92,2025-03-31
14079,8661,Pre,55,2024-06-13
14080,8662,Pre,48,2025-06-18
14081,8663,Pre,65,2026-08-08
14082,8663,Post,85,2026-09-08
14083,8665,Pre,28,2025-11-28
14084,8665,Post,42,2025-12-22
14085,8667,Pre,49,2026-01-06
14086,8667,Post,69,2026-01-22
14087,8668,Pre,38,2024-11-14
14088,8668,Post,58,2024-11-27
14089,8669,Pre,39,2024-06-07
14090,8669,Post,48,2024-06-22
14091,8670,Pre,62,2024-01-27
14092,8670,Post,65,2024-02-21
14093,8671,Pre,52,2025-12-24
14094,8671,Post,72,2026-01-23
14095,8672,Pre,61,2024-10-13
14096,8672,Post,71,2024-10-25
14097,8673,Pre,54,2025-12-09
14098,8673,Post,62,2025-12-31
14099,8674,Pre,43,2024-04-25
14100,8674,Post,63,2024-05-06
14101,8675,Pre,68,2026-04-18
14102,8676,Pre,60,2024-08-27
14103,8676,Post,64,2024-09-14
14104,8677,Pre,61,2025-08-19
14105,8677,Post,71,2025-09-11
14106,8679,Pre,66,2026-02-19
14107,8679,Post,78,2026-03-18
14108,8680,Pre,48,2025-07-28
14109,8680,Post,68,2025-08-20
14110,8682,Pre,57,2025-05-03
14111,8682,Post,74,2025-05-15
14112,8683,Pre,72,2024-07-14
14113,8683,Post,82,2024-08-04
14114,8685,Pre,44,2026-04-12
14115,8685,Post,52,2026-04-25
14116,8686,Pre,72,2024-10-18
14117,8686,Post,80,2024-11-13
14118,8687,Pre,60,2026-01-30
14119,8687,Post,68,2026-02-14
14120,8689,Pre,77,2024-02-12
14121,8689,Post,73,2024-03-09
14122,8690,Pre,78,2025-11-11
14123,8692,Pre,50,2024-12-06
14124,8693,Pre,84,2026-04-02
14125,8694,Pre,83,2026-07-02
14126,8694,Post,98,2026-08-01
14127,8695,Pre,72,2024-03-04
14128,8696,Pre,60,2026-01-26
14129,8696,Post,69,2026-02-21
14130,8697,Pre,44,2024-05-26
14131,8697,Post,49,2024-06-11
14132,8698,Pre,59,2025-10-22
14133,8698,Post,65,2025-11-20
14134,8699,Pre,73,2026-04-27
14135,8699,Post,75,2026-04-30
14136,8700,Pre,49,2025-02-15
14137,8700,Post,54,2025-02-21
14138,8701,Pre,37,2026-04-21
14139,8701,Post,52,2026-05-08
14140,8702,Pre,65,2026-02-16
14141,8702,Post,82,2026-03-18
14142,8703,Pre,75,2024-11-23
14143,8703,Post,90,2024-12-22
14144,8704,Pre,45,2025-02-21
14145,8704,Post,59,2025-03-09
14146,8705,Pre,72,2024-03-01
14147,8705,Post,92,2024-03-31
14148,8706,Pre,76,2024-03-13
14149,8706,Post,93,2024-04-12
14150,8707,Pre,54,2024-05-02
14151,8707,Post,66,2024-05-16
14152,8708,Pre,56,2025-02-25
14153,8708,Post,74,2025-03-23
14154,8709,Pre,49,2026-07-24
14155,8710,Pre,66,2024-03-20
14156,8711,Pre,58,2025-01-07
14157,8711,Post,81,2025-02-06
14158,8712,Pre,60,2025-03-30
14159,8712,Post,67,2025-04-21
14160,8713,Pre,73,2025-03-24
14161,8713,Post,99,2025-04-22
14162,8714,Pre,64,2024-06-16
14163,8714,Post,93,2024-07-12
14164,8715,Pre,38,2024-02-07
14165,8715,Post,40,2024-03-01
14166,8716,Pre,74,2025-06-20
14167,8716,Post,89,2025-06-27
14168,8717,Pre,68,2024-02-07
14169,8717,Post,83,2024-02-24
14170,8718,Pre,43,2025-06-20
14171,8719,Pre,47,2025-10-17
14172,8719,Post,61,2025-10-26
14173,8720,Pre,67,2025-06-05
14174,8720,Post,79,2025-07-07
14175,8721,Pre,63,2024-01-27
14176,8721,Post,69,2024-02-19
14177,8723,Pre,51,2024-06-22
14178,8723,Post,66,2024-07-22
14179,8724,Pre,81,2026-04-04
14180,8724,Post,93,2026-04-28
14181,8725,Pre,69,2024-10-17
14182,8725,Post,78,2024-10-26
14183,8726,Pre,56,2025-02-28
14184,8726,Post,74,2025-03-13
14185,8727,Pre,81,2024-03-01
14186,8727,Post,98,2024-04-01
14187,8728,Pre,76,2024-07-30
14188,8728,Post,87,2024-08-29
14189,8729,Pre,50,2024-01-10
14190,8729,Post,47,2024-01-25
14191,8730,Pre,57,2025-04-11
14192,8730,Post,57,2025-04-17
14193,8731,Pre,58,2026-02-28
14194,8731,Post,67,2026-03-29
14195,8732,Pre,50,2024-09-30
14196,8732,Post,65,2024-10-21
14197,8733,Pre,59,2024-03-14
14198,8733,Post,68,2024-03-21
14199,8734,Pre,88,2024-09-29
14200,8734,Post,91,2024-10-20
14201,8735,Pre,69,2024-06-08
14202,8735,Post,84,2024-07-10
14203,8736,Pre,62,2024-04-27
14204,8736,Post,79,2024-05-10
14205,8737,Pre,57,2026-07-17
14206,8737,Post,79,2026-08-01
14207,8738,Pre,75,2026-05-16
14208,8738,Post,96,2026-05-27
14209,8739,Pre,44,2024-07-16
14210,8739,Post,51,2024-07-21
14211,8740,Pre,43,2026-05-27
14212,8740,Post,53,2026-06-16
14213,8741,Pre,84,2025-12-15
14214,8742,Pre,80,2024-12-22
14215,8742,Post,78,2025-01-15
14216,8743,Pre,65,2025-05-26
14217,8744,Pre,62,2025-03-25
14218,8744,Post,81,2025-04-23
14219,8745,Pre,35,2024-11-09
14220,8745,Post,52,2024-12-05
14221,8746,Pre,44,2026-08-06
14222,8746,Post,57,2026-09-03
14223,8747,Pre,73,2024-02-05
14224,8748,Pre,69,2024-05-11
14225,8748,Post,89,2024-05-24
14226,8749,Pre,55,2024-02-09
14227,8749,Post,78,2024-02-16
14228,8750,Pre,58,2026-01-23
14229,8750,Post,67,2026-02-12
14230,8751,Pre,72,2026-05-03
14231,8752,Pre,54,2025-12-23
14232,8753,Pre,53,2026-04-10
14233,8753,Post,79,2026-05-09
14234,8754,Pre,62,2026-05-04
14235,8754,Post,71,2026-06-02
14236,8756,Pre,70,2025-12-18
14237,8757,Pre,72,2025-06-17
14238,8757,Post,85,2025-07-08
14239,8758,Pre,49,2025-12-28
14240,8758,Post,76,2026-01-13
14241,8759,Pre,56,2024-12-30
14242,8759,Post,76,2025-01-11
14243,8760,Pre,67,2026-04-20
14244,8760,Post,83,2026-05-07
14245,8761,Pre,61,2024-06-26
14246,8761,Post,71,2024-07-19
14247,8762,Pre,64,2025-10-02
14248,8762,Post,74,2025-10-19
14249,8763,Pre,56,2024-10-12
14250,8763,Post,71,2024-10-18
14251,8764,Pre,59,2026-02-23
14252,8764,Post,68,2026-03-20
14253,8765,Pre,50,2026-06-18
14254,8765,Post,64,2026-07-02
14255,8766,Pre,59,2025-03-12
14256,8766,Post,80,2025-04-02
14257,8767,Pre,58,2025-11-10
14258,8767,Post,70,2025-11-28
14259,8768,Pre,58,2025-05-20
14260,8768,Post,79,2025-06-19
14261,8769,Pre,64,2024-02-25
14262,8769,Post,71,2024-03-27
14263,8770,Pre,69,2024-03-26
14264,8770,Post,70,2024-04-07
14265,8772,Pre,69,2024-02-26
14266,8772,Post,72,2024-03-22
14267,8773,Pre,72,2025-01-29
14268,8773,Post,80,2025-02-26
14269,8774,Pre,70,2024-01-17
14270,8774,Post,83,2024-01-26
14271,8775,Pre,58,2024-11-29
14272,8776,Pre,67,2025-10-21
14273,8777,Pre,47,2025-11-29
14274,8777,Post,67,2025-12-20
14275,8778,Pre,66,2026-03-05
14276,8778,Post,72,2026-03-11
14277,8779,Pre,71,2025-07-21
14278,8779,Post,71,2025-08-13
14279,8780,Pre,78,2026-01-30
14280,8780,Post,93,2026-02-25
14281,8781,Pre,62,2025-05-03
14282,8781,Post,80,2025-05-24
14283,8782,Pre,49,2024-01-22
14284,8783,Pre,80,2026-04-03
14285,8783,Post,100,2026-04-28
14286,8784,Pre,57,2024-12-20
14287,8784,Post,61,2025-01-06
14288,8785,Pre,53,2025-05-20
14289,8785,Post,70,2025-06-18
14290,8786,Pre,41,2024-01-21
14291,8786,Post,51,2024-01-28
14292,8788,Pre,44,2025-07-15
14293,8788,Post,55,2025-08-02
14294,8789,Pre,59,2025-01-04
14295,8789,Post,62,2025-01-31
14296,8790,Pre,63,2026-04-29
14297,8790,Post,66,2026-05-18
14298,8791,Pre,42,2024-10-29
14299,8791,Post,51,2024-11-04
14300,8792,Pre,56,2024-10-21
14301,8793,Pre,83,2024-08-04
14302,8793,Post,89,2024-08-26
14303,8794,Pre,51,2025-12-16
14304,8794,Post,62,2026-01-09
14305,8796,Pre,54,2025-08-18
14306,8796,Post,54,2025-09-12
14307,8797,Pre,64,2026-07-08
14308,8798,Pre,45,2024-08-03
14309,8798,Post,65,2024-08-21
14310,8799,Pre,64,2024-08-30
14311,8799,Post,61,2024-09-06
14312,8800,Pre,70,2025-07-31
14313,8801,Pre,57,2024-05-01
14314,8802,Pre,63,2025-01-15
14315,8802,Post,79,2025-02-11
14316,8803,Pre,51,2024-10-12
14317,8803,Post,70,2024-11-02
14318,8804,Pre,78,2024-07-22
14319,8805,Pre,57,2025-04-01
14320,8805,Post,66,2025-04-27
14321,8806,Pre,56,2024-06-30
14322,8806,Post,72,2024-07-07
14323,8807,Pre,57,2026-04-23
14324,8807,Post,63,2026-04-29
14325,8808,Pre,56,2025-08-20
14326,8808,Post,71,2025-09-10
14327,8809,Pre,50,2025-03-15
14328,8809,Post,66,2025-04-01
14329,8811,Pre,65,2024-03-17
14330,8814,Pre,50,2024-04-17
14331,8814,Post,51,2024-05-07
14332,8815,Pre,62,2026-04-26
14333,8815,Post,76,2026-05-10
14334,8816,Pre,54,2026-05-26
14335,8816,Post,54,2026-05-29
14336,8817,Pre,66,2026-04-01
14337,8818,Pre,46,2024-09-02
14338,8818,Post,69,2024-09-11
14339,8819,Pre,65,2024-01-10
14340,8819,Post,72,2024-02-06
14341,8820,Pre,48,2024-12-21
14342,8820,Post,59,2025-01-10
14343,8821,Pre,60,2024-12-28
14344,8821,Post,85,2025-01-15
14345,8822,Pre,57,2024-01-19
14346,8822,Post,73,2024-02-08
14347,8823,Pre,81,2026-07-06
14348,8823,Post,93,2026-07-19
14349,8824,Pre,67,2024-10-22
14350,8825,Pre,52,2025-02-12
14351,8825,Post,66,2025-02-27
14352,8826,Pre,40,2024-05-08
14353,8826,Post,49,2024-05-27
14354,8827,Pre,52,2025-03-30
14355,8827,Post,64,2025-04-07
14356,8828,Pre,66,2026-03-10
14357,8828,Post,70,2026-03-18
14358,8829,Pre,40,2024-01-20
14359,8830,Pre,64,2024-11-05
14360,8831,Pre,59,2024-12-05
14361,8831,Post,65,2024-12-13
14362,8832,Pre,67,2024-11-20
14363,8832,Post,82,2024-12-11
14364,8833,Pre,73,2024-09-13
14365,8835,Pre,42,2024-10-08
14366,8835,Post,53,2024-10-31
14367,8836,Pre,55,2024-02-13
14368,8836,Post,82,2024-03-09
14369,8837,Pre,68,2025-02-24
14370,8837,Post,78,2025-03-19
14371,8838,Pre,86,2024-08-17
14372,8839,Pre,76,2025-11-23
14373,8840,Pre,54,2026-02-28
14374,8840,Post,72,2026-03-08
14375,8841,Pre,60,2024-03-04
14376,8841,Post,80,2024-03-20
14377,8842,Pre,71,2026-01-25
14378,8842,Post,80,2026-02-10
14379,8843,Pre,52,2024-08-09
14380,8843,Post,61,2024-09-05
14381,8844,Pre,50,2024-07-03
14382,8844,Post,66,2024-07-08
14383,8845,Pre,58,2026-08-12
14384,8845,Post,83,2026-09-07
14385,8846,Pre,66,2026-03-26
14386,8846,Post,80,2026-04-06
14387,8847,Pre,76,2025-11-05
14388,8847,Post,84,2025-11-12
14389,8848,Pre,41,2024-06-12
14390,8848,Post,49,2024-06-27
14391,8849,Pre,58,2024-01-05
14392,8850,Pre,65,2024-02-15
14393,8850,Post,72,2024-03-03
14394,8851,Pre,32,2026-06-13
14395,8851,Post,34,2026-07-04
14396,8852,Pre,65,2024-06-12
14397,8852,Post,73,2024-06-20
14398,8853,Pre,75,2025-03-07
14399,8853,Post,86,2025-03-15
14400,8854,Pre,46,2025-07-24
14401,8855,Pre,52,2026-07-27
14402,8855,Post,68,2026-08-23
14403,8856,Pre,63,2025-10-03
14404,8856,Post,80,2025-10-30
14405,8857,Pre,65,2025-07-17
14406,8857,Post,64,2025-08-04
14407,8858,Pre,60,2026-02-03
14408,8858,Post,59,2026-02-17
14409,8859,Pre,46,2025-06-19
14410,8859,Post,63,2025-07-04
14411,8861,Pre,48,2025-02-18
14412,8862,Pre,32,2025-07-23
14413,8862,Post,58,2025-08-11
14414,8864,Pre,57,2025-04-22
14415,8865,Pre,42,2025-09-24
14416,8865,Post,56,2025-10-06
14417,8866,Pre,46,2025-05-23
14418,8866,Post,52,2025-05-28
14419,8867,Pre,81,2025-06-11
14420,8867,Post,87,2025-07-07
14421,8869,Pre,68,2024-03-13
14422,8869,Post,81,2024-04-05
14423,8871,Pre,62,2024-03-30
14424,8871,Post,70,2024-04-10
14425,8872,Pre,39,2025-06-17
14426,8872,Post,51,2025-07-11
14427,8873,Pre,41,2025-12-26
14428,8873,Post,47,2026-01-13
14429,8874,Pre,54,2026-07-25
14430,8874,Post,72,2026-08-15
14431,8875,Pre,61,2026-04-20
14432,8875,Post,80,2026-05-07
14433,8876,Pre,46,2025-10-27
14434,8876,Post,52,2025-11-03
14435,8877,Pre,41,2025-04-02
14436,8877,Post,55,2025-04-16
14437,8878,Pre,60,2026-03-06
14438,8878,Post,75,2026-04-04
14439,8879,Pre,65,2026-07-18
14440,8880,Pre,58,2025-01-27
14441,8880,Post,70,2025-02-18
14442,8881,Pre,67,2025-04-08
14443,8881,Post,78,2025-04-25
14444,8882,Pre,71,2024-09-16
14445,8882,Post,79,2024-09-23
14446,8883,Pre,85,2024-04-05
14447,8884,Pre,61,2025-09-22
14448,8884,Post,76,2025-10-12
14449,8885,Pre,51,2024-10-08
14450,8885,Post,76,2024-11-09
14451,8887,Pre,83,2025-03-02
14452,8887,Post,99,2025-03-17
14453,8888,Pre,58,2024-06-14
14454,8888,Post,64,2024-07-10
14455,8889,Pre,71,2025-04-30
14456,8889,Post,78,2025-05-31
14457,8890,Pre,57,2026-06-10
14458,8891,Pre,53,2025-11-16
14459,8891,Post,63,2025-11-26
14460,8893,Pre,45,2026-01-15
14461,8893,Post,58,2026-02-02
14462,8894,Pre,73,2026-03-20
14463,8894,Post,69,2026-04-16
14464,8896,Pre,41,2025-06-16
14465,8896,Post,58,2025-07-21
14466,8897,Pre,64,2025-05-04
14467,8897,Post,79,2025-05-17
14468,8898,Pre,62,2024-08-17
14469,8898,Post,72,2024-09-07
14470,8899,Pre,73,2024-12-18
14471,8899,Post,81,2025-01-03
14472,8900,Pre,60,2026-06-18
14473,8900,Post,69,2026-06-27
14474,8901,Pre,63,2024-06-16
14475,8901,Post,77,2024-07-02
14476,8902,Pre,53,2026-03-01
14477,8902,Post,52,2026-03-18
14478,8903,Pre,65,2026-07-24
14479,8903,Post,78,2026-08-12
14480,8904,Pre,61,2025-04-10
14481,8904,Post,69,2025-04-23
14482,8905,Pre,51,2024-09-21
14483,8905,Post,62,2024-10-21
14484,8906,Pre,63,2025-06-06
14485,8907,Pre,50,2025-09-11
14486,8907,Post,59,2025-10-04
14487,8908,Pre,65,2025-02-12
14488,8908,Post,71,2025-03-09
14489,8909,Pre,78,2025-12-03
14490,8909,Post,91,2026-01-02
14491,8910,Pre,53,2024-12-05
14492,8910,Post,53,2024-12-18
14493,8911,Pre,41,2025-01-01
14494,8911,Post,55,2025-01-25
14495,8913,Pre,52,2024-01-12
14496,8913,Post,69,2024-02-04
14497,8915,Pre,58,2026-05-04
14498,8915,Post,61,2026-05-17
14499,8916,Pre,55,2025-07-07
14500,8916,Post,78,2025-08-06
14501,8917,Pre,38,2025-06-15
14502,8917,Post,46,2025-06-28
14503,8918,Pre,58,2024-08-26
14504,8918,Post,63,2024-09-21
14505,8919,Pre,67,2024-01-26
14506,8919,Post,79,2024-02-19
14507,8921,Pre,62,2024-11-14
14508,8921,Post,72,2024-11-22
14509,8922,Pre,55,2024-06-08
14510,8922,Post,72,2024-07-07
14511,8923,Pre,69,2025-07-02
14512,8924,Pre,49,2025-06-11
14513,8924,Post,69,2025-07-09
14514,8925,Pre,51,2025-09-26
14515,8925,Post,71,2025-10-15
14516,8926,Pre,55,2025-07-06
14517,8926,Post,64,2025-07-23
14518,8927,Pre,79,2026-05-10
14519,8927,Post,83,2026-06-02
14520,8928,Pre,62,2024-11-10
14521,8928,Post,67,2024-11-28
14522,8929,Pre,79,2025-04-01
14523,8929,Post,92,2025-04-17
14524,8930,Pre,61,2025-07-03
14525,8930,Post,69,2025-07-24
14526,8931,Pre,48,2025-02-17
14527,8931,Post,68,2025-03-17
14528,8932,Pre,54,2026-08-12
14529,8932,Post,70,2026-08-22
14530,8933,Pre,72,2026-01-09
14531,8933,Post,95,2026-01-17
14532,8936,Pre,62,2026-06-06
14533,8937,Pre,49,2024-11-14
14534,8938,Pre,69,2026-01-11
14535,8938,Post,81,2026-02-08
14536,8939,Pre,77,2025-03-17
14537,8939,Post,94,2025-04-03
14538,8940,Pre,64,2024-03-18
14539,8940,Post,68,2024-03-25
14540,8941,Pre,72,2025-10-06
14541,8941,Post,81,2025-10-15
14542,8943,Pre,64,2025-03-26
14543,8943,Post,64,2025-04-19
14544,8944,Pre,69,2026-05-12
14545,8944,Post,77,2026-06-11
14546,8945,Pre,50,2025-08-07
14547,8945,Post,58,2025-08-31
14548,8946,Pre,49,2025-07-03
14549,8946,Post,60,2025-07-13
14550,8947,Pre,45,2024-06-03
14551,8947,Post,51,2024-06-06
14552,8948,Pre,71,2024-07-12
14553,8948,Post,72,2024-07-20
14554,8949,Pre,54,2024-09-01
14555,8949,Post,68,2024-09-17
14556,8950,Pre,65,2025-05-04
14557,8951,Pre,55,2024-03-08
14558,8951,Post,59,2024-03-25
14559,8952,Pre,59,2026-05-28
14560,8952,Post,84,2026-06-02
14561,8953,Pre,48,2025-08-02
14562,8953,Post,71,2025-08-26
14563,8954,Pre,70,2024-01-02
14564,8954,Post,77,2024-01-10
14565,8955,Pre,65,2025-10-30
14566,8955,Post,68,2025-11-25
14567,8956,Pre,79,2026-06-10
14568,8956,Post,89,2026-06-21
14569,8958,Pre,68,2024-07-20
14570,8958,Post,79,2024-08-05
14571,8959,Pre,73,2024-01-09
14572,8960,Pre,50,2024-09-05
14573,8960,Post,57,2024-10-04
14574,8961,Pre,52,2024-06-28
14575,8962,Pre,78,2024-06-13
14576,8962,Post,96,2024-06-28
14577,8963,Pre,48,2024-12-01
14578,8964,Pre,47,2025-08-16
14579,8964,Post,68,2025-09-12
14580,8965,Pre,66,2026-02-20
14581,8966,Pre,72,2024-08-26
14582,8966,Post,81,2024-09-24
14583,8967,Pre,60,2025-03-14
14584,8967,Post,77,2025-04-12
14585,8968,Pre,66,2024-07-19
14586,8968,Post,68,2024-07-25
14587,8969,Pre,53,2026-08-02
14588,8969,Post,72,2026-08-17
14589,8970,Pre,73,2026-07-25
14590,8971,Pre,65,2025-04-27
14591,8971,Post,82,2025-05-18
14592,8972,Pre,74,2024-08-23
14593,8972,Post,90,2024-09-11
14594,8975,Pre,51,2024-02-01
14595,8975,Post,63,2024-02-09
14596,8976,Pre,57,2025-02-26
14597,8977,Pre,55,2024-05-22
14598,8977,Post,66,2024-06-15
14599,8978,Pre,43,2024-01-24
14600,8978,Post,55,2024-02-16
14601,8979,Pre,53,2025-09-16
14602,8980,Pre,74,2025-09-20
14603,8981,Pre,63,2024-08-05
14604,8981,Post,61,2024-09-04
14605,8982,Pre,59,2025-03-17
14606,8982,Post,78,2025-04-08
14607,8983,Pre,55,2024-03-02
14608,8983,Post,67,2024-03-27
14609,8984,Pre,52,2024-05-17
14610,8985,Pre,64,2024-01-19
14611,8985,Post,71,2024-01-29
14612,8986,Pre,25,2025-06-01
14613,8986,Post,30,2025-06-29
14614,8987,Pre,50,2026-06-20
14615,8988,Pre,48,2026-06-29
14616,8988,Post,72,2026-07-30
14617,8989,Pre,55,2025-01-11
14618,8989,Post,64,2025-01-28
14619,8990,Pre,71,2024-03-21
14620,8990,Post,67,2024-04-17
14621,8991,Pre,37,2025-02-01
14622,8991,Post,55,2025-02-13
14623,8992,Pre,63,2026-05-25
14624,8992,Post,75,2026-06-09
14625,8993,Pre,51,2024-10-03
14626,8994,Pre,62,2026-04-03
14627,8994,Post,76,2026-04-15
14628,8995,Pre,53,2026-07-13
14629,8995,Post,59,2026-07-27
14630,8996,Pre,71,2025-01-01
14631,8996,Post,86,2025-01-13
14632,8997,Pre,56,2026-06-22
14633,8997,Post,71,2026-07-13
14634,8998,Pre,62,2025-09-26
14635,8998,Post,75,2025-10-20
14636,8999,Pre,56,2025-08-14
14637,8999,Post,69,2025-09-09
14638,9000,Pre,57,2024-04-20
14639,9000,Post,59,2024-05-13
14640,9001,Pre,76,2025-09-08
14641,9002,Pre,64,2024-03-08
14642,9002,Post,79,2024-03-25
14643,9003,Pre,60,2025-08-05
14644,9003,Post,73,2025-08-18
14645,9004,Pre,57,2025-10-11
14646,9004,Post,68,2025-10-29
14647,9006,Pre,39,2025-06-16
14648,9006,Post,51,2025-07-14
14649,9007,Pre,39,2026-04-23
14650,9007,Post,49,2026-05-23
14651,9008,Pre,48,2025-01-29
14652,9008,Post,55,2025-02-23
14653,9010,Pre,60,2025-09-14
14654,9010,Post,64,2025-09-24
14655,9011,Pre,53,2025-08-20
14656,9011,Post,65,2025-08-29
14657,9012,Pre,76,2024-07-25
14658,9013,Pre,61,2025-01-02
14659,9013,Post,72,2025-02-02
14660,9014,Pre,55,2025-03-18
14661,9015,Pre,59,2025-07-28
14662,9015,Post,63,2025-08-19
14663,9018,Pre,64,2025-02-25
14664,9018,Post,83,2025-03-27
14665,9019,Pre,64,2024-04-09
14666,9019,Post,79,2024-05-02
14667,9020,Pre,45,2026-01-04
14668,9020,Post,67,2026-01-22
14669,9021,Pre,88,2026-07-03
14670,9021,Post,95,2026-08-05
14671,9022,Pre,62,2024-10-23
14672,9022,Post,67,2024-11-14
14673,9023,Pre,59,2024-07-22
14674,9023,Post,82,2024-08-19
14675,9024,Pre,79,2025-10-21
14676,9025,Pre,43,2026-04-13
14677,9026,Pre,75,2024-01-28
14678,9026,Post,82,2024-02-23
14679,9027,Pre,48,2025-06-03
14680,9029,Pre,56,2024-02-13
14681,9029,Post,65,2024-02-21
14682,9030,Pre,57,2025-08-27
14683,9030,Post,72,2025-09-27
14684,9031,Pre,56,2025-06-27
14685,9031,Post,68,2025-07-07
14686,9032,Pre,66,2026-03-17
14687,9032,Post,79,2026-04-14
14688,9033,Pre,49,2026-03-20
14689,9033,Post,65,2026-04-15
14690,9034,Pre,51,2024-02-16
14691,9034,Post,59,2024-02-18
14692,9035,Pre,39,2024-07-30
14693,9036,Pre,56,2025-07-19
14694,9037,Pre,66,2025-12-05
14695,9037,Post,72,2025-12-19
14696,9038,Pre,63,2025-04-12
14697,9038,Post,72,2025-05-02
14698,9039,Pre,41,2026-04-03
14699,9039,Post,42,2026-04-06
14700,9040,Pre,73,2025-12-08
14701,9040,Post,92,2025-12-20
14702,9041,Pre,62,2026-01-31
14703,9041,Post,80,2026-02-08
14704,9042,Pre,58,2025-12-27
14705,9042,Post,77,2026-01-16
14706,9043,Pre,65,2024-02-08
14707,9044,Pre,52,2024-11-07
14708,9045,Pre,54,2026-02-28
14709,9046,Pre,38,2025-11-12
14710,9046,Post,52,2025-11-21
14711,9047,Pre,55,2025-08-19
14712,9047,Post,56,2025-08-31
14713,9048,Pre,63,2026-06-24
14714,9048,Post,84,2026-07-17
14715,9049,Pre,41,2026-05-12
14716,9049,Post,52,2026-05-20
14717,9050,Pre,63,2024-06-08
14718,9050,Post,71,2024-07-05
14719,9052,Pre,64,2024-03-05
14720,9053,Pre,43,2025-11-08
14721,9053,Post,50,2025-11-23
14722,9054,Pre,56,2024-04-20
14723,9054,Post,64,2024-05-07
14724,9055,Pre,64,2026-06-25
14725,9056,Pre,39,2024-06-10
14726,9056,Post,55,2024-07-04
14727,9057,Pre,72,2026-02-06
14728,9057,Post,72,2026-03-07
14729,9058,Pre,34,2025-02-25
14730,9059,Pre,66,2026-04-17
14731,9060,Pre,69,2025-06-12
14732,9060,Post,78,2025-07-07
14733,9061,Pre,58,2024-01-02
14734,9061,Post,72,2024-01-12
14735,9062,Pre,46,2025-12-13
14736,9062,Post,77,2026-01-03
14737,9063,Pre,73,2025-01-25
14738,9063,Post,84,2025-02-09
14739,9064,Pre,53,2025-10-28
14740,9064,Post,77,2025-11-07
14741,9065,Pre,53,2026-01-14
14742,9065,Post,67,2026-01-28
14743,9066,Pre,41,2024-04-11
14744,9066,Post,49,2024-04-24
14745,9067,Pre,52,2024-06-22
14746,9067,Post,66,2024-07-13
14747,9068,Pre,33,2024-09-27
14748,9068,Post,55,2024-10-24
14749,9069,Pre,48,2024-07-23
14750,9069,Post,61,2024-08-20
14751,9070,Pre,59,2024-01-14
14752,9070,Post,60,2024-02-10
14753,9071,Pre,72,2026-02-20
14754,9072,Pre,57,2024-06-14
14755,9072,Post,54,2024-06-18
14756,9073,Pre,59,2025-02-10
14757,9073,Post,72,2025-02-27
14758,9074,Pre,63,2024-01-27
14759,9074,Post,87,2024-02-23
14760,9075,Pre,35,2026-08-04
14761,9075,Post,42,2026-08-09
14762,9076,Pre,52,2025-08-19
14763,9076,Post,62,2025-09-01
14764,9077,Pre,58,2026-06-09
14765,9077,Post,66,2026-07-07
14766,9078,Pre,49,2024-03-27
14767,9078,Post,74,2024-04-13
14768,9079,Pre,74,2025-08-30
14769,9079,Post,79,2025-09-27
14770,9080,Pre,30,2025-03-10
14771,9080,Post,58,2025-04-11
14772,9081,Pre,50,2024-04-08
14773,9081,Post,73,2024-04-18
14774,9082,Pre,81,2024-09-27
14775,9083,Pre,47,2025-11-17
14776,9083,Post,62,2025-12-06
14777,9084,Pre,57,2024-01-24
14778,9085,Pre,57,2026-08-09
14779,9085,Post,88,2026-08-22
14780,9086,Pre,57,2024-04-18
14781,9086,Post,65,2024-04-30
14782,9087,Pre,54,2024-02-03
14783,9087,Post,77,2024-02-19
14784,9088,Pre,37,2026-02-10
14785,9088,Post,55,2026-02-21
14786,9089,Pre,39,2026-02-19
14787,9090,Pre,64,2024-08-20
14788,9090,Post,70,2024-08-26
14789,9091,Pre,82,2026-05-20
14790,9091,Post,88,2026-05-26
14791,9092,Pre,72,2024-08-03
14792,9092,Post,90,2024-08-26
14793,9093,Pre,66,2024-07-08
14794,9093,Post,79,2024-07-20
14795,9094,Pre,46,2025-05-29
14796,9094,Post,59,2025-06-24
14797,9095,Pre,58,2025-01-15
14798,9095,Post,59,2025-02-05
14799,9096,Pre,82,2026-07-01
14800,9096,Post,88,2026-07-22
14801,9097,Pre,83,2024-05-09
14802,9097,Post,91,2024-06-03
14803,9098,Pre,64,2025-02-13
14804,9098,Post,82,2025-03-08
14805,9100,Pre,55,2024-07-07
14806,9100,Post,61,2024-08-02
14807,9101,Pre,72,2026-03-09
14808,9101,Post,73,2026-03-15
14809,9102,Pre,57,2026-05-24
14810,9102,Post,67,2026-06-13
14811,9103,Pre,45,2025-09-29
14812,9103,Post,57,2025-10-10
14813,9104,Pre,67,2025-02-16
14814,9104,Post,84,2025-03-11
14815,9105,Pre,49,2024-02-11
14816,9105,Post,53,2024-02-18
14817,9106,Pre,65,2025-05-26
14818,9106,Post,76,2025-06-22
14819,9107,Pre,52,2025-10-12
14820,9107,Post,70,2025-10-21
14821,9108,Pre,44,2026-06-24
14822,9111,Pre,58,2026-01-12
14823,9111,Post,72,2026-02-03
14824,9112,Pre,64,2024-08-03
14825,9113,Pre,69,2024-08-25
14826,9113,Post,77,2024-09-14
14827,9114,Pre,72,2024-03-17
14828,9114,Post,79,2024-03-31
14829,9115,Pre,60,2026-06-19
14830,9115,Post,72,2026-07-04
14831,9116,Pre,52,2026-06-17
14832,9116,Post,59,2026-07-07
14833,9117,Pre,58,2024-04-24
14834,9117,Post,65,2024-05-14
14835,9118,Pre,66,2024-12-04
14836,9119,Pre,68,2025-01-13
14837,9119,Post,80,2025-02-06
14838,9120,Pre,51,2024-03-02
14839,9121,Pre,54,2025-10-24
14840,9121,Post,68,2025-11-19
14841,9122,Pre,52,2025-02-15
14842,9122,Post,61,2025-02-27
14843,9123,Pre,62,2026-01-11
14844,9124,Pre,71,2025-07-04
14845,9125,Pre,78,2026-01-28
14846,9125,Post,86,2026-02-08
14847,9126,Pre,51,2024-10-14
14848,9126,Post,71,2024-11-08
14849,9127,Pre,75,2024-01-27
14850,9127,Post,76,2024-02-03
14851,9128,Pre,42,2025-04-15
14852,9128,Post,56,2025-04-22
14853,9129,Pre,54,2026-05-15
14854,9129,Post,63,2026-05-25
14855,9130,Pre,76,2024-02-20
14856,9130,Post,94,2024-03-20
14857,9131,Pre,61,2026-03-03
14858,9131,Post,77,2026-03-18
14859,9132,Pre,48,2024-08-24
14860,9132,Post,61,2024-09-04
14861,9133,Pre,72,2024-02-23
14862,9133,Post,77,2024-03-16
14863,9134,Pre,49,2026-01-22
14864,9134,Post,60,2026-01-30
14865,9135,Pre,51,2025-02-20
14866,9135,Post,62,2025-03-02
14867,9136,Pre,57,2025-03-27
14868,9136,Post,71,2025-04-09
14869,9137,Pre,56,2024-10-22
14870,9137,Post,72,2024-11-10
14871,9138,Pre,35,2024-10-25
14872,9138,Post,57,2024-11-03
14873,9140,Pre,47,2024-04-14
14874,9140,Post,51,2024-05-14
14875,9141,Pre,40,2024-11-21
14876,9141,Post,51,2024-12-06
14877,9142,Pre,31,2026-04-19
14878,9142,Post,45,2026-05-05
14879,9143,Pre,41,2026-06-14
14880,9143,Post,54,2026-06-29
14881,9144,Pre,45,2025-04-12
14882,9144,Post,48,2025-04-17
14883,9145,Pre,76,2026-03-13
14884,9145,Post,74,2026-04-02
14885,9146,Pre,52,2024-02-26
14886,9148,Pre,59,2024-03-13
14887,9148,Post,73,2024-03-19
14888,9149,Pre,68,2024-04-16
14889,9149,Post,73,2024-04-23
14890,9150,Pre,56,2024-06-28
14891,9150,Post,66,2024-07-10
14892,9151,Pre,64,2024-12-31
14893,9151,Post,71,2025-01-27
14894,9152,Pre,84,2025-01-10
14895,9152,Post,88,2025-02-10
14896,9153,Pre,56,2024-06-15
14897,9153,Post,59,2024-06-20
14898,9154,Pre,72,2025-10-11
14899,9154,Post,74,2025-10-28
14900,9155,Pre,77,2025-10-27
14901,9155,Post,94,2025-11-06
14902,9156,Pre,37,2024-10-03
14903,9156,Post,45,2024-10-14
14904,9157,Pre,64,2024-05-18
14905,9158,Pre,53,2024-02-22
14906,9158,Post,71,2024-03-05
14907,9159,Pre,56,2025-08-07
14908,9159,Post,78,2025-08-27
14909,9160,Pre,47,2024-06-09
14910,9160,Post,61,2024-07-04
14911,9161,Pre,69,2025-06-09
14912,9161,Post,84,2025-06-15
14913,9162,Pre,51,2024-08-25
14914,9162,Post,66,2024-09-09
14915,9164,Pre,77,2025-08-09
14916,9164,Post,92,2025-09-11
14917,9165,Pre,54,2024-07-18
14918,9166,Pre,81,2024-01-02
14919,9166,Post,96,2024-01-17
14920,9167,Pre,52,2025-08-04
14921,9167,Post,61,2025-08-29
14922,9169,Pre,60,2024-09-16
14923,9169,Post,74,2024-09-30
14924,9170,Pre,75,2024-09-13
14925,9170,Post,84,2024-09-29
14926,9171,Pre,61,2026-01-30
14927,9171,Post,76,2026-02-10
14928,9172,Pre,69,2024-06-23
14929,9172,Post,67,2024-07-13
14930,9173,Pre,25,2026-02-03
14931,9173,Post,41,2026-02-08
14932,9174,Pre,64,2024-05-27
14933,9174,Post,68,2024-06-07
14934,9175,Pre,82,2024-05-02
14935,9175,Post,95,2024-05-21
14936,9176,Pre,57,2025-01-20
14937,9176,Post,69,2025-02-24
14938,9177,Pre,42,2025-02-21
14939,9177,Post,48,2025-03-11
14940,9180,Pre,63,2026-04-26
14941,9180,Post,78,2026-05-11
14942,9181,Pre,53,2025-12-02
14943,9181,Post,77,2025-12-24
14944,9182,Pre,48,2024-05-26
14945,9182,Post,60,2024-06-15
14946,9183,Pre,56,2025-09-03
14947,9184,Pre,35,2024-07-16
14948,9185,Pre,52,2024-06-17
14949,9185,Post,55,2024-07-01
14950,9186,Pre,39,2026-03-03
14951,9186,Post,62,2026-04-02
14952,9187,Pre,55,2026-06-06
14953,9187,Post,72,2026-06-16
14954,9188,Pre,57,2026-06-15
14955,9188,Post,66,2026-06-22
14956,9189,Pre,85,2024-07-30
14957,9189,Post,97,2024-08-18
14958,9190,Pre,70,2025-08-17
14959,9190,Post,90,2025-08-29
14960,9191,Pre,61,2026-08-04
14961,9192,Pre,38,2025-05-20
14962,9192,Post,40,2025-06-05
14963,9193,Pre,73,2026-04-01
14964,9193,Post,83,2026-04-27
14965,9194,Pre,44,2024-09-27
14966,9194,Post,40,2024-10-23
14967,9195,Pre,68,2024-09-13
14968,9195,Post,73,2024-09-26
14969,9196,Pre,62,2026-08-15
14970,9196,Post,70,2026-09-07
14971,9197,Pre,85,2026-01-31
14972,9197,Post,91,2026-02-25
14973,9198,Pre,75,2025-08-22
14974,9198,Post,82,2025-09-22
14975,9199,Pre,61,2024-02-27
14976,9199,Post,65,2024-03-11
14977,9200,Pre,38,2026-01-29
14978,9200,Post,45,2026-02-25
14979,9201,Pre,37,2025-04-29
14980,9201,Post,48,2025-05-07
14981,9202,Pre,64,2025-09-17
14982,9204,Pre,54,2025-08-24
14983,9205,Pre,36,2024-07-22
14984,9205,Post,49,2024-07-29
14985,9206,Pre,60,2025-02-28
14986,9206,Post,75,2025-03-06
14987,9207,Pre,62,2024-11-25
14988,9207,Post,63,2024-12-06
14989,9208,Pre,64,2026-04-17
14990,9208,Post,76,2026-05-13
14991,9209,Pre,76,2024-10-01
14992,9210,Pre,68,2024-10-28
14993,9210,Post,69,2024-11-13
14994,9211,Pre,60,2025-08-22
14995,9211,Post,79,2025-09-13
14996,9212,Pre,56,2026-01-19
14997,9212,Post,66,2026-01-31
14998,9213,Pre,25,2025-09-11
14999,9213,Post,36,2025-09-18
15000,9214,Pre,61,2025-06-04
15001,9214,Post,82,2025-06-16
15002,9215,Pre,37,2024-06-24
15003,9215,Post,43,2024-07-04
15004,9216,Pre,46,2024-03-20
15005,9216,Post,50,2024-03-31
15006,9217,Pre,61,2024-05-29
15007,9217,Post,76,2024-06-23
15008,9218,Pre,58,2024-09-09
15009,9218,Post,70,2024-09-13
15010,9219,Pre,48,2026-03-20
15011,9220,Pre,44,2024-03-29
15012,9220,Post,47,2024-04-11
15013,9221,Pre,51,2024-06-12
15014,9221,Post,77,2024-06-27
15015,9222,Pre,69,2026-04-17
15016,9222,Post,77,2026-04-29
15017,9223,Pre,51,2025-05-26
15018,9223,Post,56,2025-06-05
15019,9224,Pre,39,2024-10-16
15020,9224,Post,44,2024-10-25
15021,9225,Pre,51,2024-07-18
15022,9225,Post,68,2024-07-31
15023,9226,Pre,58,2024-04-25
15024,9226,Post,67,2024-05-21
15025,9227,Pre,54,2025-02-02
15026,9227,Post,62,2025-02-26
15027,9228,Pre,75,2024-01-25
15028,9228,Post,77,2024-01-30
15029,9229,Pre,64,2025-03-03
15030,9229,Post,70,2025-03-08
15031,9230,Pre,56,2026-04-11
15032,9230,Post,70,2026-04-30
15033,9231,Pre,63,2025-12-09
15034,9231,Post,76,2025-12-14
15035,9232,Pre,68,2024-01-06
15036,9232,Post,85,2024-01-27
15037,9233,Pre,64,2024-08-15
15038,9233,Post,90,2024-08-24
15039,9234,Pre,57,2024-04-24
15040,9234,Post,75,2024-05-15
15041,9235,Pre,63,2024-06-29
15042,9235,Post,74,2024-07-22
15043,9236,Pre,51,2025-10-08
15044,9236,Post,58,2025-10-25
15045,9237,Pre,75,2025-09-29
15046,9237,Post,88,2025-10-23
15047,9238,Pre,81,2025-05-25
15048,9239,Pre,55,2025-09-17
15049,9239,Post,57,2025-10-12
15050,9241,Pre,58,2024-08-07
15051,9241,Post,62,2024-08-18
15052,9242,Pre,59,2024-06-27
15053,9243,Pre,84,2025-09-23
15054,9244,Pre,32,2025-10-07
15055,9245,Pre,62,2025-11-11
15056,9245,Post,63,2025-12-01
15057,9246,Pre,72,2026-02-08
15058,9246,Post,85,2026-03-01
15059,9247,Pre,60,2024-09-26
15060,9247,Post,73,2024-10-07
15061,9248,Pre,44,2024-06-30
15062,9248,Post,61,2024-07-13
15063,9249,Pre,57,2026-04-28
15064,9249,Post,64,2026-05-19
15065,9250,Pre,43,2024-05-19
15066,9250,Post,51,2024-05-31
15067,9251,Pre,53,2025-12-21
15068,9251,Post,72,2026-01-11
15069,9252,Pre,61,2024-05-31
15070,9252,Post,75,2024-06-22
15071,9253,Pre,76,2024-11-23
15072,9253,Post,83,2024-12-03
15073,9254,Pre,52,2025-08-15
15074,9254,Post,64,2025-08-25
15075,9255,Pre,42,2025-03-29
15076,9255,Post,45,2025-04-03
15077,9256,Pre,80,2025-02-08
15078,9256,Post,84,2025-03-07
15079,9257,Pre,59,2025-03-08
15080,9257,Post,69,2025-03-28
15081,9258,Pre,44,2024-10-30
15082,9259,Pre,37,2024-04-18
15083,9259,Post,53,2024-05-11
15084,9260,Pre,56,2026-01-08
15085,9260,Post,70,2026-02-04
15086,9261,Pre,57,2025-04-20
15087,9261,Post,55,2025-05-01
15088,9265,Pre,56,2025-04-09
15089,9265,Post,65,2025-05-07
15090,9266,Pre,53,2025-12-27
15091,9266,Post,80,2026-01-14
15092,9267,Pre,67,2026-08-06
15093,9267,Post,93,2026-08-12
15094,9268,Pre,51,2024-08-10
15095,9268,Post,56,2024-09-05
15096,9270,Pre,74,2025-01-22
15097,9270,Post,92,2025-02-22
15098,9271,Pre,51,2026-06-13
15099,9271,Post,60,2026-07-06
15100,9272,Pre,63,2025-08-17
15101,9272,Post,73,2025-09-07
15102,9273,Pre,49,2025-02-26
15103,9273,Post,59,2025-03-13
15104,9274,Pre,45,2024-05-21
15105,9274,Post,55,2024-06-04
15106,9276,Pre,68,2026-05-17
15107,9276,Post,73,2026-06-06
15108,9277,Pre,64,2024-10-02
15109,9277,Post,76,2024-10-29
15110,9278,Pre,50,2024-10-30
15111,9278,Post,52,2024-11-14
15112,9279,Pre,36,2024-05-02
15113,9279,Post,49,2024-05-21
15114,9280,Pre,56,2026-07-11
15115,9280,Post,63,2026-07-21
15116,9281,Pre,39,2024-07-09
15117,9281,Post,54,2024-07-23
15118,9282,Pre,57,2026-04-09
15119,9282,Post,66,2026-05-02
15120,9283,Pre,45,2025-06-09
15121,9283,Post,61,2025-07-06
15122,9284,Pre,63,2025-08-13
15123,9284,Post,69,2025-08-26
15124,9285,Pre,55,2024-04-16
15125,9285,Post,57,2024-04-24
15126,9287,Pre,64,2025-07-26
15127,9287,Post,74,2025-08-18
15128,9288,Pre,53,2024-06-21
15129,9288,Post,67,2024-06-29
15130,9290,Pre,72,2024-11-21
15131,9290,Post,86,2024-12-16
15132,9291,Pre,61,2025-12-26
15133,9291,Post,79,2026-01-05
15134,9292,Pre,44,2024-03-20
15135,9292,Post,52,2024-04-15
15136,9293,Pre,47,2025-01-24
15137,9293,Post,55,2025-02-26
15138,9294,Pre,48,2024-09-24
15139,9294,Post,52,2024-10-03
15140,9295,Pre,71,2024-09-23
15141,9296,Pre,77,2025-10-16
15142,9296,Post,86,2025-10-28
15143,9297,Pre,79,2025-05-11
15144,9298,Pre,64,2024-05-24
15145,9298,Post,66,2024-06-01
15146,9299,Pre,69,2025-07-06
15147,9299,Post,81,2025-07-31
15148,9300,Pre,51,2024-09-17
15149,9300,Post,58,2024-10-06
15150,9301,Pre,56,2026-08-09
15151,9301,Post,71,2026-08-26
15152,9302,Pre,50,2025-11-21
15153,9302,Post,59,2025-12-14
15154,9303,Pre,63,2024-04-12
15155,9304,Pre,51,2024-03-28
15156,9304,Post,63,2024-04-07
15157,9305,Pre,70,2025-09-03
15158,9305,Post,77,2025-09-08
15159,9306,Pre,52,2024-09-11
15160,9307,Pre,76,2024-08-10
15161,9308,Pre,51,2026-03-16
15162,9308,Post,50,2026-04-03
15163,9309,Pre,75,2025-01-30
15164,9309,Post,87,2025-02-08
15165,9310,Pre,51,2024-11-22
15166,9310,Post,67,2024-12-06
15167,9311,Pre,54,2025-05-10
15168,9312,Pre,59,2024-08-30
15169,9312,Post,64,2024-09-07
15170,9313,Pre,56,2024-09-22
15171,9313,Post,71,2024-10-09
15172,9314,Pre,41,2026-05-24
15173,9314,Post,55,2026-06-07
15174,9315,Pre,52,2024-04-20
15175,9315,Post,68,2024-05-14
15176,9316,Pre,58,2024-11-05
15177,9317,Pre,55,2025-09-28
15178,9318,Pre,71,2025-03-12
15179,9318,Post,74,2025-03-19
15180,9319,Pre,46,2024-04-01
15181,9319,Post,61,2024-04-14
15182,9320,Pre,29,2025-09-22
15183,9321,Pre,68,2026-06-29
15184,9321,Post,81,2026-07-24
15185,9324,Pre,61,2026-06-23
15186,9324,Post,74,2026-06-29
15187,9326,Pre,59,2024-11-30
15188,9327,Pre,53,2024-04-15
15189,9327,Post,65,2024-04-29
15190,9328,Pre,43,2026-05-15
15191,9329,Pre,68,2024-08-20
15192,9329,Post,92,2024-09-08
15193,9330,Pre,58,2025-05-03
15194,9330,Post,79,2025-05-19
15195,9331,Pre,37,2025-08-26
15196,9331,Post,47,2025-09-17
15197,9332,Pre,56,2024-05-12
15198,9332,Post,69,2024-06-12
15199,9333,Pre,65,2024-12-27
15200,9333,Post,90,2025-01-17
15201,9334,Pre,61,2024-08-11
15202,9334,Post,72,2024-09-06
15203,9335,Pre,67,2026-02-12
15204,9335,Post,81,2026-02-24
15205,9336,Pre,63,2024-06-01
15206,9336,Post,71,2024-06-16
15207,9337,Pre,53,2026-07-04
15208,9338,Pre,68,2025-01-02
15209,9338,Post,89,2025-01-31
15210,9339,Pre,62,2025-08-15
15211,9339,Post,66,2025-09-09
15212,9340,Pre,66,2025-04-22
15213,9340,Post,77,2025-05-10
15214,9341,Pre,60,2025-02-05
15215,9341,Post,67,2025-03-02
15216,9342,Pre,42,2024-12-08
15217,9342,Post,55,2025-01-05
15218,9343,Pre,76,2025-12-09
15219,9343,Post,87,2025-12-29
15220,9344,Pre,58,2025-05-24
15221,9344,Post,83,2025-06-19
15222,9345,Pre,73,2026-04-07
15223,9345,Post,99,2026-04-23
15224,9346,Pre,76,2025-09-03
15225,9347,Pre,79,2025-09-12
15226,9347,Post,84,2025-09-25
15227,9348,Pre,41,2025-11-12
15228,9348,Post,55,2025-12-09
15229,9349,Pre,74,2025-11-04
15230,9349,Post,92,2025-11-16
15231,9350,Pre,62,2026-03-11
15232,9351,Pre,83,2025-04-17
15233,9351,Post,95,2025-05-07
15234,9352,Pre,59,2025-10-04
15235,9352,Post,72,2025-10-23
15236,9353,Pre,88,2026-05-02
15237,9354,Pre,62,2024-03-28
15238,9354,Post,63,2024-04-17
15239,9355,Pre,72,2024-06-11
15240,9356,Pre,52,2026-01-09
15241,9357,Pre,39,2025-02-15
15242,9357,Post,53,2025-03-05
15243,9358,Pre,71,2024-05-26
15244,9358,Post,72,2024-06-11
15245,9359,Pre,74,2024-11-12
15246,9359,Post,83,2024-12-12
15247,9360,Pre,62,2025-11-16
15248,9360,Post,76,2025-12-12
15249,9361,Pre,77,2026-08-08
15250,9362,Pre,52,2026-08-01
15251,9362,Post,63,2026-08-19
15252,9363,Pre,66,2026-04-13
15253,9363,Post,70,2026-05-04
15254,9364,Pre,40,2026-06-21
15255,9364,Post,52,2026-07-18
15256,9365,Pre,60,2024-03-19
15257,9365,Post,78,2024-03-23
15258,9366,Pre,49,2025-12-21
15259,9366,Post,65,2026-01-20
15260,9367,Pre,55,2024-04-10
15261,9367,Post,66,2024-04-21
15262,9369,Pre,60,2026-04-04
15263,9369,Post,81,2026-04-20
15264,9370,Pre,45,2024-05-01
15265,9370,Post,61,2024-05-11
15266,9371,Pre,59,2024-06-05
15267,9371,Post,75,2024-06-17
15268,9372,Pre,64,2026-04-22
15269,9372,Post,63,2026-05-20
15270,9373,Pre,70,2024-01-30
15271,9373,Post,78,2024-02-25
15272,9374,Pre,88,2024-03-06
15273,9375,Pre,66,2024-09-19
15274,9376,Pre,54,2024-06-29
15275,9376,Post,67,2024-07-05
15276,9377,Pre,52,2025-01-14
15277,9377,Post,60,2025-01-28
15278,9378,Pre,52,2025-12-11
15279,9378,Post,62,2025-12-23
15280,9379,Pre,64,2025-05-21
15281,9379,Post,78,2025-06-14
15282,9381,Pre,50,2026-04-24
15283,9381,Post,64,2026-05-05
15284,9382,Pre,64,2024-09-08
15285,9384,Pre,72,2025-02-28
15286,9384,Post,80,2025-03-24
15287,9385,Pre,56,2025-12-31
15288,9385,Post,70,2026-01-14
15289,9386,Pre,57,2024-05-21
15290,9386,Post,72,2024-06-04
15291,9387,Pre,61,2026-03-24
15292,9387,Post,76,2026-04-24
15293,9388,Pre,74,2025-11-08
15294,9389,Pre,50,2024-02-12
15295,9389,Post,59,2024-03-09
15296,9391,Pre,40,2025-05-11
15297,9391,Post,46,2025-06-05
15298,9392,Pre,65,2024-07-18
15299,9392,Post,78,2024-08-14
15300,9393,Pre,49,2026-08-15
15301,9394,Pre,48,2026-02-15
15302,9394,Post,70,2026-03-09
15303,9395,Pre,45,2026-04-17
15304,9395,Post,59,2026-04-23
15305,9396,Pre,58,2024-06-12
15306,9396,Post,76,2024-06-30
15307,9397,Pre,41,2025-03-20
15308,9397,Post,57,2025-04-13
15309,9398,Pre,65,2024-03-09
15310,9398,Post,72,2024-03-23
15311,9399,Pre,69,2025-11-12
15312,9399,Post,73,2025-12-06
15313,9400,Pre,67,2026-04-23
15314,9400,Post,81,2026-05-24
15315,9402,Pre,56,2025-07-24
15316,9402,Post,57,2025-08-07
15317,9403,Pre,53,2026-07-20
15318,9403,Post,64,2026-08-16
15319,9404,Pre,74,2025-11-17
15320,9405,Pre,67,2024-11-20
15321,9405,Post,74,2024-12-06
15322,9406,Pre,57,2025-11-06
15323,9406,Post,64,2025-11-13
15324,9407,Pre,68,2024-07-12
15325,9407,Post,87,2024-08-10
15326,9408,Pre,69,2025-06-19
15327,9408,Post,80,2025-07-13
15328,9409,Pre,47,2024-06-15
15329,9409,Post,63,2024-06-21
15330,9410,Pre,70,2025-05-29
15331,9410,Post,92,2025-06-23
15332,9411,Pre,57,2024-03-13
15333,9411,Post,74,2024-04-01
15334,9412,Pre,58,2024-11-24
15335,9412,Post,72,2024-12-03
15336,9413,Pre,56,2025-11-01
15337,9413,Post,73,2025-11-27
15338,9414,Pre,66,2024-05-21
15339,9414,Post,73,2024-06-10
15340,9415,Pre,50,2024-12-14
15341,9415,Post,69,2025-01-10
15342,9416,Pre,44,2026-05-01
15343,9416,Post,54,2026-05-15
15344,9417,Pre,72,2024-08-19
15345,9417,Post,90,2024-09-09
15346,9419,Pre,71,2025-07-07
15347,9419,Post,83,2025-07-19
15348,9420,Pre,67,2025-02-02
15349,9420,Post,93,2025-02-27
15350,9422,Pre,44,2026-01-11
15351,9422,Post,43,2026-01-19
15352,9424,Pre,50,2026-07-14
15353,9424,Post,66,2026-08-14
15354,9425,Pre,54,2024-11-13
15355,9425,Post,68,2024-11-28
15356,9426,Pre,74,2025-05-18
15357,9426,Post,86,2025-05-24
15358,9427,Pre,47,2025-01-10
15359,9427,Post,68,2025-02-07
15360,9429,Pre,40,2025-11-25
15361,9429,Post,51,2025-11-30
15362,9430,Pre,41,2025-04-12
15363,9430,Post,51,2025-05-06
15364,9431,Pre,73,2026-03-07
15365,9431,Post,87,2026-04-02
15366,9432,Pre,72,2025-06-26
15367,9432,Post,74,2025-06-30
15368,9433,Pre,67,2024-08-01
15369,9433,Post,72,2024-08-25
15370,9434,Pre,61,2024-02-23
15371,9434,Post,75,2024-03-19
15372,9435,Pre,51,2024-03-10
15373,9435,Post,54,2024-03-18
15374,9436,Pre,58,2025-09-03
15375,9436,Post,72,2025-09-29
15376,9437,Pre,81,2025-04-03
15377,9437,Post,77,2025-04-21
15378,9438,Pre,58,2024-06-08
15379,9438,Post,59,2024-06-24
15380,9439,Pre,72,2025-05-20
15381,9440,Pre,52,2026-08-12
15382,9440,Post,56,2026-08-26
15383,9441,Pre,66,2026-03-26
15384,9441,Post,80,2026-04-12
15385,9442,Pre,66,2025-03-15
15386,9442,Post,81,2025-04-05
15387,9443,Pre,50,2024-04-30
15388,9444,Pre,53,2024-06-13
15389,9444,Post,71,2024-06-25
15390,9446,Pre,75,2025-10-16
15391,9446,Post,83,2025-10-30
15392,9447,Pre,55,2024-12-24
15393,9447,Post,65,2024-12-31
15394,9449,Pre,67,2024-02-03
15395,9449,Post,85,2024-03-02
15396,9450,Pre,77,2024-10-31
15397,9450,Post,94,2024-11-15
15398,9452,Pre,55,2026-02-12
15399,9452,Post,76,2026-03-06
15400,9453,Pre,63,2026-04-22
15401,9453,Post,80,2026-05-10
15402,9454,Pre,32,2025-06-04
15403,9454,Post,56,2025-06-23
15404,9455,Pre,68,2025-05-24
15405,9455,Post,86,2025-06-16
15406,9456,Pre,58,2024-11-27
15407,9456,Post,70,2024-12-14
15408,9457,Pre,47,2024-04-30
15409,9457,Post,45,2024-05-17
15410,9458,Pre,54,2025-02-09
15411,9458,Post,66,2025-03-09
15412,9459,Pre,52,2026-08-03
15413,9459,Post,64,2026-08-17
15414,9460,Pre,78,2025-08-22
15415,9460,Post,97,2025-09-11
15416,9461,Pre,42,2026-05-13
15417,9461,Post,54,2026-06-04
15418,9462,Pre,66,2026-06-12
15419,9462,Post,85,2026-06-26
15420,9463,Pre,50,2025-05-26
15421,9463,Post,53,2025-05-29
15422,9464,Pre,64,2024-02-18
15423,9465,Pre,70,2025-02-21
15424,9466,Pre,50,2025-02-03
15425,9466,Post,55,2025-02-27
15426,9467,Pre,40,2024-07-06
15427,9467,Post,47,2024-07-14
15428,9468,Pre,65,2025-03-03
15429,9468,Post,88,2025-03-23
15430,9469,Pre,45,2026-03-28
15431,9469,Post,66,2026-04-08
15432,9470,Pre,72,2024-06-10
15433,9470,Post,83,2024-06-20
15434,9471,Pre,49,2026-03-05
15435,9473,Pre,50,2025-12-17
15436,9474,Pre,38,2026-07-08
15437,9474,Post,53,2026-07-20
15438,9475,Pre,54,2024-04-08
15439,9476,Pre,66,2024-09-26
15440,9476,Post,78,2024-10-15
15441,9477,Pre,67,2025-11-17
15442,9477,Post,90,2025-12-18
15443,9478,Pre,54,2024-10-09
15444,9478,Post,61,2024-11-05
15445,9481,Pre,56,2026-06-03
15446,9481,Post,80,2026-06-26
15447,9482,Pre,53,2025-09-09
15448,9482,Post,63,2025-10-08
15449,9483,Pre,67,2024-12-21
15450,9483,Post,73,2025-01-05
15451,9484,Pre,47,2025-10-25
15452,9484,Post,56,2025-11-12
15453,9485,Pre,78,2026-01-02
15454,9485,Post,82,2026-01-29
15455,9486,Pre,76,2024-01-08
15456,9486,Post,95,2024-01-17
15457,9487,Pre,63,2025-05-23
15458,9487,Post,67,2025-06-19
15459,9488,Pre,55,2026-02-23
15460,9488,Post,68,2026-03-02
15461,9489,Pre,74,2025-03-09
15462,9489,Post,91,2025-03-24
15463,9490,Pre,60,2025-07-09
15464,9490,Post,73,2025-07-18
15465,9491,Pre,56,2024-11-18
15466,9491,Post,71,2024-11-29
15467,9492,Pre,45,2024-11-25
15468,9492,Post,57,2024-12-10
15469,9493,Pre,53,2025-09-25
15470,9493,Post,69,2025-10-21
15471,9494,Pre,62,2024-01-29
15472,9495,Pre,56,2025-01-10
15473,9496,Pre,61,2025-11-19
15474,9497,Pre,82,2024-10-06
15475,9497,Post,93,2024-10-11
15476,9498,Pre,40,2024-01-18
15477,9498,Post,55,2024-02-02
15478,9499,Pre,50,2025-06-10
15479,9499,Post,68,2025-07-10
15480,9500,Pre,73,2024-11-24
15481,9500,Post,69,2024-11-27
15482,9501,Pre,46,2025-03-29
15483,9501,Post,58,2025-04-13
15484,9502,Pre,48,2024-11-14
15485,9502,Post,59,2024-11-22
15486,9503,Pre,60,2024-07-28
15487,9503,Post,87,2024-08-19
15488,9505,Pre,56,2026-03-13
15489,9505,Post,66,2026-03-30
15490,9506,Pre,55,2026-05-28
15491,9506,Post,68,2026-06-01
15492,9507,Pre,71,2025-08-24
15493,9507,Post,76,2025-09-05
15494,9508,Pre,73,2024-04-12
15495,9508,Post,85,2024-05-05
15496,9509,Pre,46,2025-07-23
15497,9509,Post,61,2025-08-17
15498,9510,Pre,50,2026-03-14
15499,9510,Post,63,2026-03-28
15500,9511,Pre,39,2025-05-11
15501,9511,Post,47,2025-05-14
15502,9512,Pre,51,2025-09-26
15503,9513,Pre,47,2025-09-05
15504,9514,Pre,56,2025-02-01
15505,9514,Post,68,2025-03-01
15506,9515,Pre,58,2024-01-30
15507,9515,Post,84,2024-02-05
15508,9516,Pre,83,2024-07-01
15509,9516,Post,85,2024-07-09
15510,9517,Pre,78,2025-12-29
15511,9517,Post,88,2026-01-06
15512,9518,Pre,76,2026-08-03
15513,9518,Post,91,2026-08-17
15514,9519,Pre,66,2025-12-26
15515,9520,Pre,56,2026-03-10
15516,9520,Post,63,2026-04-11
15517,9521,Pre,61,2026-06-20
15518,9521,Post,71,2026-07-06
15519,9522,Pre,51,2025-03-09
15520,9522,Post,56,2025-03-29
15521,9523,Pre,44,2025-06-08
15522,9523,Post,51,2025-06-19
15523,9524,Pre,46,2024-09-05
15524,9525,Pre,49,2025-12-24
15525,9525,Post,67,2025-12-28
15526,9526,Pre,71,2024-03-31
15527,9526,Post,75,2024-04-24
15528,9527,Pre,60,2025-11-28
15529,9527,Post,74,2025-12-27
15530,9528,Pre,63,2025-04-29
15531,9528,Post,83,2025-05-27
15532,9529,Pre,70,2024-07-25
15533,9529,Post,69,2024-08-07
15534,9530,Pre,78,2025-10-06
15535,9532,Pre,52,2025-05-30
15536,9532,Post,57,2025-06-24
15537,9533,Pre,70,2026-02-02
15538,9533,Post,88,2026-03-05
15539,9534,Pre,62,2024-02-11
15540,9536,Pre,53,2026-04-30
15541,9536,Post,52,2026-05-10
15542,9537,Pre,48,2024-11-08
15543,9537,Post,53,2024-11-19
15544,9538,Pre,60,2024-09-01
15545,9539,Pre,57,2025-06-11
15546,9540,Pre,51,2025-03-01
15547,9541,Pre,76,2024-04-24
15548,9542,Pre,59,2024-05-24
15549,9542,Post,68,2024-06-09
15550,9543,Pre,54,2024-01-16
15551,9543,Post,64,2024-02-09
15552,9544,Pre,70,2024-06-17
15553,9544,Post,72,2024-07-15
15554,9545,Pre,34,2025-12-24
15555,9545,Post,47,2026-01-22
15556,9546,Pre,66,2024-08-16
15557,9547,Pre,45,2025-05-21
15558,9547,Post,55,2025-06-08
15559,9549,Pre,72,2024-12-15
15560,9550,Pre,61,2024-12-06
15561,9550,Post,71,2024-12-30
15562,9551,Pre,50,2024-08-16
15563,9551,Post,62,2024-08-31
15564,9552,Pre,67,2025-02-22
15565,9552,Post,84,2025-03-28
15566,9554,Pre,44,2026-08-07
15567,9554,Post,58,2026-09-01
15568,9555,Pre,37,2024-10-21
15569,9555,Post,37,2024-10-26
15570,9556,Pre,71,2025-04-07
15571,9556,Post,83,2025-04-12
15572,9557,Pre,73,2025-06-10
15573,9557,Post,92,2025-06-19
15574,9558,Pre,49,2024-01-11
15575,9558,Post,64,2024-02-10
15576,9559,Pre,55,2024-10-18
15577,9559,Post,69,2024-11-11
15578,9560,Pre,55,2024-08-06
15579,9560,Post,58,2024-08-30
15580,9561,Pre,57,2025-12-13
15581,9561,Post,74,2026-01-15
15582,9562,Pre,57,2026-05-24
15583,9562,Post,68,2026-06-08
15584,9563,Pre,66,2025-09-12
15585,9563,Post,71,2025-10-10
15586,9564,Pre,34,2024-11-30
15587,9564,Post,48,2024-12-11
15588,9565,Pre,47,2026-05-12
15589,9567,Pre,70,2025-11-15
15590,9568,Pre,75,2025-08-31
15591,9568,Post,93,2025-09-16
15592,9569,Pre,72,2024-05-30
15593,9569,Post,78,2024-06-27
15594,9570,Pre,63,2024-09-13
15595,9571,Pre,49,2025-11-26
15596,9571,Post,56,2025-12-10
15597,9572,Pre,53,2024-09-20
15598,9572,Post,66,2024-10-05
15599,9573,Pre,30,2024-04-13
15600,9574,Pre,63,2025-03-06
15601,9574,Post,74,2025-03-23
15602,9576,Pre,57,2024-11-20
15603,9576,Post,70,2024-12-11
15604,9578,Pre,59,2026-06-04
15605,9578,Post,69,2026-06-25
15606,9579,Pre,54,2024-01-26
15607,9579,Post,70,2024-02-04
15608,9580,Pre,63,2024-10-27
15609,9580,Post,65,2024-11-05
15610,9581,Pre,67,2024-08-17
15611,9582,Pre,86,2025-05-26
15612,9582,Post,95,2025-06-16
15613,9583,Pre,61,2025-05-14
15614,9583,Post,72,2025-05-23
15615,9584,Pre,72,2025-03-27
15616,9585,Pre,40,2024-06-04
15617,9585,Post,47,2024-06-13
15618,9587,Pre,65,2026-05-22
15619,9587,Post,68,2026-06-02
15620,9588,Pre,51,2024-07-09
15621,9588,Post,58,2024-07-20
15622,9590,Pre,51,2025-03-31
15623,9590,Post,68,2025-04-08
15624,9591,Pre,57,2024-08-09
15625,9592,Pre,50,2024-02-23
15626,9593,Pre,65,2025-09-02
15627,9594,Pre,60,2025-10-04
15628,9594,Post,77,2025-10-22
15629,9596,Pre,71,2024-01-01
15630,9596,Post,76,2024-01-27
15631,9597,Pre,27,2025-04-16
15632,9597,Post,42,2025-05-09
15633,9598,Pre,42,2026-03-15
15634,9599,Pre,49,2024-08-19
15635,9599,Post,59,2024-08-25
15636,9601,Pre,65,2024-04-12
15637,9602,Pre,50,2026-02-22
15638,9602,Post,74,2026-03-21
15639,9603,Pre,65,2025-12-28
15640,9603,Post,75,2026-01-17
15641,9605,Pre,72,2025-07-28
15642,9605,Post,74,2025-08-24
15643,9606,Pre,69,2024-05-18
15644,9607,Pre,51,2024-07-13
15645,9607,Post,61,2024-08-04
15646,9608,Pre,65,2024-11-22
15647,9608,Post,75,2024-12-22
15648,9609,Pre,50,2024-10-17
15649,9609,Post,59,2024-11-08
15650,9610,Pre,52,2025-09-02
15651,9610,Post,74,2025-10-02
15652,9612,Pre,69,2024-08-08
15653,9612,Post,70,2024-08-18
15654,9613,Pre,56,2026-04-27
15655,9613,Post,70,2026-05-29
15656,9614,Pre,74,2026-06-05
15657,9614,Post,87,2026-07-01
15658,9615,Pre,54,2026-02-20
15659,9615,Post,64,2026-03-01
15660,9616,Pre,56,2024-05-16
15661,9616,Post,66,2024-06-04
15662,9617,Pre,50,2025-11-02
15663,9618,Pre,67,2024-06-23
15664,9618,Post,82,2024-07-16
15665,9619,Pre,74,2025-08-09
15666,9620,Pre,77,2026-07-06
15667,9620,Post,94,2026-07-15
15668,9621,Pre,42,2026-04-10
15669,9621,Post,61,2026-05-02
15670,9622,Pre,80,2024-03-20
15671,9622,Post,95,2024-03-31
15672,9623,Pre,50,2025-05-30
15673,9624,Pre,46,2026-02-22
15674,9624,Post,52,2026-03-14
15675,9625,Pre,66,2025-01-03
15676,9625,Post,82,2025-01-09
15677,9626,Pre,46,2025-08-19
15678,9626,Post,58,2025-08-25
15679,9627,Pre,56,2026-07-16
15680,9627,Post,70,2026-07-24
15681,9628,Pre,59,2025-08-02
15682,9628,Post,74,2025-08-20
15683,9629,Pre,65,2025-03-12
15684,9629,Post,66,2025-03-19
15685,9630,Pre,50,2025-07-01
15686,9630,Post,53,2025-07-22
15687,9631,Pre,59,2024-01-22
15688,9632,Pre,46,2024-03-01
15689,9632,Post,58,2024-03-10
15690,9633,Pre,52,2024-05-20
15691,9633,Post,70,2024-06-14
15692,9634,Pre,53,2024-02-04
15693,9634,Post,67,2024-02-26
15694,9635,Pre,77,2025-07-04
15695,9635,Post,86,2025-07-17
15696,9637,Pre,50,2024-10-03
15697,9638,Pre,38,2026-04-16
15698,9639,Pre,85,2024-10-02
15699,9640,Pre,82,2026-06-05
15700,9640,Post,87,2026-06-10
15701,9641,Pre,41,2024-06-27
15702,9641,Post,62,2024-07-11
15703,9642,Pre,74,2025-02-20
15704,9642,Post,87,2025-03-13
15705,9643,Pre,46,2026-04-25
15706,9643,Post,69,2026-05-05
15707,9644,Pre,55,2026-08-14
15708,9644,Post,64,2026-08-26
15709,9645,Pre,47,2024-03-29
15710,9645,Post,54,2024-04-17
15711,9646,Pre,66,2024-01-26
15712,9646,Post,85,2024-02-14
15713,9647,Pre,52,2024-10-28
15714,9647,Post,70,2024-11-07
15715,9649,Pre,67,2024-10-15
15716,9650,Pre,57,2026-04-16
15717,9651,Pre,57,2025-01-20
15718,9651,Post,77,2025-01-27
15719,9652,Pre,63,2024-10-31
15720,9652,Post,76,2024-11-24
15721,9653,Pre,50,2024-07-30
15722,9653,Post,59,2024-08-11
15723,9654,Pre,60,2026-08-05
15724,9655,Pre,61,2026-08-11
15725,9655,Post,76,2026-08-22
15726,9656,Pre,51,2025-04-07
15727,9657,Pre,47,2024-06-20
15728,9657,Post,66,2024-07-17
15729,9658,Pre,52,2025-05-19
15730,9658,Post,68,2025-06-07
15731,9659,Pre,48,2026-04-04
15732,9659,Post,67,2026-05-04
15733,9660,Pre,39,2026-02-13
15734,9660,Post,49,2026-03-10
15735,9661,Pre,41,2024-02-14
15736,9661,Post,49,2024-03-22
15737,9662,Pre,74,2024-05-30
15738,9662,Post,90,2024-06-24
15739,9663,Pre,57,2025-01-19
15740,9663,Post,63,2025-02-08
15741,9665,Pre,81,2024-07-12
15742,9665,Post,87,2024-08-11
15743,9666,Pre,64,2025-05-12
15744,9667,Pre,31,2025-03-14
15745,9667,Post,54,2025-04-02
15746,9669,Pre,51,2024-07-08
15747,9670,Pre,50,2025-10-16
15748,9671,Pre,46,2026-04-11
15749,9671,Post,52,2026-04-16
15750,9672,Pre,57,2025-11-23
15751,9673,Pre,66,2025-04-21
15752,9673,Post,82,2025-05-21
15753,9675,Pre,43,2025-06-08
15754,9675,Post,51,2025-06-29
15755,9676,Pre,60,2026-07-02
15756,9676,Post,76,2026-07-25
15757,9677,Pre,47,2024-08-17
15758,9677,Post,45,2024-08-29
15759,9678,Pre,85,2025-04-04
15760,9678,Post,86,2025-04-28
15761,9680,Pre,67,2024-12-23
15762,9681,Pre,55,2025-08-17
15763,9681,Post,73,2025-08-24
15764,9682,Pre,67,2024-11-06
15765,9682,Post,79,2024-11-30
15766,9683,Pre,74,2024-11-30
15767,9683,Post,74,2024-12-14
15768,9684,Pre,41,2026-06-26
15769,9684,Post,54,2026-07-09
15770,9685,Pre,43,2026-06-30
15771,9686,Pre,44,2026-06-13
15772,9686,Post,58,2026-07-14
15773,9687,Pre,69,2026-02-20
15774,9687,Post,84,2026-02-23
15775,9688,Pre,70,2024-12-07
15776,9688,Post,86,2024-12-28
15777,9689,Pre,48,2025-03-25
15778,9689,Post,56,2025-04-22
15779,9690,Pre,69,2024-09-24
15780,9690,Post,80,2024-09-29
15781,9691,Pre,63,2025-09-08
15782,9692,Pre,49,2024-06-11
15783,9693,Pre,45,2025-10-23
15784,9693,Post,55,2025-11-14
15785,9694,Pre,58,2025-04-20
15786,9694,Post,67,2025-04-30
15787,9695,Pre,64,2024-01-21
15788,9696,Pre,71,2026-03-26
15789,9696,Post,80,2026-04-26
15790,9697,Pre,31,2025-10-18
15791,9697,Post,46,2025-10-30
15792,9698,Pre,60,2025-07-26
15793,9699,Pre,64,2025-01-10
15794,9699,Post,71,2025-01-20
15795,9700,Pre,57,2024-09-08
15796,9700,Post,61,2024-09-18
15797,9701,Pre,51,2024-03-07
15798,9701,Post,69,2024-04-06
15799,9702,Pre,67,2024-04-20
15800,9702,Post,77,2024-05-10
15801,9704,Pre,51,2024-02-28
15802,9704,Post,68,2024-03-22
15803,9705,Pre,60,2024-01-15
15804,9705,Post,83,2024-02-13
15805,9706,Pre,54,2025-12-27
15806,9707,Pre,60,2026-07-02
15807,9707,Post,81,2026-07-08
15808,9708,Pre,40,2025-04-12
15809,9708,Post,50,2025-04-20
15810,9710,Pre,58,2025-04-15
15811,9710,Post,71,2025-04-29
15812,9711,Pre,38,2025-08-28
15813,9711,Post,43,2025-09-16
15814,9712,Pre,56,2024-08-27
15815,9712,Post,70,2024-09-22
15816,9713,Pre,51,2026-04-01
15817,9713,Post,55,2026-04-07
15818,9714,Pre,78,2024-06-22
15819,9714,Post,96,2024-07-12
15820,9715,Pre,53,2024-02-14
15821,9715,Post,69,2024-03-05
15822,9716,Pre,61,2025-10-29
15823,9717,Pre,49,2024-01-02
15824,9717,Post,63,2024-01-22
15825,9718,Pre,41,2024-08-08
15826,9718,Post,65,2024-09-05
15827,9719,Pre,46,2025-02-11
15828,9719,Post,57,2025-02-19
15829,9720,Pre,39,2024-04-06
15830,9720,Post,53,2024-04-22
15831,9721,Pre,40,2025-04-09
15832,9721,Post,56,2025-05-01
15833,9722,Pre,83,2024-04-12
15834,9722,Post,93,2024-04-23
15835,9723,Pre,39,2026-01-12
15836,9723,Post,45,2026-02-09
15837,9724,Pre,67,2024-08-11
15838,9725,Pre,61,2024-11-22
15839,9725,Post,69,2024-12-20
15840,9726,Pre,54,2026-05-02
15841,9726,Post,61,2026-05-29
15842,9727,Pre,44,2025-01-22
15843,9727,Post,59,2025-02-24
15844,9728,Pre,69,2024-04-24
15845,9728,Post,79,2024-05-11
15846,9729,Pre,77,2025-09-22
15847,9729,Post,83,2025-10-12
15848,9731,Pre,84,2024-03-22
15849,9731,Post,80,2024-04-21
15850,9732,Pre,51,2025-03-11
15851,9732,Post,58,2025-03-24
15852,9733,Pre,65,2024-06-04
15853,9733,Post,85,2024-06-28
15854,9734,Pre,71,2024-05-18
15855,9735,Pre,71,2024-12-03
15856,9735,Post,72,2024-12-19
15857,9736,Pre,73,2024-05-29
15858,9736,Post,81,2024-06-17
15859,9737,Pre,47,2024-06-08
15860,9738,Pre,66,2026-03-16
15861,9740,Pre,36,2026-01-26
15862,9740,Post,54,2026-02-22
15863,9742,Pre,42,2026-05-03
15864,9743,Pre,56,2024-12-05
15865,9743,Post,67,2024-12-21
15866,9744,Pre,39,2024-12-02
15867,9744,Post,54,2024-12-12
15868,9745,Pre,43,2024-09-14
15869,9745,Post,60,2024-09-24
15870,9746,Pre,45,2025-01-18
15871,9746,Post,56,2025-01-29
15872,9747,Pre,64,2024-11-24
15873,9747,Post,71,2024-12-13
15874,9748,Pre,62,2026-05-14
15875,9748,Post,68,2026-05-22
15876,9749,Pre,68,2024-01-18
15877,9749,Post,91,2024-02-15
15878,9750,Pre,53,2025-10-14
15879,9750,Post,68,2025-10-26
15880,9751,Pre,72,2025-03-01
15881,9751,Post,76,2025-04-01
15882,9752,Pre,60,2024-10-13
15883,9752,Post,76,2024-10-25
15884,9753,Pre,61,2025-05-15
15885,9753,Post,74,2025-06-03
15886,9754,Pre,54,2024-03-04
15887,9754,Post,80,2024-03-21
15888,9755,Pre,48,2024-02-02
15889,9755,Post,56,2024-02-18
15890,9756,Pre,72,2025-04-04
15891,9757,Pre,73,2025-01-22
15892,9757,Post,89,2025-02-08
15893,9759,Pre,74,2026-05-14
15894,9759,Post,84,2026-05-21
15895,9760,Pre,59,2024-02-12
15896,9760,Post,70,2024-03-08
15897,9761,Pre,79,2025-02-28
15898,9761,Post,90,2025-03-29
15899,9763,Pre,57,2024-09-28
15900,9764,Pre,73,2025-04-24
15901,9764,Post,89,2025-05-01
15902,9765,Pre,59,2026-07-10
15903,9765,Post,70,2026-07-19
15904,9766,Pre,54,2024-06-20
15905,9766,Post,63,2024-07-21
15906,9767,Pre,56,2026-05-12
15907,9767,Post,75,2026-06-03
15908,9768,Pre,62,2026-03-12
15909,9769,Pre,71,2025-01-21
15910,9769,Post,83,2025-02-04
15911,9770,Pre,74,2025-07-01
15912,9770,Post,92,2025-07-12
15913,9771,Pre,70,2026-02-25
15914,9771,Post,82,2026-03-28
15915,9772,Pre,65,2025-12-06
15916,9772,Post,74,2025-12-29
15917,9773,Pre,47,2024-07-12
15918,9774,Pre,49,2024-06-08
15919,9774,Post,65,2024-06-22
15920,9775,Pre,55,2024-11-30
15921,9776,Pre,63,2024-10-27
15922,9776,Post,60,2024-11-04
15923,9778,Pre,61,2024-09-11
15924,9778,Post,80,2024-09-27
15925,9779,Pre,44,2024-12-23
15926,9779,Post,49,2025-01-14
15927,9781,Pre,61,2026-01-21
15928,9782,Pre,64,2025-05-10
15929,9782,Post,69,2025-05-25
15930,9783,Pre,60,2024-06-01
15931,9783,Post,64,2024-06-28
15932,9784,Pre,62,2025-09-21
15933,9784,Post,74,2025-09-29
15934,9785,Pre,34,2025-10-12
15935,9785,Post,48,2025-10-31
15936,9787,Pre,48,2024-01-09
15937,9787,Post,56,2024-01-23
15938,9788,Pre,86,2026-08-05
15939,9788,Post,94,2026-09-07
15940,9789,Pre,58,2025-10-13
15941,9789,Post,66,2025-10-22
15942,9790,Pre,54,2024-09-06
15943,9790,Post,64,2024-09-19
15944,9791,Pre,60,2025-01-01
15945,9791,Post,80,2025-02-01
15946,9792,Pre,65,2024-02-09
15947,9792,Post,72,2024-02-15
15948,9793,Pre,39,2025-09-06
15949,9793,Post,61,2025-10-04
15950,9794,Pre,43,2026-06-27
15951,9794,Post,53,2026-07-26
15952,9795,Pre,74,2026-02-16
15953,9795,Post,86,2026-03-20
15954,9797,Pre,47,2024-03-04
15955,9797,Post,58,2024-03-29
15956,9798,Pre,67,2024-08-14
15957,9798,Post,68,2024-08-24
15958,9799,Pre,71,2024-05-21
15959,9800,Pre,61,2025-02-10
15960,9800,Post,80,2025-02-18
15961,9801,Pre,49,2025-10-05
15962,9801,Post,64,2025-10-10
15963,9802,Pre,57,2024-06-26
15964,9802,Post,62,2024-07-07
15965,9803,Pre,54,2025-02-07
15966,9804,Pre,63,2025-12-12
15967,9804,Post,66,2025-12-20
15968,9805,Pre,63,2026-02-03
15969,9805,Post,79,2026-02-19
15970,9807,Pre,43,2024-03-21
15971,9807,Post,67,2024-04-04
15972,9808,Pre,46,2024-07-09
15973,9808,Post,54,2024-07-20
15974,9809,Pre,54,2024-02-01
15975,9810,Pre,25,2024-09-20
15976,9811,Pre,52,2024-07-22
15977,9811,Post,63,2024-08-07
15978,9812,Pre,59,2025-06-02
15979,9813,Pre,48,2024-11-03
15980,9813,Post,51,2024-11-11
15981,9814,Pre,55,2025-09-01
15982,9815,Pre,44,2024-02-22
15983,9815,Post,54,2024-03-07
15984,9816,Pre,62,2024-09-09
15985,9816,Post,77,2024-10-01
15986,9817,Pre,74,2024-12-10
15987,9817,Post,84,2024-12-30
15988,9818,Pre,43,2026-03-31
15989,9819,Pre,38,2026-04-16
15990,9819,Post,53,2026-05-10
15991,9820,Pre,69,2025-07-10
15992,9820,Post,72,2025-08-06
15993,9821,Pre,65,2025-12-09
15994,9821,Post,69,2026-01-08
15995,9822,Pre,59,2024-06-04
15996,9822,Post,69,2024-06-06
15997,9823,Pre,56,2025-08-28
15998,9823,Post,82,2025-09-06
15999,9824,Pre,55,2026-05-06
16000,9824,Post,63,2026-05-29
16001,9825,Pre,38,2025-01-15
16002,9825,Post,55,2025-02-13
16003,9826,Pre,65,2026-01-08
16004,9826,Post,83,2026-02-04
16005,9828,Pre,68,2025-08-31
16006,9828,Post,71,2025-10-01
16007,9830,Pre,54,2026-05-05
16008,9830,Post,61,2026-05-30
16009,9831,Pre,60,2024-05-10
16010,9831,Post,74,2024-06-07
16011,9832,Pre,48,2025-09-01
16012,9832,Post,50,2025-09-24
16013,9833,Pre,69,2025-01-13
16014,9833,Post,71,2025-01-21
16015,9834,Pre,40,2025-05-14
16016,9834,Post,60,2025-05-25
16017,9835,Pre,50,2025-01-02
16018,9835,Post,61,2025-01-25
16019,9836,Pre,69,2025-05-16
16020,9837,Pre,33,2024-04-07
16021,9838,Pre,66,2024-12-25
16022,9838,Post,87,2025-01-09
16023,9839,Pre,51,2025-07-24
16024,9839,Post,60,2025-08-05
16025,9840,Pre,53,2025-07-30
16026,9840,Post,76,2025-08-08
16027,9841,Pre,59,2025-03-15
16028,9841,Post,71,2025-04-03
16029,9842,Pre,37,2026-06-26
16030,9842,Post,46,2026-07-01
16031,9843,Pre,50,2024-08-24
16032,9843,Post,64,2024-09-16
16033,9844,Pre,62,2024-12-22
16034,9845,Pre,59,2025-08-21
16035,9845,Post,76,2025-08-26
16036,9846,Pre,48,2026-04-20
16037,9846,Post,65,2026-05-21
16038,9847,Pre,49,2024-12-04
16039,9847,Post,59,2024-12-30
16040,9848,Pre,63,2025-09-17
16041,9848,Post,78,2025-09-29
16042,9850,Pre,52,2024-06-06
16043,9850,Post,81,2024-07-03
16044,9851,Pre,53,2025-07-16
16045,9851,Post,74,2025-08-08
16046,9852,Pre,72,2025-05-02
16047,9852,Post,77,2025-05-11
16048,9853,Pre,71,2025-05-07
16049,9853,Post,94,2025-05-23
16050,9854,Pre,49,2025-03-26
16051,9855,Pre,60,2025-03-26
16052,9857,Pre,67,2024-04-16
16053,9857,Post,73,2024-05-11
16054,9858,Pre,67,2025-07-13
16055,9858,Post,84,2025-08-08
16056,9859,Pre,71,2025-08-01
16057,9860,Pre,73,2024-10-19
16058,9862,Pre,56,2026-02-13
16059,9862,Post,61,2026-03-07
16060,9863,Pre,64,2024-01-30
16061,9863,Post,74,2024-02-27
16062,9864,Pre,61,2025-06-14
16063,9864,Post,74,2025-07-16
16064,9865,Pre,57,2024-01-11
16065,9865,Post,73,2024-02-09
16066,9866,Pre,53,2024-08-24
16067,9866,Post,76,2024-09-22
16068,9867,Pre,60,2026-06-06
16069,9867,Post,72,2026-06-28
16070,9868,Pre,56,2026-04-18
16071,9868,Post,73,2026-04-30
16072,9869,Pre,81,2024-03-04
16073,9870,Pre,68,2026-03-29
16074,9870,Post,76,2026-04-19
16075,9871,Pre,74,2024-10-24
16076,9871,Post,94,2024-11-19
16077,9873,Pre,80,2025-04-20
16078,9873,Post,88,2025-05-21
16079,9874,Pre,64,2026-02-20
16080,9875,Pre,73,2025-04-25
16081,9876,Pre,73,2024-10-27
16082,9877,Pre,56,2026-04-24
16083,9878,Pre,64,2024-08-03
16084,9878,Post,77,2024-08-20
16085,9879,Pre,37,2026-06-25
16086,9879,Post,59,2026-07-27
16087,9880,Pre,34,2025-12-23
16088,9880,Post,40,2025-12-26
16089,9881,Pre,54,2024-12-27
16090,9881,Post,56,2025-01-17
16091,9882,Pre,72,2026-06-14
16092,9882,Post,72,2026-06-19
16093,9883,Pre,75,2026-06-06
16094,9883,Post,88,2026-06-27
16095,9884,Pre,45,2025-03-13
16096,9884,Post,53,2025-03-28
16097,9885,Pre,41,2024-12-31
16098,9885,Post,49,2025-01-16
16099,9886,Pre,60,2024-03-24
16100,9887,Pre,59,2025-02-23
16101,9887,Post,66,2025-03-22
16102,9888,Pre,58,2026-02-20
16103,9889,Pre,58,2024-04-19
16104,9889,Post,74,2024-05-02
16105,9890,Pre,64,2024-10-05
16106,9890,Post,81,2024-11-10
16107,9891,Pre,69,2025-08-05
16108,9891,Post,83,2025-08-20
16109,9892,Pre,57,2024-11-21
16110,9892,Post,55,2024-12-20
16111,9893,Pre,62,2024-01-06
16112,9894,Pre,64,2024-06-08
16113,9894,Post,82,2024-06-30
16114,9895,Pre,40,2025-10-09
16115,9895,Post,56,2025-11-05
16116,9896,Pre,75,2025-12-28
16117,9896,Post,78,2026-01-21
16118,9897,Pre,67,2024-03-24
16119,9897,Post,85,2024-04-15
16120,9898,Pre,74,2024-08-13
16121,9898,Post,78,2024-08-20
16122,9899,Pre,74,2025-05-04
16123,9900,Pre,48,2024-12-06
16124,9900,Post,59,2025-01-01
16125,9901,Pre,72,2026-01-24
16126,9901,Post,91,2026-02-14
16127,9902,Pre,47,2025-06-07
16128,9902,Post,65,2025-06-29
16129,9903,Pre,56,2025-12-01
16130,9904,Pre,58,2025-02-25
16131,9904,Post,74,2025-03-26
16132,9905,Pre,64,2024-05-11
16133,9905,Post,84,2024-06-09
16134,9906,Pre,78,2024-04-19
16135,9907,Pre,38,2025-03-22
16136,9907,Post,47,2025-04-18
16137,9908,Pre,53,2025-05-15
16138,9908,Post,69,2025-05-25
16139,9909,Pre,58,2026-02-25
16140,9910,Pre,71,2024-09-08
16141,9910,Post,78,2024-09-24
16142,9911,Pre,55,2026-03-23
16143,9912,Pre,40,2026-03-30
16144,9912,Post,48,2026-04-26
16145,9914,Pre,63,2024-03-05
16146,9914,Post,78,2024-03-27
16147,9915,Pre,43,2025-03-23
16148,9916,Pre,77,2024-12-11
16149,9916,Post,73,2024-12-22
16150,9917,Pre,38,2024-06-22
16151,9917,Post,53,2024-07-26
16152,9918,Pre,70,2025-12-10
16153,9918,Post,80,2025-12-21
16154,9921,Pre,43,2024-10-17
16155,9921,Post,64,2024-11-20
16156,9922,Pre,50,2025-08-29
16157,9922,Post,60,2025-09-23
16158,9923,Pre,48,2024-11-29
16159,9923,Post,56,2024-12-23
16160,9924,Pre,86,2025-12-17
16161,9924,Post,100,2026-01-14
16162,9925,Pre,64,2024-04-27
16163,9925,Post,70,2024-05-17
16164,9926,Pre,40,2025-07-25
16165,9926,Post,48,2025-08-02
16166,9927,Pre,68,2024-12-03
16167,9929,Pre,58,2026-07-10
16168,9930,Pre,52,2024-03-07
16169,9930,Post,68,2024-03-21
16170,9931,Pre,65,2025-01-23
16171,9931,Post,85,2025-02-17
16172,9932,Pre,50,2024-11-26
16173,9932,Post,63,2024-12-21
16174,9933,Pre,61,2025-12-07
16175,9934,Pre,73,2024-09-29
16176,9934,Post,82,2024-10-18
16177,9935,Pre,50,2024-03-29
16178,9935,Post,65,2024-04-28
16179,9936,Pre,74,2025-06-15
16180,9937,Pre,63,2025-10-17
16181,9937,Post,59,2025-10-21
16182,9938,Pre,51,2026-03-06
16183,9938,Post,55,2026-03-14
16184,9940,Pre,34,2025-01-10
16185,9940,Post,37,2025-01-20
16186,9941,Pre,60,2024-02-13
16187,9942,Pre,51,2024-02-20
16188,9944,Pre,59,2025-05-13
16189,9944,Post,71,2025-05-28
16190,9945,Pre,73,2026-06-02
16191,9946,Pre,48,2024-07-26
16192,9946,Post,65,2024-08-01
16193,9947,Pre,65,2024-04-24
16194,9947,Post,78,2024-05-24
16195,9948,Pre,43,2024-08-11
16196,9948,Post,47,2024-08-21
16197,9949,Pre,60,2024-09-08
16198,9949,Post,66,2024-10-07
16199,9950,Pre,57,2026-01-23
16200,9950,Post,64,2026-02-19
16201,9951,Pre,43,2026-08-01
16202,9951,Post,57,2026-08-08
16203,9952,Pre,56,2024-01-12
16204,9952,Post,76,2024-02-01
16205,9953,Pre,56,2025-12-20
16206,9953,Post,54,2026-01-07
16207,9954,Pre,61,2025-06-04
16208,9955,Pre,63,2025-10-19
16209,9955,Post,74,2025-11-09
16210,9956,Pre,61,2024-11-07
16211,9956,Post,71,2024-11-27
16212,9957,Pre,62,2025-05-18
16213,9957,Post,68,2025-06-04
16214,9958,Pre,59,2025-05-03
16215,9958,Post,75,2025-05-18
16216,9959,Pre,63,2025-04-14
16217,9960,Pre,52,2025-03-02
16218,9960,Post,57,2025-03-26
16219,9961,Pre,59,2025-08-26
16220,9961,Post,61,2025-09-02
16221,9962,Pre,60,2026-01-04
16222,9962,Post,77,2026-01-22
16223,9963,Pre,56,2026-05-30
16224,9963,Post,73,2026-06-28
16225,9966,Pre,62,2025-03-11
16226,9966,Post,75,2025-04-06
16227,9967,Pre,55,2024-11-04
16228,9967,Post,71,2024-11-08
16229,9970,Pre,71,2024-05-23
16230,9970,Post,81,2024-05-31
16231,9971,Pre,52,2024-02-10
16232,9973,Pre,45,2024-07-01
16233,9974,Pre,54,2025-05-02
16234,9974,Post,65,2025-05-14
16235,9975,Pre,56,2026-02-10
16236,9975,Post,67,2026-03-07
16237,9976,Pre,51,2025-07-06
16238,9976,Post,64,2025-07-29
16239,9977,Pre,65,2026-02-12
16240,9977,Post,78,2026-03-02
16241,9978,Pre,60,2024-11-20
16242,9978,Post,76,2024-12-09
16243,9979,Pre,74,2024-03-12
16244,9979,Post,82,2024-04-10
16245,9980,Pre,50,2025-05-17
16246,9980,Post,56,2025-05-25
16247,9981,Pre,68,2026-05-27
16248,9981,Post,80,2026-06-10
16249,9982,Pre,74,2026-02-07
16250,9982,Post,78,2026-02-20
16251,9983,Pre,65,2026-05-21
16252,9983,Post,78,2026-06-20
16253,9984,Pre,59,2026-07-27
16254,9984,Post,63,2026-08-04
16255,9985,Pre,65,2025-07-25
16256,9986,Pre,70,2025-08-23
16257,9986,Post,86,2025-09-07
16258,9987,Pre,47,2024-03-08
16259,9987,Post,65,2024-03-12
16260,9988,Pre,48,2024-12-05
16261,9988,Post,69,2024-12-11
16262,9989,Pre,46,2026-03-08
16263,9989,Post,57,2026-03-21
16264,9990,Pre,56,2025-11-24
16265,9990,Post,72,2025-12-10
16266,9991,Pre,66,2024-07-06
16267,9992,Pre,67,2024-09-11
16268,9992,Post,74,2024-09-21
16269,9993,Pre,47,2024-06-01
16270,9993,Post,55,2024-06-17
16271,9994,Pre,63,2024-05-06
16272,9995,Pre,44,2026-06-11
16273,9996,Pre,56,2026-02-16
16274,9996,Post,69,2026-03-08
16275,9997,Pre,78,2025-11-06
16276,9998,Pre,68,2026-01-15
16277,9998,Post,78,2026-02-06
16278,9999,Pre,78,2024-02-05
16279,10000,Pre,52,2026-07-02
16280,10000,Post,70,2026-08-01
16281,10001,Pre,55,2024-12-14
16282,10003,Pre,64,2025-12-01
16283,10003,Post,71,2025-12-10
16284,10004,Pre,73,2024-10-07
16285,10004,Post,81,2024-11-04
16286,10005,Pre,84,2024-10-08
16287,10005,Post,100,2024-10-15
16288,10006,Pre,68,2025-12-16
16289,10006,Post,78,2026-01-07
16290,10007,Pre,69,2025-02-09
16291,10007,Post,75,2025-03-06
16292,10008,Pre,57,2025-05-10
16293,10008,Post,71,2025-05-28
16294,10009,Pre,53,2025-06-28
16295,10010,Pre,53,2025-03-22
16296,10010,Post,58,2025-04-23
16297,10011,Pre,52,2025-03-28
16298,10011,Post,59,2025-04-25
16299,10012,Pre,46,2024-04-08
16300,10012,Post,50,2024-04-27
16301,10013,Pre,61,2025-08-12
16302,10013,Post,82,2025-08-30
16303,10014,Pre,65,2026-06-11
16304,10014,Post,68,2026-06-19
16305,10015,Pre,77,2026-01-30
16306,10015,Post,87,2026-02-24
16307,10016,Pre,52,2025-05-16
16308,10016,Post,72,2025-05-23
16309,10017,Pre,54,2025-03-25
16310,10017,Post,73,2025-04-19
16311,10018,Pre,67,2024-10-10
16312,10018,Post,86,2024-10-21
16313,10019,Pre,54,2026-05-18
16314,10019,Post,70,2026-05-28
16315,10020,Pre,63,2024-01-11
16316,10020,Post,71,2024-02-03
16317,10021,Pre,57,2026-02-11
16318,10021,Post,67,2026-03-12
16319,10023,Pre,54,2026-01-25
16320,10023,Post,67,2026-02-18
16321,10024,Pre,67,2025-02-28
16322,10024,Post,79,2025-03-29
16323,10025,Pre,56,2025-09-07
16324,10025,Post,70,2025-09-27
16325,10026,Pre,76,2025-12-28
16326,10026,Post,86,2026-01-07
16327,10027,Pre,38,2025-08-18
16328,10027,Post,51,2025-09-07
16329,10028,Pre,55,2025-02-16
16330,10028,Post,71,2025-02-22
16331,10029,Pre,44,2025-04-26
16332,10029,Post,61,2025-05-25
16333,10030,Pre,39,2025-01-11
16334,10031,Pre,84,2025-12-23
16335,10031,Post,86,2026-01-09
16336,10032,Pre,63,2024-01-05
16337,10032,Post,76,2024-01-18
16338,10033,Pre,45,2024-10-21
16339,10033,Post,52,2024-11-08
16340,10034,Pre,78,2024-06-02
16341,10034,Post,95,2024-06-23
16342,10035,Pre,69,2024-03-18
16343,10035,Post,67,2024-04-06
16344,10036,Pre,62,2024-09-01
16345,10036,Post,82,2024-09-18
16346,10037,Pre,69,2025-08-08
16347,10037,Post,85,2025-08-25
16348,10038,Pre,56,2025-10-24
16349,10038,Post,57,2025-11-02
16350,10039,Pre,47,2025-08-06
16351,10039,Post,55,2025-08-25
16352,10040,Pre,77,2026-04-07
16353,10040,Post,95,2026-05-04
16354,10042,Pre,49,2025-05-29
16355,10042,Post,60,2025-06-06
16356,10043,Pre,69,2024-09-18
16357,10043,Post,95,2024-10-20
16358,10044,Pre,72,2025-11-24
16359,10045,Pre,47,2025-04-15
16360,10045,Post,68,2025-05-02
16361,10046,Pre,40,2025-02-02
16362,10046,Post,43,2025-02-26
16363,10047,Pre,59,2026-02-13
16364,10048,Pre,50,2026-03-25
16365,10048,Post,72,2026-04-07
16366,10049,Pre,48,2026-01-11
16367,10049,Post,53,2026-01-29
16368,10050,Pre,61,2025-06-08
16369,10050,Post,70,2025-07-05
16370,10051,Pre,54,2025-08-17
16371,10053,Pre,76,2026-01-07
16372,10053,Post,80,2026-01-27
16373,10054,Pre,68,2025-01-22
16374,10054,Post,73,2025-02-16
16375,10055,Pre,62,2024-02-08
16376,10055,Post,72,2024-03-05
16377,10056,Pre,81,2025-10-08
16378,10056,Post,95,2025-10-28
16379,10057,Pre,78,2024-08-26
16380,10058,Pre,69,2025-08-16
16381,10058,Post,81,2025-08-22
16382,10060,Pre,49,2025-11-13
16383,10060,Post,57,2025-11-23
16384,10061,Pre,51,2025-08-31
16385,10062,Pre,59,2024-12-25
16386,10062,Post,64,2025-01-11
16387,10063,Pre,59,2026-01-06
16388,10063,Post,79,2026-02-02
16389,10064,Pre,53,2025-07-01
16390,10064,Post,65,2025-07-06
16391,10065,Pre,50,2025-04-12
16392,10066,Pre,62,2025-07-05
16393,10067,Pre,55,2025-12-30
16394,10067,Post,66,2026-01-23
16395,10069,Pre,48,2025-08-13
16396,10069,Post,70,2025-09-01
16397,10070,Pre,59,2025-08-10
16398,10071,Pre,74,2025-01-05
16399,10071,Post,86,2025-01-28
16400,10072,Pre,52,2025-03-10
16401,10072,Post,69,2025-03-26
16402,10073,Pre,58,2024-02-26
16403,10073,Post,73,2024-03-09
16404,10074,Pre,39,2025-07-23
16405,10074,Post,53,2025-08-12
16406,10075,Pre,54,2024-04-21
16407,10075,Post,73,2024-05-04
16408,10076,Pre,72,2025-09-20
16409,10076,Post,79,2025-10-08
16410,10077,Pre,88,2024-08-04
16411,10077,Post,98,2024-08-18
16412,10079,Pre,83,2025-02-16
16413,10080,Pre,49,2025-05-02
16414,10081,Pre,69,2025-12-17
16415,10081,Post,71,2025-12-23
16416,10083,Pre,61,2024-08-20
16417,10083,Post,65,2024-09-17
16418,10084,Pre,88,2026-03-04
16419,10085,Pre,46,2025-09-28
16420,10086,Pre,43,2025-03-20
16421,10087,Pre,49,2024-06-13
16422,10088,Pre,53,2026-03-27
16423,10089,Pre,44,2026-08-10
16424,10089,Post,55,2026-08-24
16425,10090,Pre,46,2025-05-30
16426,10091,Pre,56,2026-01-08
16427,10091,Post,74,2026-01-26
16428,10093,Pre,65,2025-01-25
16429,10094,Pre,63,2024-04-12
16430,10094,Post,77,2024-04-30
16431,10095,Pre,54,2025-08-10
16432,10095,Post,64,2025-08-29
16433,10096,Pre,47,2024-06-13
16434,10096,Post,61,2024-07-02
16435,10099,Pre,45,2024-01-11
16436,10099,Post,45,2024-01-13
16437,10100,Pre,75,2025-01-07
16438,10101,Pre,52,2026-05-12
16439,10101,Post,71,2026-06-06
16440,10102,Pre,60,2025-12-10
16441,10102,Post,70,2026-01-05
16442,10103,Pre,63,2025-12-09
16443,10103,Post,66,2025-12-25
16444,10104,Pre,44,2024-09-03
16445,10105,Pre,67,2025-11-24
16446,10105,Post,76,2025-12-12
16447,10106,Pre,43,2024-03-13
16448,10106,Post,53,2024-03-16
16449,10107,Pre,73,2024-01-07
16450,10107,Post,72,2024-01-26
16451,10108,Pre,37,2026-07-15
16452,10108,Post,62,2026-07-23
16453,10109,Pre,52,2025-06-26
16454,10110,Pre,44,2024-08-12
16455,10111,Pre,47,2026-06-04
16456,10111,Post,56,2026-06-18
16457,10112,Pre,55,2025-03-22
16458,10112,Post,63,2025-04-02
16459,10114,Pre,71,2024-11-12
16460,10114,Post,83,2024-11-17
16461,10115,Pre,56,2026-03-03
16462,10115,Post,61,2026-03-19
16463,10116,Pre,55,2025-04-02
16464,10116,Post,65,2025-05-01
16465,10117,Pre,51,2024-02-23
16466,10117,Post,72,2024-03-04
16467,10118,Pre,61,2024-11-30
16468,10118,Post,68,2024-12-05
16469,10119,Pre,76,2026-01-25
16470,10119,Post,85,2026-02-24
16471,10120,Pre,35,2025-12-26
16472,10120,Post,41,2026-01-13
16473,10122,Pre,40,2026-04-07
16474,10122,Post,51,2026-04-28
16475,10123,Pre,61,2026-04-06
16476,10123,Post,80,2026-04-17
16477,10125,Pre,74,2026-03-24
16478,10125,Post,76,2026-04-13
16479,10126,Pre,82,2024-11-17
16480,10126,Post,93,2024-12-09
16481,10127,Pre,61,2025-06-15
16482,10127,Post,67,2025-07-12
16483,10128,Pre,60,2025-02-10
16484,10128,Post,70,2025-03-02
16485,10129,Pre,61,2024-01-08
16486,10130,Pre,53,2024-02-27
16487,10130,Post,63,2024-03-03
16488,10131,Pre,74,2024-11-24
16489,10131,Post,74,2024-12-01
16490,10132,Pre,48,2026-01-31
16491,10132,Post,51,2026-02-05
16492,10133,Pre,47,2024-02-24
16493,10133,Post,61,2024-03-23
16494,10134,Pre,73,2025-06-24
16495,10134,Post,85,2025-07-10
16496,10135,Pre,57,2025-07-18
16497,10135,Post,53,2025-07-31
16498,10136,Pre,39,2025-08-31
16499,10137,Pre,62,2026-04-29
16500,10137,Post,66,2026-05-10
16501,10138,Pre,65,2026-02-28
16502,10138,Post,80,2026-03-23
16503,10139,Pre,59,2024-02-22
16504,10139,Post,65,2024-03-09
16505,10140,Pre,53,2024-11-09
16506,10140,Post,60,2024-11-14
16507,10141,Pre,84,2024-06-05
16508,10141,Post,84,2024-07-05
16509,10142,Pre,65,2026-05-03
16510,10142,Post,87,2026-05-08
16511,10143,Pre,69,2024-11-12
16512,10143,Post,92,2024-11-29
16513,10144,Pre,56,2024-01-11
16514,10145,Pre,52,2026-07-18
16515,10146,Pre,62,2026-07-27
16516,10146,Post,81,2026-08-14
16517,10147,Pre,42,2026-05-30
16518,10147,Post,38,2026-06-05
16519,10148,Pre,60,2025-01-03
16520,10148,Post,61,2025-01-17
16521,10150,Pre,74,2025-04-13
16522,10150,Post,97,2025-05-02
16523,10151,Pre,65,2024-08-05
16524,10152,Pre,57,2024-09-11
16525,10152,Post,65,2024-10-04
16526,10153,Pre,53,2024-08-19
16527,10153,Post,71,2024-09-10
16528,10154,Pre,60,2025-12-22
16529,10154,Post,71,2025-12-30
16530,10156,Pre,70,2025-01-31
16531,10157,Pre,75,2024-01-28
16532,10157,Post,86,2024-02-14
16533,10158,Pre,49,2025-05-24
16534,10158,Post,58,2025-06-25
16535,10159,Pre,65,2024-07-10
16536,10159,Post,77,2024-08-01
16537,10160,Pre,70,2024-04-13
16538,10160,Post,88,2024-05-15
16539,10161,Pre,73,2025-03-23
16540,10161,Post,93,2025-04-24
16541,10162,Pre,61,2025-05-11
16542,10162,Post,69,2025-06-06
16543,10163,Pre,53,2026-03-12
16544,10163,Post,52,2026-04-09
16545,10165,Pre,73,2024-09-26
16546,10165,Post,90,2024-10-11
16547,10166,Pre,58,2026-08-01
16548,10167,Pre,57,2025-01-30
16549,10167,Post,84,2025-02-13
16550,10168,Pre,56,2025-06-11
16551,10168,Post,68,2025-07-03
16552,10169,Pre,62,2025-03-02
16553,10169,Post,72,2025-03-25
16554,10170,Pre,80,2025-06-28
16555,10170,Post,95,2025-07-23
16556,10171,Pre,68,2025-07-21
16557,10171,Post,82,2025-07-27
16558,10172,Pre,42,2025-07-23
16559,10172,Post,48,2025-08-09
16560,10173,Pre,56,2026-02-10
16561,10173,Post,67,2026-02-15
16562,10174,Pre,44,2025-01-16
16563,10175,Pre,71,2026-05-23
16564,10175,Post,78,2026-06-01
16565,10176,Pre,55,2025-12-05
16566,10177,Pre,61,2025-07-07
16567,10177,Post,79,2025-08-01
16568,10178,Pre,71,2025-04-09
16569,10178,Post,79,2025-05-03
16570,10179,Pre,42,2026-08-06
16571,10180,Pre,64,2026-06-20
16572,10180,Post,84,2026-07-12
16573,10181,Pre,46,2024-12-21
16574,10181,Post,68,2025-01-17
16575,10182,Pre,65,2024-10-29
16576,10182,Post,72,2024-11-16
16577,10183,Pre,62,2025-11-04
16578,10183,Post,70,2025-11-14
16579,10184,Pre,29,2024-02-06
16580,10184,Post,33,2024-02-24
16581,10185,Pre,70,2026-05-13
16582,10185,Post,77,2026-05-31
16583,10186,Pre,65,2025-07-20
16584,10186,Post,74,2025-08-18
16585,10187,Pre,59,2024-08-28
16586,10188,Pre,52,2024-08-13
16587,10188,Post,66,2024-09-13
16588,10189,Pre,38,2025-01-04
16589,10189,Post,47,2025-01-19
16590,10190,Pre,46,2024-06-21
16591,10190,Post,43,2024-07-04
16592,10191,Pre,53,2026-03-27
16593,10191,Post,60,2026-04-23
16594,10192,Pre,36,2025-03-14
16595,10192,Post,49,2025-04-05
16596,10193,Pre,52,2025-06-06
16597,10194,Pre,58,2025-06-23
16598,10194,Post,76,2025-07-01
16599,10195,Pre,65,2024-06-13
16600,10195,Post,70,2024-06-24
16601,10196,Pre,73,2024-12-09
16602,10196,Post,89,2024-12-18
16603,10197,Pre,69,2024-07-30
16604,10197,Post,81,2024-08-24
16605,10198,Pre,53,2024-07-23
16606,10198,Post,73,2024-08-06
16607,10199,Pre,41,2026-04-14
16608,10199,Post,52,2026-05-02
16609,10200,Pre,40,2025-05-11
16610,10200,Post,63,2025-06-01
16611,10202,Pre,75,2025-04-01
16612,10202,Post,80,2025-04-12
16613,10203,Pre,45,2026-06-29
16614,10204,Pre,60,2025-01-24
16615,10204,Post,71,2025-02-19
16616,10205,Pre,31,2025-07-24
16617,10205,Post,29,2025-07-31
16618,10206,Pre,73,2024-12-15
16619,10206,Post,84,2025-01-05
16620,10207,Pre,60,2024-10-06
16621,10207,Post,74,2024-10-11
16622,10208,Pre,63,2026-02-08
16623,10208,Post,70,2026-03-06
16624,10209,Pre,64,2024-01-16
16625,10209,Post,71,2024-01-29
16626,10210,Pre,48,2026-06-05
16627,10210,Post,58,2026-06-29
16628,10211,Pre,61,2025-10-05
16629,10211,Post,78,2025-11-03
16630,10212,Pre,63,2024-12-15
16631,10212,Post,77,2025-01-09
16632,10213,Pre,61,2024-02-26
16633,10213,Post,78,2024-03-20
16634,10214,Pre,54,2024-10-23
16635,10214,Post,74,2024-11-09
16636,10215,Pre,59,2024-02-08
16637,10215,Post,66,2024-02-26
16638,10216,Pre,73,2025-08-22
16639,10217,Pre,56,2024-04-16
16640,10217,Post,72,2024-04-30
16641,10218,Pre,58,2024-08-30
16642,10218,Post,60,2024-09-09
16643,10219,Pre,54,2025-03-12
16644,10220,Pre,48,2024-02-19
16645,10221,Pre,73,2024-09-14
16646,10221,Post,84,2024-09-23
16647,10223,Pre,69,2024-12-23
16648,10224,Pre,43,2025-01-03
16649,10224,Post,57,2025-01-16
16650,10225,Pre,60,2025-11-20
16651,10225,Post,64,2025-12-15
16652,10226,Pre,69,2024-03-19
16653,10226,Post,87,2024-04-09
16654,10227,Pre,39,2025-03-11
16655,10228,Pre,34,2026-01-11
16656,10228,Post,54,2026-01-22
16657,10229,Pre,52,2025-05-18
16658,10229,Post,72,2025-05-26
16659,10230,Pre,53,2024-04-23
16660,10230,Post,66,2024-05-14
16661,10231,Pre,51,2024-11-02
16662,10232,Pre,63,2025-01-02
16663,10232,Post,77,2025-01-25
16664,10233,Pre,72,2025-01-02
16665,10233,Post,79,2025-02-01
16666,10234,Pre,47,2026-05-28
16667,10234,Post,66,2026-06-17
16668,10235,Pre,62,2025-04-23
16669,10235,Post,74,2025-05-07
16670,10236,Pre,87,2026-05-15
16671,10237,Pre,77,2024-09-04
16672,10239,Pre,70,2026-05-28
16673,10239,Post,69,2026-06-07
16674,10240,Pre,58,2024-01-24
16675,10241,Pre,46,2026-08-08
16676,10241,Post,65,2026-08-23
16677,10242,Pre,64,2024-10-09
16678,10242,Post,77,2024-10-11
16679,10243,Pre,62,2024-01-08
16680,10243,Post,75,2024-01-14
16681,10244,Pre,56,2026-01-11
16682,10244,Post,61,2026-02-05
16683,10245,Pre,34,2024-03-26
16684,10246,Pre,54,2024-02-24
16685,10246,Post,66,2024-03-17
16686,10247,Pre,51,2024-09-01
16687,10247,Post,60,2024-09-12
16688,10248,Pre,64,2024-07-06
16689,10248,Post,67,2024-08-03
16690,10249,Pre,59,2025-03-12
16691,10249,Post,70,2025-03-29
16692,10250,Pre,55,2024-07-31
16693,10250,Post,71,2024-08-26
16694,10251,Pre,73,2024-12-05
16695,10251,Post,78,2024-12-15
16696,10252,Pre,60,2024-08-03
16697,10252,Post,83,2024-08-14
16698,10253,Pre,66,2026-04-24
16699,10253,Post,69,2026-05-09
16700,10254,Pre,66,2024-02-23
16701,10255,Pre,81,2026-05-31
16702,10255,Post,91,2026-06-26
16703,10256,Pre,55,2026-02-26
16704,10256,Post,65,2026-03-11
16705,10257,Pre,64,2025-11-05
16706,10257,Post,79,2025-12-02
16707,10258,Pre,46,2024-05-28
16708,10258,Post,61,2024-06-21
16709,10259,Pre,62,2026-01-02
16710,10259,Post,71,2026-01-26
16711,10260,Pre,51,2024-06-09
16712,10260,Post,59,2024-06-14
16713,10261,Pre,50,2024-09-21
16714,10261,Post,68,2024-10-03
16715,10262,Pre,60,2025-01-31
16716,10262,Post,65,2025-02-27
16717,10263,Pre,54,2026-05-25
16718,10263,Post,66,2026-06-05
16719,10264,Pre,57,2024-11-13
16720,10264,Post,64,2024-12-09
16721,10266,Pre,35,2025-03-14
16722,10266,Post,38,2025-04-03
16723,10267,Pre,49,2025-10-23
16724,10267,Post,52,2025-10-31
16725,10268,Pre,61,2024-09-22
16726,10268,Post,72,2024-10-18
16727,10269,Pre,71,2024-07-11
16728,10269,Post,85,2024-08-01
16729,10270,Pre,60,2024-11-03
16730,10270,Post,65,2024-11-22
16731,10271,Pre,68,2024-11-29
16732,10271,Post,89,2024-12-26
16733,10272,Pre,54,2024-11-25
16734,10272,Post,58,2024-12-05
16735,10273,Pre,58,2024-12-29
16736,10273,Post,62,2025-01-13
16737,10274,Pre,85,2026-05-16
16738,10275,Pre,70,2025-09-24
16739,10275,Post,81,2025-10-13
16740,10276,Pre,68,2025-03-14
16741,10276,Post,74,2025-04-01
16742,10277,Pre,39,2024-02-29
16743,10277,Post,54,2024-03-31
16744,10278,Pre,50,2024-05-10
16745,10278,Post,65,2024-05-25
16746,10279,Pre,82,2026-08-13
16747,10279,Post,94,2026-09-03
16748,10280,Pre,50,2024-08-03
16749,10280,Post,65,2024-08-30
16750,10281,Pre,69,2024-03-16
16751,10281,Post,75,2024-04-14
16752,10282,Pre,34,2026-03-22
16753,10282,Post,44,2026-04-20
16754,10283,Pre,77,2026-02-11
16755,10284,Pre,65,2025-06-23
16756,10284,Post,73,2025-07-03
16757,10286,Pre,68,2025-01-05
16758,10286,Post,82,2025-01-20
16759,10287,Pre,73,2026-05-27
16760,10287,Post,90,2026-06-12
16761,10288,Pre,50,2026-02-12
16762,10288,Post,57,2026-02-20
16763,10289,Pre,70,2024-07-19
16764,10289,Post,85,2024-08-05
16765,10290,Pre,66,2026-05-20
16766,10290,Post,80,2026-06-18
16767,10291,Pre,72,2026-01-11
16768,10291,Post,76,2026-01-31
16769,10293,Pre,57,2025-01-01
16770,10293,Post,60,2025-01-15
16771,10294,Pre,49,2024-01-18
16772,10294,Post,65,2024-02-10
16773,10295,Pre,55,2026-03-31
16774,10295,Post,75,2026-04-08
16775,10296,Pre,56,2024-04-15
16776,10296,Post,62,2024-05-03
16777,10297,Pre,65,2025-01-07
16778,10297,Post,79,2025-01-17
16779,10298,Pre,41,2025-09-02
16780,10298,Post,38,2025-09-13
16781,10299,Pre,54,2024-12-29
16782,10300,Pre,53,2024-05-09
16783,10301,Pre,88,2025-10-04
16784,10301,Post,97,2025-11-03
16785,10302,Pre,38,2024-10-29
16786,10302,Post,48,2024-11-14
16787,10303,Pre,66,2024-12-10
16788,10303,Post,66,2024-12-22
16789,10304,Pre,64,2025-09-24
16790,10304,Post,78,2025-10-21
16791,10305,Pre,39,2025-07-17
16792,10305,Post,43,2025-07-23
16793,10306,Pre,59,2024-03-21
16794,10306,Post,72,2024-04-15
16795,10307,Pre,68,2024-04-12
16796,10307,Post,82,2024-05-03
16797,10308,Pre,42,2024-07-19
16798,10309,Pre,41,2024-07-13
16799,10309,Post,51,2024-08-13
16800,10310,Pre,72,2025-11-27
16801,10310,Post,80,2025-12-07
16802,10311,Pre,69,2026-01-23
16803,10311,Post,83,2026-02-03
16804,10312,Pre,59,2026-06-18
16805,10313,Pre,77,2025-04-10
16806,10313,Post,97,2025-04-24
16807,10314,Pre,38,2024-12-28
16808,10314,Post,53,2025-01-10
16809,10315,Pre,56,2025-07-26
16810,10316,Pre,44,2024-06-14
16811,10316,Post,62,2024-06-19
16812,10317,Pre,44,2024-08-08
16813,10317,Post,59,2024-08-29
16814,10318,Pre,53,2025-08-20
16815,10318,Post,64,2025-09-11
16816,10319,Pre,58,2025-06-30
16817,10319,Post,73,2025-07-26
16818,10320,Pre,53,2025-01-17
16819,10320,Post,75,2025-02-13
16820,10321,Pre,57,2025-08-05
16821,10322,Pre,69,2025-08-02
16822,10322,Post,81,2025-08-22
16823,10323,Pre,45,2025-08-06
16824,10324,Pre,50,2025-10-04
16825,10324,Post,57,2025-10-23
16826,10325,Pre,74,2025-11-29
16827,10325,Post,76,2025-12-18
16828,10326,Pre,42,2025-11-06
16829,10326,Post,53,2025-12-10
16830,10327,Pre,43,2024-05-25
16831,10327,Post,58,2024-06-11
16832,10328,Pre,45,2026-05-18
16833,10329,Pre,63,2026-07-16
16834,10329,Post,76,2026-08-06
16835,10330,Pre,64,2024-07-26
16836,10330,Post,73,2024-08-15
16837,10331,Pre,61,2026-03-04
16838,10332,Pre,61,2025-03-20
16839,10332,Post,74,2025-04-19
16840,10333,Pre,29,2025-01-12
16841,10334,Pre,60,2024-08-05
16842,10334,Post,70,2024-08-24
16843,10335,Pre,59,2024-03-01
16844,10335,Post,75,2024-03-25
16845,10336,Pre,29,2026-05-18
16846,10337,Pre,70,2024-09-16
16847,10338,Pre,58,2026-08-15
16848,10338,Post,67,2026-09-01
16849,10339,Pre,55,2026-02-06
16850,10339,Post,73,2026-02-12
16851,10340,Pre,44,2025-05-22
16852,10340,Post,54,2025-05-29
16853,10342,Pre,69,2024-12-04
16854,10342,Post,89,2024-12-11
16855,10344,Pre,75,2025-01-27
16856,10344,Post,86,2025-02-20
16857,10345,Pre,38,2026-06-07
16858,10345,Post,47,2026-06-16
16859,10346,Pre,39,2024-07-11
16860,10346,Post,44,2024-07-31
16861,10347,Pre,77,2024-06-20
16862,10349,Pre,62,2025-03-10
16863,10349,Post,74,2025-04-07
16864,10350,Pre,72,2026-07-05
16865,10350,Post,80,2026-07-29
16866,10351,Pre,46,2024-02-18
16867,10351,Post,49,2024-03-18
16868,10352,Pre,54,2025-09-25
16869,10352,Post,68,2025-10-11
16870,10353,Pre,54,2024-11-05
16871,10354,Pre,46,2026-03-17
16872,10354,Post,61,2026-04-03
16873,10355,Pre,51,2025-12-21
16874,10355,Post,65,2026-01-04
16875,10356,Pre,45,2026-01-02
16876,10356,Post,49,2026-01-26
16877,10357,Pre,71,2024-08-12
16878,10358,Pre,63,2024-07-06
16879,10358,Post,75,2024-07-27
16880,10359,Pre,49,2024-11-23
16881,10359,Post,52,2024-12-20
16882,10360,Pre,61,2026-01-27
16883,10362,Pre,57,2024-10-23
16884,10362,Post,75,2024-10-29
16885,10363,Pre,52,2025-04-09
16886,10363,Post,61,2025-05-01
16887,10364,Pre,59,2025-11-19
16888,10364,Post,83,2025-12-13
16889,10366,Pre,67,2024-12-11
16890,10368,Pre,45,2024-06-30
16891,10368,Post,52,2024-07-07
16892,10369,Pre,69,2024-04-14
16893,10369,Post,86,2024-04-28
16894,10370,Pre,46,2025-01-28
16895,10370,Post,55,2025-02-08
16896,10371,Pre,41,2026-02-24
16897,10371,Post,57,2026-03-21
16898,10372,Pre,50,2024-06-14
16899,10372,Post,65,2024-07-12
16900,10373,Pre,64,2025-12-23
16901,10373,Post,80,2026-01-09
16902,10375,Pre,39,2024-11-21
16903,10375,Post,52,2024-11-28
16904,10376,Pre,64,2024-08-06
16905,10376,Post,78,2024-08-27
16906,10377,Pre,44,2026-05-15
16907,10377,Post,60,2026-05-27
16908,10378,Pre,61,2025-04-30
16909,10378,Post,76,2025-05-16
16910,10379,Pre,66,2025-10-24
16911,10379,Post,65,2025-11-22
16912,10380,Pre,56,2025-07-17
16913,10380,Post,67,2025-08-12
16914,10381,Pre,75,2024-03-29
16915,10381,Post,85,2024-04-07
16916,10382,Pre,61,2024-08-23
16917,10382,Post,79,2024-09-02
16918,10383,Pre,48,2026-06-08
16919,10383,Post,70,2026-06-28
16920,10384,Pre,38,2025-03-01
16921,10384,Post,38,2025-03-27
16922,10385,Pre,67,2024-03-09
16923,10385,Post,76,2024-03-18
16924,10386,Pre,52,2024-12-31
16925,10386,Post,62,2025-01-15
16926,10388,Pre,63,2024-11-04
16927,10388,Post,76,2024-11-23
16928,10389,Pre,48,2024-03-29
16929,10389,Post,60,2024-04-08
16930,10390,Pre,61,2026-05-03
16931,10390,Post,78,2026-05-13
16932,10391,Pre,56,2024-11-14
16933,10391,Post,64,2024-11-19
16934,10392,Pre,43,2026-04-20
16935,10392,Post,71,2026-05-08
16936,10393,Pre,71,2025-12-27
16937,10393,Post,90,2026-01-17
16938,10394,Pre,62,2024-11-09
16939,10394,Post,84,2024-12-09
16940,10396,Pre,62,2025-06-11
16941,10397,Pre,59,2026-06-21
16942,10397,Post,79,2026-07-05
16943,10398,Pre,65,2025-11-06
16944,10398,Post,72,2025-11-16
16945,10399,Pre,44,2025-04-02
16946,10400,Pre,53,2024-09-18
16947,10400,Post,78,2024-10-09
16948,10401,Pre,63,2025-04-12
16949,10401,Post,72,2025-04-21
16950,10402,Pre,47,2024-06-29
16951,10402,Post,56,2024-07-26
16952,10403,Pre,70,2025-11-30
16953,10403,Post,89,2025-12-06
16954,10404,Pre,61,2024-03-31
16955,10404,Post,75,2024-04-26
16956,10405,Pre,53,2025-10-18
16957,10405,Post,74,2025-11-01
16958,10408,Pre,53,2024-04-19
16959,10408,Post,60,2024-04-28
16960,10409,Pre,63,2024-07-13
16961,10409,Post,76,2024-08-05
16962,10410,Pre,76,2026-06-05
16963,10410,Post,89,2026-06-22
16964,10411,Pre,48,2025-09-11
16965,10411,Post,51,2025-09-21
16966,10412,Pre,60,2026-08-14
16967,10412,Post,60,2026-08-30
16968,10413,Pre,85,2024-03-16
16969,10413,Post,92,2024-04-03
16970,10414,Pre,40,2025-12-01
16971,10414,Post,49,2025-12-12
16972,10415,Pre,59,2025-03-04
16973,10415,Post,66,2025-04-02
16974,10416,Pre,67,2025-03-19
16975,10416,Post,89,2025-04-02
16976,10417,Pre,49,2026-05-26
16977,10418,Pre,80,2025-02-22
16978,10418,Post,86,2025-02-26
16979,10419,Pre,47,2025-12-08
16980,10419,Post,57,2025-12-21
16981,10420,Pre,45,2026-03-04
16982,10420,Post,61,2026-04-02
16983,10421,Pre,56,2024-05-18
16984,10422,Pre,47,2024-06-24
16985,10422,Post,65,2024-07-12
16986,10423,Pre,57,2024-05-03
16987,10423,Post,66,2024-05-21
16988,10424,Pre,47,2025-09-09
16989,10424,Post,68,2025-09-18
16990,10425,Pre,72,2024-05-02
16991,10425,Post,87,2024-05-19
16992,10427,Pre,53,2024-08-01
16993,10427,Post,70,2024-08-27
16994,10428,Pre,66,2025-12-08
16995,10428,Post,71,2025-12-13
16996,10429,Pre,46,2026-06-20
16997,10429,Post,50,2026-06-29
16998,10430,Pre,57,2025-08-02
16999,10430,Post,67,2025-08-18
17000,10431,Pre,56,2024-03-27
17001,10432,Pre,64,2025-01-26
17002,10432,Post,70,2025-02-08
17003,10433,Pre,62,2026-06-20
17004,10433,Post,69,2026-07-25
17005,10434,Pre,60,2025-04-07
17006,10434,Post,73,2025-04-10
17007,10435,Pre,53,2024-12-09
17008,10436,Pre,51,2024-01-16
17009,10436,Post,60,2024-02-11
17010,10437,Pre,32,2024-10-19
17011,10438,Pre,66,2026-05-07
17012,10439,Pre,36,2024-03-13
17013,10439,Post,49,2024-03-22
17014,10440,Pre,55,2024-01-26
17015,10441,Pre,83,2024-08-27
17016,10442,Pre,68,2025-01-06
17017,10442,Post,76,2025-01-23
17018,10443,Pre,55,2024-04-09
17019,10443,Post,69,2024-04-15
17020,10444,Pre,68,2024-02-06
17021,10444,Post,74,2024-02-15
17022,10445,Pre,52,2024-07-28
17023,10445,Post,68,2024-08-28
17024,10446,Pre,80,2024-08-17
17025,10446,Post,100,2024-09-11
17026,10447,Pre,66,2024-04-18
17027,10447,Post,73,2024-05-01
17028,10448,Pre,54,2025-09-26
17029,10448,Post,70,2025-10-28
17030,10449,Pre,58,2026-03-25
17031,10449,Post,65,2026-04-19
17032,10450,Pre,64,2025-03-25
17033,10450,Post,66,2025-04-13
17034,10451,Pre,66,2025-06-30
17035,10452,Pre,61,2025-10-12
17036,10452,Post,75,2025-10-26
17037,10453,Pre,64,2026-02-27
17038,10453,Post,68,2026-04-02
17039,10454,Pre,62,2024-12-02
17040,10454,Post,72,2024-12-15
17041,10455,Pre,47,2025-06-05
17042,10455,Post,60,2025-06-25
17043,10456,Pre,66,2026-07-08
17044,10456,Post,76,2026-07-16
17045,10457,Pre,53,2024-11-12
17046,10457,Post,55,2024-12-04
17047,10458,Pre,33,2025-08-02
17048,10458,Post,59,2025-08-11
17049,10459,Pre,63,2025-03-25
17050,10459,Post,69,2025-04-03
17051,10460,Pre,53,2024-03-22
17052,10460,Post,65,2024-03-26
17053,10461,Pre,53,2024-10-05
17054,10461,Post,72,2024-10-31
17055,10462,Pre,45,2024-10-23
17056,10463,Pre,41,2024-04-28
17057,10464,Pre,65,2025-10-10
17058,10464,Post,82,2025-10-29
17059,10465,Pre,76,2024-01-22
17060,10465,Post,79,2024-01-24
17061,10466,Pre,51,2024-10-13
17062,10466,Post,62,2024-10-30
17063,10467,Pre,78,2024-10-16
17064,10467,Post,83,2024-10-23
17065,10468,Pre,37,2026-05-10
17066,10468,Post,60,2026-06-07
17067,10469,Pre,45,2024-01-07
17068,10469,Post,47,2024-01-25
17069,10470,Pre,69,2025-10-27
17070,10470,Post,65,2025-11-01
17071,10471,Pre,56,2024-03-29
17072,10471,Post,69,2024-04-24
17073,10472,Pre,46,2025-02-22
17074,10473,Pre,41,2025-06-16
17075,10474,Pre,65,2026-06-03
17076,10474,Post,69,2026-06-28
17077,10475,Pre,43,2024-05-15
17078,10475,Post,54,2024-05-22
17079,10476,Pre,62,2026-07-10
17080,10477,Pre,40,2024-10-28
17081,10477,Post,55,2024-11-09
17082,10478,Pre,45,2024-06-11
17083,10478,Post,51,2024-07-08
17084,10479,Pre,67,2024-05-05
17085,10479,Post,76,2024-05-14
17086,10480,Pre,46,2026-03-26
17087,10480,Post,62,2026-04-13
17088,10481,Pre,47,2025-03-17
17089,10481,Post,60,2025-04-09
17090,10482,Pre,66,2026-03-29
17091,10482,Post,87,2026-04-15
17092,10483,Pre,62,2026-01-01
17093,10483,Post,71,2026-01-25
17094,10484,Pre,53,2024-04-18
17095,10485,Pre,57,2025-09-26
17096,10485,Post,67,2025-10-05
17097,10486,Pre,37,2024-07-01
17098,10487,Pre,52,2024-12-12
17099,10487,Post,62,2025-01-12
17100,10488,Pre,73,2024-05-03
17101,10490,Pre,67,2024-04-06
17102,10490,Post,83,2024-04-09
17103,10491,Pre,72,2026-02-02
17104,10491,Post,77,2026-02-24
17105,10492,Pre,73,2025-02-10
17106,10492,Post,77,2025-03-04
17107,10493,Pre,59,2026-03-14
17108,10493,Post,73,2026-03-21
17109,10494,Pre,51,2024-05-23
17110,10494,Post,63,2024-06-12
17111,10495,Pre,51,2024-03-24
17112,10495,Post,72,2024-04-12
17113,10496,Pre,53,2025-04-08
17114,10496,Post,77,2025-05-03
17115,10498,Pre,56,2026-06-10
17116,10498,Post,63,2026-07-07
17117,10499,Pre,86,2024-04-01
17118,10499,Post,93,2024-04-26
17119,10500,Pre,60,2025-06-28
17120,10500,Post,66,2025-07-18
17121,10501,Pre,62,2026-02-04
17122,10501,Post,69,2026-02-08
17123,10502,Pre,53,2026-02-20
17124,10504,Pre,56,2025-06-13
17125,10504,Post,71,2025-06-22
17126,10505,Pre,63,2024-03-21
17127,10505,Post,69,2024-04-16
17128,10507,Pre,70,2026-01-25
17129,10507,Post,78,2026-02-08
17130,10508,Pre,37,2025-01-25
17131,10508,Post,56,2025-02-17
17132,10509,Pre,70,2024-05-30
17133,10510,Pre,43,2024-11-03
17134,10510,Post,51,2024-12-01
17135,10511,Pre,71,2026-08-10
17136,10511,Post,83,2026-08-31
17137,10512,Pre,69,2026-01-17
17138,10512,Post,78,2026-01-29
17139,10513,Pre,54,2024-03-03
17140,10513,Post,78,2024-03-28
17141,10514,Pre,71,2024-03-29
17142,10514,Post,89,2024-04-09
17143,10515,Pre,47,2026-03-05
17144,10515,Post,70,2026-03-23
17145,10516,Pre,48,2025-01-31
17146,10516,Post,66,2025-02-07
17147,10517,Pre,66,2025-02-15
17148,10517,Post,72,2025-03-01
17149,10518,Pre,44,2026-03-26
17150,10518,Post,53,2026-04-20
17151,10520,Pre,74,2025-05-15
17152,10520,Post,80,2025-05-29
17153,10521,Pre,55,2026-05-03
17154,10522,Pre,72,2025-02-02
17155,10522,Post,81,2025-03-03
17156,10523,Pre,61,2024-10-14
17157,10523,Post,79,2024-10-29
17158,10524,Pre,52,2025-03-26
17159,10524,Post,57,2025-04-09
17160,10525,Pre,67,2024-06-24
17161,10525,Post,82,2024-07-08
17162,10526,Pre,55,2026-05-23
17163,10526,Post,72,2026-06-08
17164,10527,Pre,80,2025-08-19
17165,10527,Post,93,2025-08-25
17166,10528,Pre,63,2024-10-06
17167,10528,Post,88,2024-10-21
17168,10529,Pre,82,2026-01-23
17169,10529,Post,89,2026-02-08
17170,10530,Pre,59,2024-01-30
17171,10530,Post,67,2024-02-02
17172,10532,Pre,71,2024-09-05
17173,10533,Pre,50,2025-07-12
17174,10534,Pre,57,2024-08-08
17175,10535,Pre,39,2026-01-14
17176,10535,Post,40,2026-02-09
17177,10536,Pre,58,2026-04-03
17178,10536,Post,77,2026-04-12
17179,10537,Pre,64,2025-01-09
17180,10537,Post,74,2025-01-13
17181,10538,Pre,55,2024-06-11
17182,10539,Pre,62,2024-12-20
17183,10539,Post,80,2025-01-16
17184,10540,Pre,58,2025-03-14
17185,10540,Post,77,2025-04-05
17186,10541,Pre,47,2024-12-09
17187,10541,Post,49,2025-01-08
17188,10542,Pre,54,2024-03-26
17189,10543,Pre,75,2025-05-21
17190,10543,Post,88,2025-06-12
17191,10544,Pre,42,2025-12-10
17192,10544,Post,53,2025-12-31
17193,10545,Pre,48,2026-02-22
17194,10545,Post,60,2026-03-10
17195,10546,Pre,59,2026-04-07
17196,10546,Post,58,2026-04-25
17197,10547,Pre,71,2026-06-11
17198,10547,Post,71,2026-06-28
17199,10548,Pre,46,2024-12-23
17200,10548,Post,50,2025-01-18
17201,10549,Pre,56,2026-06-17
17202,10549,Post,71,2026-07-04
17203,10550,Pre,59,2026-03-28
17204,10550,Post,66,2026-04-24
17205,10551,Pre,72,2026-05-10
17206,10551,Post,79,2026-05-17
17207,10552,Pre,58,2026-02-17
17208,10552,Post,76,2026-03-13
17209,10553,Pre,74,2024-07-14
17210,10555,Pre,53,2026-06-14
17211,10555,Post,56,2026-07-03
17212,10556,Pre,47,2024-05-13
17213,10557,Pre,69,2024-01-04
17214,10557,Post,82,2024-01-17
17215,10558,Pre,41,2025-07-11
17216,10558,Post,46,2025-07-19
17217,10559,Pre,54,2024-10-14
17218,10559,Post,62,2024-10-24
17219,10560,Pre,60,2026-06-14
17220,10560,Post,70,2026-07-03
17221,10561,Pre,37,2026-07-30
17222,10562,Pre,58,2024-01-17
17223,10562,Post,72,2024-02-01
17224,10563,Pre,47,2025-03-19
17225,10563,Post,56,2025-03-21
17226,10564,Pre,84,2025-04-05
17227,10564,Post,83,2025-04-11
17228,10565,Pre,65,2026-03-31
17229,10565,Post,73,2026-04-25
17230,10566,Pre,48,2024-05-26
17231,10566,Post,61,2024-06-14
17232,10567,Pre,49,2024-01-08
17233,10567,Post,50,2024-01-19
17234,10568,Pre,41,2024-03-10
17235,10569,Pre,64,2024-04-24
17236,10569,Post,80,2024-05-04
17237,10570,Pre,64,2026-06-21
17238,10570,Post,73,2026-07-20
17239,10571,Pre,55,2024-05-16
17240,10571,Post,75,2024-06-10
17241,10572,Pre,68,2024-07-17
17242,10572,Post,80,2024-08-04
17243,10573,Pre,41,2026-06-25
17244,10573,Post,49,2026-07-19
17245,10574,Pre,55,2025-09-04
17246,10574,Post,69,2025-09-30
17247,10575,Pre,68,2026-08-13
17248,10575,Post,85,2026-08-23
17249,10576,Pre,63,2024-04-11
17250,10576,Post,70,2024-04-23
17251,10577,Pre,43,2025-09-20
17252,10577,Post,51,2025-10-10
17253,10578,Pre,62,2025-11-18
17254,10578,Post,67,2025-11-27
17255,10580,Pre,47,2026-04-22
17256,10580,Post,66,2026-05-08
17257,10582,Pre,50,2024-02-11
17258,10582,Post,57,2024-02-18
17259,10583,Pre,57,2026-04-22
17260,10583,Post,70,2026-05-15
17261,10584,Pre,58,2026-06-08
17262,10585,Pre,72,2025-06-29
17263,10585,Post,79,2025-07-14
17264,10586,Pre,64,2025-08-28
17265,10586,Post,82,2025-09-01
17266,10587,Pre,52,2025-08-10
17267,10587,Post,65,2025-09-04
17268,10588,Pre,62,2024-03-04
17269,10588,Post,69,2024-03-17
17270,10589,Pre,60,2024-11-01
17271,10590,Pre,47,2024-10-10
17272,10591,Pre,64,2025-07-04
17273,10592,Pre,53,2026-06-27
17274,10593,Pre,76,2026-08-09
17275,10593,Post,76,2026-08-24
17276,10594,Pre,75,2024-06-30
17277,10594,Post,95,2024-07-23
17278,10595,Pre,62,2024-07-19
17279,10596,Pre,67,2026-02-09
17280,10596,Post,69,2026-02-27
17281,10597,Pre,59,2026-07-26
17282,10597,Post,69,2026-08-02
17283,10598,Pre,48,2024-01-12
17284,10598,Post,62,2024-01-28
17285,10599,Pre,61,2025-02-10
17286,10599,Post,71,2025-02-25
17287,10600,Pre,59,2026-02-18
17288,10600,Post,73,2026-02-22
17289,10601,Pre,55,2024-02-13
17290,10602,Pre,49,2025-09-07
17291,10602,Post,63,2025-09-25
17292,10603,Pre,47,2026-04-01
17293,10603,Post,66,2026-04-11
17294,10604,Pre,40,2025-04-28
17295,10604,Post,52,2025-05-06
17296,10605,Pre,48,2025-12-12
17297,10607,Pre,56,2026-04-19
17298,10607,Post,61,2026-05-20
17299,10608,Pre,46,2024-10-12
17300,10608,Post,44,2024-10-27
17301,10609,Pre,88,2025-09-03
17302,10609,Post,92,2025-09-11
17303,10610,Pre,47,2024-08-08
17304,10610,Post,72,2024-08-26
17305,10611,Pre,61,2024-06-15
17306,10611,Post,73,2024-07-13
17307,10613,Pre,64,2024-02-04
17308,10613,Post,71,2024-02-09
17309,10614,Pre,37,2026-07-26
17310,10615,Pre,57,2025-01-17
17311,10615,Post,64,2025-02-17
17312,10616,Pre,65,2024-10-31
17313,10616,Post,62,2024-11-19
17314,10617,Pre,54,2026-05-03
17315,10618,Pre,69,2026-07-18
17316,10618,Post,87,2026-08-08
17317,10619,Pre,47,2025-01-16
17318,10619,Post,59,2025-02-16
17319,10620,Pre,62,2024-07-10
17320,10620,Post,70,2024-07-15
17321,10621,Pre,48,2025-08-04
17322,10621,Post,54,2025-08-26
17323,10622,Pre,46,2024-01-23
17324,10622,Post,62,2024-02-09
17325,10623,Pre,48,2024-08-20
17326,10623,Post,59,2024-09-21
17327,10624,Pre,55,2024-01-30
17328,10625,Pre,39,2024-01-05
17329,10625,Post,41,2024-01-16
17330,10626,Pre,67,2024-10-12
17331,10626,Post,76,2024-11-02
17332,10627,Pre,53,2024-05-24
17333,10627,Post,62,2024-06-12
17334,10628,Pre,53,2026-07-27
17335,10628,Post,58,2026-08-13
17336,10630,Pre,65,2024-11-28
17337,10630,Post,68,2024-12-05
17338,10631,Pre,48,2026-02-19
17339,10631,Post,54,2026-03-10
17340,10632,Pre,47,2025-07-29
17341,10632,Post,57,2025-08-19
17342,10633,Pre,49,2025-05-13
17343,10633,Post,57,2025-06-03
17344,10634,Pre,74,2024-10-19
17345,10634,Post,76,2024-11-04
17346,10635,Pre,49,2026-02-06
17347,10635,Post,54,2026-02-24
17348,10636,Pre,55,2025-01-10
17349,10636,Post,69,2025-02-08
17350,10637,Pre,73,2024-05-20
17351,10637,Post,91,2024-06-08
17352,10638,Pre,49,2025-11-28
17353,10638,Post,54,2025-12-22
17354,10639,Pre,64,2025-01-06
17355,10639,Post,77,2025-01-23
17356,10640,Pre,66,2025-06-17
17357,10640,Post,86,2025-07-05
17358,10641,Pre,72,2025-07-17
17359,10641,Post,87,2025-08-12
17360,10642,Pre,60,2025-10-04
17361,10642,Post,76,2025-10-20
17362,10643,Pre,53,2025-11-12
17363,10643,Post,51,2025-11-23
17364,10644,Pre,67,2026-03-07
17365,10644,Post,83,2026-03-23
17366,10645,Pre,50,2024-01-19
17367,10645,Post,67,2024-02-09
17368,10647,Pre,44,2025-05-24
17369,10647,Post,49,2025-06-18
17370,10648,Pre,51,2024-02-26
17371,10649,Pre,64,2026-03-24
17372,10649,Post,73,2026-04-10
17373,10650,Pre,68,2026-03-12
17374,10650,Post,69,2026-03-23
17375,10651,Pre,57,2025-12-03
17376,10651,Post,78,2025-12-30
17377,10652,Pre,46,2025-04-26
17378,10652,Post,64,2025-05-10
17379,10653,Pre,72,2026-04-22
17380,10653,Post,76,2026-05-10
17381,10654,Pre,87,2024-12-04
17382,10654,Post,97,2025-01-04
17383,10655,Pre,53,2026-03-01
17384,10655,Post,71,2026-03-14
17385,10656,Pre,63,2024-10-27
17386,10657,Pre,57,2025-12-30
17387,10657,Post,67,2026-01-25
17388,10658,Pre,55,2026-05-11
17389,10658,Post,59,2026-05-16
17390,10659,Pre,68,2026-01-19
17391,10659,Post,64,2026-02-11
17392,10661,Pre,56,2025-02-23
17393,10662,Pre,54,2025-05-21
17394,10662,Post,66,2025-06-20
17395,10663,Pre,52,2024-08-30
17396,10663,Post,53,2024-09-20
17397,10664,Pre,52,2026-07-07
17398,10665,Pre,72,2026-06-06
17399,10665,Post,88,2026-06-22
17400,10666,Pre,45,2024-05-16
17401,10666,Post,60,2024-06-05
17402,10667,Pre,56,2024-12-08
17403,10667,Post,57,2024-12-31
17404,10668,Pre,55,2025-01-04
17405,10668,Post,67,2025-01-27
17406,10669,Pre,45,2026-08-13
17407,10669,Post,46,2026-08-25
17408,10670,Pre,49,2024-09-01
17409,10670,Post,64,2024-09-10
17410,10671,Pre,60,2025-04-19
17411,10671,Post,70,2025-04-27
17412,10672,Pre,50,2025-05-27
17413,10672,Post,66,2025-06-05
17414,10673,Pre,60,2025-09-07
17415,10673,Post,68,2025-09-15
17416,10674,Pre,63,2025-06-30
17417,10674,Post,75,2025-07-29
17418,10675,Pre,81,2024-12-06
17419,10675,Post,88,2025-01-03
17420,10676,Pre,57,2025-12-04
17421,10676,Post,82,2025-12-14
17422,10677,Pre,60,2026-06-23
17423,10677,Post,63,2026-07-11
17424,10679,Pre,63,2025-10-11
17425,10679,Post,80,2025-10-29
17426,10680,Pre,63,2024-09-25
17427,10680,Post,64,2024-10-09
17428,10681,Pre,58,2025-10-18
17429,10681,Post,63,2025-10-30
17430,10682,Pre,60,2026-04-12
17431,10683,Pre,54,2026-03-11
17432,10683,Post,68,2026-03-27
17433,10684,Pre,59,2024-12-08
17434,10684,Post,84,2024-12-28
17435,10685,Pre,70,2024-07-13
17436,10685,Post,81,2024-08-04
17437,10686,Pre,54,2024-11-02
17438,10686,Post,62,2024-11-27
17439,10687,Pre,70,2025-07-31
17440,10687,Post,80,2025-08-24
17441,10688,Pre,58,2024-03-03
17442,10688,Post,68,2024-03-09
17443,10689,Pre,42,2025-06-21
17444,10689,Post,60,2025-06-28
17445,10690,Pre,58,2026-08-02
17446,10691,Pre,45,2024-12-05
17447,10691,Post,65,2024-12-26
17448,10692,Pre,49,2025-07-20
17449,10692,Post,66,2025-07-31
17450,10693,Pre,39,2025-02-02
17451,10694,Pre,73,2024-05-25
17452,10695,Pre,58,2024-05-23
17453,10695,Post,60,2024-05-29
17454,10696,Pre,40,2025-04-14
17455,10696,Post,45,2025-04-23
17456,10697,Pre,59,2024-02-15
17457,10697,Post,73,2024-02-20
17458,10698,Pre,51,2024-05-21
17459,10698,Post,74,2024-06-22
17460,10700,Pre,64,2024-12-28
17461,10700,Post,70,2025-01-15
17462,10701,Pre,43,2024-11-28
17463,10701,Post,62,2024-12-06
17464,10702,Pre,72,2024-12-05
17465,10702,Post,73,2024-12-17
17466,10703,Pre,48,2026-02-23
17467,10703,Post,55,2026-03-15
17468,10704,Pre,56,2024-03-20
17469,10704,Post,58,2024-04-17
17470,10706,Pre,53,2024-09-04
17471,10706,Post,71,2024-09-24
17472,10707,Pre,55,2024-09-02
17473,10707,Post,63,2024-09-23
17474,10708,Pre,57,2025-06-28
17475,10708,Post,64,2025-07-12
17476,10709,Pre,54,2026-03-06
17477,10709,Post,75,2026-04-08
17478,10710,Pre,38,2024-08-25
17479,10710,Post,68,2024-09-21
17480,10711,Pre,39,2024-09-20
17481,10711,Post,50,2024-10-18
17482,10712,Pre,63,2025-05-07
17483,10712,Post,66,2025-06-01
17484,10713,Pre,61,2025-07-04
17485,10713,Post,69,2025-07-26
17486,10715,Pre,46,2025-03-05
17487,10715,Post,55,2025-03-11
17488,10716,Pre,54,2026-07-22
17489,10716,Post,61,2026-08-20
17490,10718,Pre,76,2025-05-28
17491,10718,Post,85,2025-06-05
17492,10719,Pre,55,2025-12-06
17493,10719,Post,55,2025-12-26
17494,10720,Pre,70,2024-04-23
17495,10720,Post,85,2024-05-27
17496,10721,Pre,52,2024-01-22
17497,10721,Post,52,2024-02-10
17498,10723,Pre,50,2026-01-06
17499,10723,Post,66,2026-02-01
17500,10724,Pre,59,2024-11-03
17501,10724,Post,69,2024-11-30
17502,10725,Pre,61,2026-01-23
17503,10727,Pre,63,2026-05-09
17504,10727,Post,71,2026-06-13
17505,10728,Pre,59,2025-03-01
17506,10729,Pre,44,2024-04-29
17507,10729,Post,48,2024-05-07
17508,10730,Pre,68,2026-04-03
17509,10730,Post,83,2026-04-28
17510,10731,Pre,68,2026-06-26
17511,10731,Post,84,2026-07-10
17512,10732,Pre,56,2024-10-20
17513,10732,Post,64,2024-10-30
17514,10733,Pre,65,2024-01-13
17515,10734,Pre,78,2024-12-20
17516,10734,Post,95,2025-01-12
17517,10735,Pre,67,2024-05-18
17518,10735,Post,76,2024-06-13
17519,10736,Pre,61,2025-04-29
17520,10736,Post,65,2025-05-10
17521,10737,Pre,61,2025-09-12
17522,10737,Post,70,2025-09-26
17523,10738,Pre,55,2024-01-07
17524,10738,Post,63,2024-02-03
17525,10740,Pre,48,2025-07-14
17526,10740,Post,49,2025-07-23
17527,10741,Pre,66,2026-08-14
17528,10742,Pre,39,2024-11-10
17529,10742,Post,55,2024-11-30
17530,10743,Pre,68,2025-10-01
17531,10744,Pre,60,2024-01-03
17532,10745,Pre,36,2025-07-30
17533,10746,Pre,59,2024-09-30
17534,10746,Post,62,2024-10-26
17535,10747,Pre,54,2025-02-27
17536,10747,Post,69,2025-03-24
17537,10748,Pre,72,2024-06-25
17538,10748,Post,76,2024-07-03
17539,10751,Pre,61,2024-05-23
17540,10751,Post,75,2024-05-29
17541,10752,Pre,62,2026-02-06
17542,10752,Post,75,2026-03-02
17543,10753,Pre,64,2026-01-05
17544,10753,Post,86,2026-02-05
17545,10754,Pre,57,2025-06-25
17546,10754,Post,63,2025-07-13
17547,10755,Pre,68,2025-04-02
17548,10755,Post,79,2025-04-10
17549,10756,Pre,49,2025-04-26
17550,10757,Pre,48,2025-04-21
17551,10758,Pre,66,2026-01-08
17552,10758,Post,72,2026-01-14
17553,10759,Pre,59,2025-08-04
17554,10759,Post,71,2025-08-20
17555,10760,Pre,75,2026-01-23
17556,10760,Post,86,2026-02-13
17557,10761,Pre,66,2025-01-08
17558,10761,Post,69,2025-01-27
17559,10763,Pre,71,2024-01-21
17560,10763,Post,83,2024-02-11
17561,10764,Pre,58,2024-11-08
17562,10766,Pre,61,2025-04-19
17563,10767,Pre,43,2025-12-08
17564,10767,Post,69,2025-12-27
17565,10768,Pre,47,2024-10-08
17566,10769,Pre,73,2025-03-13
17567,10769,Post,86,2025-03-23
17568,10770,Pre,60,2026-01-31
17569,10770,Post,67,2026-02-17
17570,10771,Pre,61,2025-01-22
17571,10771,Post,61,2025-02-20
17572,10772,Pre,52,2026-01-19
17573,10772,Post,57,2026-02-03
17574,10773,Pre,55,2024-05-02
17575,10773,Post,63,2024-05-30
17576,10774,Pre,69,2024-01-18
17577,10774,Post,96,2024-01-24
17578,10775,Pre,64,2024-08-04
17579,10776,Pre,55,2024-07-14
17580,10776,Post,63,2024-07-27
17581,10777,Pre,76,2024-01-18
17582,10778,Pre,64,2024-07-01
17583,10778,Post,68,2024-07-10
17584,10780,Pre,51,2024-08-16
17585,10780,Post,62,2024-09-01
17586,10781,Pre,40,2024-06-17
17587,10781,Post,55,2024-06-29
17588,10782,Pre,52,2026-01-07
17589,10782,Post,48,2026-01-20
17590,10783,Pre,54,2024-10-09
17591,10783,Post,67,2024-11-03
17592,10785,Pre,39,2024-02-13
17593,10785,Post,59,2024-02-18
17594,10786,Pre,69,2024-12-25
17595,10786,Post,85,2025-01-03
17596,10787,Pre,60,2024-06-15
17597,10787,Post,66,2024-06-25
17598,10788,Pre,54,2024-09-01
17599,10788,Post,62,2024-09-26
17600,10789,Pre,67,2024-11-04
17601,10789,Post,76,2024-11-30
17602,10790,Pre,46,2024-05-11
17603,10790,Post,78,2024-06-04
17604,10792,Pre,56,2025-12-17
17605,10792,Post,62,2025-12-30
17606,10793,Pre,63,2025-10-26
17607,10793,Post,73,2025-11-15
17608,10794,Pre,43,2024-12-12
17609,10794,Post,57,2024-12-19
17610,10795,Pre,50,2024-04-22
17611,10795,Post,63,2024-05-22
17612,10796,Pre,61,2025-07-18
17613,10796,Post,80,2025-07-30
17614,10797,Pre,39,2026-01-29
17615,10797,Post,58,2026-02-14
17616,10798,Pre,79,2026-08-13
17617,10798,Post,95,2026-08-18
17618,10799,Pre,63,2025-10-08
17619,10799,Post,70,2025-10-21
17620,10800,Pre,65,2026-07-16
17621,10800,Post,72,2026-07-25
17622,10801,Pre,25,2024-06-30
17623,10801,Post,28,2024-07-07
17624,10803,Pre,78,2025-04-26
17625,10804,Pre,56,2025-04-04
17626,10804,Post,64,2025-04-21
17627,10805,Pre,57,2024-02-18
17628,10805,Post,72,2024-03-01
17629,10806,Pre,37,2024-10-28
17630,10807,Pre,51,2024-03-25
17631,10807,Post,69,2024-04-15
17632,10808,Pre,69,2024-02-08
17633,10808,Post,85,2024-02-28
17634,10809,Pre,65,2025-05-07
17635,10809,Post,73,2025-05-25
17636,10810,Pre,66,2026-01-14
17637,10810,Post,80,2026-02-13
17638,10811,Pre,51,2025-03-20
17639,10811,Post,65,2025-04-05
17640,10812,Pre,76,2025-09-23
17641,10813,Pre,63,2025-01-03
17642,10813,Post,73,2025-01-11
17643,10814,Pre,61,2026-05-30
17644,10814,Post,69,2026-06-23
17645,10815,Pre,54,2024-03-30
17646,10815,Post,67,2024-04-24
17647,10816,Pre,40,2024-11-07
17648,10816,Post,56,2024-11-28
17649,10817,Pre,60,2025-08-22
17650,10817,Post,76,2025-09-05
17651,10818,Pre,56,2024-07-21
17652,10818,Post,59,2024-08-04
17653,10819,Pre,68,2024-05-17
17654,10819,Post,65,2024-06-06
17655,10820,Pre,76,2024-04-06
17656,10820,Post,78,2024-04-21
17657,10821,Pre,72,2024-11-23
17658,10821,Post,86,2024-12-16
17659,10822,Pre,44,2026-07-12
17660,10822,Post,61,2026-07-28
17661,10824,Pre,75,2024-06-25
17662,10824,Post,90,2024-07-26
17663,10825,Pre,59,2026-07-01
17664,10826,Pre,65,2026-03-03
17665,10826,Post,86,2026-04-02
17666,10828,Pre,56,2025-11-10
17667,10828,Post,65,2025-12-02
17668,10829,Pre,68,2025-02-19
17669,10829,Post,72,2025-03-03
17670,10830,Pre,56,2025-09-23
17671,10830,Post,58,2025-10-01
17672,10831,Pre,64,2026-05-13
17673,10831,Post,77,2026-06-04
17674,10832,Pre,45,2026-08-01
17675,10832,Post,55,2026-08-23
17676,10833,Pre,58,2024-07-09
17677,10833,Post,64,2024-07-21
17678,10834,Pre,54,2026-04-09
17679,10835,Pre,43,2024-10-22
17680,10835,Post,55,2024-11-17
17681,10836,Pre,62,2026-04-09
17682,10836,Post,78,2026-05-01
17683,10837,Pre,54,2024-04-01
17684,10837,Post,57,2024-04-18
17685,10838,Pre,45,2025-05-17
17686,10838,Post,51,2025-05-22
17687,10839,Pre,51,2024-10-18
17688,10839,Post,69,2024-10-25
17689,10840,Pre,67,2026-06-11
17690,10840,Post,79,2026-06-15
17691,10841,Pre,73,2025-04-10
17692,10842,Pre,43,2025-10-03
17693,10842,Post,70,2025-10-29
17694,10843,Pre,60,2024-01-06
17695,10843,Post,72,2024-01-12
17696,10844,Pre,61,2026-06-16
17697,10845,Pre,47,2026-05-03
17698,10846,Pre,48,2024-04-30
17699,10846,Post,65,2024-05-29
17700,10847,Pre,75,2026-07-26
17701,10847,Post,87,2026-08-03
17702,10848,Pre,59,2024-09-10
17703,10849,Pre,48,2024-06-14
17704,10849,Post,64,2024-07-10
17705,10850,Pre,53,2026-01-13
17706,10851,Pre,67,2026-02-25
17707,10851,Post,95,2026-03-07
17708,10852,Pre,40,2025-10-22
17709,10852,Post,58,2025-11-10
17710,10853,Pre,57,2025-01-21
17711,10853,Post,76,2025-02-19
17712,10854,Pre,78,2026-07-30
17713,10854,Post,82,2026-08-22
17714,10855,Pre,44,2025-01-17
17715,10856,Pre,49,2026-04-28
17716,10856,Post,69,2026-05-13
17717,10857,Pre,68,2026-02-17
17718,10857,Post,85,2026-03-09
17719,10859,Pre,57,2025-04-17
17720,10860,Pre,58,2024-07-08
17721,10860,Post,71,2024-08-06
17722,10861,Pre,55,2025-06-07
17723,10862,Pre,72,2026-06-28
17724,10862,Post,73,2026-07-23
17725,10863,Pre,68,2024-05-04
17726,10863,Post,71,2024-05-28
17727,10864,Pre,61,2025-08-17
17728,10864,Post,67,2025-08-25
17729,10865,Pre,53,2025-02-25
17730,10865,Post,61,2025-03-19
17731,10866,Pre,54,2026-05-16
17732,10866,Post,69,2026-06-07
17733,10868,Pre,51,2024-01-28
17734,10868,Post,57,2024-02-18
17735,10869,Pre,48,2025-12-13
17736,10871,Pre,64,2025-03-10
17737,10871,Post,69,2025-04-03
17738,10872,Pre,70,2024-11-23
17739,10872,Post,88,2024-12-12
17740,10873,Pre,53,2024-08-07
17741,10873,Post,64,2024-09-05
17742,10874,Pre,47,2024-01-17
17743,10874,Post,50,2024-02-05
17744,10875,Pre,69,2026-04-14
17745,10875,Post,86,2026-04-24
17746,10876,Pre,52,2024-09-11
17747,10877,Pre,62,2024-08-17
17748,10877,Post,80,2024-08-30
17749,10878,Pre,68,2025-12-08
17750,10878,Post,83,2026-01-06
17751,10879,Pre,62,2025-05-25
17752,10879,Post,70,2025-06-18
17753,10880,Pre,47,2024-02-23
17754,10880,Post,54,2024-03-21
17755,10881,Pre,27,2025-01-11
17756,10881,Post,33,2025-01-26
17757,10882,Pre,44,2026-02-12
17758,10882,Post,61,2026-02-20
17759,10884,Pre,42,2024-08-11
17760,10884,Post,43,2024-08-29
17761,10885,Pre,65,2025-11-27
17762,10885,Post,75,2025-12-08
17763,10886,Pre,70,2025-06-21
17764,10887,Pre,75,2026-03-05
17765,10887,Post,82,2026-03-13
17766,10888,Pre,76,2024-12-20
17767,10888,Post,86,2025-01-18
17768,10889,Pre,74,2025-02-11
17769,10889,Post,91,2025-02-24
17770,10890,Pre,47,2025-07-04
17771,10890,Post,65,2025-07-29
17772,10891,Pre,28,2026-01-19
17773,10891,Post,26,2026-01-26
17774,10892,Pre,59,2025-09-07
17775,10893,Pre,61,2024-07-11
17776,10893,Post,83,2024-08-04
17777,10894,Pre,65,2024-10-15
17778,10894,Post,81,2024-10-31
17779,10895,Pre,61,2025-07-30
17780,10896,Pre,45,2025-04-10
17781,10896,Post,56,2025-04-29
17782,10897,Pre,55,2025-07-08
17783,10898,Pre,71,2025-12-21
17784,10898,Post,88,2026-01-24
17785,10899,Pre,64,2025-06-25
17786,10899,Post,76,2025-07-19
17787,10900,Pre,51,2024-07-25
17788,10900,Post,71,2024-08-26
17789,10902,Pre,52,2026-08-13
17790,10902,Post,61,2026-09-14
17791,10904,Pre,49,2025-06-01
17792,10904,Post,61,2025-06-12
17793,10905,Pre,63,2024-02-28
17794,10905,Post,74,2024-03-27
17795,10906,Pre,63,2024-04-13
17796,10906,Post,84,2024-05-01
17797,10907,Pre,58,2024-03-05
17798,10907,Post,74,2024-03-29
17799,10908,Pre,42,2024-05-01
17800,10908,Post,63,2024-05-05
17801,10909,Pre,61,2026-01-02
17802,10909,Post,81,2026-02-02
17803,10910,Pre,44,2026-06-30
17804,10910,Post,53,2026-07-31
17805,10911,Pre,49,2026-06-06
17806,10911,Post,57,2026-06-29
17807,10912,Pre,48,2024-03-21
17808,10912,Post,60,2024-04-13
17809,10913,Pre,76,2024-02-03
17810,10913,Post,91,2024-02-14
17811,10914,Pre,52,2024-04-21
17812,10915,Pre,53,2024-08-31
17813,10915,Post,57,2024-09-25
17814,10916,Pre,54,2026-07-22
17815,10916,Post,65,2026-08-09
17816,10917,Pre,51,2025-01-07
17817,10917,Post,62,2025-01-11
17818,10918,Pre,43,2024-09-10
17819,10919,Pre,34,2025-01-07
17820,10919,Post,37,2025-01-23
17821,10920,Pre,57,2024-11-04
17822,10921,Pre,62,2025-02-24
17823,10921,Post,71,2025-03-03
17824,10922,Pre,68,2024-07-23
17825,10922,Post,79,2024-08-13
17826,10923,Pre,54,2025-02-13
17827,10923,Post,54,2025-02-19
17828,10924,Pre,71,2024-09-25
17829,10924,Post,76,2024-10-02
17830,10925,Pre,45,2026-05-17
17831,10925,Post,66,2026-05-25
17832,10926,Pre,46,2025-01-09
17833,10926,Post,59,2025-01-27
17834,10927,Pre,53,2025-02-06
17835,10927,Post,60,2025-03-03
17836,10928,Pre,53,2025-10-02
17837,10929,Pre,55,2025-10-02
17838,10929,Post,74,2025-10-12
17839,10930,Pre,55,2026-03-26
17840,10930,Post,78,2026-04-11
17841,10932,Pre,53,2024-03-07
17842,10932,Post,63,2024-03-25
17843,10933,Pre,57,2024-01-26
17844,10933,Post,71,2024-02-23
17845,10934,Pre,48,2024-12-25
17846,10935,Pre,72,2024-10-10
17847,10935,Post,82,2024-10-27
17848,10936,Pre,39,2024-06-06
17849,10936,Post,61,2024-06-22
17850,10937,Pre,70,2025-01-07
17851,10937,Post,75,2025-01-19
17852,10938,Pre,53,2024-03-28
17853,10938,Post,55,2024-04-08
17854,10939,Pre,52,2024-04-16
17855,10940,Pre,72,2026-07-14
17856,10941,Pre,56,2025-06-12
17857,10941,Post,69,2025-07-04
17858,10942,Pre,57,2025-09-16
17859,10942,Post,72,2025-10-10
17860,10943,Pre,57,2024-01-18
17861,10943,Post,79,2024-02-12
17862,10944,Pre,87,2026-05-29
17863,10944,Post,84,2026-06-19
17864,10945,Pre,47,2024-06-04
17865,10945,Post,52,2024-07-05
17866,10946,Pre,36,2025-08-19
17867,10947,Pre,55,2025-03-14
17868,10947,Post,60,2025-04-08
17869,10948,Pre,64,2025-12-12
17870,10950,Pre,58,2025-06-07
17871,10951,Pre,55,2024-01-03
17872,10952,Pre,58,2024-09-01
17873,10954,Pre,74,2024-10-01
17874,10954,Post,77,2024-10-19
17875,10955,Pre,39,2025-05-20
17876,10955,Post,49,2025-05-27
17877,10956,Pre,48,2025-03-23
17878,10956,Post,60,2025-04-16
17879,10957,Pre,63,2025-04-28
17880,10957,Post,79,2025-05-12
17881,10958,Pre,63,2025-12-21
17882,10958,Post,72,2025-12-31
17883,10959,Pre,62,2025-01-05
17884,10959,Post,79,2025-01-22
17885,10960,Pre,36,2024-06-20
17886,10960,Post,44,2024-07-14
17887,10961,Pre,51,2024-05-20
17888,10961,Post,63,2024-06-05
17889,10962,Pre,70,2024-01-23
17890,10963,Pre,65,2026-07-21
17891,10963,Post,67,2026-08-10
17892,10964,Pre,52,2026-03-23
17893,10964,Post,62,2026-04-17
17894,10965,Pre,52,2025-03-15
17895,10965,Post,54,2025-04-08
17896,10966,Pre,54,2024-06-26
17897,10966,Post,62,2024-07-21
17898,10967,Pre,51,2025-01-30
17899,10967,Post,57,2025-02-08
17900,10968,Pre,53,2024-05-13
17901,10968,Post,67,2024-05-21
17902,10969,Pre,59,2026-05-23
17903,10969,Post,62,2026-06-17
17904,10970,Pre,59,2026-07-01
17905,10970,Post,70,2026-07-27
17906,10973,Pre,61,2025-03-19
17907,10973,Post,73,2025-04-11
17908,10974,Pre,33,2025-06-08
17909,10975,Pre,49,2024-04-16
17910,10975,Post,51,2024-04-27
17911,10977,Pre,73,2024-12-21
17912,10977,Post,85,2025-01-03
17913,10978,Pre,55,2025-12-14
17914,10978,Post,54,2026-01-01
17915,10979,Pre,61,2024-10-02
17916,10979,Post,71,2024-10-21
17917,10980,Pre,55,2025-11-14
17918,10981,Pre,62,2024-07-05
17919,10982,Pre,55,2024-09-09
17920,10982,Post,70,2024-09-29
17921,10983,Pre,51,2025-11-09
17922,10983,Post,67,2025-11-21
17923,10984,Pre,73,2024-05-01
17924,10984,Post,77,2024-05-24
17925,10985,Pre,38,2024-01-06
17926,10986,Pre,63,2025-04-05
17927,10986,Post,72,2025-05-06
17928,10987,Pre,58,2026-01-04
17929,10987,Post,67,2026-01-11
17930,10988,Pre,50,2025-04-06
17931,10988,Post,63,2025-04-24
17932,10989,Pre,53,2026-03-21
17933,10989,Post,56,2026-04-05
17934,10990,Pre,32,2024-06-26
17935,10990,Post,30,2024-07-09
17936,10991,Pre,60,2025-04-04
17937,10991,Post,73,2025-04-13
17938,10992,Pre,73,2024-10-19
17939,10992,Post,83,2024-11-08
17940,10993,Pre,86,2024-09-13
17941,10993,Post,95,2024-09-22
17942,10995,Pre,76,2025-11-25
17943,10995,Post,82,2025-12-12
17944,10996,Pre,62,2024-05-16
17945,10997,Pre,68,2026-05-25
17946,10997,Post,75,2026-06-02
17947,10998,Pre,55,2025-10-18
17948,10998,Post,63,2025-10-23
17949,10999,Pre,42,2026-07-08
17950,10999,Post,47,2026-07-13
17951,11000,Pre,69,2024-12-30
17952,11000,Post,75,2025-01-09
17953,11001,Pre,49,2026-03-31
17954,11001,Post,62,2026-04-29
17955,11002,Pre,58,2024-12-19
17956,11002,Post,69,2025-01-11
17957,11003,Pre,62,2024-02-20
17958,11004,Pre,88,2025-08-17
17959,11004,Post,84,2025-09-06
17960,11005,Pre,47,2024-03-29
17961,11005,Post,59,2024-05-05
17962,11006,Pre,57,2024-06-22
17963,11006,Post,78,2024-07-11
17964,11007,Pre,57,2026-05-14
17965,11007,Post,61,2026-06-03
17966,11008,Pre,78,2025-08-07
17967,11009,Pre,68,2024-12-06
17968,11010,Pre,49,2025-11-14
17969,11010,Post,67,2025-11-27
17970,11011,Pre,67,2024-02-04
17971,11011,Post,72,2024-02-13
17972,11012,Pre,58,2024-01-05
17973,11013,Pre,68,2024-02-02
17974,11013,Post,79,2024-02-21
17975,11014,Pre,59,2025-05-17
17976,11014,Post,67,2025-06-02
17977,11015,Pre,38,2025-07-09
17978,11015,Post,46,2025-07-20
17979,11017,Pre,50,2025-01-13
17980,11018,Pre,61,2024-02-21
17981,11018,Post,61,2024-02-26
17982,11019,Pre,75,2026-03-10
17983,11019,Post,77,2026-04-05
17984,11020,Pre,81,2026-07-27
17985,11020,Post,87,2026-08-01
17986,11021,Pre,61,2025-08-20
17987,11021,Post,72,2025-09-05
17988,11022,Pre,64,2025-08-14
17989,11022,Post,75,2025-08-23
17990,11023,Pre,57,2024-04-22
17991,11023,Post,68,2024-05-18
17992,11024,Pre,48,2025-02-19
17993,11024,Post,64,2025-03-15
17994,11025,Pre,59,2025-04-27
17995,11025,Post,74,2025-05-12
17996,11027,Pre,55,2024-11-19
17997,11027,Post,76,2024-12-12
17998,11028,Pre,62,2025-12-07
17999,11028,Post,74,2026-01-05
18000,11030,Pre,81,2026-08-01
18001,11030,Post,92,2026-08-26
18002,11031,Pre,40,2024-11-15
18003,11032,Pre,58,2026-04-08
18004,11033,Pre,49,2026-02-19
18005,11034,Pre,66,2026-06-27
18006,11034,Post,78,2026-07-12
18007,11035,Pre,46,2026-03-17
18008,11035,Post,52,2026-04-04
18009,11036,Pre,72,2025-05-23
18010,11036,Post,82,2025-06-08
18011,11037,Pre,62,2024-03-26
18012,11038,Pre,54,2024-02-18
18013,11038,Post,75,2024-03-02
18014,11039,Pre,77,2024-08-16
18015,11042,Pre,61,2025-01-16
18016,11042,Post,75,2025-02-13
18017,11043,Pre,68,2025-03-20
18018,11043,Post,90,2025-03-26
18019,11044,Pre,69,2025-11-13
18020,11044,Post,88,2025-12-02
18021,11045,Pre,72,2024-03-06
18022,11045,Post,83,2024-03-14
18023,11046,Pre,25,2024-04-28
18024,11046,Post,33,2024-05-22
18025,11047,Pre,52,2025-09-27
18026,11048,Pre,63,2025-12-27
18027,11049,Pre,54,2025-12-28
18028,11049,Post,76,2026-01-24
18029,11050,Pre,62,2025-05-02
18030,11050,Post,75,2025-05-21
18031,11051,Pre,70,2024-11-08
18032,11051,Post,92,2024-11-21
18033,11052,Pre,59,2026-03-18
18034,11052,Post,74,2026-04-05
18035,11053,Pre,66,2026-02-01
18036,11053,Post,74,2026-02-06
18037,11054,Pre,62,2026-06-30
18038,11054,Post,62,2026-07-06
18039,11055,Pre,39,2024-09-10
18040,11055,Post,40,2024-09-17
18041,11056,Pre,69,2024-08-28
18042,11056,Post,70,2024-09-13
18043,11057,Pre,43,2026-07-30
18044,11057,Post,59,2026-08-28
18045,11058,Pre,65,2025-06-10
18046,11058,Post,89,2025-07-09
18047,11059,Pre,72,2025-08-16
18048,11059,Post,87,2025-09-15
18049,11060,Pre,35,2024-11-29
18050,11060,Post,44,2024-12-18
18051,11061,Pre,48,2024-10-18
18052,11062,Pre,61,2026-07-13
18053,11063,Pre,51,2024-08-06
18054,11063,Post,60,2024-08-30
18055,11064,Pre,51,2025-08-31
18056,11064,Post,55,2025-09-15
18057,11065,Pre,74,2025-06-21
18058,11065,Post,78,2025-06-28
18059,11066,Pre,64,2025-03-02
18060,11066,Post,73,2025-03-16
18061,11067,Pre,50,2025-09-09
18062,11067,Post,58,2025-09-18
18063,11068,Pre,66,2026-07-05
18064,11068,Post,68,2026-07-19
18065,11069,Pre,67,2026-02-15
18066,11069,Post,67,2026-03-16
18067,11070,Pre,55,2026-02-19
18068,11071,Pre,63,2024-02-19
18069,11071,Post,78,2024-02-26
18070,11072,Pre,58,2025-08-11
18071,11072,Post,69,2025-09-03
18072,11073,Pre,52,2024-01-22
18073,11073,Post,60,2024-01-27
18074,11074,Pre,39,2024-02-28
18075,11074,Post,38,2024-03-18
18076,11075,Pre,68,2024-04-10
18077,11075,Post,83,2024-05-09
18078,11076,Pre,60,2026-04-29
18079,11077,Pre,64,2024-08-08
18080,11078,Pre,49,2024-12-28
18081,11078,Post,61,2025-01-23
18082,11079,Pre,60,2024-07-11
18083,11079,Post,79,2024-07-30
18084,11080,Pre,60,2025-03-21
18085,11080,Post,80,2025-04-17
18086,11082,Pre,63,2025-06-06
18087,11082,Post,64,2025-06-12
18088,11083,Pre,87,2025-06-13
18089,11083,Post,85,2025-07-09
18090,11085,Pre,83,2026-06-13
18091,11085,Post,93,2026-07-11
18092,11086,Pre,56,2024-06-29
18093,11086,Post,71,2024-07-24
18094,11087,Pre,30,2026-04-15
18095,11087,Post,48,2026-05-08
18096,11088,Pre,69,2024-05-03
18097,11088,Post,90,2024-05-24
18098,11089,Pre,69,2026-01-05
18099,11089,Post,77,2026-01-21
18100,11090,Pre,45,2024-04-26
18101,11090,Post,57,2024-05-24
18102,11091,Pre,57,2025-10-27
18103,11091,Post,56,2025-11-24
18104,11092,Pre,67,2024-04-10
18105,11093,Pre,66,2024-01-31
18106,11093,Post,76,2024-02-26
18107,11094,Pre,80,2024-05-09
18108,11094,Post,100,2024-05-29
18109,11097,Pre,55,2025-09-14
18110,11097,Post,68,2025-09-30
18111,11098,Pre,44,2024-07-07
18112,11098,Post,42,2024-07-20
18113,11099,Pre,62,2024-11-04
18114,11100,Pre,67,2026-03-28
18115,11100,Post,82,2026-04-19
18116,11101,Pre,51,2025-08-10
18117,11102,Pre,50,2026-05-15
18118,11102,Post,70,2026-06-11
18119,11103,Pre,46,2025-12-10
18120,11105,Pre,63,2025-08-08
18121,11105,Post,64,2025-09-02
18122,11106,Pre,67,2024-05-28
18123,11110,Pre,45,2024-02-19
18124,11110,Post,56,2024-03-04
18125,11111,Pre,56,2025-05-12
18126,11111,Post,66,2025-05-22
18127,11112,Pre,69,2024-10-31
18128,11112,Post,77,2024-11-13
18129,11113,Pre,48,2026-02-23
18130,11113,Post,52,2026-03-18
18131,11115,Pre,65,2024-03-08
18132,11115,Post,73,2024-03-20
18133,11116,Pre,69,2024-02-29
18134,11117,Pre,49,2025-03-22
18135,11117,Post,56,2025-03-26
18136,11118,Pre,56,2025-03-07
18137,11119,Pre,66,2025-08-05
18138,11119,Post,75,2025-08-11
18139,11120,Pre,52,2026-03-06
18140,11120,Post,73,2026-03-21
18141,11121,Pre,32,2025-09-13
18142,11121,Post,50,2025-09-30
18143,11122,Pre,43,2024-01-02
18144,11122,Post,51,2024-01-24
18145,11123,Pre,69,2026-05-29
18146,11123,Post,76,2026-06-13
18147,11124,Pre,67,2026-07-07
18148,11124,Post,84,2026-08-09
18149,11125,Pre,47,2024-07-13
18150,11125,Post,64,2024-08-11
18151,11126,Pre,61,2026-04-24
18152,11126,Post,59,2026-04-26
18153,11127,Pre,41,2026-05-11
18154,11127,Post,61,2026-05-23
18155,11128,Pre,76,2026-05-18
18156,11128,Post,85,2026-06-12
18157,11129,Pre,67,2024-06-19
18158,11129,Post,85,2024-07-18
18159,11131,Pre,48,2026-01-21
18160,11131,Post,48,2026-02-19
18161,11132,Pre,66,2026-08-04
18162,11133,Pre,62,2024-08-13
18163,11133,Post,63,2024-09-12
18164,11134,Pre,46,2024-10-29
18165,11134,Post,58,2024-11-12
18166,11136,Pre,72,2026-06-21
18167,11136,Post,79,2026-07-03
18168,11137,Pre,58,2025-06-05
18169,11137,Post,73,2025-06-22
18170,11138,Pre,51,2025-07-30
18171,11138,Post,61,2025-08-14
18172,11140,Pre,57,2025-06-17
18173,11140,Post,71,2025-06-25
18174,11141,Pre,42,2025-10-27
18175,11141,Post,61,2025-11-22
18176,11142,Pre,56,2024-05-15
18177,11142,Post,78,2024-06-05
18178,11144,Pre,53,2024-04-07
18179,11144,Post,63,2024-04-13
18180,11145,Pre,59,2026-07-08
18181,11147,Pre,49,2026-07-08
18182,11147,Post,60,2026-08-08
18183,11148,Pre,69,2024-07-01
18184,11148,Post,73,2024-07-24
18185,11149,Pre,62,2025-12-10
18186,11149,Post,77,2025-12-12
18187,11150,Pre,65,2025-04-25
18188,11150,Post,77,2025-05-02
18189,11154,Pre,87,2024-06-03
18190,11154,Post,95,2024-06-21
18191,11155,Pre,25,2024-04-14
18192,11155,Post,32,2024-05-12
18193,11157,Pre,50,2025-12-09
18194,11157,Post,63,2025-12-31
18195,11158,Pre,57,2025-01-24
18196,11158,Post,59,2025-02-23
18197,11159,Pre,53,2024-06-25
18198,11159,Post,72,2024-06-30
18199,11160,Pre,62,2024-07-08
18200,11160,Post,71,2024-07-15
18201,11161,Pre,82,2025-04-05
18202,11161,Post,97,2025-04-24
18203,11162,Pre,71,2024-08-10
18204,11162,Post,95,2024-08-23
18205,11163,Pre,73,2025-12-11
18206,11163,Post,81,2025-12-19
18207,11164,Pre,59,2025-09-27
18208,11164,Post,68,2025-10-25
18209,11165,Pre,67,2024-03-08
18210,11165,Post,87,2024-03-14
18211,11166,Pre,63,2024-06-14
18212,11166,Post,79,2024-06-17
18213,11168,Pre,63,2024-02-26
18214,11168,Post,78,2024-03-20
18215,11169,Pre,73,2024-05-08
18216,11169,Post,80,2024-06-04
18217,11170,Pre,70,2026-01-15
18218,11171,Pre,42,2026-05-04
18219,11171,Post,47,2026-05-13
18220,11172,Pre,74,2024-02-11
18221,11172,Post,93,2024-02-22
18222,11173,Pre,59,2026-02-23
18223,11173,Post,60,2026-02-26
18224,11174,Pre,74,2024-07-09
18225,11174,Post,77,2024-07-17
18226,11175,Pre,74,2026-04-27
18227,11175,Post,78,2026-05-14
18228,11176,Pre,38,2025-12-28
18229,11176,Post,49,2026-01-04
18230,11177,Pre,58,2025-09-03
18231,11177,Post,76,2025-09-21
18232,11178,Pre,57,2024-05-18
18233,11178,Post,64,2024-06-14
18234,11179,Pre,45,2026-04-25
18235,11179,Post,52,2026-05-05
18236,11180,Pre,70,2024-06-19
18237,11180,Post,83,2024-06-30
18238,11181,Pre,68,2025-06-25
18239,11181,Post,76,2025-06-30
18240,11182,Pre,66,2025-02-23
18241,11182,Post,74,2025-03-26
18242,11183,Pre,50,2025-04-18
18243,11183,Post,58,2025-05-04
18244,11184,Pre,71,2025-08-08
18245,11184,Post,78,2025-09-01
18246,11185,Pre,71,2025-08-03
18247,11185,Post,82,2025-08-22
18248,11186,Pre,69,2024-06-19
18249,11187,Pre,65,2025-12-01
18250,11187,Post,83,2025-12-21
18251,11189,Pre,63,2024-03-19
18252,11189,Post,77,2024-04-19
18253,11190,Pre,71,2026-04-05
18254,11190,Post,75,2026-05-02
18255,11191,Pre,37,2024-06-10
18256,11191,Post,52,2024-06-26
18257,11192,Pre,53,2025-11-26
18258,11192,Post,62,2025-12-19
18259,11193,Pre,45,2025-04-09
18260,11194,Pre,54,2025-07-02
18261,11194,Post,62,2025-07-19
18262,11195,Pre,48,2026-03-07
18263,11195,Post,53,2026-04-05
18264,11196,Pre,56,2024-12-02
18265,11196,Post,70,2024-12-16
18266,11197,Pre,57,2025-01-11
18267,11197,Post,68,2025-02-09
18268,11198,Pre,61,2024-09-19
18269,11198,Post,73,2024-10-15
18270,11199,Pre,52,2024-08-12
18271,11199,Post,65,2024-09-03
18272,11200,Pre,60,2026-07-14
18273,11200,Post,65,2026-08-02
18274,11201,Pre,44,2025-11-10
18275,11201,Post,60,2025-12-10
18276,11202,Pre,75,2025-09-07
18277,11202,Post,86,2025-09-23
18278,11204,Pre,48,2025-08-07
18279,11205,Pre,64,2024-06-25
18280,11206,Pre,52,2026-03-24
18281,11206,Post,54,2026-04-20
18282,11208,Pre,57,2025-07-29
18283,11208,Post,86,2025-08-23
18284,11209,Pre,45,2024-09-18
18285,11209,Post,61,2024-10-05
18286,11210,Pre,51,2025-05-05
18287,11210,Post,70,2025-05-19
18288,11211,Pre,36,2025-09-05
18289,11211,Post,52,2025-10-06
18290,11212,Pre,34,2024-07-13
18291,11212,Post,44,2024-07-23
18292,11214,Pre,69,2024-08-03
18293,11215,Pre,54,2025-03-29
18294,11215,Post,69,2025-04-19
18295,11216,Pre,70,2024-11-25
18296,11216,Post,78,2024-12-11
18297,11217,Pre,30,2024-05-01
18298,11217,Post,37,2024-05-27
18299,11218,Pre,68,2024-05-16
18300,11218,Post,77,2024-06-07
18301,11219,Pre,55,2025-10-11
18302,11219,Post,68,2025-10-18
18303,11220,Pre,55,2025-12-24
18304,11221,Pre,55,2025-04-18
18305,11222,Pre,54,2026-04-17
18306,11222,Post,72,2026-04-25
18307,11223,Pre,86,2024-10-02
18308,11224,Pre,55,2024-12-25
18309,11224,Post,57,2025-01-04
18310,11225,Pre,52,2024-12-17
18311,11225,Post,64,2024-12-23
18312,11226,Pre,55,2025-01-29
18313,11227,Pre,72,2024-11-25
18314,11227,Post,73,2024-12-08
18315,11228,Pre,87,2024-05-08
18316,11228,Post,95,2024-05-18
18317,11229,Pre,50,2025-12-04
18318,11230,Pre,48,2024-10-31
18319,11230,Post,51,2024-11-08
18320,11232,Pre,34,2024-02-27
18321,11232,Post,37,2024-03-19
18322,11234,Pre,49,2026-08-02
18323,11234,Post,70,2026-08-30
18324,11235,Pre,69,2026-08-02
18325,11235,Post,79,2026-08-16
18326,11237,Pre,76,2026-04-19
18327,11238,Pre,54,2026-06-10
18328,11238,Post,72,2026-07-08
18329,11239,Pre,57,2024-06-17
18330,11239,Post,77,2024-07-06
18331,11241,Pre,53,2025-11-10
18332,11241,Post,72,2025-11-23
18333,11242,Pre,67,2024-10-27
18334,11242,Post,78,2024-11-15
18335,11243,Pre,57,2026-04-29
18336,11243,Post,67,2026-05-23
18337,11244,Pre,47,2024-05-24
18338,11244,Post,65,2024-06-10
18339,11245,Pre,36,2024-02-23
18340,11245,Post,47,2024-03-06
18341,11246,Pre,54,2024-07-22
18342,11246,Post,78,2024-08-05
18343,11247,Pre,53,2024-08-15
18344,11247,Post,70,2024-09-01
18345,11248,Pre,70,2026-07-26
18346,11248,Post,68,2026-08-09
18347,11249,Pre,44,2024-03-29
18348,11249,Post,67,2024-04-11
18349,11250,Pre,55,2025-09-26
18350,11251,Pre,70,2026-02-11
18351,11251,Post,75,2026-02-22
18352,11252,Pre,64,2024-12-21
18353,11252,Post,70,2024-12-30
18354,11254,Pre,63,2026-07-17
18355,11256,Pre,69,2024-06-06
18356,11256,Post,82,2024-06-30
18357,11257,Pre,40,2024-01-15
18358,11257,Post,57,2024-02-06
18359,11258,Pre,48,2025-02-05
18360,11258,Post,68,2025-02-18
18361,11259,Pre,50,2025-05-29
18362,11259,Post,57,2025-06-19
18363,11260,Pre,43,2025-08-16
18364,11260,Post,48,2025-09-16
18365,11261,Pre,59,2025-07-26
18366,11262,Pre,57,2025-02-01
18367,11262,Post,65,2025-02-21
18368,11263,Pre,72,2025-02-13
18369,11263,Post,84,2025-03-05
18370,11264,Pre,56,2026-06-27
18371,11265,Pre,80,2024-11-15
18372,11266,Pre,57,2025-11-07
18373,11266,Post,75,2025-11-25
18374,11269,Pre,72,2024-01-19
18375,11269,Post,84,2024-01-29
18376,11270,Pre,50,2025-12-23
18377,11270,Post,52,2025-12-25
18378,11271,Pre,50,2025-11-05
18379,11272,Pre,59,2024-02-24
18380,11272,Post,81,2024-03-20
18381,11273,Pre,62,2024-01-05
18382,11274,Pre,73,2024-08-20
18383,11274,Post,83,2024-09-07
18384,11275,Pre,53,2025-06-08
18385,11276,Pre,29,2025-06-04
18386,11276,Post,40,2025-06-09
18387,11277,Pre,55,2025-09-03
18388,11277,Post,69,2025-09-21
18389,11278,Pre,72,2026-06-22
18390,11279,Pre,70,2025-06-19
18391,11279,Post,82,2025-06-27
18392,11280,Pre,60,2024-11-10
18393,11280,Post,76,2024-11-23
18394,11281,Pre,53,2025-06-08
18395,11282,Pre,46,2025-04-19
18396,11282,Post,58,2025-05-15
18397,11283,Pre,49,2026-03-15
18398,11283,Post,58,2026-04-13
18399,11284,Pre,68,2025-08-25
18400,11285,Pre,69,2026-08-15
18401,11285,Post,86,2026-09-02
18402,11286,Pre,69,2024-02-04
18403,11286,Post,67,2024-02-24
18404,11287,Pre,44,2025-11-21
18405,11287,Post,63,2025-12-18
18406,11288,Pre,61,2025-12-07
18407,11288,Post,83,2025-12-13
18408,11289,Pre,78,2026-08-10
18409,11289,Post,83,2026-08-30
18410,11290,Pre,77,2024-04-12
18411,11290,Post,80,2024-04-27
18412,11291,Pre,51,2025-08-13
18413,11291,Post,49,2025-09-01
18414,11292,Pre,47,2026-06-19
18415,11293,Pre,78,2026-05-11
18416,11293,Post,82,2026-05-18
18417,11294,Pre,71,2026-03-08
18418,11294,Post,77,2026-03-28
18419,11295,Pre,68,2025-03-27
18420,11295,Post,79,2025-04-13
18421,11296,Pre,69,2024-04-13
18422,11296,Post,78,2024-04-26
18423,11297,Pre,52,2025-12-23
18424,11297,Post,82,2026-01-12
18425,11298,Pre,47,2025-08-24
18426,11299,Pre,66,2024-03-13
18427,11300,Pre,56,2025-05-20
18428,11300,Post,79,2025-06-10
18429,11301,Pre,68,2025-10-15
18430,11301,Post,70,2025-11-12
18431,11302,Pre,61,2024-11-28
18432,11302,Post,80,2024-12-09
18433,11303,Pre,53,2024-06-18
18434,11303,Post,68,2024-07-21
18435,11304,Pre,54,2024-07-26
18436,11304,Post,68,2024-08-23
18437,11305,Pre,48,2026-03-02
18438,11305,Post,62,2026-03-08
18439,11306,Pre,66,2026-01-29
18440,11306,Post,82,2026-03-03
18441,11307,Pre,35,2026-04-11
18442,11307,Post,50,2026-04-24
18443,11308,Pre,53,2024-11-16
18444,11308,Post,71,2024-12-07
18445,11309,Pre,67,2025-08-25
18446,11310,Pre,49,2024-07-12
18447,11311,Pre,60,2024-03-10
18448,11311,Post,76,2024-04-01
18449,11312,Pre,58,2024-06-06
18450,11312,Post,62,2024-07-06
18451,11314,Pre,38,2025-08-21
18452,11314,Post,49,2025-09-10
18453,11315,Pre,58,2025-04-04
18454,11315,Post,75,2025-04-16
18455,11316,Pre,45,2024-06-16
18456,11316,Post,61,2024-06-27
18457,11317,Pre,38,2025-04-17
18458,11317,Post,49,2025-04-27
18459,11318,Pre,72,2024-04-20
18460,11318,Post,82,2024-05-20
18461,11319,Pre,57,2025-02-19
18462,11319,Post,73,2025-03-17
18463,11320,Pre,73,2024-01-02
18464,11320,Post,87,2024-01-26
18465,11321,Pre,43,2024-06-01
18466,11321,Post,42,2024-06-29
18467,11322,Pre,62,2024-04-28
18468,11323,Pre,42,2024-01-27
18469,11323,Post,48,2024-02-14
18470,11324,Pre,73,2024-08-01
18471,11325,Pre,47,2024-10-10
18472,11325,Post,63,2024-11-04
18473,11326,Pre,61,2026-06-14
18474,11327,Pre,65,2026-07-04
18475,11327,Post,80,2026-08-07
18476,11329,Pre,46,2025-09-01
18477,11329,Post,54,2025-09-11
18478,11331,Pre,42,2024-07-23
18479,11331,Post,42,2024-08-01
18480,11332,Pre,46,2026-07-18
18481,11332,Post,55,2026-07-30
18482,11333,Pre,79,2024-04-21
18483,11333,Post,79,2024-05-14
18484,11334,Pre,57,2025-04-13
18485,11334,Post,68,2025-04-27
18486,11335,Pre,43,2024-03-24
18487,11335,Post,48,2024-04-13
18488,11337,Pre,71,2025-03-17
18489,11337,Post,72,2025-04-08
18490,11338,Pre,49,2024-05-12
18491,11338,Post,64,2024-06-03
18492,11339,Pre,58,2025-11-30
18493,11339,Post,82,2025-12-27
18494,11340,Pre,71,2025-04-28
18495,11340,Post,78,2025-05-23
18496,11341,Pre,67,2026-03-22
18497,11341,Post,81,2026-04-15
18498,11342,Pre,36,2025-10-08
18499,11342,Post,41,2025-10-12
18500,11344,Pre,53,2025-07-14
18501,11344,Post,66,2025-08-12
18502,11345,Pre,32,2024-11-23
18503,11346,Pre,39,2026-07-15
18504,11346,Post,50,2026-07-27
18505,11347,Pre,58,2024-05-27
18506,11347,Post,78,2024-06-16
18507,11348,Pre,66,2026-07-09
18508,11349,Pre,58,2025-06-12
18509,11349,Post,77,2025-07-04
18510,11350,Pre,57,2024-03-24
18511,11350,Post,69,2024-04-15
18512,11351,Pre,50,2024-10-04
18513,11351,Post,59,2024-10-30
18514,11352,Pre,56,2024-06-17
18515,11352,Post,73,2024-06-26
18516,11353,Pre,67,2026-01-14
18517,11353,Post,80,2026-02-19
18518,11354,Pre,82,2024-05-02
18519,11354,Post,90,2024-05-23
18520,11355,Pre,65,2025-06-04
18521,11355,Post,82,2025-07-06
18522,11357,Pre,62,2025-10-20
18523,11357,Post,79,2025-11-23
18524,11358,Pre,58,2025-11-28
18525,11359,Pre,73,2024-12-19
18526,11359,Post,79,2025-01-05
18527,11360,Pre,65,2024-06-07
18528,11360,Post,79,2024-07-04
18529,11361,Pre,73,2025-06-12
18530,11363,Pre,44,2024-09-17
18531,11363,Post,60,2024-09-28
18532,11365,Pre,49,2025-05-18
18533,11365,Post,65,2025-06-18
18534,11366,Pre,66,2025-06-21
18535,11366,Post,83,2025-07-10
18536,11367,Pre,59,2024-08-15
18537,11367,Post,69,2024-08-21
18538,11368,Pre,57,2024-02-23
18539,11368,Post,67,2024-02-25
18540,11369,Pre,71,2025-07-17
18541,11369,Post,78,2025-08-11
18542,11371,Pre,53,2025-05-09
18543,11372,Pre,59,2025-08-18
18544,11372,Post,77,2025-09-06
18545,11373,Pre,57,2026-01-21
18546,11374,Pre,58,2024-08-27
18547,11374,Post,69,2024-09-10
18548,11375,Pre,51,2025-05-25
18549,11376,Pre,56,2024-07-07
18550,11376,Post,63,2024-08-01
18551,11377,Pre,47,2025-08-29
18552,11378,Pre,52,2024-02-27
18553,11378,Post,62,2024-03-25
18554,11379,Pre,79,2026-05-01
18555,11379,Post,91,2026-05-31
18556,11380,Pre,63,2024-06-21
18557,11380,Post,67,2024-07-16
18558,11381,Pre,60,2024-06-06
18559,11382,Pre,47,2025-09-12
18560,11382,Post,64,2025-09-24
18561,11383,Pre,54,2026-06-19
18562,11383,Post,66,2026-07-11
18563,11384,Pre,67,2024-09-25
18564,11384,Post,81,2024-10-25
18565,11385,Pre,40,2024-04-28
18566,11386,Pre,55,2025-04-02
18567,11386,Post,75,2025-04-10
18568,11387,Pre,64,2025-12-10
18569,11388,Pre,44,2025-04-01
18570,11388,Post,67,2025-04-19
18571,11389,Pre,47,2025-04-10
18572,11389,Post,56,2025-04-25
18573,11390,Pre,59,2024-04-24
18574,11390,Post,77,2024-05-13
18575,11391,Pre,60,2026-06-06
18576,11391,Post,73,2026-07-03
18577,11392,Pre,49,2026-03-20
18578,11392,Post,54,2026-03-27
18579,11393,Pre,63,2024-05-07
18580,11393,Post,68,2024-05-27
18581,11394,Pre,60,2026-07-06
18582,11395,Pre,63,2024-08-28
18583,11395,Post,70,2024-09-06
18584,11397,Pre,71,2026-01-17
18585,11397,Post,77,2026-01-23
18586,11398,Pre,65,2024-11-05
18587,11398,Post,82,2024-11-30
18588,11399,Pre,57,2024-05-03
18589,11400,Pre,72,2025-12-02
18590,11400,Post,80,2026-01-01
18591,11401,Pre,62,2024-07-17
18592,11401,Post,66,2024-07-29
18593,11402,Pre,64,2024-01-11
18594,11402,Post,68,2024-01-24
18595,11404,Pre,77,2024-04-21
18596,11404,Post,91,2024-05-19
18597,11405,Pre,72,2025-12-12
18598,11405,Post,86,2026-01-11
18599,11406,Pre,43,2025-06-11
18600,11406,Post,55,2025-07-07
18601,11407,Pre,88,2025-09-23
18602,11407,Post,91,2025-10-25
18603,11408,Pre,50,2025-08-02
18604,11408,Post,68,2025-08-09
18605,11409,Pre,57,2025-08-20
18606,11409,Post,66,2025-09-16
18607,11410,Pre,63,2025-08-27
18608,11410,Post,80,2025-09-18
18609,11411,Pre,44,2025-12-18
18610,11411,Post,62,2026-01-06
18611,11412,Pre,60,2025-08-14
18612,11412,Post,83,2025-08-23
18613,11414,Pre,71,2025-02-28
18614,11415,Pre,56,2024-08-15
18615,11415,Post,66,2024-09-04
18616,11416,Pre,58,2025-08-08
18617,11417,Pre,65,2024-02-10
18618,11417,Post,76,2024-02-27
18619,11418,Pre,56,2025-07-04
18620,11419,Pre,58,2024-09-19
18621,11419,Post,68,2024-09-29
18622,11420,Pre,49,2025-07-12
18623,11420,Post,62,2025-07-21
18624,11421,Pre,58,2025-11-15
18625,11421,Post,68,2025-12-16
18626,11422,Pre,63,2024-12-08
18627,11423,Pre,61,2024-04-14
18628,11424,Pre,67,2025-05-21
18629,11424,Post,85,2025-06-14
18630,11425,Pre,66,2024-08-17
18631,11425,Post,86,2024-09-03
18632,11427,Pre,48,2025-12-08
18633,11428,Pre,63,2025-12-04
18634,11428,Post,74,2025-12-15
18635,11430,Pre,25,2024-09-04
18636,11430,Post,35,2024-09-13
18637,11431,Pre,71,2024-10-21
18638,11431,Post,84,2024-11-08
18639,11432,Pre,62,2024-08-27
18640,11432,Post,73,2024-09-11
18641,11433,Pre,58,2025-01-09
18642,11434,Pre,77,2025-03-27
18643,11434,Post,93,2025-04-22
18644,11435,Pre,75,2024-10-08
18645,11435,Post,84,2024-10-23
18646,11437,Pre,62,2025-10-15
18647,11438,Pre,58,2026-02-08
18648,11438,Post,69,2026-02-22
18649,11439,Pre,51,2024-09-22
18650,11439,Post,57,2024-10-14
18651,11440,Pre,46,2025-10-02
18652,11440,Post,58,2025-10-21
18653,11441,Pre,63,2024-10-24
18654,11442,Pre,54,2025-09-20
18655,11442,Post,60,2025-09-28
18656,11443,Pre,48,2026-02-08
18657,11443,Post,57,2026-03-08
18658,11444,Pre,70,2026-02-13
18659,11445,Pre,64,2025-07-10
18660,11446,Pre,59,2024-01-24
18661,11446,Post,74,2024-02-23
18662,11447,Pre,85,2026-06-17
18663,11447,Post,94,2026-07-06
18664,11448,Pre,75,2026-01-20
18665,11448,Post,91,2026-02-07
18666,11449,Pre,62,2025-08-23
18667,11449,Post,78,2025-09-19
18668,11450,Pre,66,2026-07-22
18669,11450,Post,82,2026-08-09
18670,11451,Pre,50,2024-03-31
18671,11451,Post,68,2024-04-13
18672,11452,Pre,56,2024-06-13
18673,11452,Post,69,2024-06-27
18674,11453,Pre,61,2025-01-13
18675,11453,Post,77,2025-02-10
18676,11454,Pre,74,2024-10-17
18677,11455,Pre,42,2024-06-13
18678,11455,Post,47,2024-07-02
18679,11456,Pre,63,2024-06-27
18680,11456,Post,73,2024-07-27
18681,11457,Pre,60,2026-01-16
18682,11457,Post,76,2026-01-25
18683,11460,Pre,61,2026-06-07
18684,11460,Post,67,2026-07-07
18685,11461,Pre,38,2025-04-28
18686,11461,Post,57,2025-05-25
18687,11462,Pre,61,2025-04-08
18688,11462,Post,75,2025-05-07
18689,11463,Pre,47,2026-01-07
18690,11463,Post,54,2026-01-18
18691,11464,Pre,57,2025-05-19
18692,11464,Post,69,2025-06-18
18693,11465,Pre,35,2025-09-06
18694,11465,Post,40,2025-09-25
18695,11467,Pre,40,2024-11-19
18696,11468,Pre,59,2025-07-22
18697,11468,Post,67,2025-08-09
18698,11470,Pre,64,2025-12-27
18699,11470,Post,75,2026-01-31
18700,11471,Pre,66,2024-07-15
18701,11471,Post,71,2024-07-24
18702,11473,Pre,79,2025-11-19
18703,11473,Post,94,2025-12-13
18704,11474,Pre,47,2025-05-27
18705,11474,Post,64,2025-06-21
18706,11475,Pre,62,2024-06-20
18707,11475,Post,75,2024-07-22
18708,11476,Pre,58,2024-09-28
18709,11476,Post,73,2024-10-07
18710,11477,Pre,68,2025-07-07
18711,11477,Post,88,2025-08-03
18712,11478,Pre,76,2024-10-25
18713,11478,Post,90,2024-11-23
18714,11479,Pre,46,2025-03-17
18715,11480,Pre,44,2024-07-30
18716,11480,Post,57,2024-08-06
18717,11481,Pre,63,2026-02-02
18718,11481,Post,77,2026-03-05
18719,11482,Pre,44,2025-05-01
18720,11482,Post,58,2025-05-15
18721,11483,Pre,44,2026-06-30
18722,11483,Post,55,2026-07-29
18723,11484,Pre,43,2024-11-06
18724,11485,Pre,70,2026-01-23
18725,11485,Post,87,2026-02-15
18726,11486,Pre,35,2024-04-12
18727,11486,Post,54,2024-04-28
18728,11487,Pre,82,2024-01-03
18729,11487,Post,81,2024-01-16
18730,11488,Pre,88,2024-12-24
18731,11488,Post,93,2025-01-16
18732,11489,Pre,58,2025-08-06
18733,11489,Post,67,2025-08-27
18734,11490,Pre,48,2024-10-23
18735,11491,Pre,55,2026-07-24
18736,11491,Post,54,2026-08-04
18737,11492,Pre,74,2026-06-19
18738,11492,Post,84,2026-07-09
18739,11493,Pre,53,2025-07-15
18740,11493,Post,62,2025-08-05
18741,11494,Pre,78,2024-05-22
18742,11496,Pre,57,2024-05-11
18743,11497,Pre,48,2026-07-04
18744,11497,Post,46,2026-07-12
18745,11498,Pre,62,2026-02-22
18746,11498,Post,68,2026-03-15
18747,11499,Pre,68,2026-06-20
18748,11499,Post,70,2026-07-18
18749,11500,Pre,55,2026-08-09
18750,11500,Post,61,2026-08-16
18751,11501,Pre,52,2025-04-08
18752,11501,Post,67,2025-05-01
18753,11502,Pre,72,2026-03-11
18754,11502,Post,83,2026-03-30
18755,11503,Pre,66,2025-01-19
18756,11503,Post,78,2025-02-10
18757,11505,Pre,38,2025-02-20
18758,11505,Post,43,2025-02-22
18759,11506,Pre,64,2025-02-18
18760,11507,Pre,58,2024-01-14
18761,11507,Post,66,2024-02-03
18762,11508,Pre,55,2024-02-09
18763,11508,Post,67,2024-02-29
18764,11510,Pre,69,2024-10-07
18765,11510,Post,77,2024-10-17
18766,11511,Pre,28,2025-10-11
18767,11511,Post,45,2025-10-30
18768,11512,Pre,56,2025-11-26
18769,11512,Post,68,2025-12-21
18770,11513,Pre,60,2025-09-18
18771,11513,Post,66,2025-09-30
18772,11514,Pre,66,2024-11-28
18773,11516,Pre,63,2026-04-07
18774,11516,Post,71,2026-04-18
18775,11517,Pre,75,2025-02-15
18776,11517,Post,80,2025-02-24
18777,11518,Pre,47,2024-08-27
18778,11519,Pre,40,2025-11-10
18779,11519,Post,61,2025-11-27
18780,11520,Pre,25,2025-06-07
18781,11520,Post,32,2025-06-15
18782,11521,Pre,41,2026-08-05
18783,11521,Post,48,2026-08-11
18784,11523,Pre,61,2026-03-24
18785,11524,Pre,54,2025-12-15
18786,11524,Post,53,2026-01-02
18787,11525,Pre,78,2025-03-24
18788,11525,Post,92,2025-04-07
18789,11526,Pre,43,2025-07-08
18790,11526,Post,51,2025-07-18
18791,11527,Pre,66,2026-08-04
18792,11527,Post,81,2026-09-02
18793,11528,Pre,52,2025-11-29
18794,11528,Post,63,2025-12-17
18795,11529,Pre,83,2025-03-07
18796,11529,Post,92,2025-03-31
18797,11530,Pre,49,2025-09-11
18798,11530,Post,62,2025-09-26
18799,11531,Pre,65,2024-07-18
18800,11533,Pre,78,2024-03-24
18801,11533,Post,85,2024-04-10
18802,11534,Pre,56,2025-09-30
18803,11534,Post,65,2025-10-07
18804,11535,Pre,73,2026-02-07
18805,11536,Pre,84,2025-10-21
18806,11536,Post,98,2025-11-10
18807,11537,Pre,57,2024-03-26
18808,11537,Post,67,2024-04-15
18809,11538,Pre,59,2024-10-27
18810,11538,Post,65,2024-11-13
18811,11539,Pre,62,2025-11-29
18812,11539,Post,78,2025-12-15
18813,11540,Pre,70,2025-10-15
18814,11541,Pre,61,2026-01-08
18815,11541,Post,78,2026-01-21
18816,11543,Pre,75,2026-01-06
18817,11543,Post,88,2026-01-18
18818,11544,Pre,59,2025-01-08
18819,11544,Post,77,2025-01-14
18820,11545,Pre,58,2025-03-12
18821,11545,Post,74,2025-04-03
18822,11547,Pre,59,2025-01-27
18823,11547,Post,72,2025-02-15
18824,11548,Pre,69,2025-08-01
18825,11548,Post,80,2025-08-25
18826,11549,Pre,40,2024-05-08
18827,11549,Post,51,2024-06-09
18828,11550,Pre,77,2024-02-16
18829,11550,Post,85,2024-03-01
18830,11551,Pre,72,2024-04-14
18831,11551,Post,76,2024-05-15
18832,11553,Pre,82,2025-12-03
18833,11553,Post,82,2025-12-17
18834,11554,Pre,66,2026-06-01
18835,11554,Post,71,2026-06-24
18836,11555,Pre,76,2026-04-20
18837,11555,Post,83,2026-05-11
18838,11556,Pre,59,2026-04-01
18839,11556,Post,71,2026-04-29
18840,11557,Pre,44,2024-09-11
18841,11557,Post,54,2024-09-28
18842,11561,Pre,58,2025-03-21
18843,11561,Post,66,2025-04-03
18844,11562,Pre,69,2026-07-27
18845,11562,Post,75,2026-08-03
18846,11563,Pre,80,2024-01-22
18847,11563,Post,77,2024-02-11
18848,11564,Pre,63,2024-02-10
18849,11564,Post,80,2024-02-23
18850,11565,Pre,62,2025-02-23
18851,11566,Pre,47,2025-06-04
18852,11566,Post,46,2025-06-19
18853,11567,Pre,59,2025-12-11
18854,11567,Post,64,2026-01-08
18855,11569,Pre,54,2025-12-12
18856,11569,Post,60,2025-12-27
18857,11570,Pre,39,2026-06-03
18858,11571,Pre,69,2026-02-21
18859,11571,Post,77,2026-02-28
18860,11572,Pre,52,2024-05-16
18861,11573,Pre,62,2024-07-25
18862,11573,Post,73,2024-08-18
18863,11574,Pre,54,2026-07-02
18864,11574,Post,62,2026-07-20
18865,11575,Pre,41,2025-04-20
18866,11576,Pre,52,2024-04-29
18867,11576,Post,68,2024-05-13
18868,11577,Pre,51,2026-03-16
18869,11577,Post,57,2026-04-06
18870,11578,Pre,75,2025-11-16
18871,11578,Post,91,2025-12-20
18872,11579,Pre,48,2024-02-15
18873,11579,Post,53,2024-03-02
18874,11580,Pre,72,2024-10-27
18875,11580,Post,74,2024-10-29
18876,11581,Pre,55,2025-07-26
18877,11582,Pre,64,2025-05-14
18878,11583,Pre,65,2026-02-16
18879,11585,Pre,66,2024-11-22
18880,11586,Pre,76,2025-05-25
18881,11586,Post,87,2025-06-02
18882,11587,Pre,48,2024-03-14
18883,11587,Post,63,2024-04-11
18884,11588,Pre,56,2025-04-08
18885,11588,Post,74,2025-04-22
18886,11589,Pre,58,2025-07-28
18887,11590,Pre,73,2025-06-24
18888,11590,Post,80,2025-07-17
18889,11591,Pre,57,2024-07-13
18890,11591,Post,69,2024-07-29
18891,11593,Pre,61,2025-02-06
18892,11593,Post,71,2025-03-08
18893,11595,Pre,59,2024-08-08
18894,11596,Pre,64,2025-11-02
18895,11596,Post,69,2025-11-04
18896,11597,Pre,60,2025-11-04
18897,11597,Post,81,2025-12-05
18898,11599,Pre,61,2024-12-22
18899,11599,Post,79,2025-01-02
18900,11600,Pre,53,2025-08-13
18901,11600,Post,65,2025-08-15
18902,11601,Pre,61,2025-01-31
18903,11601,Post,68,2025-02-26
18904,11602,Pre,47,2024-12-10
18905,11603,Pre,37,2024-09-19
18906,11603,Post,44,2024-10-16
18907,11604,Pre,55,2024-09-23
18908,11604,Post,63,2024-10-20
18909,11605,Pre,41,2024-05-20
18910,11605,Post,63,2024-06-21
18911,11606,Pre,43,2025-11-13
18912,11606,Post,58,2025-12-07
18913,11607,Pre,65,2026-05-07
18914,11609,Pre,48,2026-07-28
18915,11609,Post,64,2026-08-03
18916,11610,Pre,35,2025-07-08
18917,11610,Post,50,2025-07-29
18918,11611,Pre,45,2024-02-11
18919,11612,Pre,77,2025-03-17
18920,11612,Post,86,2025-03-28
18921,11613,Pre,60,2024-12-05
18922,11613,Post,73,2025-01-02
18923,11614,Pre,69,2024-05-25
18924,11614,Post,73,2024-06-17
18925,11615,Pre,54,2025-10-20
18926,11615,Post,67,2025-10-30
18927,11616,Pre,51,2025-04-16
18928,11616,Post,61,2025-05-03
18929,11617,Pre,49,2025-05-24
18930,11617,Post,68,2025-06-22
18931,11618,Pre,72,2025-12-15
18932,11619,Pre,68,2025-08-10
18933,11620,Pre,67,2026-05-03
18934,11620,Post,73,2026-05-27
18935,11621,Pre,70,2024-05-25
18936,11621,Post,73,2024-06-09
18937,11623,Pre,71,2025-07-29
18938,11623,Post,71,2025-08-22
18939,11624,Pre,62,2026-06-25
18940,11624,Post,60,2026-07-11
18941,11625,Pre,60,2024-05-22
18942,11625,Post,74,2024-06-11
18943,11626,Pre,49,2024-11-09
18944,11626,Post,61,2024-12-07
18945,11627,Pre,62,2025-04-02
18946,11627,Post,80,2025-04-22
18947,11628,Pre,49,2024-06-23
18948,11628,Post,59,2024-07-05
18949,11629,Pre,53,2026-05-12
18950,11630,Pre,52,2024-06-08
18951,11630,Post,61,2024-06-23
18952,11631,Pre,70,2026-06-05
18953,11631,Post,90,2026-06-12
18954,11632,Pre,70,2024-08-01
18955,11632,Post,74,2024-08-09
18956,11633,Pre,52,2026-02-03
18957,11633,Post,62,2026-02-14
18958,11634,Pre,83,2026-05-27
18959,11634,Post,90,2026-06-06
18960,11635,Pre,59,2024-09-19
18961,11635,Post,68,2024-10-02
18962,11636,Pre,55,2024-01-31
18963,11636,Post,66,2024-02-09
18964,11637,Pre,79,2024-11-30
18965,11638,Pre,39,2025-07-08
18966,11638,Post,41,2025-07-15
18967,11639,Pre,49,2025-05-21
18968,11639,Post,66,2025-05-30
18969,11641,Pre,70,2024-08-09
18970,11641,Post,71,2024-08-27
18971,11642,Pre,64,2025-07-06
18972,11642,Post,74,2025-08-01
18973,11644,Pre,52,2026-05-08
18974,11644,Post,62,2026-05-14
18975,11645,Pre,71,2026-08-03
18976,11645,Post,81,2026-08-21
18977,11646,Pre,57,2025-06-23
18978,11646,Post,72,2025-07-09
18979,11647,Pre,66,2024-06-08
18980,11647,Post,78,2024-06-19
18981,11648,Pre,76,2025-02-03
18982,11648,Post,82,2025-02-22
18983,11649,Pre,60,2025-03-21
18984,11650,Pre,73,2024-05-24
18985,11650,Post,85,2024-06-14
18986,11651,Pre,56,2024-03-29
18987,11651,Post,53,2024-04-09
18988,11652,Pre,74,2025-12-25
18989,11652,Post,77,2026-01-14
18990,11654,Pre,74,2024-04-02
18991,11654,Post,79,2024-04-09
18992,11655,Pre,70,2024-12-29
18993,11655,Post,79,2025-01-16
18994,11656,Pre,37,2024-10-08
18995,11656,Post,51,2024-11-01
18996,11657,Pre,44,2024-07-04
18997,11658,Pre,62,2024-08-15
18998,11658,Post,68,2024-08-31
18999,11659,Pre,61,2025-09-29
19000,11659,Post,69,2025-10-08
19001,11660,Pre,62,2025-08-26
19002,11660,Post,78,2025-09-15
19003,11661,Pre,61,2025-01-19
19004,11661,Post,57,2025-01-28
19005,11662,Pre,70,2024-12-12
19006,11662,Post,80,2024-12-20
19007,11663,Pre,46,2024-07-23
19008,11663,Post,45,2024-08-13
19009,11664,Pre,64,2024-08-10
19010,11664,Post,75,2024-09-08
19011,11666,Pre,38,2025-04-09
19012,11669,Pre,55,2024-03-10
19013,11669,Post,71,2024-04-03
19014,11670,Pre,65,2025-05-16
19015,11670,Post,72,2025-05-19
19016,11671,Pre,61,2025-05-18
19017,11673,Pre,62,2026-03-03
19018,11673,Post,71,2026-03-28
19019,11675,Pre,50,2024-07-23
19020,11675,Post,66,2024-08-12
19021,11676,Pre,56,2024-01-22
19022,11676,Post,76,2024-02-01
19023,11678,Pre,64,2024-12-27
19024,11678,Post,73,2025-01-01
19025,11680,Pre,58,2025-07-29
19026,11680,Post,61,2025-08-26
19027,11681,Pre,64,2025-01-25
19028,11682,Pre,63,2025-06-24
19029,11682,Post,63,2025-06-30
19030,11683,Pre,56,2025-05-29
19031,11683,Post,70,2025-06-10
19032,11684,Pre,52,2024-01-09
19033,11685,Pre,43,2025-02-28
19034,11685,Post,56,2025-04-01
19035,11686,Pre,77,2025-02-19
19036,11686,Post,83,2025-03-05
19037,11687,Pre,50,2024-02-19
19038,11687,Post,66,2024-02-29
19039,11688,Pre,39,2025-10-01
19040,11689,Pre,58,2024-01-11
19041,11689,Post,57,2024-01-22
19042,11690,Pre,59,2026-05-24
19043,11690,Post,69,2026-06-18
19044,11691,Pre,54,2026-03-05
19045,11691,Post,80,2026-03-24
19046,11692,Pre,47,2025-08-18
19047,11693,Pre,61,2024-09-10
19048,11693,Post,80,2024-10-08
19049,11694,Pre,47,2026-04-15
19050,11694,Post,58,2026-05-16
19051,11695,Pre,71,2025-04-07
19052,11695,Post,72,2025-04-21
19053,11696,Pre,65,2024-09-02
19054,11697,Pre,67,2026-05-31
19055,11697,Post,76,2026-06-22
19056,11698,Pre,62,2025-10-13
19057,11698,Post,69,2025-11-03
19058,11699,Pre,43,2026-03-29
19059,11699,Post,60,2026-04-06
19060,11700,Pre,65,2024-03-21
19061,11702,Pre,62,2024-03-09
19062,11703,Pre,53,2026-02-19
19063,11704,Pre,64,2025-10-29
19064,11704,Post,68,2025-11-17
19065,11705,Pre,43,2026-05-21
19066,11705,Post,53,2026-05-26
19067,11706,Pre,75,2026-08-02
19068,11706,Post,83,2026-08-26
19069,11707,Pre,68,2024-04-19
19070,11707,Post,80,2024-05-02
19071,11708,Pre,69,2026-07-12
19072,11708,Post,66,2026-08-05
19073,11709,Pre,71,2024-09-19
19074,11710,Pre,72,2026-05-16
19075,11711,Pre,71,2025-12-10
19076,11711,Post,87,2025-12-30
19077,11712,Pre,25,2025-05-09
19078,11712,Post,46,2025-06-02
19079,11713,Pre,58,2025-12-09
19080,11713,Post,75,2026-01-02
19081,11714,Pre,78,2025-07-15
19082,11714,Post,96,2025-08-02
19083,11715,Pre,62,2024-12-07
19084,11716,Pre,64,2025-09-22
19085,11716,Post,75,2025-10-19
19086,11717,Pre,52,2026-04-30
19087,11717,Post,56,2026-05-08
19088,11718,Pre,53,2026-02-21
19089,11718,Post,62,2026-03-08
19090,11720,Pre,51,2024-11-04
19091,11720,Post,54,2024-11-13
19092,11722,Pre,80,2024-04-08
19093,11722,Post,89,2024-04-15
19094,11723,Pre,58,2026-06-14
19095,11723,Post,72,2026-07-01
19096,11724,Pre,64,2024-07-15
19097,11725,Pre,57,2024-09-17
19098,11726,Pre,55,2024-05-05
19099,11726,Post,66,2024-05-25
19100,11727,Pre,70,2025-05-15
19101,11727,Post,90,2025-05-23
19102,11729,Pre,60,2024-01-16
19103,11729,Post,74,2024-02-11
19104,11730,Pre,64,2026-05-04
19105,11731,Pre,77,2025-11-17
19106,11731,Post,91,2025-11-28
19107,11733,Pre,46,2024-08-22
19108,11733,Post,57,2024-09-10
19109,11734,Pre,58,2024-09-21
19110,11734,Post,74,2024-10-13
19111,11735,Pre,44,2025-06-18
19112,11735,Post,59,2025-07-10
19113,11736,Pre,78,2025-10-28
19114,11736,Post,86,2025-11-07
19115,11738,Pre,81,2024-12-10
19116,11738,Post,81,2024-12-23
19117,11739,Pre,62,2024-09-24
19118,11739,Post,74,2024-10-16
19119,11740,Pre,48,2024-08-23
19120,11740,Post,62,2024-09-13
19121,11741,Pre,67,2026-08-08
19122,11741,Post,90,2026-08-18
19123,11742,Pre,69,2025-05-20
19124,11743,Pre,58,2024-12-09
19125,11743,Post,72,2024-12-18
19126,11744,Pre,54,2025-11-30
19127,11745,Pre,69,2026-01-10
19128,11746,Pre,51,2024-01-13
19129,11746,Post,65,2024-01-25
19130,11748,Pre,70,2025-11-25
19131,11749,Pre,60,2025-07-20
19132,11749,Post,69,2025-08-18
19133,11750,Pre,66,2026-05-05
19134,11750,Post,82,2026-05-14
19135,11751,Pre,57,2025-11-10
19136,11752,Pre,43,2025-02-16
19137,11752,Post,54,2025-03-09
19138,11753,Pre,61,2024-07-12
19139,11753,Post,78,2024-07-27
19140,11755,Pre,68,2025-08-13
19141,11755,Post,96,2025-09-12
19142,11756,Pre,71,2025-12-11
19143,11756,Post,76,2025-12-23
19144,11757,Pre,79,2024-11-13
19145,11757,Post,89,2024-11-28
19146,11758,Pre,73,2025-12-13
19147,11758,Post,74,2025-12-30
19148,11759,Pre,48,2025-05-18
19149,11760,Pre,56,2026-06-28
19150,11760,Post,70,2026-07-09
19151,11761,Pre,75,2025-07-10
19152,11761,Post,90,2025-07-26
19153,11762,Pre,68,2025-03-04
19154,11762,Post,75,2025-03-16
19155,11763,Pre,45,2026-03-22
19156,11763,Post,65,2026-03-29
19157,11764,Pre,56,2024-12-13
19158,11764,Post,84,2024-12-24
19159,11765,Pre,83,2024-10-29
19160,11765,Post,93,2024-11-16
19161,11766,Pre,80,2024-12-30
19162,11766,Post,90,2025-01-13
19163,11768,Pre,52,2026-06-24
19164,11768,Post,65,2026-07-13
19165,11769,Pre,66,2025-05-20
19166,11769,Post,75,2025-05-28
19167,11770,Pre,50,2025-03-10
19168,11770,Post,52,2025-04-01
19169,11772,Pre,73,2024-12-31
19170,11773,Pre,46,2025-06-09
19171,11773,Post,59,2025-06-30
19172,11774,Pre,65,2025-08-01
19173,11774,Post,71,2025-08-16
19174,11775,Pre,77,2025-03-08
19175,11776,Pre,41,2025-06-28
19176,11776,Post,54,2025-07-25
19177,11777,Pre,69,2026-05-16
19178,11777,Post,72,2026-05-27
19179,11778,Pre,77,2024-12-16
19180,11778,Post,83,2025-01-04
19181,11779,Pre,52,2026-04-18
19182,11779,Post,55,2026-05-15
19183,11780,Pre,45,2024-10-06
19184,11780,Post,61,2024-10-31
19185,11782,Pre,62,2025-01-26
19186,11782,Post,79,2025-02-23
19187,11783,Pre,56,2026-01-19
19188,11784,Pre,53,2024-06-02
19189,11784,Post,60,2024-06-11
19190,11785,Pre,54,2026-04-06
19191,11785,Post,67,2026-04-30
19192,11786,Pre,57,2024-08-06
19193,11787,Pre,79,2024-06-12
19194,11787,Post,83,2024-07-03
19195,11788,Pre,71,2026-02-17
19196,11789,Pre,62,2025-11-06
19197,11789,Post,75,2025-11-25
19198,11790,Pre,64,2026-04-25
19199,11790,Post,69,2026-05-15
19200,11791,Pre,59,2026-05-03
19201,11791,Post,73,2026-05-20
19202,11792,Pre,55,2025-04-13
19203,11792,Post,74,2025-04-21
19204,11793,Pre,44,2025-09-23
19205,11793,Post,59,2025-10-06
19206,11794,Pre,57,2024-05-26
19207,11794,Post,61,2024-06-17
19208,11795,Pre,63,2025-11-16
19209,11795,Post,74,2025-12-10
19210,11796,Pre,75,2024-02-28
19211,11796,Post,85,2024-03-13
19212,11797,Pre,61,2025-07-23
19213,11797,Post,71,2025-08-05
19214,11798,Pre,57,2024-12-25
19215,11799,Pre,53,2025-08-19
19216,11800,Pre,52,2024-11-02
19217,11800,Post,74,2024-11-28
19218,11801,Pre,63,2024-11-22
19219,11801,Post,75,2024-11-30
19220,11802,Pre,50,2025-05-07
19221,11802,Post,65,2025-05-29
19222,11803,Pre,62,2024-05-25
19223,11804,Pre,66,2025-01-01
19224,11804,Post,81,2025-01-12
19225,11805,Pre,62,2025-11-27
19226,11805,Post,75,2026-01-03
19227,11806,Pre,60,2026-03-06
19228,11807,Pre,68,2025-07-27
19229,11807,Post,74,2025-08-24
19230,11808,Pre,65,2025-11-30
19231,11808,Post,65,2025-12-09
19232,11809,Pre,64,2024-04-29
19233,11809,Post,74,2024-05-11
19234,11810,Pre,48,2026-08-09
19235,11810,Post,56,2026-08-23
19236,11811,Pre,61,2024-05-03
19237,11812,Pre,55,2025-10-03
19238,11812,Post,66,2025-10-30
19239,11813,Pre,43,2026-01-13
19240,11814,Pre,68,2024-07-01
19241,11814,Post,72,2024-07-13
19242,11815,Pre,62,2024-02-23
19243,11815,Post,74,2024-02-28
19244,11816,Pre,83,2025-03-28
19245,11817,Pre,49,2026-03-03
19246,11817,Post,56,2026-03-23
19247,11818,Pre,83,2025-04-04
19248,11818,Post,82,2025-04-17
19249,11819,Pre,63,2024-02-17
19250,11820,Pre,42,2026-02-02
19251,11820,Post,60,2026-02-12
19252,11821,Pre,63,2025-08-05
19253,11822,Pre,45,2025-05-29
19254,11823,Pre,74,2025-11-09
19255,11823,Post,77,2025-12-03
19256,11826,Pre,46,2024-10-15
19257,11826,Post,58,2024-10-22
19258,11827,Pre,60,2025-10-20
19259,11827,Post,58,2025-11-09
19260,11828,Pre,39,2024-05-29
19261,11828,Post,52,2024-06-10
19262,11829,Pre,64,2024-10-03
19263,11829,Post,71,2024-11-03
19264,11830,Pre,58,2024-04-23
19265,11830,Post,72,2024-05-13
19266,11831,Pre,66,2025-04-30
19267,11831,Post,65,2025-05-12
19268,11832,Pre,48,2026-05-14
19269,11832,Post,55,2026-06-12
19270,11833,Pre,58,2026-01-20
19271,11833,Post,78,2026-02-03
19272,11834,Pre,61,2024-02-15
19273,11835,Pre,56,2024-09-18
19274,11835,Post,76,2024-09-30
19275,11836,Pre,37,2024-10-13
19276,11836,Post,49,2024-11-11
19277,11837,Pre,76,2026-07-02
19278,11837,Post,87,2026-07-18
19279,11838,Pre,66,2025-03-21
19280,11840,Pre,55,2025-03-26
19281,11840,Post,67,2025-04-08
19282,11841,Pre,62,2024-11-10
19283,11841,Post,76,2024-12-10
19284,11842,Pre,42,2025-09-19
19285,11842,Post,56,2025-10-02
19286,11843,Pre,61,2024-03-18
19287,11844,Pre,40,2024-05-08
19288,11844,Post,46,2024-05-11
19289,11846,Pre,71,2024-04-24
19290,11846,Post,78,2024-05-22
19291,11849,Pre,52,2025-07-01
19292,11849,Post,62,2025-07-26
19293,11850,Pre,71,2024-08-11
19294,11850,Post,84,2024-08-31
19295,11851,Pre,69,2024-11-25
19296,11851,Post,68,2024-12-15
19297,11852,Pre,78,2025-02-16
19298,11853,Pre,57,2024-09-14
19299,11854,Pre,58,2025-01-21
19300,11854,Post,88,2025-02-08
19301,11855,Pre,51,2026-02-06
19302,11856,Pre,45,2025-12-23
19303,11856,Post,58,2026-01-24
19304,11857,Pre,52,2025-09-25
19305,11857,Post,64,2025-10-24
19306,11858,Pre,66,2024-06-29
19307,11858,Post,80,2024-07-06
19308,11859,Pre,53,2026-02-12
19309,11859,Post,70,2026-02-19
19310,11862,Pre,36,2025-04-01
19311,11862,Post,48,2025-04-28
19312,11863,Pre,61,2026-01-10
19313,11863,Post,79,2026-02-11
19314,11864,Pre,56,2024-07-24
19315,11864,Post,68,2024-08-19
19316,11866,Pre,50,2025-10-06
19317,11866,Post,64,2025-11-04
19318,11867,Pre,58,2024-03-23
19319,11867,Post,59,2024-04-01
19320,11868,Pre,48,2025-09-27
19321,11868,Post,63,2025-10-06
19322,11869,Pre,71,2024-08-27
19323,11869,Post,67,2024-09-02
19324,11870,Pre,59,2026-06-23
19325,11870,Post,80,2026-07-07
19326,11871,Pre,53,2025-07-19
19327,11872,Pre,63,2025-04-28
19328,11872,Post,73,2025-05-19
19329,11874,Pre,62,2024-05-17
19330,11874,Post,77,2024-06-05
19331,11875,Pre,53,2024-11-15
19332,11875,Post,59,2024-12-06
19333,11876,Pre,62,2025-03-19
19334,11876,Post,77,2025-03-27
19335,11877,Pre,80,2025-12-05
19336,11877,Post,84,2025-12-29
19337,11878,Pre,47,2025-07-29
19338,11878,Post,51,2025-08-07
19339,11879,Pre,37,2025-04-11
19340,11880,Pre,56,2025-12-20
19341,11880,Post,64,2025-12-31
19342,11881,Pre,38,2024-10-17
19343,11881,Post,51,2024-11-01
19344,11882,Pre,51,2026-06-25
19345,11882,Post,57,2026-07-13
19346,11883,Pre,46,2026-01-07
19347,11883,Post,59,2026-01-12
19348,11884,Pre,57,2024-03-17
19349,11884,Post,70,2024-04-18
19350,11885,Pre,65,2024-10-22
19351,11885,Post,73,2024-10-31
19352,11886,Pre,66,2026-03-23
19353,11886,Post,68,2026-03-30
19354,11887,Pre,52,2026-01-30
19355,11887,Post,64,2026-03-01
19356,11889,Pre,79,2025-08-17
19357,11889,Post,95,2025-09-12
19358,11890,Pre,63,2026-07-17
19359,11891,Pre,53,2026-03-23
19360,11891,Post,61,2026-03-28
19361,11892,Pre,49,2024-06-11
19362,11892,Post,64,2024-07-10
19363,11893,Pre,43,2026-07-05
19364,11894,Pre,46,2025-05-24
19365,11894,Post,60,2025-06-18
19366,11895,Pre,52,2026-03-31
19367,11895,Post,69,2026-04-24
19368,11896,Pre,77,2024-09-30
19369,11896,Post,76,2024-10-23
19370,11897,Pre,70,2024-11-10
19371,11898,Pre,69,2024-12-13
19372,11898,Post,78,2024-12-28
19373,11899,Pre,66,2026-02-15
19374,11899,Post,69,2026-03-18
19375,11900,Pre,67,2025-07-16
19376,11900,Post,81,2025-08-12
19377,11901,Pre,48,2024-08-08
19378,11901,Post,58,2024-09-01
19379,11902,Pre,84,2024-03-24
19380,11902,Post,89,2024-03-31
19381,11903,Pre,53,2024-03-11
19382,11903,Post,59,2024-03-18
19383,11904,Pre,60,2024-09-02
19384,11905,Pre,43,2025-12-21
19385,11906,Pre,46,2024-11-13
19386,11907,Pre,59,2026-06-04
19387,11907,Post,77,2026-06-19
19388,11908,Pre,66,2024-11-25
19389,11908,Post,75,2024-12-14
19390,11909,Pre,65,2026-07-27
19391,11909,Post,77,2026-08-11
19392,11910,Pre,53,2024-10-27
19393,11910,Post,61,2024-11-03
19394,11911,Pre,77,2026-03-23
19395,11913,Pre,45,2025-12-07
19396,11913,Post,50,2025-12-24
19397,11914,Pre,41,2025-12-19
19398,11914,Post,49,2026-01-06
19399,11915,Pre,48,2024-01-21
19400,11915,Post,68,2024-02-19
19401,11916,Pre,64,2026-03-23
19402,11916,Post,75,2026-04-16
19403,11917,Pre,69,2024-04-05
19404,11917,Post,84,2024-04-22
19405,11918,Pre,47,2024-01-30
19406,11918,Post,64,2024-02-11
19407,11919,Pre,49,2025-10-12
19408,11919,Post,49,2025-10-15
19409,11920,Pre,46,2024-04-28
19410,11920,Post,58,2024-05-22
19411,11921,Pre,66,2024-11-28
19412,11922,Pre,77,2026-07-02
19413,11923,Pre,60,2024-02-13
19414,11923,Post,67,2024-03-01
19415,11924,Pre,39,2025-01-08
19416,11924,Post,54,2025-02-01
19417,11925,Pre,61,2024-02-14
19418,11925,Post,83,2024-03-09
19419,11926,Pre,31,2024-12-08
19420,11926,Post,48,2024-12-14
19421,11927,Pre,88,2024-01-15
19422,11928,Pre,72,2026-02-16
19423,11928,Post,86,2026-03-01
19424,11929,Pre,63,2025-06-20
19425,11930,Pre,71,2025-03-27
19426,11930,Post,73,2025-04-03
19427,11931,Pre,55,2024-06-18
19428,11932,Pre,78,2024-10-29
19429,11932,Post,83,2024-11-07
19430,11933,Pre,34,2025-07-19
19431,11933,Post,47,2025-08-05
19432,11934,Pre,43,2024-03-02
19433,11934,Post,51,2024-03-27
19434,11935,Pre,70,2024-05-25
19435,11935,Post,79,2024-06-06
19436,11936,Pre,60,2024-07-22
19437,11936,Post,70,2024-07-25
19438,11937,Pre,52,2024-11-13
19439,11937,Post,64,2024-12-18
19440,11938,Pre,75,2025-01-13
19441,11938,Post,97,2025-01-19
19442,11939,Pre,58,2026-05-28
19443,11941,Pre,70,2024-04-08
19444,11941,Post,86,2024-04-23
19445,11942,Pre,83,2024-10-13
19446,11942,Post,88,2024-11-11
19447,11943,Pre,59,2024-04-24
19448,11943,Post,69,2024-05-18
19449,11944,Pre,65,2024-06-03
19450,11945,Pre,59,2024-11-18
19451,11945,Post,71,2024-12-04
19452,11946,Pre,40,2024-10-29
19453,11947,Pre,60,2024-02-27
19454,11947,Post,71,2024-03-01
19455,11948,Pre,36,2024-02-15
19456,11948,Post,45,2024-03-10
19457,11949,Pre,48,2024-03-24
19458,11949,Post,67,2024-04-07
19459,11950,Pre,45,2024-12-24
19460,11950,Post,54,2024-12-28
19461,11951,Pre,63,2024-05-08
19462,11951,Post,77,2024-05-21
19463,11952,Pre,47,2025-11-10
19464,11952,Post,69,2025-12-08
19465,11953,Pre,66,2024-10-09
19466,11953,Post,79,2024-11-02
19467,11954,Pre,50,2024-09-14
19468,11955,Pre,40,2024-08-31
19469,11955,Post,53,2024-09-07
19470,11956,Pre,44,2025-09-21
19471,11958,Pre,68,2026-03-05
19472,11958,Post,74,2026-04-02
19473,11959,Pre,59,2026-07-01
19474,11959,Post,74,2026-07-27
19475,11960,Pre,67,2024-07-13
19476,11960,Post,82,2024-07-28
19477,11961,Pre,49,2026-04-16
19478,11961,Post,63,2026-05-08
19479,11962,Pre,81,2025-04-05
19480,11962,Post,91,2025-04-13
19481,11963,Pre,65,2026-03-07
19482,11964,Pre,63,2025-07-13
19483,11964,Post,74,2025-07-29
19484,11965,Pre,48,2024-04-11
19485,11965,Post,58,2024-04-16
19486,11966,Pre,63,2024-04-27
19487,11967,Pre,59,2025-08-26
19488,11968,Pre,43,2024-01-19
19489,11968,Post,62,2024-02-09
19490,11969,Pre,71,2025-12-04
19491,11969,Post,89,2026-01-01
19492,11970,Pre,56,2024-02-01
19493,11970,Post,67,2024-03-07
19494,11973,Pre,42,2024-07-26
19495,11973,Post,54,2024-08-09
19496,11974,Pre,66,2026-02-18
19497,11974,Post,84,2026-03-17
19498,11975,Pre,49,2026-08-06
19499,11975,Post,58,2026-08-14
19500,11976,Pre,47,2024-05-14
19501,11977,Pre,64,2025-01-19
19502,11977,Post,74,2025-01-31
19503,11978,Pre,50,2024-09-18
19504,11979,Pre,47,2025-11-17
19505,11979,Post,55,2025-11-23
19506,11980,Pre,54,2025-05-20
19507,11981,Pre,49,2024-03-26
19508,11981,Post,69,2024-04-11
19509,11982,Pre,88,2024-07-08
19510,11982,Post,100,2024-07-28
19511,11985,Pre,63,2025-06-13
19512,11986,Pre,55,2024-08-22
19513,11986,Post,67,2024-09-17
19514,11987,Pre,56,2024-02-08
19515,11987,Post,58,2024-02-15
19516,11988,Pre,36,2024-07-04
19517,11988,Post,50,2024-07-17
19518,11989,Pre,43,2025-06-29
19519,11989,Post,72,2025-07-14
19520,11991,Pre,69,2024-10-19
19521,11991,Post,79,2024-11-13
19522,11992,Pre,60,2025-05-11
19523,11992,Post,74,2025-05-26
19524,11994,Pre,55,2026-05-29
19525,11995,Pre,62,2026-04-28
19526,11995,Post,66,2026-05-30
19527,11996,Pre,61,2025-04-21
19528,11996,Post,64,2025-05-05
19529,11997,Pre,84,2026-01-03
19530,11997,Post,94,2026-02-01
19531,11998,Pre,67,2024-08-12
19532,11998,Post,90,2024-08-26
19533,11999,Pre,55,2026-07-14
19534,11999,Post,71,2026-08-09
19535,12000,Pre,53,2025-02-02
19536,12000,Post,66,2025-02-17
