employee_skill_id,employee_id,skill_id,proficiency_level
1,1,1,4
2,1,8,2
3,1,9,5
4,1,48,5
5,1,20,4
6,1,21,5
7,1,55,3
8,1,24,2
9,1,57,4
10,1,58,3
11,1,27,1
12,1,30,5
13,2,34,3
14,2,35,1
15,2,36,2
16,2,5,2
17,2,6,1
18,2,8,1
19,2,18,3
20,2,51,3
21,2,21,1
22,2,30,3
23,2,31,2
24,3,1,3
25,3,3,4
26,3,4,3
27,3,39,2
28,3,8,2
29,3,40,2
30,3,9,2
31,3,11,1
32,3,7,2
33,3,43,3
34,3,19,3
35,3,21,2
36,3,22,5
37,4,8,5
38,4,9,5
39,4,11,3
40,4,19,5
41,4,21,5
42,4,22,5
43,4,23,3
44,4,53,4
45,4,25,3
46,4,58,3
47,4,59,5
48,4,30,5
49,5,32,1
50,5,33,1
51,5,1,1
52,5,3,2
53,5,36,2
54,5,9,3
55,5,11,2
56,5,20,3
57,5,25,2
58,5,27,1
59,6,1,2
60,6,39,3
61,6,8,3
62,6,41,1
63,6,9,2
64,6,11,2
65,6,16,3
66,6,49,2
67,6,50,1
68,6,19,1
69,6,51,2
70,6,21,1
71,6,54,3
72,6,26,3
73,7,32,5
74,7,1,4
75,7,34,2
76,7,3,5
77,7,36,5
78,7,2,4
79,7,9,4
80,7,11,3
81,7,21,5
82,7,54,3
83,7,29,5
84,7,31,4
85,8,33,1
86,8,3,3
87,8,5,3
88,8,37,2
89,8,9,2
90,8,43,3
91,8,45,1
92,8,46,4
93,8,47,3
94,8,18,2
95,8,51,3
96,8,20,1
97,8,21,2
98,9,1,3
99,9,33,4
100,9,56,1
101,9,9,1
102,9,48,4
103,9,20,2
104,9,55,3
105,9,24,2
106,9,57,1
107,9,58,2
108,9,59,3
109,9,30,3
110,10,1,5
111,10,3,4
112,10,4,3
113,10,6,4
114,10,8,4
115,10,9,4
116,10,10,1
117,10,13,4
118,10,48,5
119,10,50,1
120,10,19,2
121,10,52,3
122,10,21,3
123,10,60,5
124,11,7,2
125,11,14,2
126,11,15,3
127,11,46,2
128,11,17,3
129,11,18,3
130,11,19,4
131,11,20,2
132,11,21,3
133,12,1,3
134,12,34,4
135,12,35,3
136,12,36,5
137,12,5,3
138,12,11,3
139,12,15,3
140,12,21,4
141,12,23,4
142,12,30,5
143,12,31,4
144,13,1,1
145,13,7,3
146,13,8,1
147,13,9,2
148,13,40,2
149,13,13,1
150,13,15,2
151,13,16,2
152,13,17,2
153,13,18,2
154,13,19,1
155,13,21,2
156,13,31,2
157,14,1,1
158,14,3,3
159,14,4,2
160,14,6,2
161,14,8,2
162,14,9,1
163,14,40,3
164,14,48,2
165,14,51,1
166,14,19,3
167,14,52,3
168,14,21,1
169,14,57,3
170,14,60,2
171,15,4,3
172,15,7,5
173,15,8,5
174,15,9,5
175,15,13,5
176,15,14,5
177,15,15,5
178,15,17,4
179,15,18,5
180,15,20,4
181,15,21,5
182,15,25,4
183,15,58,3
184,15,28,5
185,15,30,4
186,16,1,3
187,16,2,4
188,16,3,3
189,16,4,2
190,16,5,2
191,16,8,2
192,16,9,3
193,16,19,4
194,16,51,4
195,16,60,3
196,17,8,2
197,17,9,1
198,17,11,3
199,17,19,1
200,17,23,1
201,17,21,1
202,17,22,3
203,17,53,1
204,17,54,3
205,17,20,2
206,17,58,2
207,17,59,2
208,17,30,2
209,18,1,1
210,18,3,1
211,18,4,1
212,18,5,2
213,18,7,2
214,18,8,2
215,18,9,3
216,18,11,3
217,18,12,2
218,18,19,1
219,18,51,2
220,19,1,1
221,19,7,4
222,19,8,2
223,19,9,3
224,19,11,4
225,19,13,2
226,19,15,2
227,19,16,1
228,19,17,3
229,19,18,4
230,19,19,2
231,19,49,4
232,19,21,4
233,19,56,3
234,20,3,3
235,20,36,2
236,20,5,3
237,20,9,2
238,20,43,2
239,20,45,2
240,20,46,5
241,20,47,3
242,20,14,3
243,20,17,3
244,20,19,3
245,20,20,2
246,20,21,2
247,21,1,5
248,21,3,5
249,21,39,4
250,21,8,3
251,21,40,4
252,21,9,3
253,21,11,3
254,21,41,3
255,21,19,5
256,21,21,5
257,21,55,3
258,22,4,3
259,22,6,3
260,22,8,5
261,22,41,1
262,22,11,5
263,22,19,5
264,22,23,5
265,22,21,5
266,22,22,5
267,22,53,5
268,22,25,3
269,22,58,3
270,22,59,4
271,22,28,4
272,22,30,3
273,23,1,1
274,23,4,2
275,23,5,1
276,23,6,2
277,23,7,2
278,23,8,1
279,23,11,2
280,23,12,1
281,23,15,2
282,23,19,3
283,23,58,3
284,24,1,2
285,24,2,3
286,24,3,2
287,24,4,2
288,24,8,2
289,24,9,3
290,24,16,1
291,24,17,1
292,24,19,3
293,24,51,4
294,24,23,1
295,24,60,3
296,25,1,5
297,25,8,4
298,25,9,4
299,25,41,4
300,25,11,4
301,25,49,4
302,25,50,4
303,25,19,5
304,25,51,4
305,25,21,3
306,25,54,5
307,25,27,2
308,25,29,2
309,25,31,4
310,26,1,3
311,26,34,2
312,26,35,4
313,26,36,5
314,26,5,4
315,26,11,3
316,26,45,3
317,26,47,5
318,26,21,4
319,26,53,2
320,26,57,3
321,26,30,5
322,26,31,3
323,27,1,4
324,27,56,4
325,27,37,4
326,27,38,3
327,27,9,5
328,27,41,3
329,27,10,3
330,27,48,2
331,27,19,5
332,27,20,5
333,27,21,5
334,27,25,5
335,27,24,5
336,27,57,5
337,27,58,5
338,27,28,5
339,27,30,5
340,28,34,3
341,28,3,2
342,28,8,5
343,28,11,4
344,28,45,5
345,28,19,5
346,28,23,5
347,28,21,4
348,28,22,2
349,28,53,4
350,28,25,4
351,28,58,5
352,28,59,4
353,28,28,3
354,28,30,3
355,28,31,1
356,29,1,2
357,29,2,1
358,29,3,2
359,29,4,2
360,29,37,5
361,29,8,1
362,29,9,2
363,29,12,4
364,29,13,3
365,29,19,3
366,29,51,4
367,29,60,2
368,30,1,5
369,30,8,4
370,30,9,4
371,30,60,4
372,30,46,2
373,30,48,4
374,30,20,5
375,30,21,4
376,30,25,4
377,30,58,4
378,30,28,5
379,30,30,4
380,31,1,2
381,31,2,4
382,31,3,3
383,31,37,3
384,31,38,3
385,31,39,3
386,31,8,4
387,31,41,4
388,31,40,3
389,31,11,2
390,31,19,3
391,32,36,3
392,32,40,4
393,32,9,4
394,32,8,4
395,32,49,2
396,32,19,4
397,32,21,4
398,32,53,2
399,32,23,4
400,32,22,3
401,32,59,4
402,32,30,4
403,33,3,4
404,33,4,5
405,33,8,4
406,33,9,3
407,33,18,3
408,33,19,4
409,33,51,4
410,33,21,5
411,33,52,5
412,33,60,4
413,34,3,3
414,34,4,4
415,34,5,5
416,34,6,5
417,34,8,4
418,34,9,3
419,34,12,4
420,34,19,4
421,34,21,5
422,34,54,3
423,34,59,1
424,35,3,5
425,35,5,5
426,35,8,4
427,35,9,4
428,35,13,3
429,35,46,5
430,35,47,5
431,35,48,5
432,35,19,5
433,35,21,4
434,35,25,2
435,35,28,5
436,35,30,3
437,35,31,5
438,36,1,4
439,36,34,5
440,36,3,3
441,36,36,4
442,36,11,5
443,36,19,3
444,36,21,3
445,36,30,4
446,36,31,3
447,37,32,3
448,37,1,4
449,37,34,4
450,37,3,3
451,37,36,5
452,37,2,4
453,37,9,3
454,37,11,2
455,37,21,5
456,37,31,4
457,38,1,2
458,38,8,4
459,38,41,2
460,38,9,1
461,38,11,1
462,38,49,2
463,38,50,1
464,38,19,1
465,38,51,2
466,38,21,2
467,38,54,2
468,38,60,4
469,39,1,3
470,39,4,3
471,39,8,3
472,39,9,4
473,39,48,4
474,39,20,4
475,39,21,3
476,39,55,3
477,39,24,2
478,39,57,3
479,39,58,2
480,39,30,3
481,40,1,3
482,40,2,4
483,40,3,3
484,40,4,1
485,40,5,3
486,40,6,5
487,40,8,3
488,40,9,3
489,40,11,2
490,40,12,2
491,40,45,5
492,40,19,1
493,40,21,2
494,41,1,1
495,41,3,3
496,41,37,2
497,41,38,3
498,41,8,4
499,41,41,4
500,41,40,4
501,41,11,2
502,41,19,3
503,41,20,3
504,42,3,3
505,42,5,5
506,42,8,5
507,42,9,4
508,42,11,2
509,42,13,4
510,42,46,5
511,42,47,5
512,42,48,5
513,42,45,4
514,42,19,5
515,42,21,4
516,42,25,4
517,42,26,2
518,42,28,5
519,42,30,4
520,43,34,3
521,43,3,1
522,43,36,4
523,43,8,2
524,43,9,2
525,43,13,1
526,43,46,2
527,43,47,3
528,43,45,1
529,43,21,3
530,44,32,3
531,44,33,1
532,44,1,4
533,44,3,3
534,44,36,4
535,44,9,5
536,44,11,4
537,44,20,5
538,44,27,4
539,45,3,1
540,45,4,4
541,45,8,3
542,45,9,3
543,45,42,1
544,45,19,3
545,45,51,3
546,45,21,4
547,45,52,4
548,45,60,2
549,46,3,5
550,46,5,5
551,46,8,5
552,46,9,5
553,46,13,4
554,46,46,5
555,46,47,5
556,46,48,5
557,46,19,5
558,46,21,3
559,46,25,4
560,46,28,5
561,46,30,4
562,47,1,2
563,47,56,1
564,47,9,2
565,47,48,2
566,47,20,2
567,47,53,4
568,47,55,2
569,47,24,4
570,47,57,1
571,47,58,2
572,47,59,2
573,47,30,3
574,48,8,5
575,48,9,4
576,48,41,5
577,48,11,4
578,48,40,3
579,48,46,5
580,48,50,5
581,48,19,5
582,48,52,5
583,48,51,4
584,48,21,5
585,48,25,4
586,48,28,4
587,48,30,4
588,49,1,5
589,49,37,5
590,49,6,4
591,49,39,5
592,49,40,5
593,49,41,5
594,49,42,4
595,49,11,4
596,49,9,5
597,49,45,2
598,49,10,1
599,49,19,5
600,49,21,5
601,49,25,4
602,49,27,4
603,49,28,5
604,49,30,4
605,50,2,3
606,50,9,4
607,50,18,2
608,50,19,3
609,50,21,4
610,50,53,3
611,50,23,3
612,50,22,3
613,50,26,2
614,50,59,3
615,50,30,5
616,51,32,1
617,51,1,4
618,51,2,3
619,51,3,1
620,51,36,5
621,51,34,3
622,51,8,2
623,51,9,3
624,51,41,2
625,51,13,4
626,51,19,3
627,51,20,2
628,52,8,5
629,52,11,5
630,52,45,2
631,52,46,2
632,52,48,5
633,52,19,4
634,52,23,5
635,52,21,5
636,52,22,5
637,52,53,5
638,52,25,4
639,52,58,4
640,52,59,5
641,52,28,5
642,52,30,5
643,53,8,4
644,53,9,3
645,53,14,2
646,53,19,4
647,53,51,3
648,53,53,3
649,53,21,3
650,53,22,3
651,53,58,4
652,53,59,3
653,53,30,4
654,54,3,5
655,54,5,5
656,54,8,5
657,54,9,2
658,54,12,4
659,54,13,4
660,54,46,4
661,54,47,5
662,54,48,5
663,54,19,5
664,54,21,4
665,54,25,4
666,54,28,5
667,54,30,3
668,55,3,3
669,55,5,2
670,55,7,2
671,55,9,2
672,55,43,3
673,55,45,2
674,55,46,4
675,55,47,3
676,55,48,3
677,55,20,1
678,55,21,3
679,56,1,4
680,56,8,2
681,56,41,4
682,56,46,4
683,56,50,4
684,56,19,3
685,56,51,2
686,56,21,3
687,56,54,3
688,56,52,3
689,57,1,5
690,57,37,5
691,57,39,5
692,57,40,4
693,57,41,5
694,57,42,4
695,57,11,4
696,57,9,5
697,57,10,2
698,57,60,2
699,57,19,5
700,57,21,4
701,57,25,4
702,57,28,5
703,57,30,4
704,58,1,2
705,58,2,2
706,58,3,2
707,58,4,3
708,58,8,2
709,58,9,1
710,58,40,4
711,58,19,5
712,58,51,2
713,58,20,3
714,58,24,3
715,58,60,3
716,59,3,3
717,59,36,4
718,59,5,4
719,59,8,2
720,59,43,3
721,59,44,4
722,59,45,3
723,59,13,2
724,59,48,4
725,59,19,3
726,59,20,4
727,59,28,2
728,60,1,2
729,60,8,2
730,60,9,2
731,60,40,3
732,60,15,3
733,60,48,4
734,60,20,3
735,60,21,1
736,60,55,1
737,60,24,2
738,60,57,2
739,60,58,1
740,60,59,3
741,60,30,4
742,61,9,4
743,61,19,4
744,61,52,3
745,61,21,4
746,61,53,2
747,61,23,4
748,61,22,3
749,61,59,4
750,61,30,5
751,62,1,2
752,62,3,2
753,62,37,4
754,62,6,2
755,62,8,2
756,62,9,1
757,62,16,3
758,62,51,2
759,62,21,2
760,62,56,2
761,62,60,2
762,63,1,2
763,63,8,2
764,63,9,2
765,63,41,2
766,63,11,2
767,63,49,2
768,63,51,1
769,63,19,2
770,63,21,1
771,63,54,3
772,64,38,5
773,64,8,4
774,64,9,3
775,64,14,3
776,64,19,2
777,64,53,2
778,64,21,1
779,64,22,3
780,64,58,5
781,64,59,3
782,64,30,3
783,65,1,3
784,65,38,5
785,65,7,2
786,65,8,2
787,65,12,3
788,65,13,3
789,65,14,4
790,65,15,4
791,65,17,4
792,65,18,1
793,65,19,3
794,65,21,5
795,65,55,3
796,65,28,2
797,66,33,2
798,66,1,1
799,66,3,2
800,66,36,2
801,66,37,5
802,66,8,1
803,66,9,1
804,66,21,2
805,66,27,3
806,67,32,2
807,67,1,3
808,67,3,1
809,67,36,2
810,67,38,2
811,67,8,1
812,67,9,3
813,67,12,3
814,67,13,3
815,67,19,1
816,67,20,2
817,68,32,2
818,68,33,3
819,68,1,3
820,68,3,3
821,68,36,4
822,68,9,3
823,68,11,3
824,68,20,2
825,68,27,3
826,69,8,4
827,69,9,2
828,69,11,4
829,69,19,2
830,69,23,1
831,69,21,3
832,69,22,3
833,69,53,1
834,69,58,2
835,69,59,2
836,69,28,1
837,69,30,4
838,70,1,5
839,70,37,5
840,70,39,5
841,70,40,5
842,70,41,4
843,70,42,3
844,70,11,4
845,70,9,5
846,70,60,4
847,70,19,5
848,70,21,5
849,70,25,4
850,70,28,5
851,70,30,3
852,70,57,4
853,71,3,5
854,71,4,4
855,71,5,3
856,71,8,4
857,71,9,5
858,71,42,2
859,71,44,5
860,71,45,4
861,71,46,5
862,71,48,5
863,71,16,4
864,71,21,5
865,72,34,5
866,72,35,3
867,72,36,4
868,72,5,2
869,72,3,4
870,72,7,2
871,72,8,3
872,72,21,2
873,72,30,3
874,72,31,3
875,73,3,4
876,73,4,1
877,73,6,3
878,73,8,3
879,73,9,2
880,73,12,4
881,73,51,2
882,73,19,3
883,73,52,3
884,73,21,2
885,73,23,4
886,73,57,3
887,73,60,4
888,74,3,5
889,74,5,5
890,74,6,4
891,74,8,5
892,74,9,4
893,74,11,5
894,74,19,5
895,74,21,2
896,74,55,1
897,74,25,5
898,74,28,5
899,74,30,4
900,75,1,5
901,75,35,5
902,75,36,5
903,75,8,5
904,75,9,4
905,75,19,4
906,75,54,3
907,75,25,4
908,75,27,1
909,75,28,4
910,75,30,4
911,75,31,3
912,76,1,4
913,76,3,5
914,76,39,2
915,76,8,4
916,76,40,2
917,76,9,3
918,76,11,2
919,76,13,5
920,76,18,3
921,76,19,2
922,76,21,3
923,76,54,2
924,76,23,2
925,77,1,2
926,77,2,2
927,77,3,2
928,77,5,1
929,77,6,3
930,77,8,2
931,77,9,1
932,77,11,1
933,77,12,1
934,77,19,1
935,77,52,5
936,77,21,2
937,78,32,2
938,78,33,2
939,78,1,4
940,78,3,2
941,78,36,2
942,78,9,5
943,78,11,3
944,78,20,4
945,78,52,3
946,78,27,2
947,79,3,3
948,79,8,3
949,79,9,3
950,79,44,4
951,79,13,3
952,79,46,3
953,79,47,4
954,79,45,3
955,79,15,4
956,79,21,3
957,79,53,4
958,80,9,3
959,80,11,3
960,80,19,3
961,80,21,4
962,80,53,2
963,80,23,4
964,80,22,3
965,80,59,3
966,80,30,5
967,81,34,2
968,81,8,4
969,81,9,2
970,81,11,4
971,81,19,4
972,81,23,2
973,81,21,3
974,81,22,3
975,81,53,3
976,81,58,1
977,81,59,1
978,81,30,3
979,82,1,4
980,82,3,5
981,82,4,4
982,82,6,4
983,82,8,5
984,82,9,5
985,82,42,1
986,82,19,4
987,82,52,3
988,82,21,3
989,82,55,3
990,82,60,5
991,83,32,3
992,83,1,4
993,83,3,2
994,83,36,3
995,83,8,3
996,83,9,4
997,83,13,4
998,83,48,2
999,83,19,3
1000,83,20,2
1001,84,1,3
1002,84,8,2
1003,84,9,3
1004,84,41,3
1005,84,11,2
1006,84,40,3
1007,84,13,2
1008,84,49,1
1009,84,51,2
1010,84,19,3
1011,84,21,3
1012,84,54,4
1013,84,25,4
1014,84,28,4
1015,85,1,2
1016,85,8,2
1017,85,9,2
1018,85,48,4
1019,85,20,2
1020,85,21,2
1021,85,55,1
1022,85,24,1
1023,85,57,2
1024,85,58,1
1025,85,30,4
1026,85,31,3
1027,86,36,4
1028,86,8,4
1029,86,9,1
1030,86,43,2
1031,86,12,3
1032,86,19,4
1033,86,53,3
1034,86,21,2
1035,86,22,4
1036,86,54,2
1037,86,58,3
1038,86,59,3
1039,86,30,3
1040,87,1,2
1041,87,2,5
1042,87,7,2
1043,87,8,1
1044,87,13,2
1045,87,14,3
1046,87,15,3
1047,87,17,3
1048,87,18,1
1049,87,19,2
1050,87,23,3
1051,87,21,3
1052,87,55,1
1053,88,32,5
1054,88,1,5
1055,88,3,5
1056,88,9,5
1057,88,10,2
1058,88,11,5
1059,88,13,3
1060,88,20,5
1061,88,21,4
1062,88,25,5
1063,88,27,5
1064,88,28,4
1065,88,30,5
1066,89,1,2
1067,89,3,3
1068,89,6,3
1069,89,38,3
1070,89,8,3
1071,89,9,1
1072,89,51,3
1073,89,21,2
1074,89,60,1
1075,90,36,4
1076,90,7,5
1077,90,8,5
1078,90,9,5
1079,90,13,5
1080,90,14,5
1081,90,15,4
1082,90,17,3
1083,90,18,5
1084,90,20,5
1085,90,21,5
1086,90,25,4
1087,90,28,5
1088,90,30,3
1089,91,1,3
1090,91,34,3
1091,91,3,2
1092,91,36,4
1093,91,2,3
1094,91,9,3
1095,91,11,2
1096,91,52,2
1097,91,21,3
1098,91,20,3
1099,91,55,3
1100,91,29,5
1101,91,31,4
1102,92,1,3
1103,92,7,4
1104,92,8,2
1105,92,9,3
1106,92,13,2
1107,92,15,3
1108,92,16,2
1109,92,17,2
1110,92,18,2
1111,92,19,1
1112,92,48,2
1113,92,21,3
1114,93,1,5
1115,93,35,3
1116,93,4,2
1117,93,8,4
1118,93,9,4
1119,93,60,4
1120,93,48,2
1121,93,20,3
1122,93,21,3
1123,93,25,5
1124,93,58,3
1125,93,28,5
1126,93,30,4
1127,94,5,2
1128,94,8,4
1129,94,9,5
1130,94,11,3
1131,94,19,3
1132,94,21,4
1133,94,22,4
1134,94,23,4
1135,94,53,3
1136,94,25,3
1137,94,58,4
1138,94,59,5
1139,94,28,3
1140,94,30,5
1141,95,3,2
1142,95,4,3
1143,95,37,5
1144,95,8,3
1145,95,9,3
1146,95,11,2
1147,95,19,3
1148,95,51,3
1149,95,21,4
1150,95,52,4
1151,95,60,3
1152,96,3,4
1153,96,5,1
1154,96,8,4
1155,96,9,2
1156,96,10,1
1157,96,43,3
1158,96,45,2
1159,96,46,5
1160,96,47,3
1161,96,20,2
1162,96,21,3
1163,97,3,3
1164,97,4,3
1165,97,5,4
1166,97,6,3
1167,97,8,3
1168,97,9,2
1169,97,12,3
1170,97,18,3
1171,97,19,3
1172,97,21,4
1173,98,1,4
1174,98,3,2
1175,98,4,2
1176,98,5,3
1177,98,36,3
1178,98,7,3
1179,98,8,3
1180,98,9,4
1181,98,11,4
1182,98,12,4
1183,98,19,2
1184,99,33,5
1185,99,3,2
1186,99,4,3
1187,99,8,2
1188,99,9,3
1189,99,10,2
1190,99,19,3
1191,99,51,3
1192,99,21,4
1193,99,52,2
1194,99,60,3
1195,100,3,4
1196,100,8,4
1197,100,9,2
1198,100,41,3
1199,100,11,1
1200,100,14,2
1201,100,50,5
1202,100,19,4
1203,100,52,5
1204,100,51,4
1205,100,21,5
1206,100,25,3
1207,100,28,3
1208,100,30,2
1209,101,1,3
1210,101,8,4
1211,101,41,4
1212,101,47,2
1213,101,50,3
1214,101,19,3
1215,101,51,2
1216,101,21,3
1217,101,54,4
1218,101,52,3
1219,102,32,5
1220,102,1,5
1221,102,3,5
1222,102,6,1
1223,102,9,5
1224,102,41,3
1225,102,11,5
1226,102,20,5
1227,102,21,5
1228,102,25,5
1229,102,27,4
1230,102,28,4
1231,102,30,5
1232,103,32,1
1233,103,33,3
1234,103,1,5
1235,103,3,4
1236,103,36,3
1237,103,6,2
1238,103,9,4
1239,103,11,2
1240,103,44,2
1241,103,20,5
1242,103,27,4
1243,104,8,3
1244,104,9,1
1245,104,41,3
1246,104,11,2
1247,104,50,4
1248,104,19,3
1249,104,52,3
1250,104,51,3
1251,104,21,4
1252,104,55,3
1253,104,25,2
1254,104,28,3
1255,104,30,2
1256,105,1,4
1257,105,7,3
1258,105,8,3
1259,105,9,3
1260,105,13,3
1261,105,14,3
1262,105,15,4
1263,105,18,3
1264,105,21,2
1265,105,55,2
1266,106,1,2
1267,106,3,2
1268,106,37,4
1269,106,38,3
1270,106,8,2
1271,106,41,4
1272,106,40,3
1273,106,11,3
1274,106,12,1
1275,106,45,1
1276,106,19,3
1277,106,22,3
1278,106,54,3
1279,107,32,2
1280,107,1,2
1281,107,3,3
1282,107,37,1
1283,107,6,2
1284,107,8,2
1285,107,9,1
1286,107,51,3
1287,107,21,2
1288,107,54,2
1289,107,60,1
1290,108,1,2
1291,108,26,2
1292,108,8,1
1293,108,9,3
1294,108,42,3
1295,108,47,4
1296,108,48,3
1297,108,20,1
1298,108,21,1
1299,108,55,1
1300,108,24,1
1301,108,57,1
1302,108,58,1
1303,108,30,3
1304,109,32,3
1305,109,33,3
1306,109,1,5
1307,109,3,4
1308,109,36,3
1309,109,9,5
1310,109,11,4
1311,109,46,3
1312,109,20,5
1313,109,27,3
1314,110,32,5
1315,110,33,3
1316,110,3,5
1317,110,8,3
1318,110,9,5
1319,110,10,2
1320,110,11,2
1321,110,49,2
1322,110,19,5
1323,110,21,5
1324,110,27,2
1325,110,30,3
1326,111,1,4
1327,111,3,4
1328,111,4,5
1329,111,6,3
1330,111,8,4
1331,111,9,4
1332,111,15,1
1333,111,19,4
1334,111,52,3
1335,111,21,2
1336,111,58,3
1337,111,60,5
1338,112,1,3
1339,112,34,3
1340,112,35,4
1341,112,36,5
1342,112,5,2
1343,112,11,4
1344,112,15,2
1345,112,16,2
1346,112,21,4
1347,112,30,5
1348,112,31,4
1349,113,1,4
1350,113,34,5
1351,113,3,3
1352,113,36,4
1353,113,10,2
1354,113,11,5
1355,113,19,4
1356,113,21,1
1357,113,53,4
1358,113,30,4
1359,113,31,3
1360,114,1,3
1361,114,35,4
1362,114,36,4
1363,114,37,2
1364,114,39,3
1365,114,8,4
1366,114,9,4
1367,114,19,2
1368,114,55,2
1369,114,25,2
1370,114,28,3
1371,114,30,3
1372,114,31,1
1373,115,3,5
1374,115,4,4
1375,115,5,5
1376,115,6,5
1377,115,39,3
1378,115,8,3
1379,115,9,3
1380,115,41,3
1381,115,12,4
1382,115,19,4
1383,115,21,5
1384,116,32,2
1385,116,3,3
1386,116,5,1
1387,116,37,1
1388,116,8,2
1389,116,9,3
1390,116,44,3
1391,116,45,2
1392,116,46,2
1393,116,48,1
1394,116,52,1
1395,116,21,2
1396,117,32,4
1397,117,1,5
1398,117,8,5
1399,117,9,5
1400,117,48,5
1401,117,19,3
1402,117,20,5
1403,117,21,5
1404,117,56,2
1405,117,25,5
1406,117,58,5
1407,117,28,4
1408,117,30,5
1409,118,1,5
1410,118,37,5
1411,118,39,4
1412,118,40,5
1413,118,41,5
1414,118,42,4
1415,118,11,4
1416,118,9,5
1417,118,17,3
1418,118,19,5
1419,118,21,5
1420,118,25,3
1421,118,28,4
1422,118,30,4
1423,119,3,4
1424,119,4,3
1425,119,6,3
1426,119,8,2
1427,119,9,1
1428,119,49,4
1429,119,18,4
1430,119,51,1
1431,119,19,3
1432,119,52,3
1433,119,21,1
1434,119,60,3
1435,119,31,4
1436,120,32,4
1437,120,1,2
1438,120,3,3
1439,120,39,2
1440,120,8,2
1441,120,40,2
1442,120,9,2
1443,120,11,1
1444,120,19,4
1445,120,21,2
1446,121,1,3
1447,121,4,3
1448,121,5,3
1449,121,6,3
1450,121,7,3
1451,121,8,1
1452,121,39,5
1453,121,11,4
1454,121,12,1
1455,121,13,4
1456,121,19,4
1457,122,1,5
1458,122,3,5
1459,122,4,2
1460,122,6,3
1461,122,8,4
1462,122,9,3
1463,122,19,4
1464,122,52,3
1465,122,21,2
1466,122,54,4
1467,122,24,1
1468,122,60,5
1469,123,32,3
1470,123,2,3
1471,123,3,3
1472,123,4,2
1473,123,6,2
1474,123,8,3
1475,123,9,1
1476,123,42,3
1477,123,50,2
1478,123,51,1
1479,123,19,3
1480,123,52,2
1481,123,21,1
1482,123,60,2
1483,124,1,2
1484,124,3,1
1485,124,37,2
1486,124,38,2
1487,124,39,2
1488,124,40,2
1489,124,41,2
1490,124,42,1
1491,124,8,2
1492,124,11,1
1493,124,10,2
1494,124,12,3
1495,124,19,2
1496,125,26,5
1497,125,8,4
1498,125,9,3
1499,125,19,4
1500,125,53,3
1501,125,21,2
1502,125,22,4
1503,125,58,4
1504,125,59,3
1505,125,30,3
1506,126,3,1
1507,126,8,5
1508,126,9,3
1509,126,11,4
1510,126,13,3
1511,126,19,3
1512,126,23,2
1513,126,21,3
1514,126,22,4
1515,126,53,2
1516,126,58,4
1517,126,59,1
1518,126,30,3
1519,127,3,4
1520,127,4,2
1521,127,37,4
1522,127,6,4
1523,127,8,4
1524,127,9,3
1525,127,51,2
1526,127,19,3
1527,127,52,2
1528,127,21,3
1529,127,60,2
1530,128,34,2
1531,128,3,4
1532,128,4,4
1533,128,5,5
1534,128,6,4
1535,128,8,5
1536,128,9,4
1537,128,12,5
1538,128,19,5
1539,128,21,5
1540,128,55,2
1541,129,2,1
1542,129,8,4
1543,129,9,2
1544,129,11,4
1545,129,48,3
1546,129,19,3
1547,129,23,2
1548,129,21,2
1549,129,22,2
1550,129,53,2
1551,129,58,3
1552,129,59,3
1553,129,30,1
1554,130,32,3
1555,130,33,2
1556,130,3,3
1557,130,8,3
1558,130,9,3
1559,130,11,2
1560,130,19,4
1561,130,21,2
1562,130,27,2
1563,130,31,2
1564,131,3,4
1565,131,5,5
1566,131,6,4
1567,131,8,5
1568,131,9,4
1569,131,11,4
1570,131,19,5
1571,131,21,4
1572,131,55,3
1573,131,25,5
1574,131,28,5
1575,131,30,4
1576,131,57,2
1577,132,1,4
1578,132,3,2
1579,132,4,3
1580,132,6,4
1581,132,8,3
1582,132,9,3
1583,132,10,2
1584,132,11,3
1585,132,19,4
1586,132,52,1
1587,132,21,3
1588,132,57,3
1589,132,60,5
1590,133,1,1
1591,133,2,3
1592,133,7,3
1593,133,8,2
1594,133,13,3
1595,133,14,3
1596,133,15,4
1597,133,17,4
1598,133,18,1
1599,133,19,1
1600,133,21,5
1601,133,29,1
1602,134,1,2
1603,134,34,1
1604,134,3,2
1605,134,36,2
1606,134,35,3
1607,134,11,3
1608,134,13,4
1609,134,19,3
1610,134,52,2
1611,134,21,2
1612,134,30,4
1613,134,31,2
1614,135,37,2
1615,135,8,4
1616,135,9,3
1617,135,11,1
1618,135,17,4
1619,135,19,4
1620,135,21,4
1621,135,22,3
1622,135,23,2
1623,135,53,3
1624,135,58,3
1625,135,59,3
1626,135,30,4
1627,136,3,4
1628,136,5,3
1629,136,9,1
1630,136,42,4
1631,136,43,2
1632,136,45,3
1633,136,46,5
1634,136,47,4
1635,136,20,3
1636,136,21,5
1637,137,1,4
1638,137,2,3
1639,137,3,3
1640,137,4,3
1641,137,8,2
1642,137,9,1
1643,137,50,5
1644,137,19,2
1645,137,51,5
1646,137,60,3
1647,138,1,4
1648,138,5,4
1649,138,8,4
1650,138,9,5
1651,138,13,4
1652,138,48,5
1653,138,20,5
1654,138,21,3
1655,138,23,4
1656,138,55,5
1657,138,25,5
1658,138,58,5
1659,138,28,3
1660,138,30,3
1661,139,1,5
1662,139,37,5
1663,139,6,3
1664,139,39,5
1665,139,40,5
1666,139,41,4
1667,139,42,3
1668,139,11,4
1669,139,9,5
1670,139,8,3
1671,139,19,3
1672,139,21,5
1673,139,25,3
1674,139,28,4
1675,139,30,3
1676,140,32,5
1677,140,1,5
1678,140,3,5
1679,140,9,5
1680,140,42,2
1681,140,11,4
1682,140,43,1
1683,140,17,2
1684,140,20,5
1685,140,21,5
1686,140,25,5
1687,140,27,5
1688,140,28,4
1689,140,30,5
1690,141,3,5
1691,141,4,3
1692,141,6,2
1693,141,8,3
1694,141,9,2
1695,141,51,1
1696,141,19,3
1697,141,52,4
1698,141,21,2
1699,141,60,1
1700,142,1,3
1701,142,2,3
1702,142,3,4
1703,142,4,3
1704,142,8,2
1705,142,9,3
1706,142,42,3
1707,142,50,3
1708,142,19,3
1709,142,51,3
1710,142,60,3
1711,143,1,4
1712,143,2,3
1713,143,35,5
1714,143,36,5
1715,143,8,5
1716,143,9,4
1717,143,12,3
1718,143,19,4
1719,143,25,4
1720,143,26,1
1721,143,28,3
1722,143,30,3
1723,143,31,3
1724,144,1,1
1725,144,8,2
1726,144,41,2
1727,144,9,3
1728,144,11,2
1729,144,15,3
1730,144,49,2
1731,144,50,1
1732,144,19,2
1733,144,51,3
1734,144,21,2
1735,144,54,4
1736,144,18,1
1737,145,33,4
1738,145,7,1
1739,145,14,1
1740,145,15,3
1741,145,17,1
1742,145,18,2
1743,145,19,1
1744,145,20,1
1745,145,21,2
1746,146,1,2
1747,146,7,3
1748,146,8,2
1749,146,9,3
1750,146,13,2
1751,146,15,3
1752,146,16,2
1753,146,17,3
1754,146,18,3
1755,146,19,2
1756,146,50,3
1757,146,21,3
1758,147,1,5
1759,147,37,4
1760,147,8,5
1761,147,9,3
1762,147,41,4
1763,147,11,4
1764,147,46,5
1765,147,14,1
1766,147,49,4
1767,147,50,4
1768,147,19,4
1769,147,51,4
1770,147,21,4
1771,147,54,4
1772,148,1,3
1773,148,8,5
1774,148,9,5
1775,148,40,1
1776,148,11,3
1777,148,44,3
1778,148,19,5
1779,148,21,5
1780,148,22,4
1781,148,23,4
1782,148,53,5
1783,148,58,4
1784,148,59,5
1785,148,30,5
1786,149,1,3
1787,149,4,3
1788,149,5,2
1789,149,6,3
1790,149,7,3
1791,149,8,1
1792,149,11,3
1793,149,12,2
1794,149,19,4
1795,150,33,3
1796,150,3,1
1797,150,4,2
1798,150,8,2
1799,150,9,2
1800,150,19,2
1801,150,51,1
1802,150,21,2
1803,150,52,3
1804,150,60,2
1805,151,1,3
1806,151,3,5
1807,151,6,3
1808,151,7,2
1809,151,8,3
1810,151,9,3
1811,151,51,3
1812,151,20,3
1813,151,21,3
1814,151,23,3
1815,151,57,3
1816,151,60,2
1817,152,7,3
1818,152,45,1
1819,152,14,3
1820,152,15,4
1821,152,17,4
1822,152,18,3
1823,152,19,5
1824,152,20,3
1825,152,21,5
1826,153,3,4
1827,153,4,5
1828,153,5,5
1829,153,6,4
1830,153,39,3
1831,153,8,4
1832,153,9,3
1833,153,12,5
1834,153,17,3
1835,153,19,4
1836,153,21,5
1837,153,24,5
1838,153,26,3
1839,154,1,3
1840,154,56,1
1841,154,3,4
1842,154,5,5
1843,154,9,2
1844,154,48,4
1845,154,20,2
1846,154,55,3
1847,154,24,3
1848,154,57,2
1849,154,58,1
1850,154,30,3
1851,154,31,3
1852,155,32,2
1853,155,6,2
1854,155,8,2
1855,155,9,2
1856,155,11,1
1857,155,16,3
1858,155,19,3
1859,155,21,3
1860,155,22,1
1861,155,23,1
1862,155,53,1
1863,155,55,4
1864,155,58,1
1865,155,59,4
1866,155,30,1
1867,156,1,5
1868,156,3,4
1869,156,4,4
1870,156,6,5
1871,156,8,4
1872,156,9,4
1873,156,50,3
1874,156,19,3
1875,156,52,3
1876,156,21,3
1877,156,51,3
1878,156,60,5
1879,157,1,2
1880,157,7,3
1881,157,8,1
1882,157,9,1
1883,157,40,3
1884,157,13,1
1885,157,15,2
1886,157,16,2
1887,157,17,2
1888,157,18,2
1889,157,19,1
1890,157,21,2
1891,157,53,3
1892,158,1,4
1893,158,34,4
1894,158,3,4
1895,158,36,4
1896,158,2,4
1897,158,39,4
1898,158,9,5
1899,158,11,3
1900,158,13,2
1901,158,21,5
1902,158,31,3
1903,159,1,4
1904,159,33,3
1905,159,3,1
1906,159,4,2
1907,159,5,3
1908,159,7,3
1909,159,8,2
1910,159,9,4
1911,159,11,4
1912,159,12,4
1913,159,19,2
1914,160,3,5
1915,160,5,3
1916,160,8,3
1917,160,9,5
1918,160,44,5
1919,160,45,4
1920,160,46,4
1921,160,48,4
1922,160,21,4
1923,160,29,1
1924,161,1,3
1925,161,35,1
1926,161,8,2
1927,161,41,4
1928,161,50,4
1929,161,19,3
1930,161,51,2
1931,161,21,3
1932,161,54,2
1933,161,52,3
1934,161,58,3
1935,162,34,3
1936,162,8,3
1937,162,9,3
1938,162,41,4
1939,162,11,2
1940,162,10,2
1941,162,45,3
1942,162,48,5
1943,162,50,5
1944,162,19,4
1945,162,52,4
1946,162,51,4
1947,162,21,5
1948,162,25,3
1949,162,28,3
1950,162,30,3
1951,163,1,3
1952,163,3,4
1953,163,36,3
1954,163,6,3
1955,163,8,3
1956,163,9,2
1957,163,51,1
1958,163,21,3
1959,163,57,4
1960,163,60,2
1961,164,3,5
1962,164,5,2
1963,164,8,3
1964,164,9,5
1965,164,10,3
1966,164,44,4
1967,164,45,2
1968,164,46,3
1969,164,48,3
1970,164,21,1
1971,165,1,2
1972,165,3,2
1973,165,6,1
1974,165,8,2
1975,165,9,1
1976,165,51,1
1977,165,21,2
1978,165,58,4
1979,165,60,2
1980,166,3,2
1981,166,4,1
1982,166,5,2
1983,166,8,3
1984,166,9,3
1985,166,44,3
1986,166,45,1
1987,166,46,1
1988,166,13,5
1989,166,48,2
1990,166,51,1
1991,166,21,2
1992,167,1,1
1993,167,8,1
1994,167,9,2
1995,167,41,2
1996,167,11,2
1997,167,10,4
1998,167,49,2
1999,167,51,1
2000,167,19,2
2001,167,21,1
2002,167,54,3
2003,167,52,3
2004,167,59,3
2005,168,1,3
2006,168,7,3
2007,168,8,2
2008,168,13,3
2009,168,14,4
2010,168,15,3
2011,168,17,4
2012,168,18,1
2013,168,19,2
2014,168,21,5
2015,168,26,2
2016,169,34,2
2017,169,3,3
2018,169,4,1
2019,169,6,2
2020,169,8,3
2021,169,9,1
2022,169,16,2
2023,169,51,1
2024,169,19,2
2025,169,52,3
2026,169,21,1
2027,169,60,1
2028,170,8,5
2029,170,11,5
2030,170,48,2
2031,170,50,1
2032,170,19,5
2033,170,23,5
2034,170,21,5
2035,170,22,5
2036,170,53,5
2037,170,54,3
2038,170,25,5
2039,170,58,5
2040,170,59,5
2041,170,28,4
2042,170,30,4
2043,171,1,2
2044,171,35,3
2045,171,36,5
2046,171,8,5
2047,171,9,4
2048,171,41,3
2049,171,13,2
2050,171,19,4
2051,171,25,4
2052,171,28,2
2053,171,30,4
2054,171,31,1
2055,172,3,2
2056,172,7,1
2057,172,14,1
2058,172,15,2
2059,172,17,1
2060,172,18,1
2061,172,19,4
2062,172,20,1
2063,172,21,2
2064,173,1,1
2065,173,8,4
2066,173,41,4
2067,173,50,5
2068,173,19,3
2069,173,51,2
2070,173,21,3
2071,173,54,2
2072,173,52,3
2073,173,27,3
2074,174,1,4
2075,174,2,4
2076,174,3,5
2077,174,4,4
2078,174,6,4
2079,174,8,4
2080,174,9,4
2081,174,42,2
2082,174,12,4
2083,174,19,4
2084,174,52,3
2085,174,21,3
2086,174,60,5
2087,175,1,1
2088,175,4,2
2089,175,5,1
2090,175,6,2
2091,175,7,2
2092,175,8,1
2093,175,11,2
2094,175,12,1
2095,175,19,2
2096,175,20,3
2097,176,1,4
2098,176,34,4
2099,176,3,3
2100,176,36,5
2101,176,2,2
2102,176,9,4
2103,176,11,2
2104,176,46,3
2105,176,48,1
2106,176,17,2
2107,176,21,5
2108,176,30,1
2109,176,31,4
2110,177,8,4
2111,177,9,5
2112,177,11,3
2113,177,47,4
2114,177,50,4
2115,177,19,5
2116,177,21,5
2117,177,22,4
2118,177,23,2
2119,177,53,4
2120,177,58,4
2121,177,59,5
2122,177,30,4
2123,178,1,4
2124,178,2,4
2125,178,56,1
2126,178,3,4
2127,178,9,3
2128,178,48,3
2129,178,20,3
2130,178,55,4
2131,178,24,4
2132,178,57,2
2133,178,58,3
2134,178,28,4
2135,178,30,4
2136,179,3,3
2137,179,5,1
2138,179,8,2
2139,179,9,1
2140,179,44,3
2141,179,45,2
2142,179,46,3
2143,179,48,3
2144,179,21,1
2145,180,9,4
2146,180,42,3
2147,180,19,4
2148,180,21,3
2149,180,53,3
2150,180,23,4
2151,180,22,2
2152,180,59,4
2153,180,30,5
2154,181,1,3
2155,181,8,4
2156,181,9,3
2157,181,44,5
2158,181,48,3
2159,181,21,3
2160,181,22,3
2161,181,55,2
2162,181,56,3
2163,181,24,1
2164,181,58,3
2165,181,30,2
2166,181,57,4
2167,182,1,5
2168,182,4,4
2169,182,5,3
2170,182,6,4
2171,182,7,3
2172,182,8,3
2173,182,11,4
2174,182,12,3
2175,182,48,2
2176,182,19,3
2177,182,23,2
2178,183,7,3
2179,183,8,4
2180,183,9,2
2181,183,11,4
2182,183,19,3
2183,183,23,2
2184,183,21,3
2185,183,22,3
2186,183,53,2
2187,183,55,5
2188,183,24,3
2189,183,58,3
2190,183,59,1
2191,183,30,3
2192,184,1,1
2193,184,2,2
2194,184,3,2
2195,184,4,2
2196,184,8,1
2197,184,9,2
2198,184,19,3
2199,184,51,2
2200,184,60,2
2201,185,1,2
2202,185,2,2
2203,185,3,2
2204,185,4,4
2205,185,6,3
2206,185,8,1
2207,185,9,4
2208,185,28,2
2209,185,17,3
2210,185,19,4
2211,185,51,4
2212,185,60,2
2213,186,3,5
2214,186,5,5
2215,186,6,3
2216,186,8,4
2217,186,9,3
2218,186,11,5
2219,186,19,5
2220,186,21,4
2221,186,55,4
2222,186,25,5
2223,186,59,4
2224,186,28,5
2225,186,30,5
2226,187,1,3
2227,187,2,3
2228,187,3,3
2229,187,4,3
2230,187,8,2
2231,187,9,3
2232,187,19,2
2233,187,51,4
2234,187,60,1
2235,188,34,2
2236,188,3,3
2237,188,9,4
2238,188,19,4
2239,188,21,4
2240,188,53,2
2241,188,23,4
2242,188,22,4
2243,188,59,4
2244,188,30,5
2245,189,1,3
2246,189,8,2
2247,189,9,3
2248,189,41,3
2249,189,11,3
2250,189,13,4
2251,189,49,3
2252,189,51,2
2253,189,19,3
2254,189,21,4
2255,189,54,3
2256,189,57,2
2257,190,33,3
2258,190,1,3
2259,190,3,2
2260,190,36,4
2261,190,8,2
2262,190,9,2
2263,190,48,2
2264,190,21,3
2265,190,27,4
2266,191,3,2
2267,191,4,3
2268,191,8,2
2269,191,9,4
2270,191,41,3
2271,191,43,3
2272,191,16,3
2273,191,19,3
2274,191,51,3
2275,191,21,4
2276,191,52,4
2277,191,60,3
2278,192,3,3
2279,192,4,3
2280,192,8,3
2281,192,9,1
2282,192,19,2
2283,192,51,3
2284,192,21,4
2285,192,52,5
2286,192,60,4
2287,192,30,2
2288,193,8,5
2289,193,9,4
2290,193,41,5
2291,193,11,4
2292,193,43,3
2293,193,50,4
2294,193,19,5
2295,193,52,4
2296,193,51,5
2297,193,21,5
2298,193,22,5
2299,193,55,3
2300,193,25,3
2301,193,28,4
2302,193,30,4
2303,194,1,5
2304,194,38,2
2305,194,8,5
2306,194,9,5
2307,194,15,3
2308,194,48,5
2309,194,20,5
2310,194,21,4
2311,194,23,3
2312,194,25,4
2313,194,58,5
2314,194,28,5
2315,194,30,4
2316,195,1,3
2317,195,4,3
2318,195,7,4
2319,195,8,2
2320,195,13,1
2321,195,14,3
2322,195,15,4
2323,195,17,3
2324,195,18,2
2325,195,19,2
2326,195,21,4
2327,195,24,1
2328,195,57,3
2329,196,1,5
2330,196,3,4
2331,196,4,3
2332,196,6,2
2333,196,8,4
2334,196,9,3
2335,196,41,2
2336,196,19,4
2337,196,52,2
2338,196,21,2
2339,196,60,4
2340,197,1,5
2341,197,37,4
2342,197,39,5
2343,197,40,5
2344,197,41,5
2345,197,42,3
2346,197,11,4
2347,197,9,4
2348,197,19,5
2349,197,21,4
2350,197,55,1
2351,197,25,4
2352,197,28,5
2353,197,30,3
2354,198,1,5
2355,198,3,3
2356,198,4,4
2357,198,6,4
2358,198,8,2
2359,198,9,4
2360,198,11,2
2361,198,19,5
2362,198,52,2
2363,198,21,3
2364,198,60,4
2365,199,1,5
2366,199,2,2
2367,199,35,4
2368,199,36,4
2369,199,8,5
2370,199,9,5
2371,199,19,5
2372,199,25,4
2373,199,58,3
2374,199,28,5
2375,199,30,5
2376,199,31,4
2377,200,1,3
2378,200,35,3
2379,200,36,4
2380,200,8,4
2381,200,9,3
2382,200,40,3
2383,200,50,3
2384,200,19,1
2385,200,25,3
2386,200,28,3
2387,200,30,1
2388,200,31,2
2389,201,1,5
2390,201,5,2
2391,201,8,5
2392,201,9,5
2393,201,48,5
2394,201,20,5
2395,201,21,4
2396,201,25,4
2397,201,58,5
2398,201,28,5
2399,201,30,5
2400,202,1,1
2401,202,34,2
2402,202,3,2
2403,202,36,2
2404,202,2,2
2405,202,9,2
2406,202,11,1
2407,202,16,2
2408,202,21,1
2409,202,31,2
2410,203,1,4
2411,203,35,3
2412,203,4,4
2413,203,5,4
2414,203,6,4
2415,203,7,4
2416,203,8,1
2417,203,38,3
2418,203,11,4
2419,203,12,3
2420,203,19,5
2421,203,27,4
2422,203,31,3
2423,204,1,3
2424,204,34,4
2425,204,35,4
2426,204,36,5
2427,204,5,4
2428,204,6,3
2429,204,40,3
2430,204,11,2
2431,204,21,3
2432,204,30,5
2433,204,31,4
2434,205,1,1
2435,205,7,3
2436,205,8,1
2437,205,9,3
2438,205,13,1
2439,205,15,2
2440,205,16,2
2441,205,17,1
2442,205,18,1
2443,205,19,1
2444,205,21,3
2445,205,53,4
2446,205,59,5
2447,206,8,5
2448,206,11,5
2449,206,47,1
2450,206,19,5
2451,206,23,4
2452,206,21,5
2453,206,22,5
2454,206,53,5
2455,206,25,5
2456,206,58,5
2457,206,59,5
2458,206,28,5
2459,206,30,4
2460,207,1,2
2461,207,8,1
2462,207,9,2
2463,207,41,1
2464,207,11,1
2465,207,44,4
2466,207,48,3
2467,207,49,2
2468,207,51,1
2469,207,19,2
2470,207,21,3
2471,207,54,3
2472,207,31,2
2473,208,1,3
2474,208,7,4
2475,208,8,2
2476,208,13,4
2477,208,14,4
2478,208,15,4
2479,208,17,5
2480,208,18,3
2481,208,19,2
2482,208,21,5
2483,209,1,5
2484,209,2,3
2485,209,8,4
2486,209,9,4
2487,209,41,4
2488,209,11,3
2489,209,49,4
2490,209,50,4
2491,209,19,5
2492,209,51,4
2493,209,21,3
2494,209,54,5
2495,210,1,5
2496,210,34,5
2497,210,3,4
2498,210,36,3
2499,210,2,2
2500,210,9,4
2501,210,10,4
2502,210,11,3
2503,210,21,5
2504,210,54,2
2505,210,31,4
2506,211,1,5
2507,211,33,3
2508,211,35,5
2509,211,36,5
2510,211,8,5
2511,211,9,3
2512,211,12,5
2513,211,46,3
2514,211,19,5
2515,211,25,5
2516,211,28,5
2517,211,30,5
2518,211,31,3
2519,212,8,5
2520,212,11,5
2521,212,14,5
2522,212,15,2
2523,212,16,3
2524,212,19,5
2525,212,23,5
2526,212,21,5
2527,212,22,5
2528,212,53,5
2529,212,25,5
2530,212,58,5
2531,212,59,5
2532,212,28,5
2533,212,30,2
2534,213,2,4
2535,213,3,3
2536,213,4,4
2537,213,8,4
2538,213,9,4
2539,213,19,4
2540,213,51,4
2541,213,21,4
2542,213,52,5
2543,213,54,4
2544,213,60,3
2545,214,32,5
2546,214,1,5
2547,214,3,4
2548,214,4,3
2549,214,9,5
2550,214,59,3
2551,214,11,5
2552,214,20,5
2553,214,21,4
2554,214,25,4
2555,214,27,5
2556,214,28,4
2557,214,30,5
2558,215,1,3
2559,215,3,4
2560,215,4,4
2561,215,6,4
2562,215,8,5
2563,215,9,5
2564,215,19,5
2565,215,52,3
2566,215,21,3
2567,215,60,3
2568,216,1,1
2569,216,3,4
2570,216,8,3
2571,216,41,1
2572,216,9,1
2573,216,11,1
2574,216,12,3
2575,216,49,3
2576,216,50,1
2577,216,19,1
2578,216,51,2
2579,216,21,2
2580,216,54,3
2581,216,27,2
2582,216,31,2
2583,217,32,3
2584,217,33,3
2585,217,1,5
2586,217,3,4
2587,217,36,4
2588,217,9,5
2589,217,11,5
2590,217,20,5
2591,217,27,2
2592,218,1,5
2593,218,8,4
2594,218,9,4
2595,218,41,5
2596,218,11,4
2597,218,42,3
2598,218,49,4
2599,218,50,4
2600,218,19,5
2601,218,51,4
2602,218,21,3
2603,218,54,5
2604,219,1,2
2605,219,3,2
2606,219,6,2
2607,219,8,1
2608,219,9,1
2609,219,51,2
2610,219,21,2
2611,219,54,4
2612,219,60,1
2613,220,3,5
2614,220,5,5
2615,220,6,4
2616,220,8,4
2617,220,9,4
2618,220,10,3
2619,220,11,5
2620,220,19,5
2621,220,21,2
2622,220,25,5
2623,220,28,5
2624,220,30,5
2625,221,36,3
2626,221,7,5
2627,221,8,4
2628,221,9,5
2629,221,13,5
2630,221,14,5
2631,221,15,5
2632,221,17,3
2633,221,18,5
2634,221,20,5
2635,221,21,5
2636,221,25,4
2637,221,28,5
2638,221,30,4
2639,222,32,4
2640,222,8,4
2641,222,9,3
2642,222,19,3
2643,222,53,4
2644,222,21,2
2645,222,22,4
2646,222,55,1
2647,222,58,5
2648,222,59,3
2649,222,60,2
2650,222,30,2
2651,223,32,3
2652,223,1,5
2653,223,35,5
2654,223,36,5
2655,223,8,5
2656,223,9,4
2657,223,19,2
2658,223,20,4
2659,223,25,3
2660,223,59,3
2661,223,28,4
2662,223,30,4
2663,223,31,2
2664,224,8,5
2665,224,9,5
2666,224,11,5
2667,224,15,3
2668,224,48,3
2669,224,19,5
2670,224,23,5
2671,224,21,5
2672,224,22,4
2673,224,53,4
2674,224,25,5
2675,224,58,5
2676,224,59,5
2677,224,28,3
2678,224,30,4
2679,225,8,5
2680,225,27,3
2681,225,11,5
2682,225,48,1
2683,225,19,5
2684,225,23,5
2685,225,21,5
2686,225,22,5
2687,225,53,5
2688,225,25,4
2689,225,58,4
2690,225,59,5
2691,225,28,5
2692,225,30,4
2693,226,1,3
2694,226,34,3
2695,226,3,2
2696,226,36,3
2697,226,11,3
2698,226,19,2
2699,226,21,2
2700,226,30,3
2701,226,31,2
2702,227,32,4
2703,227,33,3
2704,227,3,3
2705,227,8,2
2706,227,9,2
2707,227,11,3
2708,227,19,3
2709,227,21,3
2710,227,22,2
2711,227,27,1
2712,228,1,3
2713,228,4,3
2714,228,5,1
2715,228,6,3
2716,228,7,3
2717,228,8,2
2718,228,11,2
2719,228,12,1
2720,228,19,4
2721,228,26,2
2722,229,1,3
2723,229,34,3
2724,229,3,3
2725,229,36,3
2726,229,2,3
2727,229,37,2
2728,229,9,3
2729,229,11,2
2730,229,45,2
2731,229,21,4
2732,229,28,4
2733,229,31,3
2734,230,1,3
2735,230,35,4
2736,230,36,2
2737,230,8,4
2738,230,9,3
2739,230,44,2
2740,230,19,3
2741,230,20,1
2742,230,25,3
2743,230,28,3
2744,230,30,4
2745,230,31,2
2746,231,3,5
2747,231,36,4
2748,231,5,3
2749,231,8,3
2750,231,9,4
2751,231,44,5
2752,231,45,4
2753,231,46,5
2754,231,48,4
2755,231,21,4
2756,231,26,1
2757,232,34,3
2758,232,35,2
2759,232,36,2
2760,232,5,2
2761,232,8,2
2762,232,9,3
2763,232,46,3
2764,232,21,1
2765,232,30,2
2766,232,31,1
2767,233,35,4
2768,233,7,2
2769,233,8,3
2770,233,9,3
2771,233,13,2
2772,233,14,2
2773,233,15,5
2774,233,47,4
2775,233,17,1
2776,233,18,3
2777,233,21,2
2778,233,23,2
2779,234,3,3
2780,234,4,2
2781,234,6,1
2782,234,8,2
2783,234,9,1
2784,234,13,4
2785,234,51,1
2786,234,19,2
2787,234,52,3
2788,234,21,1
2789,234,54,3
2790,234,60,2
2791,235,1,3
2792,235,3,5
2793,235,4,5
2794,235,5,5
2795,235,6,4
2796,235,8,5
2797,235,9,3
2798,235,51,1
2799,235,19,4
2800,235,52,4
2801,235,21,3
2802,235,59,1
2803,235,60,4
2804,235,31,3
2805,236,1,4
2806,236,34,4
2807,236,3,2
2808,236,39,4
2809,236,8,4
2810,236,40,3
2811,236,9,3
2812,236,11,3
2813,236,19,3
2814,236,21,3
2815,236,23,4
2816,236,25,3
2817,237,39,4
2818,237,8,2
2819,237,11,3
2820,237,12,3
2821,237,19,1
2822,237,23,3
2823,237,21,2
2824,237,22,3
2825,237,53,1
2826,237,56,2
2827,237,25,3
2828,237,58,3
2829,237,59,3
2830,237,28,2
2831,237,30,3
2832,238,32,2
2833,238,33,3
2834,238,1,5
2835,238,3,4
2836,238,36,3
2837,238,9,5
2838,238,11,4
2839,238,44,2
2840,238,20,4
2841,238,24,2
2842,238,27,3
2843,239,1,5
2844,239,56,2
2845,239,37,2
2846,239,6,4
2847,239,9,3
2848,239,48,4
2849,239,19,1
2850,239,20,1
2851,239,55,4
2852,239,24,4
2853,239,57,3
2854,239,58,3
2855,239,30,4
2856,240,1,4
2857,240,8,4
2858,240,9,4
2859,240,41,4
2860,240,11,2
2861,240,49,4
2862,240,50,4
2863,240,19,5
2864,240,51,4
2865,240,21,4
2866,240,54,5
2867,241,1,3
2868,241,2,3
2869,241,3,3
2870,241,4,3
2871,241,8,2
2872,241,9,3
2873,241,19,4
2874,241,51,4
2875,241,57,1
2876,241,58,3
2877,241,60,3
2878,242,3,2
2879,242,4,2
2880,242,6,2
2881,242,8,3
2882,242,9,1
2883,242,43,2
2884,242,49,3
2885,242,51,1
2886,242,19,2
2887,242,52,3
2888,242,21,2
2889,242,60,2
2890,243,1,2
2891,243,4,2
2892,243,5,1
2893,243,6,2
2894,243,7,1
2895,243,8,1
2896,243,38,2
2897,243,11,2
2898,243,12,1
2899,243,45,5
2900,243,19,4
2901,244,1,4
2902,244,56,5
2903,244,9,5
2904,244,48,4
2905,244,16,1
2906,244,19,5
2907,244,20,4
2908,244,21,4
2909,244,53,3
2910,244,25,4
2911,244,24,5
2912,244,57,5
2913,244,58,4
2914,244,54,3
2915,244,28,5
2916,244,30,5
2917,245,1,2
2918,245,8,1
2919,245,9,4
2920,245,41,3
2921,245,11,3
2922,245,45,2
2923,245,49,3
2924,245,51,2
2925,245,19,2
2926,245,21,4
2927,245,54,4
2928,246,1,3
2929,246,7,3
2930,246,8,3
2931,246,11,4
2932,246,13,2
2933,246,14,5
2934,246,15,5
2935,246,17,5
2936,246,18,1
2937,246,19,4
2938,246,21,5
2939,246,55,3
2940,247,32,3
2941,247,1,4
2942,247,8,4
2943,247,9,4
2944,247,41,4
2945,247,11,4
2946,247,49,5
2947,247,50,4
2948,247,19,5
2949,247,51,4
2950,247,21,3
2951,247,54,5
2952,247,23,2
2953,248,1,3
2954,248,2,2
2955,248,8,4
2956,248,9,2
2957,248,48,3
2958,248,21,3
2959,248,55,3
2960,248,56,4
2961,248,24,1
2962,248,58,3
2963,248,30,2
2964,249,34,4
2965,249,35,1
2966,249,36,3
2967,249,5,3
2968,249,37,2
2969,249,8,2
2970,249,44,3
2971,249,52,3
2972,249,21,1
2973,249,56,4
2974,249,30,4
2975,249,31,3
2976,250,1,5
2977,250,56,4
2978,250,38,2
2979,250,9,5
2980,250,45,3
2981,250,46,3
2982,250,48,4
2983,250,19,5
2984,250,20,5
2985,250,21,5
2986,250,25,5
2987,250,24,4
2988,250,57,5
2989,250,58,5
2990,250,28,5
2991,250,30,5
2992,251,1,2
2993,251,2,2
2994,251,3,2
2995,251,37,3
2996,251,38,1
2997,251,8,3
2998,251,41,4
2999,251,40,2
3000,251,11,2
3001,251,18,1
3002,251,19,2
3003,252,3,2
3004,252,4,2
3005,252,8,2
3006,252,9,4
3007,252,15,1
3008,252,19,3
3009,252,51,3
3010,252,21,4
3011,252,52,2
3012,252,23,3
3013,252,60,3
3014,253,1,2
3015,253,4,3
3016,253,5,3
3017,253,6,3
3018,253,7,4
3019,253,8,4
3020,253,36,3
3021,253,11,4
3022,253,12,3
3023,253,19,5
3024,253,21,2
3025,254,3,3
3026,254,4,4
3027,254,8,3
3028,254,9,4
3029,254,28,3
3030,254,19,3
3031,254,51,5
3032,254,21,5
3033,254,52,5
3034,254,60,4
3035,255,5,4
3036,255,7,1
3037,255,14,2
3038,255,15,4
3039,255,17,4
3040,255,18,2
3041,255,19,4
3042,255,20,2
3043,255,21,3
3044,255,58,2
3045,255,60,4
3046,256,37,4
3047,256,8,5
3048,256,11,5
3049,256,19,5
3050,256,23,5
3051,256,21,5
3052,256,22,5
3053,256,53,5
3054,256,25,5
3055,256,58,5
3056,256,59,5
3057,256,28,5
3058,256,30,4
3059,257,1,3
3060,257,34,3
3061,257,3,3
3062,257,36,4
3063,257,2,2
3064,257,9,3
3065,257,11,2
3066,257,21,2
3067,257,54,4
3068,257,25,2
3069,257,31,2
3070,258,3,4
3071,258,5,1
3072,258,39,4
3073,258,8,3
3074,258,9,3
3075,258,44,3
3076,258,45,1
3077,258,46,5
3078,258,48,3
3079,258,21,3
3080,259,1,4
3081,259,35,5
3082,259,36,5
3083,259,8,5
3084,259,9,5
3085,259,19,5
3086,259,22,1
3087,259,25,5
3088,259,28,5
3089,259,30,5
3090,259,31,2
3091,260,1,3
3092,260,34,3
3093,260,35,4
3094,260,36,4
3095,260,5,3
3096,260,39,3
3097,260,11,3
3098,260,18,4
3099,260,21,3
3100,260,24,3
3101,260,30,5
3102,260,31,4
3103,261,1,4
3104,261,2,4
3105,261,3,3
3106,261,4,2
3107,261,5,2
3108,261,8,1
3109,261,9,3
3110,261,46,1
3111,261,48,2
3112,261,19,4
3113,261,51,4
3114,261,60,3
3115,261,29,1
3116,262,1,3
3117,262,3,2
3118,262,6,3
3119,262,8,3
3120,262,9,2
3121,262,15,3
3122,262,51,3
3123,262,20,4
3124,262,21,3
3125,262,60,2
3126,263,1,1
3127,263,8,4
3128,263,41,1
3129,263,9,1
3130,263,11,1
3131,263,49,2
3132,263,50,2
3133,263,19,1
3134,263,51,2
3135,263,21,2
3136,263,54,2
3137,263,55,3
3138,263,31,3
3139,264,3,2
3140,264,4,3
3141,264,8,4
3142,264,9,3
3143,264,13,5
3144,264,46,3
3145,264,19,3
3146,264,51,3
3147,264,21,4
3148,264,52,4
3149,264,24,1
3150,264,60,3
3151,265,3,4
3152,265,4,4
3153,265,5,3
3154,265,6,4
3155,265,8,5
3156,265,9,4
3157,265,12,4
3158,265,19,3
3159,265,21,3
3160,265,26,4
3161,266,39,3
3162,266,8,3
3163,266,9,4
3164,266,11,3
3165,266,19,4
3166,266,51,3
3167,266,21,3
3168,266,22,3
3169,266,23,4
3170,266,53,4
3171,266,25,4
3172,266,58,3
3173,266,59,4
3174,266,30,2
3175,267,1,3
3176,267,3,3
3177,267,6,3
3178,267,8,3
3179,267,9,1
3180,267,18,4
3181,267,51,1
3182,267,21,3
3183,267,60,2
3184,268,3,4
3185,268,4,3
3186,268,6,3
3187,268,8,1
3188,268,9,2
3189,268,51,1
3190,268,19,3
3191,268,52,3
3192,268,21,2
3193,268,60,3
3194,269,1,2
3195,269,34,2
3196,269,3,3
3197,269,36,4
3198,269,2,3
3199,269,4,5
3200,269,9,2
3201,269,11,1
3202,269,21,3
3203,269,31,3
3204,270,1,3
3205,270,3,5
3206,270,4,4
3207,270,6,2
3208,270,8,4
3209,270,9,3
3210,270,11,1
3211,270,51,2
3212,270,19,2
3213,270,52,4
3214,270,21,2
3215,270,27,1
3216,270,60,5
3217,271,8,4
3218,271,9,2
3219,271,41,4
3220,271,11,3
3221,271,10,4
3222,271,50,5
3223,271,19,4
3224,271,52,3
3225,271,51,2
3226,271,21,5
3227,271,25,1
3228,271,59,1
3229,271,28,2
3230,271,30,3
3231,272,3,2
3232,272,4,3
3233,272,6,2
3234,272,8,3
3235,272,9,3
3236,272,19,2
3237,272,51,3
3238,272,21,4
3239,272,52,4
3240,272,60,2
3241,273,3,5
3242,273,4,5
3243,273,5,5
3244,273,6,3
3245,273,8,5
3246,273,9,5
3247,273,12,4
3248,273,19,5
3249,273,21,5
3250,273,27,3
3251,274,3,3
3252,274,36,4
3253,274,5,3
3254,274,9,2
3255,274,43,4
3256,274,45,2
3257,274,46,4
3258,274,47,1
3259,274,20,2
3260,274,21,4
3261,274,58,3
3262,274,29,2
3263,275,1,5
3264,275,35,1
3265,275,8,4
3266,275,9,5
3267,275,48,5
3268,275,20,5
3269,275,21,3
3270,275,25,3
3271,275,58,5
3272,275,28,3
3273,275,30,5
3274,276,1,2
3275,276,34,1
3276,276,3,2
3277,276,36,3
3278,276,2,2
3279,276,6,2
3280,276,9,1
3281,276,11,1
3282,276,21,3
3283,276,31,2
3284,277,3,3
3285,277,35,4
3286,277,38,2
3287,277,39,3
3288,277,8,1
3289,277,41,2
3290,277,9,3
3291,277,40,3
3292,277,21,3
3293,277,56,4
3294,278,1,2
3295,278,8,1
3296,278,9,2
3297,278,41,1
3298,278,11,2
3299,278,12,3
3300,278,49,1
3301,278,51,1
3302,278,19,2
3303,278,21,3
3304,278,54,3
3305,278,58,2
3306,279,32,4
3307,279,1,4
3308,279,3,2
3309,279,36,4
3310,279,8,3
3311,279,9,4
3312,279,13,3
3313,279,15,5
3314,279,16,2
3315,279,19,3
3316,279,20,3
3317,280,33,4
3318,280,3,5
3319,280,35,1
3320,280,5,5
3321,280,6,2
3322,280,8,5
3323,280,9,4
3324,280,11,5
3325,280,43,3
3326,280,18,5
3327,280,19,5
3328,280,21,4
3329,280,25,5
3330,280,28,5
3331,280,30,5
3332,281,32,4
3333,281,3,3
3334,281,5,3
3335,281,8,1
3336,281,43,2
3337,281,44,2
3338,281,45,2
3339,281,13,2
3340,281,15,4
3341,281,48,4
3342,281,19,2
3343,281,20,3
3344,281,27,3
3345,282,1,5
3346,282,3,4
3347,282,4,4
3348,282,6,4
3349,282,8,4
3350,282,9,2
3351,282,19,4
3352,282,52,4
3353,282,21,3
3354,282,60,5
3355,283,1,2
3356,283,3,4
3357,283,37,4
3358,283,38,3
3359,283,8,4
3360,283,41,4
3361,283,40,4
3362,283,11,3
3363,283,9,5
3364,283,43,4
3365,283,19,3
3366,283,51,2
3367,283,20,1
3368,284,1,3
3369,284,8,4
3370,284,9,2
3371,284,41,4
3372,284,11,4
3373,284,49,3
3374,284,50,4
3375,284,19,5
3376,284,51,4
3377,284,21,2
3378,284,54,3
3379,284,31,1
3380,285,1,4
3381,285,33,4
3382,285,3,4
3383,285,34,2
3384,285,8,4
3385,285,9,2
3386,285,41,4
3387,285,11,4
3388,285,49,3
3389,285,50,4
3390,285,19,5
3391,285,51,4
3392,285,21,4
3393,285,54,4
3394,286,3,2
3395,286,5,1
3396,286,7,3
3397,286,8,1
3398,286,43,1
3399,286,44,2
3400,286,45,2
3401,286,13,3
3402,286,48,2
3403,286,19,2
3404,286,20,4
3405,286,52,4
3406,286,59,2
3407,286,28,2
3408,287,4,4
3409,287,8,4
3410,287,11,4
3411,287,19,3
3412,287,23,5
3413,287,21,4
3414,287,22,3
3415,287,53,4
3416,287,25,5
3417,287,58,3
3418,287,59,3
3419,287,28,4
3420,287,30,3
3421,288,3,2
3422,288,5,2
3423,288,8,4
3424,288,9,4
3425,288,44,5
3426,288,45,3
3427,288,46,4
3428,288,48,4
3429,288,21,1
3430,288,23,3
3431,289,1,4
3432,289,34,3
3433,289,3,3
3434,289,36,4
3435,289,2,3
3436,289,35,3
3437,289,9,3
3438,289,11,1
3439,289,49,2
3440,289,21,5
3441,289,31,3
3442,290,1,4
3443,290,8,2
3444,290,9,4
3445,290,14,2
3446,290,48,5
3447,290,17,1
3448,290,16,4
3449,290,20,4
3450,290,21,5
3451,290,55,3
3452,290,24,3
3453,290,57,4
3454,290,58,3
3455,290,28,2
3456,290,30,3
3457,291,1,5
3458,291,3,5
3459,291,4,4
3460,291,36,3
3461,291,6,5
3462,291,39,3
3463,291,8,4
3464,291,9,5
3465,291,19,4
3466,291,52,3
3467,291,21,2
3468,291,20,2
3469,291,27,4
3470,291,60,5
3471,292,1,4
3472,292,8,1
3473,292,9,5
3474,292,42,2
3475,292,48,5
3476,292,20,3
3477,292,21,4
3478,292,55,3
3479,292,24,2
3480,292,57,4
3481,292,58,4
3482,292,30,4
3483,292,31,5
3484,293,3,2
3485,293,4,2
3486,293,6,3
3487,293,8,1
3488,293,9,1
3489,293,51,1
3490,293,19,3
3491,293,52,2
3492,293,21,1
3493,293,23,4
3494,293,60,2
3495,294,1,5
3496,294,4,4
3497,294,8,4
3498,294,9,2
3499,294,44,1
3500,294,48,5
3501,294,49,3
3502,294,20,4
3503,294,21,3
3504,294,25,4
3505,294,58,4
3506,294,28,3
3507,294,30,5
3508,295,1,4
3509,295,3,2
3510,295,4,2
3511,295,5,3
3512,295,7,1
3513,295,8,2
3514,295,9,3
3515,295,11,5
3516,295,12,3
3517,295,19,2
3518,295,51,5
3519,295,53,1
3520,296,2,5
3521,296,3,5
3522,296,5,1
3523,296,8,3
3524,296,9,3
3525,296,44,3
3526,296,45,1
3527,296,46,4
3528,296,48,3
3529,296,21,3
3530,296,27,5
3531,297,33,3
3532,297,3,5
3533,297,4,4
3534,297,6,4
3535,297,8,4
3536,297,9,3
3537,297,42,2
3538,297,13,2
3539,297,51,4
3540,297,19,4
3541,297,52,4
3542,297,21,3
3543,297,60,4
3544,298,3,3
3545,298,4,2
3546,298,35,3
3547,298,5,3
3548,298,8,4
3549,298,9,3
3550,298,41,3
3551,298,43,2
3552,298,19,3
3553,298,51,3
3554,298,21,4
3555,298,52,5
3556,298,60,3
3557,299,1,4
3558,299,34,3
3559,299,3,1
3560,299,36,2
3561,299,11,5
3562,299,48,1
3563,299,19,2
3564,299,21,2
3565,299,59,3
3566,299,30,4
3567,299,31,4
3568,300,1,5
3569,300,35,4
3570,300,36,5
3571,300,8,5
3572,300,9,4
3573,300,57,3
3574,300,19,4
3575,300,25,4
3576,300,28,3
3577,300,30,4
3578,300,31,3
3579,301,1,1
3580,301,2,3
3581,301,3,4
3582,301,6,4
3583,301,8,3
3584,301,9,2
3585,301,43,4
3586,301,44,3
3587,301,51,2
3588,301,21,3
3589,301,25,1
3590,301,60,2
3591,302,32,3
3592,302,1,4
3593,302,3,1
3594,302,36,4
3595,302,8,3
3596,302,9,4
3597,302,13,4
3598,302,19,3
3599,302,20,4
3600,302,52,3
3601,302,22,3
3602,303,3,3
3603,303,4,5
3604,303,5,5
3605,303,6,5
3606,303,8,4
3607,303,9,3
3608,303,12,3
3609,303,14,3
3610,303,19,4
3611,303,20,3
3612,303,21,5
3613,303,54,2
3614,304,3,4
3615,304,4,2
3616,304,8,3
3617,304,9,3
3618,304,46,5
3619,304,47,3
3620,304,19,4
3621,304,51,3
3622,304,21,3
3623,304,52,5
3624,304,60,4
3625,305,1,2
3626,305,36,3
3627,305,8,2
3628,305,41,5
3629,305,12,4
3630,305,50,4
3631,305,19,3
3632,305,51,2
3633,305,21,4
3634,305,54,4
3635,305,52,3
3636,305,60,1
3637,306,1,3
3638,306,36,1
3639,306,8,3
3640,306,9,4
3641,306,48,5
3642,306,20,4
3643,306,21,3
3644,306,25,4
3645,306,58,4
3646,306,28,4
3647,306,30,5
3648,307,3,3
3649,307,38,3
3650,307,39,2
3651,307,8,3
3652,307,41,2
3653,307,9,3
3654,307,40,3
3655,307,21,3
3656,308,1,2
3657,308,3,4
3658,308,5,5
3659,308,8,5
3660,308,9,5
3661,308,13,5
3662,308,46,5
3663,308,47,5
3664,308,48,5
3665,308,18,2
3666,308,19,5
3667,308,21,4
3668,308,56,4
3669,308,25,4
3670,308,28,4
3671,308,30,4
3672,309,3,5
3673,309,5,4
3674,309,39,3
3675,309,9,3
3676,309,43,3
3677,309,45,1
3678,309,46,5
3679,309,47,4
3680,309,17,1
3681,309,20,3
3682,309,21,4
3683,310,1,3
3684,310,2,3
3685,310,3,4
3686,310,4,4
3687,310,6,4
3688,310,7,3
3689,310,8,4
3690,310,9,4
3691,310,39,2
3692,310,19,3
3693,310,52,2
3694,310,21,1
3695,310,26,2
3696,310,60,5
3697,311,3,5
3698,311,4,2
3699,311,35,3
3700,311,6,4
3701,311,8,4
3702,311,9,3
3703,311,40,2
3704,311,51,3
3705,311,19,4
3706,311,52,5
3707,311,21,3
3708,311,53,2
3709,311,57,3
3710,311,60,5
3711,312,3,2
3712,312,36,3
3713,312,8,3
3714,312,9,3
3715,312,11,3
3716,312,13,2
3717,312,46,3
3718,312,47,3
3719,312,45,2
3720,312,52,1
3721,312,21,2
3722,313,38,3
3723,313,8,5
3724,313,9,3
3725,313,41,5
3726,313,11,4
3727,313,50,5
3728,313,19,5
3729,313,52,5
3730,313,51,5
3731,313,21,5
3732,313,25,3
3733,313,28,2
3734,313,30,4
3735,314,1,4
3736,314,7,4
3737,314,8,3
3738,314,44,3
3739,314,13,5
3740,314,14,5
3741,314,15,5
3742,314,17,5
3743,314,18,3
3744,314,19,4
3745,314,20,3
3746,314,21,5
3747,315,1,3
3748,315,37,2
3749,315,8,3
3750,315,9,3
3751,315,41,3
3752,315,11,1
3753,315,12,3
3754,315,49,2
3755,315,51,2
3756,315,19,2
3757,315,21,3
3758,315,54,4
3759,316,1,2
3760,316,7,4
3761,316,8,1
3762,316,9,3
3763,316,39,3
3764,316,12,2
3765,316,13,3
3766,316,15,3
3767,316,16,3
3768,316,17,3
3769,316,18,3
3770,316,19,2
3771,316,50,4
3772,316,21,3
3773,316,31,2
3774,317,1,3
3775,317,3,1
3776,317,4,1
3777,317,5,2
3778,317,7,1
3779,317,8,2
3780,317,9,3
3781,317,11,3
3782,317,12,3
3783,317,47,2
3784,317,17,3
3785,317,19,1
3786,317,51,2
3787,318,3,3
3788,318,4,3
3789,318,36,4
3790,318,8,3
3791,318,9,3
3792,318,46,4
3793,318,19,3
3794,318,51,3
3795,318,21,3
3796,318,52,4
3797,318,22,3
3798,318,60,3
3799,319,34,2
3800,319,35,2
3801,319,36,2
3802,319,5,1
3803,319,7,3
3804,319,8,2
3805,319,21,2
3806,319,22,2
3807,319,29,1
3808,319,30,1
3809,319,31,2
3810,320,3,3
3811,320,4,3
3812,320,8,4
3813,320,9,4
3814,320,40,4
3815,320,28,3
3816,320,15,2
3817,320,17,2
3818,320,19,3
3819,320,51,3
3820,320,21,4
3821,320,52,5
3822,320,60,4
3823,321,1,4
3824,321,3,2
3825,321,4,2
3826,321,5,3
3827,321,7,3
3828,321,8,3
3829,321,9,4
3830,321,11,4
3831,321,12,2
3832,321,50,3
3833,321,19,2
3834,322,3,4
3835,322,4,4
3836,322,6,4
3837,322,8,4
3838,322,9,1
3839,322,51,3
3840,322,19,3
3841,322,52,4
3842,322,21,4
3843,322,60,3
3844,322,30,2
3845,323,1,1
3846,323,4,2
3847,323,5,2
3848,323,6,3
3849,323,7,2
3850,323,8,1
3851,323,11,1
3852,323,12,1
3853,323,17,2
3854,323,19,2
3855,323,52,3
3856,323,31,2
3857,324,1,2
3858,324,4,2
3859,324,8,3
3860,324,9,3
3861,324,48,1
3862,324,21,3
3863,324,55,2
3864,324,56,4
3865,324,24,2
3866,324,58,2
3867,324,27,4
3868,324,30,1
3869,325,1,3
3870,325,33,3
3871,325,3,1
3872,325,4,2
3873,325,5,2
3874,325,38,3
3875,325,7,2
3876,325,8,1
3877,325,9,3
3878,325,39,2
3879,325,11,3
3880,325,12,2
3881,325,43,2
3882,325,19,1
3883,326,1,2
3884,326,33,4
3885,326,8,4
3886,326,9,3
3887,326,48,1
3888,326,21,2
3889,326,55,2
3890,326,56,3
3891,326,24,3
3892,326,58,2
3893,326,30,1
3894,327,1,3
3895,327,34,2
3896,327,3,3
3897,327,36,4
3898,327,2,3
3899,327,39,3
3900,327,8,5
3901,327,9,3
3902,327,40,3
3903,327,11,2
3904,327,21,5
3905,327,31,1
3906,328,1,1
3907,328,4,3
3908,328,5,4
3909,328,8,2
3910,328,41,3
3911,328,44,3
3912,328,50,3
3913,328,19,3
3914,328,51,1
3915,328,21,2
3916,328,54,4
3917,328,52,2
3918,328,20,2
3919,329,1,4
3920,329,3,4
3921,329,39,4
3922,329,8,3
3923,329,40,3
3924,329,9,3
3925,329,11,2
3926,329,44,3
3927,329,19,4
3928,329,21,3
3929,329,25,3
3930,330,1,3
3931,330,3,3
3932,330,4,3
3933,330,5,2
3934,330,6,3
3935,330,7,3
3936,330,8,3
3937,330,11,1
3938,330,12,1
3939,330,19,4
3940,330,20,4
3941,330,54,3
3942,331,1,4
3943,331,34,2
3944,331,3,3
3945,331,36,4
3946,331,11,4
3947,331,50,4
3948,331,19,4
3949,331,21,1
3950,331,54,4
3951,331,25,4
3952,331,30,4
3953,331,31,2
3954,332,1,3
3955,332,2,3
3956,332,3,3
3957,332,4,3
3958,332,8,1
3959,332,9,4
3960,332,42,4
3961,332,12,2
3962,332,17,2
3963,332,19,4
3964,332,51,3
3965,332,24,2
3966,332,60,3
3967,333,1,1
3968,333,33,4
3969,333,3,3
3970,333,37,4
3971,333,38,1
3972,333,8,4
3973,333,41,4
3974,333,40,3
3975,333,11,2
3976,333,42,2
3977,333,17,5
3978,333,19,4
3979,334,34,5
3980,334,7,3
3981,334,14,1
3982,334,15,4
3983,334,17,1
3984,334,18,3
3985,334,19,4
3986,334,20,2
3987,334,21,2
3988,334,51,2
3989,334,24,2
3990,334,28,2
3991,335,1,3
3992,335,35,4
3993,335,8,4
3994,335,41,5
3995,335,50,4
3996,335,19,2
3997,335,51,3
3998,335,21,3
3999,335,54,4
4000,335,52,2
4001,336,1,5
4002,336,33,3
4003,336,36,4
4004,336,8,4
4005,336,9,4
4006,336,41,3
4007,336,11,4
4008,336,49,2
4009,336,50,4
4010,336,19,4
4011,336,51,4
4012,336,21,3
4013,336,54,5
4014,337,5,1
4015,337,8,4
4016,337,9,4
4017,337,11,3
4018,337,14,4
4019,337,19,3
4020,337,21,5
4021,337,22,4
4022,337,23,4
4023,337,53,3
4024,337,58,4
4025,337,59,5
4026,337,30,5
4027,338,1,3
4028,338,34,3
4029,338,35,4
4030,338,36,5
4031,338,5,4
4032,338,11,3
4033,338,12,5
4034,338,21,4
4035,338,30,5
4036,338,31,3
4037,339,1,4
4038,339,34,4
4039,339,3,3
4040,339,36,5
4041,339,2,4
4042,339,9,4
4043,339,11,3
4044,339,45,4
4045,339,21,5
4046,339,31,4
4047,340,3,5
4048,340,4,5
4049,340,5,5
4050,340,6,4
4051,340,8,4
4052,340,9,3
4053,340,11,3
4054,340,12,4
4055,340,19,5
4056,340,21,5
4057,340,54,3
4058,341,2,1
4059,341,3,4
4060,341,5,4
4061,341,9,3
4062,341,43,3
4063,341,45,2
4064,341,46,5
4065,341,47,2
4066,341,20,3
4067,341,21,2
4068,341,22,2
4069,342,1,3
4070,342,8,3
4071,342,9,3
4072,342,41,5
4073,342,48,4
4074,342,20,2
4075,342,21,3
4076,342,53,3
4077,342,55,2
4078,342,24,2
4079,342,57,3
4080,342,58,2
4081,342,30,5
4082,343,8,2
4083,343,11,4
4084,343,49,4
4085,343,19,3
4086,343,23,5
4087,343,21,3
4088,343,22,3
4089,343,53,2
4090,343,20,2
4091,343,25,5
4092,343,58,4
4093,343,59,4
4094,343,28,4
4095,343,30,3
4096,344,1,1
4097,344,34,3
4098,344,3,3
4099,344,36,4
4100,344,2,3
4101,344,40,5
4102,344,9,3
4103,344,11,1
4104,344,14,2
4105,344,21,5
4106,344,53,2
4107,344,31,3
4108,345,3,3
4109,345,5,2
4110,345,8,2
4111,345,43,3
4112,345,44,3
4113,345,45,2
4114,345,13,2
4115,345,14,3
4116,345,48,4
4117,345,19,3
4118,345,20,4
4119,346,32,2
4120,346,33,2
4121,346,1,5
4122,346,3,3
4123,346,36,5
4124,346,9,4
4125,346,11,5
4126,346,12,3
4127,346,51,4
4128,346,20,5
4129,346,27,4
4130,346,28,3
4131,347,3,5
4132,347,5,3
4133,347,7,3
4134,347,8,3
4135,347,9,5
4136,347,44,4
4137,347,45,3
4138,347,46,5
4139,347,48,3
4140,347,21,4
4141,348,1,4
4142,348,39,5
4143,348,8,5
4144,348,41,1
4145,348,9,4
4146,348,11,3
4147,348,14,2
4148,348,49,3
4149,348,50,4
4150,348,19,3
4151,348,51,2
4152,348,21,5
4153,348,54,4
4154,348,60,3
4155,349,1,4
4156,349,3,3
4157,349,7,4
4158,349,8,3
4159,349,13,4
4160,349,14,5
4161,349,15,4
4162,349,17,5
4163,349,18,3
4164,349,19,3
4165,349,50,5
4166,349,21,5
4167,349,60,2
4168,350,32,4
4169,350,33,4
4170,350,3,4
4171,350,8,4
4172,350,9,4
4173,350,11,3
4174,350,43,3
4175,350,19,4
4176,350,21,3
4177,350,53,1
4178,350,26,2
4179,350,27,3
4180,351,3,2
4181,351,4,4
4182,351,5,5
4183,351,6,4
4184,351,8,4
4185,351,9,3
4186,351,12,4
4187,351,19,4
4188,351,21,5
4189,351,57,1
4190,352,1,4
4191,352,3,4
4192,352,6,2
4193,352,8,3
4194,352,9,2
4195,352,51,3
4196,352,21,2
4197,352,60,2
4198,352,29,4
4199,353,33,3
4200,353,3,5
4201,353,5,5
4202,353,6,5
4203,353,8,5
4204,353,9,4
4205,353,11,5
4206,353,14,4
4207,353,47,4
4208,353,17,5
4209,353,19,5
4210,353,21,3
4211,353,25,5
4212,353,28,5
4213,353,30,3
4214,354,1,4
4215,354,56,4
4216,354,9,4
4217,354,48,4
4218,354,19,4
4219,354,20,5
4220,354,21,4
4221,354,51,3
4222,354,25,3
4223,354,24,5
4224,354,57,5
4225,354,58,5
4226,354,28,3
4227,354,30,5
4228,355,5,2
4229,355,9,4
4230,355,50,3
4231,355,19,4
4232,355,21,3
4233,355,53,4
4234,355,23,4
4235,355,22,4
4236,355,56,3
4237,355,59,2
4238,355,30,4
4239,356,1,1
4240,356,7,3
4241,356,8,2
4242,356,41,1
4243,356,9,2
4244,356,11,1
4245,356,40,3
4246,356,49,2
4247,356,50,1
4248,356,19,1
4249,356,51,1
4250,356,21,2
4251,356,54,1
4252,356,17,4
4253,356,23,2
4254,357,8,3
4255,357,9,2
4256,357,45,4
4257,357,13,3
4258,357,19,1
4259,357,53,2
4260,357,21,1
4261,357,22,2
4262,357,56,3
4263,357,58,2
4264,357,59,3
4265,357,30,1
4266,358,1,3
4267,358,34,3
4268,358,3,1
4269,358,4,1
4270,358,5,3
4271,358,7,1
4272,358,8,1
4273,358,9,3
4274,358,42,3
4275,358,11,3
4276,358,12,2
4277,358,49,2
4278,358,19,1
4279,359,1,1
4280,359,33,3
4281,359,3,3
4282,359,37,2
4283,359,6,2
4284,359,8,3
4285,359,9,1
4286,359,47,3
4287,359,51,3
4288,359,52,2
4289,359,21,3
4290,359,60,1
4291,360,1,5
4292,360,3,4
4293,360,4,2
4294,360,6,3
4295,360,8,3
4296,360,9,3
4297,360,14,4
4298,360,19,5
4299,360,52,3
4300,360,21,3
4301,360,60,3
4302,361,3,3
4303,361,5,3
4304,361,9,2
4305,361,43,4
4306,361,45,3
4307,361,46,4
4308,361,47,4
4309,361,20,2
4310,361,21,3
4311,361,52,1
4312,362,1,2
4313,362,2,2
4314,362,3,2
4315,362,4,2
4316,362,8,1
4317,362,9,2
4318,362,42,2
4319,362,43,4
4320,362,50,2
4321,362,19,3
4322,362,51,3
4323,362,60,2
4324,363,1,1
4325,363,7,3
4326,363,8,1
4327,363,9,3
4328,363,39,2
4329,363,13,1
4330,363,15,2
4331,363,16,2
4332,363,17,2
4333,363,18,3
4334,363,19,1
4335,363,21,1
4336,364,32,4
4337,364,33,3
4338,364,3,4
4339,364,8,3
4340,364,9,3
4341,364,11,1
4342,364,46,4
4343,364,47,2
4344,364,19,4
4345,364,21,3
4346,364,27,1
4347,365,1,4
4348,365,56,1
4349,365,6,3
4350,365,9,3
4351,365,48,4
4352,365,20,3
4353,365,55,5
4354,365,24,4
4355,365,57,3
4356,365,58,3
4357,365,30,3
4358,366,1,4
4359,366,3,4
4360,366,4,3
4361,366,6,4
4362,366,8,4
4363,366,9,4
4364,366,19,4
4365,366,52,3
4366,366,21,1
4367,366,60,5
4368,367,32,3
4369,367,33,4
4370,367,3,4
4371,367,8,3
4372,367,9,4
4373,367,59,4
4374,367,11,2
4375,367,19,4
4376,367,21,3
4377,367,27,3
4378,368,1,5
4379,368,8,2
4380,368,9,3
4381,368,59,2
4382,368,48,4
4383,368,19,2
4384,368,20,4
4385,368,21,4
4386,368,54,2
4387,368,25,5
4388,368,58,5
4389,368,27,4
4390,368,28,2
4391,368,30,4
4392,369,32,5
4393,369,1,5
4394,369,33,3
4395,369,3,4
4396,369,9,5
4397,369,11,4
4398,369,20,5
4399,369,21,5
4400,369,25,3
4401,369,27,5
4402,369,28,4
4403,369,30,3
4404,370,1,2
4405,370,4,1
4406,370,8,3
4407,370,41,1
4408,370,9,2
4409,370,11,1
4410,370,49,2
4411,370,50,1
4412,370,19,1
4413,370,51,2
4414,370,21,2
4415,370,54,2
4416,370,20,3
4417,370,28,2
4418,371,32,2
4419,371,2,2
4420,371,3,3
4421,371,4,4
4422,371,8,4
4423,371,9,4
4424,371,19,3
4425,371,51,4
4426,371,21,5
4427,371,52,5
4428,371,60,3
4429,372,1,1
4430,372,3,2
4431,372,37,2
4432,372,38,2
4433,372,39,2
4434,372,40,2
4435,372,41,2
4436,372,42,2
4437,372,8,1
4438,372,11,1
4439,372,44,1
4440,372,17,3
4441,372,19,2
4442,372,56,4
4443,373,34,3
4444,373,3,3
4445,373,5,4
4446,373,7,3
4447,373,9,3
4448,373,43,4
4449,373,45,4
4450,373,46,5
4451,373,47,4
4452,373,20,3
4453,373,21,4
4454,374,1,5
4455,374,3,4
4456,374,4,4
4457,374,6,4
4458,374,8,4
4459,374,9,2
4460,374,11,1
4461,374,19,5
4462,374,52,3
4463,374,21,3
4464,374,60,5
4465,375,1,4
4466,375,56,2
4467,375,9,3
4468,375,47,2
4469,375,48,3
4470,375,20,4
4471,375,55,3
4472,375,24,4
4473,375,57,2
4474,375,58,3
4475,375,30,4
4476,376,1,3
4477,376,34,4
4478,376,35,4
4479,376,36,5
4480,376,5,4
4481,376,11,2
4482,376,21,2
4483,376,54,3
4484,376,23,3
4485,376,30,5
4486,376,31,4
4487,377,8,4
4488,377,9,3
4489,377,19,4
4490,377,53,4
4491,377,21,2
4492,377,22,5
4493,377,58,4
4494,377,59,2
4495,377,60,3
4496,377,30,1
4497,378,8,4
4498,378,11,4
4499,378,13,4
4500,378,19,4
4501,378,23,5
4502,378,21,5
4503,378,22,4
4504,378,53,4
4505,378,25,4
4506,378,58,4
4507,378,59,4
4508,378,28,4
4509,378,30,2
4510,379,33,3
4511,379,1,3
4512,379,3,1
4513,379,36,3
4514,379,8,2
4515,379,9,2
4516,379,21,3
4517,379,27,4
4518,380,3,4
4519,380,5,4
4520,380,9,3
4521,380,43,4
4522,380,45,3
4523,380,46,5
4524,380,47,4
4525,380,51,4
4526,380,20,3
4527,380,21,3
4528,380,31,1
4529,381,1,4
4530,381,56,1
4531,381,9,1
4532,381,41,1
4533,381,48,3
4534,381,20,2
4535,381,55,3
4536,381,24,3
4537,381,57,2
4538,381,58,2
4539,381,30,2
4540,382,7,5
4541,382,8,4
4542,382,9,2
4543,382,11,4
4544,382,12,2
4545,382,19,3
4546,382,23,2
4547,382,21,3
4548,382,22,3
4549,382,53,1
4550,382,58,4
4551,382,59,3
4552,382,30,4
4553,383,3,5
4554,383,5,4
4555,383,39,4
4556,383,8,4
4557,383,9,5
4558,383,13,4
4559,383,46,4
4560,383,47,5
4561,383,48,5
4562,383,19,5
4563,383,51,4
4564,383,21,4
4565,383,25,5
4566,383,28,5
4567,383,30,4
4568,384,3,5
4569,384,5,5
4570,384,6,4
4571,384,8,5
4572,384,9,3
4573,384,11,5
4574,384,43,3
4575,384,19,5
4576,384,21,3
4577,384,25,5
4578,384,28,5
4579,384,30,4
4580,384,31,3
4581,385,1,3
4582,385,3,3
4583,385,39,3
4584,385,8,1
4585,385,40,2
4586,385,9,2
4587,385,11,1
4588,385,19,2
4589,385,21,2
4590,385,23,3
4591,386,1,4
4592,386,8,5
4593,386,41,3
4594,386,9,4
4595,386,11,3
4596,386,16,3
4597,386,49,2
4598,386,50,3
4599,386,19,4
4600,386,51,5
4601,386,21,4
4602,386,54,5
4603,387,8,5
4604,387,9,3
4605,387,41,5
4606,387,11,4
4607,387,46,2
4608,387,50,5
4609,387,19,3
4610,387,52,5
4611,387,51,4
4612,387,21,5
4613,387,55,4
4614,387,22,3
4615,387,25,3
4616,387,28,4
4617,387,30,3
4618,388,1,3
4619,388,34,1
4620,388,3,2
4621,388,36,3
4622,388,2,2
4623,388,9,3
4624,388,11,1
4625,388,48,3
4626,388,21,3
4627,388,56,3
4628,388,60,2
4629,388,31,1
4630,389,3,5
4631,389,4,3
4632,389,6,4
4633,389,8,4
4634,389,9,3
4635,389,49,3
4636,389,18,3
4637,389,51,1
4638,389,19,4
4639,389,52,3
4640,389,21,2
4641,389,60,4
4642,389,31,3
4643,390,2,4
4644,390,8,5
4645,390,9,4
4646,390,41,5
4647,390,11,4
4648,390,15,4
4649,390,50,5
4650,390,19,4
4651,390,52,5
4652,390,51,5
4653,390,21,5
4654,390,23,3
4655,390,25,5
4656,390,28,4
4657,390,30,4
4658,391,1,2
4659,391,2,2
4660,391,35,3
4661,391,36,4
4662,391,37,2
4663,391,8,4
4664,391,9,1
4665,391,44,1
4666,391,50,5
4667,391,19,4
4668,391,25,2
4669,391,28,3
4670,391,30,3
4671,391,31,1
4672,392,1,2
4673,392,2,1
4674,392,3,2
4675,392,37,3
4676,392,38,3
4677,392,39,3
4678,392,40,3
4679,392,41,3
4680,392,42,3
4681,392,8,3
4682,392,11,1
4683,392,19,3
4684,393,1,5
4685,393,56,2
4686,393,9,3
4687,393,12,3
4688,393,48,4
4689,393,20,4
4690,393,54,1
4691,393,55,2
4692,393,24,4
4693,393,57,3
4694,393,58,3
4695,393,30,3
4696,394,1,2
4697,394,4,3
4698,394,8,3
4699,394,9,1
4700,394,11,3
4701,394,48,3
4702,394,52,3
4703,394,21,1
4704,394,55,2
4705,394,56,3
4706,394,24,1
4707,394,58,3
4708,394,30,1
4709,395,1,4
4710,395,3,3
4711,395,37,4
4712,395,6,4
4713,395,39,4
4714,395,8,2
4715,395,40,3
4716,395,9,3
4717,395,11,2
4718,395,19,4
4719,395,21,4
4720,396,1,5
4721,396,56,3
4722,396,35,2
4723,396,9,5
4724,396,45,4
4725,396,48,4
4726,396,19,5
4727,396,20,4
4728,396,21,5
4729,396,53,5
4730,396,25,4
4731,396,24,5
4732,396,57,3
4733,396,58,5
4734,396,28,5
4735,396,30,5
4736,397,1,2
4737,397,34,2
4738,397,3,2
4739,397,36,2
4740,397,2,1
4741,397,9,2
4742,397,11,1
4743,397,12,2
4744,397,49,2
4745,397,18,2
4746,397,21,3
4747,397,31,1
4748,398,32,4
4749,398,1,4
4750,398,3,2
4751,398,36,5
4752,398,8,2
4753,398,9,4
4754,398,10,4
4755,398,12,3
4756,398,13,3
4757,398,19,2
4758,398,20,3
4759,399,1,2
4760,399,39,4
4761,399,8,1
4762,399,9,2
4763,399,41,2
4764,399,11,2
4765,399,49,2
4766,399,51,1
4767,399,19,2
4768,399,21,2
4769,399,54,2
4770,400,1,4
4771,400,8,5
4772,400,41,3
4773,400,9,3
4774,400,11,2
4775,400,14,3
4776,400,49,2
4777,400,50,3
4778,400,19,2
4779,400,51,4
4780,400,21,4
4781,400,54,5
4782,400,28,5
4783,401,1,2
4784,401,8,2
4785,401,9,3
4786,401,41,4
4787,401,11,3
4788,401,12,3
4789,401,15,3
4790,401,49,4
4791,401,51,2
4792,401,19,3
4793,401,21,1
4794,401,54,4
4795,401,55,3
4796,402,1,4
4797,402,56,3
4798,402,9,5
4799,402,43,3
4800,402,48,4
4801,402,19,5
4802,402,20,5
4803,402,21,4
4804,402,51,4
4805,402,25,5
4806,402,24,4
4807,402,57,5
4808,402,58,3
4809,402,28,4
4810,402,30,5
4811,403,1,1
4812,403,36,1
4813,403,7,4
4814,403,8,2
4815,403,9,2
4816,403,13,3
4817,403,15,3
4818,403,16,2
4819,403,17,3
4820,403,18,3
4821,403,19,2
4822,403,21,4
4823,403,54,4
4824,404,1,5
4825,404,8,5
4826,404,9,5
4827,404,10,4
4828,404,48,5
4829,404,20,5
4830,404,21,3
4831,404,55,1
4832,404,25,5
4833,404,58,5
4834,404,59,2
4835,404,28,5
4836,404,30,5
4837,405,35,3
4838,405,7,5
4839,405,8,3
4840,405,9,5
4841,405,13,5
4842,405,14,5
4843,405,15,3
4844,405,17,5
4845,405,18,5
4846,405,20,5
4847,405,21,4
4848,405,25,4
4849,405,28,5
4850,405,30,4
4851,406,1,3
4852,406,2,3
4853,406,3,3
4854,406,4,2
4855,406,8,2
4856,406,9,3
4857,406,19,4
4858,406,51,4
4859,406,23,4
4860,406,60,4
4861,407,1,4
4862,407,35,5
4863,407,36,5
4864,407,8,5
4865,407,9,3
4866,407,10,5
4867,407,19,4
4868,407,25,4
4869,407,28,5
4870,407,30,4
4871,407,31,3
4872,408,32,1
4873,408,7,3
4874,408,8,4
4875,408,9,3
4876,408,11,3
4877,408,48,2
4878,408,19,2
4879,408,23,3
4880,408,21,3
4881,408,22,3
4882,408,53,2
4883,408,58,2
4884,408,59,3
4885,408,30,3
4886,409,3,5
4887,409,5,3
4888,409,8,2
4889,409,9,5
4890,409,44,5
4891,409,45,3
4892,409,46,3
4893,409,15,5
4894,409,48,4
4895,409,52,3
4896,409,21,3
4897,409,54,2
4898,409,60,2
4899,410,1,4
4900,410,2,2
4901,410,8,3
4902,410,9,2
4903,410,48,2
4904,410,20,3
4905,410,21,2
4906,410,56,1
4907,410,25,3
4908,410,58,3
4909,410,28,3
4910,410,30,3
4911,411,1,1
4912,411,3,2
4913,411,37,2
4914,411,38,2
4915,411,8,1
4916,411,41,1
4917,411,40,2
4918,411,11,2
4919,411,44,4
4920,411,19,1
4921,412,32,4
4922,412,33,2
4923,412,3,2
4924,412,8,2
4925,412,9,2
4926,412,41,3
4927,412,11,1
4928,412,44,2
4929,412,59,3
4930,412,19,3
4931,412,21,2
4932,412,27,2
4933,413,1,2
4934,413,8,2
4935,413,41,1
4936,413,9,2
4937,413,11,1
4938,413,44,4
4939,413,45,3
4940,413,47,1
4941,413,49,2
4942,413,50,1
4943,413,19,1
4944,413,51,2
4945,413,21,1
4946,413,54,3
4947,414,3,2
4948,414,8,2
4949,414,9,3
4950,414,13,3
4951,414,46,3
4952,414,47,5
4953,414,45,2
4954,414,21,3
4955,414,22,4
4956,415,1,4
4957,415,8,5
4958,415,9,4
4959,415,41,5
4960,415,11,4
4961,415,49,4
4962,415,50,5
4963,415,19,5
4964,415,52,4
4965,415,51,5
4966,415,21,5
4967,415,54,3
4968,415,25,2
4969,415,28,4
4970,415,30,4
4971,416,37,5
4972,416,6,2
4973,416,8,3
4974,416,9,1
4975,416,27,2
4976,416,19,1
4977,416,53,3
4978,416,21,2
4979,416,22,3
4980,416,58,4
4981,416,59,3
4982,416,30,3
4983,417,1,2
4984,417,33,3
4985,417,3,3
4986,417,37,4
4987,417,38,2
4988,417,8,4
4989,417,41,4
4990,417,40,2
4991,417,11,3
4992,417,48,1
4993,417,19,3
4994,417,25,2
4995,418,3,4
4996,418,5,4
4997,418,9,2
4998,418,43,4
4999,418,12,4
5000,418,45,4
5001,418,46,5
5002,418,47,4
5003,418,20,2
5004,418,21,4
5005,419,3,5
5006,419,8,3
5007,419,9,3
5008,419,41,4
5009,419,11,3
5010,419,45,3
5011,419,50,5
5012,419,19,4
5013,419,52,4
5014,419,51,4
5015,419,21,5
5016,419,24,2
5017,419,25,3
5018,419,28,2
5019,419,30,4
5020,420,34,1
5021,420,7,3
5022,420,14,3
5023,420,15,4
5024,420,17,4
5025,420,18,3
5026,420,19,5
5027,420,20,2
5028,420,21,2
5029,421,3,5
5030,421,5,3
5031,421,8,4
5032,421,9,5
5033,421,44,4
5034,421,45,4
5035,421,46,5
5036,421,12,4
5037,421,48,4
5038,421,21,2
5039,422,1,3
5040,422,4,1
5041,422,7,3
5042,422,8,3
5043,422,9,3
5044,422,48,3
5045,422,25,2
5046,422,21,3
5047,422,55,2
5048,422,56,4
5049,422,24,2
5050,422,58,4
5051,422,30,2
5052,423,1,2
5053,423,3,2
5054,423,37,2
5055,423,38,2
5056,423,8,2
5057,423,41,4
5058,423,40,2
5059,423,11,3
5060,423,17,1
5061,423,19,1
5062,423,52,4
5063,424,8,3
5064,424,9,4
5065,424,11,3
5066,424,19,5
5067,424,21,5
5068,424,22,4
5069,424,23,5
5070,424,53,5
5071,424,24,3
5072,424,58,3
5073,424,59,5
5074,424,30,3
5075,425,1,3
5076,425,4,3
5077,425,5,3
5078,425,6,3
5079,425,7,3
5080,425,8,2
5081,425,11,3
5082,425,12,2
5083,425,19,4
5084,425,25,4
5085,425,30,3
5086,425,31,2
5087,426,1,3
5088,426,2,4
5089,426,3,3
5090,426,35,2
5091,426,5,3
5092,426,6,4
5093,426,8,2
5094,426,9,1
5095,426,11,3
5096,426,12,2
5097,426,15,3
5098,426,48,1
5099,426,19,2
5100,426,21,2
5101,427,32,3
5102,427,33,2
5103,427,3,3
5104,427,8,2
5105,427,9,3
5106,427,11,2
5107,427,17,3
5108,427,19,3
5109,427,21,2
5110,427,27,1
5111,428,3,5
5112,428,5,5
5113,428,8,5
5114,428,9,3
5115,428,11,3
5116,428,13,4
5117,428,46,4
5118,428,47,4
5119,428,48,5
5120,428,19,5
5121,428,21,4
5122,428,24,3
5123,428,25,4
5124,428,27,3
5125,428,28,4
5126,428,30,4
5127,429,1,3
5128,429,2,3
5129,429,3,2
5130,429,4,3
5131,429,34,3
5132,429,8,2
5133,429,9,2
5134,429,42,3
5135,429,46,3
5136,429,19,4
5137,429,51,4
5138,429,60,2
5139,429,29,2
5140,430,32,2
5141,430,33,2
5142,430,1,3
5143,430,3,2
5144,430,36,3
5145,430,9,4
5146,430,41,5
5147,430,11,4
5148,430,20,4
5149,430,22,3
5150,430,55,2
5151,430,27,3
5152,431,3,5
5153,431,5,5
5154,431,7,3
5155,431,8,5
5156,431,9,4
5157,431,10,3
5158,431,13,3
5159,431,46,3
5160,431,47,5
5161,431,48,3
5162,431,19,4
5163,431,21,4
5164,431,23,2
5165,431,25,4
5166,431,28,5
5167,431,30,4
5168,431,31,5
5169,432,1,1
5170,432,34,1
5171,432,3,1
5172,432,36,3
5173,432,2,3
5174,432,37,1
5175,432,9,1
5176,432,11,1
5177,432,19,2
5178,432,21,2
5179,432,31,1
5180,433,1,5
5181,433,35,5
5182,433,36,5
5183,433,6,4
5184,433,8,5
5185,433,9,5
5186,433,19,5
5187,433,25,5
5188,433,28,5
5189,433,30,5
5190,433,31,3
5191,434,32,4
5192,434,39,2
5193,434,8,4
5194,434,9,1
5195,434,11,4
5196,434,19,3
5197,434,23,2
5198,434,21,3
5199,434,22,3
5200,434,53,1
5201,434,25,1
5202,434,58,3
5203,434,59,3
5204,434,30,3
5205,435,1,4
5206,435,34,5
5207,435,3,3
5208,435,36,4
5209,435,11,4
5210,435,19,2
5211,435,21,3
5212,435,30,3
5213,435,31,2
5214,436,34,3
5215,436,35,3
5216,436,36,3
5217,436,5,2
5218,436,38,2
5219,436,8,4
5220,436,21,2
5221,436,30,2
5222,436,31,3
5223,437,32,3
5224,437,33,2
5225,437,3,3
5226,437,8,1
5227,437,9,3
5228,437,11,2
5229,437,13,4
5230,437,19,3
5231,437,51,3
5232,437,21,3
5233,437,27,1
5234,438,1,3
5235,438,3,4
5236,438,6,2
5237,438,8,2
5238,438,9,1
5239,438,51,3
5240,438,52,2
5241,438,21,3
5242,438,60,1
5243,439,1,1
5244,439,34,2
5245,439,3,4
5246,439,6,3
5247,439,8,3
5248,439,9,1
5249,439,51,1
5250,439,21,2
5251,439,60,2
5252,440,3,4
5253,440,4,2
5254,440,6,4
5255,440,8,3
5256,440,9,1
5257,440,46,4
5258,440,51,2
5259,440,19,3
5260,440,52,4
5261,440,21,1
5262,440,20,2
5263,440,54,2
5264,440,60,3
5265,441,1,2
5266,441,3,2
5267,441,37,4
5268,441,38,3
5269,441,8,4
5270,441,41,4
5271,441,40,4
5272,441,11,3
5273,441,45,4
5274,441,18,3
5275,441,19,3
5276,442,3,3
5277,442,4,2
5278,442,37,4
5279,442,8,3
5280,442,9,1
5281,442,45,2
5282,442,19,3
5283,442,51,2
5284,442,21,4
5285,442,52,2
5286,442,60,2
5287,442,29,5
5288,443,32,2
5289,443,33,2
5290,443,1,5
5291,443,3,3
5292,443,36,3
5293,443,5,3
5294,443,9,3
5295,443,11,3
5296,443,20,5
5297,443,23,5
5298,443,27,3
5299,444,1,4
5300,444,8,2
5301,444,9,4
5302,444,41,2
5303,444,11,1
5304,444,49,3
5305,444,51,1
5306,444,19,3
5307,444,21,2
5308,444,54,5
5309,445,8,3
5310,445,9,2
5311,445,41,3
5312,445,11,1
5313,445,60,2
5314,445,50,2
5315,445,19,3
5316,445,52,4
5317,445,51,4
5318,445,21,3
5319,445,25,1
5320,445,28,2
5321,445,30,3
5322,446,32,2
5323,446,33,1
5324,446,1,2
5325,446,3,2
5326,446,36,2
5327,446,9,3
5328,446,11,3
5329,446,47,5
5330,446,18,4
5331,446,20,3
5332,446,27,2
5333,446,31,3
5334,447,3,3
5335,447,4,3
5336,447,5,2
5337,447,6,3
5338,447,8,2
5339,447,9,2
5340,447,41,2
5341,447,12,3
5342,447,19,3
5343,447,52,1
5344,447,21,5
5345,447,54,3
5346,448,1,3
5347,448,2,3
5348,448,3,3
5349,448,4,2
5350,448,8,3
5351,448,9,3
5352,448,16,2
5353,448,19,4
5354,448,51,4
5355,448,22,4
5356,448,60,3
5357,449,32,1
5358,449,1,3
5359,449,33,3
5360,449,3,2
5361,449,5,2
5362,449,8,1
5363,449,43,2
5364,449,44,2
5365,449,45,2
5366,449,13,2
5367,449,48,4
5368,449,19,1
5369,449,20,3
5370,449,51,2
5371,450,1,2
5372,450,34,3
5373,450,3,2
5374,450,36,3
5375,450,11,1
5376,450,19,3
5377,450,21,2
5378,450,59,4
5379,450,30,3
5380,450,31,1
5381,451,1,5
5382,451,3,1
5383,451,4,2
5384,451,8,2
5385,451,9,2
5386,451,19,1
5387,451,51,3
5388,451,21,3
5389,451,52,3
5390,451,60,2
5391,452,1,3
5392,452,2,4
5393,452,4,3
5394,452,5,1
5395,452,6,3
5396,452,7,3
5397,452,8,1
5398,452,11,3
5399,452,12,1
5400,452,19,4
5401,452,60,3
5402,453,1,4
5403,453,56,1
5404,453,9,3
5405,453,48,4
5406,453,20,3
5407,453,23,3
5408,453,55,4
5409,453,24,4
5410,453,57,3
5411,453,58,3
5412,453,30,4
5413,454,1,5
5414,454,6,2
5415,454,8,2
5416,454,9,4
5417,454,48,3
5418,454,16,3
5419,454,20,4
5420,454,21,3
5421,454,55,5
5422,454,25,4
5423,454,58,4
5424,454,28,4
5425,454,30,4
5426,455,2,3
5427,455,8,1
5428,455,9,2
5429,455,41,3
5430,455,11,3
5431,455,43,3
5432,455,50,3
5433,455,19,2
5434,455,52,3
5435,455,51,3
5436,455,21,4
5437,455,20,3
5438,455,25,1
5439,455,28,2
5440,455,30,2
5441,456,9,4
5442,456,41,2
5443,456,19,5
5444,456,21,4
5445,456,53,3
5446,456,23,4
5447,456,22,2
5448,456,59,4
5449,456,30,4
5450,457,32,1
5451,457,3,2
5452,457,4,3
5453,457,7,1
5454,457,8,3
5455,457,9,2
5456,457,45,3
5457,457,49,1
5458,457,19,3
5459,457,51,2
5460,457,21,4
5461,457,52,4
5462,457,60,3
5463,458,1,3
5464,458,38,3
5465,458,8,3
5466,458,9,5
5467,458,48,3
5468,458,20,4
5469,458,21,4
5470,458,55,4
5471,458,24,3
5472,458,57,4
5473,458,58,3
5474,458,30,4
5475,459,1,2
5476,459,7,3
5477,459,8,2
5478,459,43,3
5479,459,13,3
5480,459,14,5
5481,459,15,4
5482,459,17,4
5483,459,18,1
5484,459,19,3
5485,459,49,1
5486,459,21,4
5487,459,50,4
5488,459,60,3
5489,460,3,4
5490,460,4,4
5491,460,8,4
5492,460,9,4
5493,460,19,4
5494,460,51,4
5495,460,21,3
5496,460,52,5
5497,460,56,2
5498,460,27,5
5499,460,60,2
5500,460,29,5
5501,461,33,3
5502,461,1,3
5503,461,3,2
5504,461,36,4
5505,461,8,3
5506,461,9,2
5507,461,21,3
5508,461,27,4
5509,462,1,4
5510,462,3,3
5511,462,4,3
5512,462,5,1
5513,462,7,3
5514,462,8,3
5515,462,9,4
5516,462,11,4
5517,462,12,3
5518,462,18,1
5519,462,19,1
5520,462,25,2
5521,463,1,3
5522,463,34,3
5523,463,3,3
5524,463,36,5
5525,463,2,3
5526,463,9,3
5527,463,11,1
5528,463,16,5
5529,463,21,4
5530,463,28,2
5531,463,31,3
5532,464,1,5
5533,464,3,5
5534,464,39,4
5535,464,8,4
5536,464,40,4
5537,464,9,4
5538,464,11,3
5539,464,14,2
5540,464,19,5
5541,464,21,4
5542,465,3,3
5543,465,4,2
5544,465,6,2
5545,465,8,2
5546,465,9,1
5547,465,41,3
5548,465,16,4
5549,465,51,1
5550,465,19,2
5551,465,52,2
5552,465,21,2
5553,465,60,2
5554,466,1,4
5555,466,34,3
5556,466,3,4
5557,466,36,4
5558,466,2,4
5559,466,9,4
5560,466,11,4
5561,466,21,5
5562,466,30,4
5563,466,31,4
5564,467,3,3
5565,467,4,2
5566,467,6,2
5567,467,8,1
5568,467,9,1
5569,467,14,1
5570,467,51,2
5571,467,19,2
5572,467,52,2
5573,467,21,1
5574,467,25,1
5575,467,60,2
5576,468,1,4
5577,468,7,3
5578,468,8,2
5579,468,13,2
5580,468,14,4
5581,468,15,3
5582,468,17,2
5583,468,18,3
5584,468,19,3
5585,468,52,4
5586,468,21,4
5587,468,57,2
5588,468,60,2
5589,469,1,5
5590,469,33,1
5591,469,37,5
5592,469,39,4
5593,469,40,5
5594,469,41,5
5595,469,42,3
5596,469,11,2
5597,469,9,5
5598,469,19,5
5599,469,20,1
5600,469,21,5
5601,469,25,4
5602,469,28,5
5603,469,30,4
5604,470,1,4
5605,470,56,2
5606,470,9,3
5607,470,48,2
5608,470,20,4
5609,470,55,5
5610,470,24,4
5611,470,57,4
5612,470,58,3
5613,470,30,3
5614,471,2,2
5615,471,39,5
5616,471,8,5
5617,471,11,4
5618,471,19,5
5619,471,23,5
5620,471,21,5
5621,471,22,5
5622,471,53,4
5623,471,52,4
5624,471,25,5
5625,471,58,3
5626,471,59,4
5627,471,28,5
5628,471,30,4
5629,472,3,5
5630,472,5,5
5631,472,8,5
5632,472,9,4
5633,472,40,3
5634,472,13,4
5635,472,46,5
5636,472,47,5
5637,472,48,5
5638,472,19,5
5639,472,51,5
5640,472,21,3
5641,472,25,4
5642,472,28,5
5643,472,30,3
5644,473,1,4
5645,473,3,2
5646,473,4,2
5647,473,5,3
5648,473,37,4
5649,473,7,1
5650,473,8,4
5651,473,9,2
5652,473,11,3
5653,473,12,3
5654,473,19,2
5655,473,22,5
5656,473,57,2
5657,474,34,5
5658,474,3,1
5659,474,4,2
5660,474,8,2
5661,474,9,2
5662,474,44,1
5663,474,15,4
5664,474,19,2
5665,474,51,2
5666,474,21,3
5667,474,52,3
5668,474,58,4
5669,474,60,2
5670,475,1,3
5671,475,34,3
5672,475,3,3
5673,475,36,2
5674,475,2,3
5675,475,9,3
5676,475,11,3
5677,475,20,3
5678,475,21,2
5679,475,31,2
5680,476,39,2
5681,476,8,2
5682,476,11,3
5683,476,49,1
5684,476,19,3
5685,476,23,2
5686,476,21,3
5687,476,22,3
5688,476,53,2
5689,476,54,1
5690,476,25,3
5691,476,58,2
5692,476,59,3
5693,476,28,1
5694,476,30,1
5695,477,1,4
5696,477,8,3
5697,477,41,4
5698,477,44,3
5699,477,50,4
5700,477,19,3
5701,477,51,2
5702,477,21,3
5703,477,54,5
5704,477,52,3
5705,477,55,3
5706,477,57,4
5707,477,53,3
5708,478,7,5
5709,478,8,5
5710,478,9,5
5711,478,13,5
5712,478,14,5
5713,478,15,5
5714,478,60,4
5715,478,17,4
5716,478,18,5
5717,478,20,5
5718,478,21,5
5719,478,25,4
5720,478,28,5
5721,478,30,4
5722,479,8,4
5723,479,9,1
5724,479,41,4
5725,479,11,3
5726,479,49,3
5727,479,50,3
5728,479,19,2
5729,479,52,4
5730,479,51,5
5731,479,21,5
5732,479,54,2
5733,479,17,4
5734,479,25,3
5735,479,24,4
5736,479,28,3
5737,479,30,3
5738,480,1,3
5739,480,7,3
5740,480,8,2
5741,480,13,4
5742,480,14,4
5743,480,15,4
5744,480,17,4
5745,480,18,1
5746,480,19,3
5747,480,21,2
5748,480,57,3
5749,481,1,3
5750,481,34,3
5751,481,35,4
5752,481,36,5
5753,481,5,5
5754,481,7,1
5755,481,11,3
5756,481,21,2
5757,481,30,5
5758,481,31,4
5759,482,32,3
5760,482,33,3
5761,482,3,2
5762,482,8,2
5763,482,9,3
5764,482,11,1
5765,482,46,4
5766,482,19,3
5767,482,21,2
5768,482,24,1
5769,482,27,2
5770,482,31,5
5771,483,3,1
5772,483,4,2
5773,483,8,2
5774,483,9,3
5775,483,14,3
5776,483,49,4
5777,483,19,2
5778,483,51,3
5779,483,21,4
5780,483,52,4
5781,483,60,2
5782,484,6,4
5783,484,8,4
5784,484,9,5
5785,484,11,4
5786,484,19,5
5787,484,21,5
5788,484,22,4
5789,484,23,4
5790,484,53,4
5791,484,24,4
5792,484,58,4
5793,484,59,5
5794,484,30,5
5795,485,32,2
5796,485,1,5
5797,485,37,5
5798,485,39,5
5799,485,40,4
5800,485,41,5
5801,485,42,4
5802,485,11,4
5803,485,9,5
5804,485,19,5
5805,485,21,5
5806,485,22,2
5807,485,25,4
5808,485,28,5
5809,485,30,4
5810,486,32,3
5811,486,2,2
5812,486,3,4
5813,486,4,3
5814,486,5,4
5815,486,6,4
5816,486,8,3
5817,486,9,2
5818,486,12,3
5819,486,19,3
5820,486,21,4
5821,486,55,4
5822,486,30,2
5823,487,1,4
5824,487,35,4
5825,487,38,3
5826,487,8,3
5827,487,9,5
5828,487,48,5
5829,487,20,4
5830,487,21,4
5831,487,55,4
5832,487,24,3
5833,487,57,4
5834,487,58,2
5835,487,30,5
5836,488,1,1
5837,488,8,3
5838,488,41,5
5839,488,50,2
5840,488,19,4
5841,488,51,2
5842,488,21,3
5843,488,54,5
5844,488,52,3
5845,488,26,5
5846,489,32,3
5847,489,1,4
5848,489,3,3
5849,489,4,4
5850,489,6,5
5851,489,8,2
5852,489,9,4
5853,489,17,5
5854,489,19,4
5855,489,52,4
5856,489,21,4
5857,489,60,5
5858,490,32,3
5859,490,1,5
5860,490,56,3
5861,490,9,3
5862,490,10,4
5863,490,48,4
5864,490,19,5
5865,490,20,5
5866,490,21,5
5867,490,54,4
5868,490,25,5
5869,490,24,5
5870,490,57,4
5871,490,58,5
5872,490,53,4
5873,490,28,5
5874,490,30,5
5875,491,1,2
5876,491,4,1
5877,491,5,1
5878,491,6,1
5879,491,7,2
5880,491,8,1
5881,491,36,2
5882,491,11,2
5883,491,12,1
5884,491,46,5
5885,491,19,3
5886,491,52,5
5887,491,30,3
5888,492,2,2
5889,492,3,3
5890,492,4,3
5891,492,8,3
5892,492,9,4
5893,492,19,4
5894,492,51,4
5895,492,21,5
5896,492,52,5
5897,492,60,4
5898,493,1,1
5899,493,4,2
5900,493,8,1
5901,493,9,3
5902,493,13,3
5903,493,48,3
5904,493,17,3
5905,493,18,2
5906,493,20,2
5907,493,21,2
5908,493,55,1
5909,493,24,1
5910,493,57,2
5911,493,58,1
5912,493,30,4
5913,494,1,2
5914,494,8,1
5915,494,9,3
5916,494,47,1
5917,494,48,4
5918,494,20,2
5919,494,21,1
5920,494,55,1
5921,494,24,1
5922,494,57,2
5923,494,58,1
5924,494,30,4
5925,495,1,3
5926,495,56,1
5927,495,6,3
5928,495,9,2
5929,495,43,2
5930,495,48,3
5931,495,20,2
5932,495,55,3
5933,495,24,3
5934,495,57,2
5935,495,58,1
5936,495,30,3
5937,496,3,4
5938,496,4,3
5939,496,6,2
5940,496,8,3
5941,496,9,2
5942,496,13,4
5943,496,51,1
5944,496,19,2
5945,496,52,3
5946,496,21,2
5947,496,55,4
5948,496,60,2
5949,497,1,2
5950,497,7,4
5951,497,8,1
5952,497,9,3
5953,497,13,2
5954,497,15,3
5955,497,16,2
5956,497,17,3
5957,497,18,2
5958,497,19,2
5959,497,21,3
5960,497,22,4
5961,497,28,3
5962,498,1,2
5963,498,8,2
5964,498,9,2
5965,498,13,4
5966,498,48,5
5967,498,20,4
5968,498,21,3
5969,498,55,2
5970,498,24,2
5971,498,57,3
5972,498,58,1
5973,498,30,3
5974,499,1,5
5975,499,2,3
5976,499,37,4
5977,499,39,4
5978,499,40,5
5979,499,41,5
5980,499,42,3
5981,499,11,5
5982,499,9,5
5983,499,19,4
5984,499,21,5
5985,499,55,2
5986,499,25,3
5987,499,59,2
5988,499,28,5
5989,499,30,5
5990,500,1,5
5991,500,8,5
5992,500,9,4
5993,500,48,4
5994,500,50,3
5995,500,20,5
5996,500,21,4
5997,500,25,4
5998,500,58,5
5999,500,28,5
6000,500,30,4
6001,501,1,2
6002,501,2,2
6003,501,3,1
6004,501,4,2
6005,501,6,2
6006,501,8,1
6007,501,9,3
6008,501,28,5
6009,501,19,4
6010,501,51,3
6011,501,25,3
6012,501,60,1
6013,502,7,1
6014,502,14,1
6015,502,15,2
6016,502,17,2
6017,502,18,2
6018,502,19,3
6019,502,20,1
6020,502,21,2
6021,502,49,3
6022,502,27,3
6023,503,1,2
6024,503,33,3
6025,503,5,3
6026,503,7,3
6027,503,8,2
6028,503,13,3
6029,503,14,4
6030,503,15,4
6031,503,17,4
6032,503,18,1
6033,503,19,3
6034,503,21,4
6035,503,60,1
6036,504,3,2
6037,504,5,2
6038,504,9,1
6039,504,43,2
6040,504,45,1
6041,504,46,2
6042,504,47,2
6043,504,15,3
6044,504,20,1
6045,504,21,2
6046,504,24,2
6047,504,60,3
6048,505,1,4
6049,505,2,3
6050,505,8,3
6051,505,9,5
6052,505,40,4
6053,505,48,3
6054,505,20,4
6055,505,21,4
6056,505,55,1
6057,505,24,3
6058,505,57,2
6059,505,58,3
6060,505,29,2
6061,505,30,4
6062,506,36,2
6063,506,8,2
6064,506,41,2
6065,506,11,4
6066,506,49,3
6067,506,19,4
6068,506,23,4
6069,506,21,4
6070,506,22,4
6071,506,53,3
6072,506,25,2
6073,506,58,5
6074,506,59,4
6075,506,28,4
6076,506,30,2
6077,507,1,2
6078,507,4,2
6079,507,5,1
6080,507,6,1
6081,507,7,2
6082,507,8,1
6083,507,41,5
6084,507,11,2
6085,507,12,1
6086,507,19,2
6087,508,3,2
6088,508,39,3
6089,508,8,4
6090,508,9,2
6091,508,11,3
6092,508,13,2
6093,508,19,2
6094,508,23,2
6095,508,21,3
6096,508,22,4
6097,508,53,1
6098,508,58,3
6099,508,59,3
6100,508,30,3
6101,509,2,4
6102,509,3,4
6103,509,5,3
6104,509,9,4
6105,509,43,4
6106,509,45,3
6107,509,46,5
6108,509,47,4
6109,509,48,2
6110,509,16,3
6111,509,20,3
6112,509,21,4
6113,509,26,5
6114,510,3,4
6115,510,5,5
6116,510,37,4
6117,510,8,5
6118,510,9,3
6119,510,13,5
6120,510,46,5
6121,510,47,5
6122,510,48,5
6123,510,19,5
6124,510,21,4
6125,510,25,4
6126,510,27,4
6127,510,28,5
6128,510,30,5
6129,511,32,2
6130,511,33,4
6131,511,7,4
6132,511,14,3
6133,511,15,4
6134,511,47,2
6135,511,17,3
6136,511,18,4
6137,511,19,4
6138,511,20,3
6139,511,21,2
6140,511,51,1
6141,512,1,3
6142,512,34,4
6143,512,35,4
6144,512,36,5
6145,512,5,4
6146,512,11,3
6147,512,16,4
6148,512,21,2
6149,512,30,5
6150,512,31,3
6151,513,1,4
6152,513,7,4
6153,513,8,5
6154,513,41,3
6155,513,9,5
6156,513,11,3
6157,513,49,4
6158,513,50,3
6159,513,19,3
6160,513,51,3
6161,513,21,4
6162,513,54,4
6163,513,58,3
6164,514,8,3
6165,514,9,1
6166,514,13,3
6167,514,19,3
6168,514,53,2
6169,514,21,1
6170,514,22,3
6171,514,58,2
6172,514,59,2
6173,514,30,2
6174,515,1,3
6175,515,34,3
6176,515,3,4
6177,515,8,2
6178,515,9,4
6179,515,48,4
6180,515,20,3
6181,515,21,3
6182,515,55,1
6183,515,24,2
6184,515,57,3
6185,515,58,2
6186,515,30,4
6187,516,32,1
6188,516,1,1
6189,516,3,1
6190,516,4,3
6191,516,37,3
6192,516,38,1
6193,516,6,1
6194,516,8,3
6195,516,41,2
6196,516,40,2
6197,516,11,1
6198,516,35,2
6199,516,19,2
6200,517,1,5
6201,517,8,3
6202,517,9,4
6203,517,41,5
6204,517,11,5
6205,517,49,4
6206,517,50,4
6207,517,19,3
6208,517,51,4
6209,517,21,1
6210,517,54,5
6211,517,31,2
6212,518,32,5
6213,518,33,3
6214,518,3,4
6215,518,38,3
6216,518,8,4
6217,518,9,5
6218,518,11,3
6219,518,49,1
6220,518,19,4
6221,518,21,4
6222,518,27,3
6223,519,1,3
6224,519,56,2
6225,519,26,3
6226,519,9,3
6227,519,45,3
6228,519,48,4
6229,519,20,3
6230,519,21,4
6231,519,22,2
6232,519,55,5
6233,519,24,4
6234,519,57,3
6235,519,58,3
6236,519,30,4
6237,520,1,5
6238,520,37,5
6239,520,39,5
6240,520,40,5
6241,520,41,4
6242,520,42,4
6243,520,11,4
6244,520,9,5
6245,520,19,3
6246,520,21,5
6247,520,25,4
6248,520,27,3
6249,520,28,4
6250,520,29,3
6251,520,30,5
6252,521,1,1
6253,521,4,2
6254,521,5,1
6255,521,6,1
6256,521,7,2
6257,521,8,1
6258,521,11,1
6259,521,12,1
6260,521,19,3
6261,522,1,4
6262,522,33,4
6263,522,4,4
6264,522,5,1
6265,522,6,4
6266,522,7,3
6267,522,8,4
6268,522,11,4
6269,522,12,3
6270,522,19,4
6271,523,1,1
6272,523,2,2
6273,523,3,2
6274,523,4,2
6275,523,8,2
6276,523,9,2
6277,523,19,1
6278,523,51,3
6279,523,58,1
6280,523,60,3
6281,524,1,2
6282,524,7,2
6283,524,8,1
6284,524,13,3
6285,524,14,4
6286,524,15,4
6287,524,17,3
6288,524,18,1
6289,524,19,3
6290,524,21,3
6291,524,56,1
6292,525,3,3
6293,525,4,3
6294,525,6,3
6295,525,38,4
6296,525,8,1
6297,525,9,2
6298,525,51,2
6299,525,19,3
6300,525,52,2
6301,525,21,3
6302,525,60,3
6303,526,1,4
6304,526,56,2
6305,526,36,5
6306,526,9,3
6307,526,43,2
6308,526,48,3
6309,526,20,2
6310,526,23,2
6311,526,55,3
6312,526,24,4
6313,526,57,3
6314,526,58,4
6315,526,30,4
6316,527,1,5
6317,527,56,4
6318,527,9,4
6319,527,48,5
6320,527,19,5
6321,527,20,4
6322,527,21,5
6323,527,53,1
6324,527,25,3
6325,527,24,5
6326,527,57,5
6327,527,58,5
6328,527,28,5
6329,527,30,5
6330,528,3,4
6331,528,4,3
6332,528,6,3
6333,528,8,3
6334,528,9,2
6335,528,51,1
6336,528,19,1
6337,528,52,3
6338,528,21,2
6339,528,60,3
6340,529,34,2
6341,529,35,2
6342,529,36,3
6343,529,5,3
6344,529,8,3
6345,529,21,2
6346,529,57,4
6347,529,30,3
6348,529,31,2
6349,530,32,1
6350,530,33,1
6351,530,1,3
6352,530,3,3
6353,530,36,2
6354,530,9,3
6355,530,10,4
6356,530,11,3
6357,530,20,5
6358,530,27,4
6359,531,8,1
6360,531,9,5
6361,531,11,1
6362,531,47,4
6363,531,16,3
6364,531,19,4
6365,531,21,4
6366,531,22,3
6367,531,23,2
6368,531,53,3
6369,531,58,4
6370,531,59,4
6371,531,30,4
6372,532,1,5
6373,532,34,3
6374,532,56,3
6375,532,37,1
6376,532,9,5
6377,532,48,4
6378,532,19,5
6379,532,20,5
6380,532,21,5
6381,532,25,5
6382,532,24,5
6383,532,57,5
6384,532,58,5
6385,532,28,4
6386,532,30,5
6387,533,8,4
6388,533,9,5
6389,533,40,2
6390,533,11,2
6391,533,16,1
6392,533,19,4
6393,533,21,5
6394,533,22,4
6395,533,23,3
6396,533,53,5
6397,533,58,4
6398,533,59,4
6399,533,30,5
6400,534,1,4
6401,534,7,4
6402,534,8,3
6403,534,41,3
6404,534,13,2
6405,534,14,5
6406,534,15,5
6407,534,17,5
6408,534,18,3
6409,534,19,4
6410,534,21,5
6411,534,25,2
6412,535,3,4
6413,535,5,2
6414,535,8,3
6415,535,9,2
6416,535,44,4
6417,535,45,4
6418,535,46,4
6419,535,48,2
6420,535,16,3
6421,535,21,3
6422,536,1,4
6423,536,33,5
6424,536,35,4
6425,536,36,5
6426,536,8,5
6427,536,9,5
6428,536,19,4
6429,536,25,5
6430,536,28,5
6431,536,30,5
6432,536,31,4
6433,537,32,4
6434,537,33,3
6435,537,3,4
6436,537,8,3
6437,537,9,3
6438,537,11,2
6439,537,44,2
6440,537,19,2
6441,537,20,3
6442,537,21,3
6443,537,27,3
6444,538,1,5
6445,538,8,3
6446,538,9,4
6447,538,41,4
6448,538,11,5
6449,538,49,3
6450,538,50,4
6451,538,19,5
6452,538,51,4
6453,538,21,2
6454,538,54,5
6455,538,28,2
6456,539,1,2
6457,539,4,2
6458,539,8,2
6459,539,41,3
6460,539,42,4
6461,539,16,2
6462,539,50,3
6463,539,19,1
6464,539,51,1
6465,539,21,2
6466,539,54,2
6467,539,52,2
6468,539,28,3
6469,540,3,2
6470,540,5,2
6471,540,9,1
6472,540,42,4
6473,540,43,3
6474,540,12,2
6475,540,45,1
6476,540,46,3
6477,540,47,2
6478,540,48,4
6479,540,20,1
6480,540,21,2
6481,541,1,2
6482,541,34,2
6483,541,3,1
6484,541,36,3
6485,541,2,3
6486,541,38,4
6487,541,9,2
6488,541,11,1
6489,541,20,2
6490,541,21,3
6491,541,31,1
6492,542,1,3
6493,542,34,4
6494,542,35,4
6495,542,36,4
6496,542,5,4
6497,542,6,1
6498,542,11,3
6499,542,21,4
6500,542,59,4
6501,542,30,3
6502,542,31,2
6503,543,1,4
6504,543,3,4
6505,543,37,3
6506,543,39,4
6507,543,8,2
6508,543,40,3
6509,543,9,3
6510,543,11,2
6511,543,15,3
6512,543,47,3
6513,543,19,4
6514,543,21,3
6515,544,33,2
6516,544,1,2
6517,544,3,1
6518,544,36,1
6519,544,37,4
6520,544,8,1
6521,544,9,1
6522,544,42,1
6523,544,50,1
6524,544,21,2
6525,544,27,3
6526,544,31,5
6527,545,1,1
6528,545,37,1
6529,545,8,3
6530,545,9,3
6531,545,48,2
6532,545,21,2
6533,545,55,1
6534,545,56,3
6535,545,24,1
6536,545,58,2
6537,545,30,1
6538,546,1,3
6539,546,3,4
6540,546,6,3
6541,546,8,2
6542,546,9,2
6543,546,10,3
6544,546,51,4
6545,546,21,3
6546,546,60,2
6547,547,1,4
6548,547,3,2
6549,547,4,1
6550,547,6,2
6551,547,8,1
6552,547,9,1
6553,547,16,4
6554,547,51,1
6555,547,19,2
6556,547,52,2
6557,547,21,1
6558,547,24,4
6559,547,60,2
6560,548,3,5
6561,548,4,5
6562,548,5,5
6563,548,6,5
6564,548,38,2
6565,548,8,4
6566,548,9,3
6567,548,37,3
6568,548,12,4
6569,548,15,2
6570,548,19,5
6571,548,21,5
6572,549,3,2
6573,549,4,1
6574,549,7,3
6575,549,8,3
6576,549,9,3
6577,549,19,4
6578,549,51,3
6579,549,21,4
6580,549,52,4
6581,549,60,3
6582,550,1,1
6583,550,3,2
6584,550,37,2
6585,550,38,2
6586,550,39,1
6587,550,40,2
6588,550,41,2
6589,550,42,1
6590,550,8,2
6591,550,11,1
6592,550,45,1
6593,550,15,5
6594,550,19,2
6595,551,1,2
6596,551,33,4
6597,551,35,4
6598,551,8,3
6599,551,41,1
6600,551,9,2
6601,551,11,1
6602,551,49,1
6603,551,50,1
6604,551,19,1
6605,551,51,2
6606,551,21,2
6607,551,54,4
6608,551,53,5
6609,551,28,3
6610,552,1,1
6611,552,38,4
6612,552,8,3
6613,552,41,1
6614,552,9,2
6615,552,11,1
6616,552,46,1
6617,552,49,2
6618,552,50,1
6619,552,19,1
6620,552,51,2
6621,552,21,1
6622,552,54,3
6623,552,60,4
6624,553,1,4
6625,553,33,3
6626,553,8,5
6627,553,41,3
6628,553,9,4
6629,553,11,4
6630,553,49,5
6631,553,50,4
6632,553,19,3
6633,553,51,4
6634,553,21,4
6635,553,54,5
6636,553,25,4
6637,554,32,3
6638,554,9,5
6639,554,48,4
6640,554,17,3
6641,554,19,4
6642,554,21,4
6643,554,53,3
6644,554,23,4
6645,554,22,4
6646,554,59,2
6647,554,60,2
6648,554,30,5
6649,555,1,3
6650,555,7,3
6651,555,8,1
6652,555,9,4
6653,555,10,2
6654,555,48,4
6655,555,20,3
6656,555,21,3
6657,555,55,1
6658,555,24,2
6659,555,57,3
6660,555,58,2
6661,555,30,4
6662,556,8,3
6663,556,9,3
6664,556,41,3
6665,556,11,3
6666,556,50,3
6667,556,19,3
6668,556,52,3
6669,556,51,3
6670,556,21,4
6671,556,22,3
6672,556,25,2
6673,556,28,1
6674,556,30,1
6675,557,8,3
6676,557,11,3
6677,557,19,3
6678,557,23,4
6679,557,21,3
6680,557,22,2
6681,557,53,4
6682,557,25,3
6683,557,58,3
6684,557,59,1
6685,557,28,3
6686,557,30,2
6687,558,1,2
6688,558,2,1
6689,558,3,3
6690,558,5,1
6691,558,6,2
6692,558,8,2
6693,558,9,2
6694,558,11,2
6695,558,12,1
6696,558,19,1
6697,558,20,2
6698,558,21,3
6699,558,22,1
6700,558,59,2
6701,559,1,5
6702,559,56,4
6703,559,7,1
6704,559,9,5
6705,559,48,4
6706,559,19,5
6707,559,20,5
6708,559,21,5
6709,559,25,5
6710,559,24,5
6711,559,57,5
6712,559,58,5
6713,559,28,5
6714,559,30,5
6715,560,1,1
6716,560,8,3
6717,560,41,1
6718,560,9,2
6719,560,11,1
6720,560,49,2
6721,560,50,1
6722,560,19,1
6723,560,51,2
6724,560,21,2
6725,560,54,2
6726,560,52,3
6727,561,1,3
6728,561,2,4
6729,561,3,3
6730,561,5,3
6731,561,6,4
6732,561,37,3
6733,561,8,2
6734,561,9,3
6735,561,11,3
6736,561,12,1
6737,561,46,3
6738,561,19,2
6739,561,21,3
6740,562,3,3
6741,562,4,3
6742,562,8,3
6743,562,9,3
6744,562,19,2
6745,562,51,3
6746,562,21,4
6747,562,52,4
6748,562,54,4
6749,562,60,1
6750,563,1,2
6751,563,2,3
6752,563,3,3
6753,563,4,1
6754,563,8,1
6755,563,9,3
6756,563,19,4
6757,563,51,3
6758,563,21,2
6759,563,52,1
6760,563,60,1
6761,564,8,3
6762,564,9,2
6763,564,11,4
6764,564,47,4
6765,564,19,3
6766,564,23,2
6767,564,21,4
6768,564,22,3
6769,564,53,2
6770,564,25,2
6771,564,58,2
6772,564,59,3
6773,564,30,3
6774,565,1,4
6775,565,2,1
6776,565,35,4
6777,565,36,5
6778,565,8,5
6779,565,9,5
6780,565,41,5
6781,565,19,4
6782,565,25,4
6783,565,28,4
6784,565,30,4
6785,565,31,3
6786,566,1,5
6787,566,3,4
6788,566,39,5
6789,566,8,5
6790,566,40,4
6791,566,9,3
6792,566,11,3
6793,566,48,4
6794,566,19,5
6795,566,21,5
6796,566,23,4
6797,566,60,4
6798,567,1,4
6799,567,8,5
6800,567,41,3
6801,567,9,4
6802,567,11,1
6803,567,49,4
6804,567,50,3
6805,567,19,3
6806,567,51,3
6807,567,21,5
6808,567,54,5
6809,567,56,4
6810,567,26,3
6811,568,1,1
6812,568,3,2
6813,568,37,3
6814,568,38,1
6815,568,8,3
6816,568,41,3
6817,568,40,1
6818,568,11,3
6819,568,19,2
6820,568,60,3
6821,569,3,5
6822,569,4,5
6823,569,5,5
6824,569,6,5
6825,569,8,5
6826,569,9,4
6827,569,12,5
6828,569,19,5
6829,569,21,5
6830,570,34,3
6831,570,38,2
6832,570,8,5
6833,570,11,2
6834,570,13,2
6835,570,19,4
6836,570,23,5
6837,570,21,4
6838,570,22,4
6839,570,53,4
6840,570,25,4
6841,570,58,4
6842,570,59,4
6843,570,28,4
6844,570,30,4
6845,571,7,3
6846,571,8,3
6847,571,14,3
6848,571,15,4
6849,571,17,3
6850,571,18,4
6851,571,19,5
6852,571,20,3
6853,571,21,3
6854,571,22,3
6855,571,28,4
6856,572,1,2
6857,572,3,3
6858,572,37,3
6859,572,38,2
6860,572,5,1
6861,572,8,4
6862,572,41,4
6863,572,40,3
6864,572,11,3
6865,572,13,2
6866,572,19,3
6867,572,55,2
6868,573,3,2
6869,573,8,4
6870,573,9,3
6871,573,19,3
6872,573,53,3
6873,573,21,2
6874,573,22,3
6875,573,55,3
6876,573,58,4
6877,573,59,3
6878,573,30,3
6879,574,1,2
6880,574,3,3
6881,574,6,1
6882,574,39,3
6883,574,8,2
6884,574,9,1
6885,574,51,1
6886,574,21,2
6887,574,60,1
6888,575,1,4
6889,575,34,4
6890,575,35,4
6891,575,36,5
6892,575,5,4
6893,575,3,3
6894,575,11,3
6895,575,50,3
6896,575,21,3
6897,575,56,1
6898,575,30,5
6899,575,31,4
6900,576,3,3
6901,576,4,5
6902,576,38,2
6903,576,8,4
6904,576,9,4
6905,576,19,5
6906,576,51,4
6907,576,21,5
6908,576,52,5
6909,576,60,4
6910,577,1,5
6911,577,35,5
6912,577,36,5
6913,577,8,5
6914,577,9,5
6915,577,10,4
6916,577,19,4
6917,577,21,4
6918,577,25,5
6919,577,28,4
6920,577,30,5
6921,577,31,4
6922,578,1,2
6923,578,35,5
6924,578,36,5
6925,578,8,5
6926,578,9,4
6927,578,48,4
6928,578,19,4
6929,578,25,3
6930,578,27,3
6931,578,28,4
6932,578,30,2
6933,578,31,3
6934,579,1,1
6935,579,3,3
6936,579,35,2
6937,579,37,2
6938,579,38,2
6939,579,39,1
6940,579,40,1
6941,579,41,3
6942,579,42,2
6943,579,8,2
6944,579,11,1
6945,579,50,4
6946,579,19,1
6947,579,55,4
6948,579,58,5
6949,580,1,4
6950,580,4,4
6951,580,5,1
6952,580,6,4
6953,580,7,4
6954,580,8,3
6955,580,11,2
6956,580,12,3
6957,580,19,5
6958,580,31,2
6959,581,1,3
6960,581,8,1
6961,581,9,3
6962,581,41,3
6963,581,11,4
6964,581,46,2
6965,581,49,2
6966,581,51,2
6967,581,19,3
6968,581,21,3
6969,581,54,4
6970,582,1,3
6971,582,3,5
6972,582,6,2
6973,582,8,1
6974,582,9,3
6975,582,51,3
6976,582,21,3
6977,582,27,3
6978,582,60,1
6979,583,34,2
6980,583,8,4
6981,583,9,3
6982,583,13,4
6983,583,19,4
6984,583,53,3
6985,583,21,2
6986,583,22,4
6987,583,58,4
6988,583,59,3
6989,583,30,3
6990,584,1,3
6991,584,33,2
6992,584,35,4
6993,584,36,3
6994,584,8,4
6995,584,9,4
6996,584,19,3
6997,584,25,3
6998,584,28,2
6999,584,30,4
7000,584,31,1
7001,585,33,2
7002,585,1,1
7003,585,3,2
7004,585,36,2
7005,585,8,1
7006,585,9,1
7007,585,10,3
7008,585,21,2
7009,585,27,2
7010,586,1,3
7011,586,3,3
7012,586,6,3
7013,586,8,3
7014,586,9,1
7015,586,51,3
7016,586,20,3
7017,586,21,3
7018,586,27,2
7019,586,60,1
7020,586,31,2
7021,587,1,4
7022,587,3,2
7023,587,4,3
7024,587,5,3
7025,587,7,3
7026,587,8,3
7027,587,9,4
7028,587,11,3
7029,587,12,2
7030,587,19,3
7031,587,59,2
7032,587,29,4
7033,588,1,2
7034,588,7,4
7035,588,8,2
7036,588,13,5
7037,588,14,5
7038,588,15,5
7039,588,46,4
7040,588,17,5
7041,588,18,3
7042,588,19,4
7043,588,21,5
7044,588,59,3
7045,589,3,5
7046,589,5,5
7047,589,8,5
7048,589,9,5
7049,589,13,5
7050,589,46,5
7051,589,47,5
7052,589,48,5
7053,589,19,5
7054,589,21,4
7055,589,25,4
7056,589,28,5
7057,589,30,4
7058,590,38,2
7059,590,7,5
7060,590,8,5
7061,590,9,5
7062,590,41,2
7063,590,43,3
7064,590,13,5
7065,590,14,5
7066,590,15,5
7067,590,17,4
7068,590,18,4
7069,590,20,5
7070,590,21,5
7071,590,25,4
7072,590,28,5
7073,590,30,2
7074,591,1,3
7075,591,7,3
7076,591,8,1
7077,591,13,2
7078,591,14,4
7079,591,15,4
7080,591,17,4
7081,591,18,2
7082,591,19,2
7083,591,21,5
7084,592,1,5
7085,592,38,2
7086,592,7,2
7087,592,8,3
7088,592,9,4
7089,592,41,3
7090,592,11,4
7091,592,13,3
7092,592,49,5
7093,592,50,4
7094,592,19,4
7095,592,51,4
7096,592,21,3
7097,592,54,3
7098,593,32,2
7099,593,3,4
7100,593,4,3
7101,593,6,1
7102,593,8,2
7103,593,9,1
7104,593,28,3
7105,593,51,1
7106,593,19,2
7107,593,52,1
7108,593,21,1
7109,593,60,2
7110,594,2,5
7111,594,3,3
7112,594,4,4
7113,594,8,5
7114,594,9,5
7115,594,19,3
7116,594,51,4
7117,594,21,4
7118,594,52,5
7119,594,60,4
7120,594,30,1
7121,595,32,3
7122,595,33,3
7123,595,1,5
7124,595,3,4
7125,595,36,3
7126,595,9,4
7127,595,42,3
7128,595,11,4
7129,595,20,5
7130,595,58,2
7131,595,27,4
7132,596,34,3
7133,596,35,3
7134,596,36,2
7135,596,5,3
7136,596,8,4
7137,596,21,3
7138,596,23,4
7139,596,27,3
7140,596,30,3
7141,596,31,4
7142,597,1,3
7143,597,8,2
7144,597,41,4
7145,597,40,3
7146,597,50,5
7147,597,19,4
7148,597,51,1
7149,597,21,1
7150,597,54,4
7151,597,52,1
7152,598,32,2
7153,598,33,1
7154,598,1,5
7155,598,3,4
7156,598,36,3
7157,598,37,2
7158,598,7,3
7159,598,9,4
7160,598,11,2
7161,598,20,4
7162,598,27,3
7163,599,1,2
7164,599,8,3
7165,599,9,4
7166,599,15,3
7167,599,48,3
7168,599,20,3
7169,599,21,2
7170,599,55,2
7171,599,24,1
7172,599,57,3
7173,599,58,3
7174,599,30,4
7175,600,2,3
7176,600,8,5
7177,600,9,4
7178,600,41,5
7179,600,11,5
7180,600,50,5
7181,600,19,5
7182,600,52,5
7183,600,51,5
7184,600,21,5
7185,600,25,3
7186,600,28,4
7187,600,30,3
7188,601,7,2
7189,601,14,1
7190,601,15,3
7191,601,47,2
7192,601,17,3
7193,601,18,1
7194,601,19,4
7195,601,20,1
7196,601,21,2
7197,601,22,1
7198,601,56,2
7199,602,1,3
7200,602,3,3
7201,602,35,1
7202,602,37,3
7203,602,38,2
7204,602,39,3
7205,602,40,3
7206,602,41,2
7207,602,42,3
7208,602,8,2
7209,602,11,2
7210,602,46,5
7211,602,19,2
7212,602,20,4
7213,602,24,4
7214,603,1,4
7215,603,56,1
7216,603,9,3
7217,603,47,3
7218,603,48,3
7219,603,20,1
7220,603,55,3
7221,603,24,4
7222,603,57,4
7223,603,58,3
7224,603,30,4
7225,604,1,5
7226,604,37,5
7227,604,6,4
7228,604,39,5
7229,604,40,5
7230,604,41,5
7231,604,42,4
7232,604,11,3
7233,604,9,5
7234,604,19,5
7235,604,21,5
7236,604,25,4
7237,604,28,5
7238,604,30,4
7239,605,32,4
7240,605,33,4
7241,605,3,5
7242,605,8,5
7243,605,9,5
7244,605,11,3
7245,605,12,3
7246,605,46,3
7247,605,19,5
7248,605,21,3
7249,605,27,4
7250,606,3,5
7251,606,4,5
7252,606,5,5
7253,606,6,4
7254,606,8,5
7255,606,9,4
7256,606,12,5
7257,606,19,4
7258,606,21,5
7259,606,30,3
7260,607,8,1
7261,607,9,1
7262,607,11,3
7263,607,45,4
7264,607,47,4
7265,607,19,2
7266,607,23,1
7267,607,21,1
7268,607,22,2
7269,607,53,1
7270,607,58,2
7271,607,59,2
7272,607,28,1
7273,607,30,1
7274,608,1,4
7275,608,56,2
7276,608,8,1
7277,608,9,5
7278,608,48,5
7279,608,51,2
7280,608,20,4
7281,608,21,3
7282,608,23,4
7283,608,55,3
7284,608,24,2
7285,608,57,4
7286,608,58,3
7287,608,30,5
7288,609,3,4
7289,609,4,3
7290,609,6,1
7291,609,8,1
7292,609,9,2
7293,609,10,2
7294,609,51,1
7295,609,19,3
7296,609,52,3
7297,609,21,1
7298,609,60,3
7299,610,1,3
7300,610,34,3
7301,610,35,4
7302,610,36,5
7303,610,5,4
7304,610,7,3
7305,610,11,3
7306,610,21,4
7307,610,30,5
7308,610,31,5
7309,611,1,5
7310,611,3,4
7311,611,4,4
7312,611,6,4
7313,611,39,3
7314,611,8,2
7315,611,9,4
7316,611,19,3
7317,611,52,3
7318,611,21,2
7319,611,53,2
7320,611,60,5
7321,611,29,2
7322,612,32,3
7323,612,8,5
7324,612,9,4
7325,612,41,5
7326,612,11,4
7327,612,50,5
7328,612,19,5
7329,612,52,5
7330,612,51,4
7331,612,21,5
7332,612,25,4
7333,612,28,3
7334,612,30,4
7335,613,1,4
7336,613,8,3
7337,613,9,3
7338,613,27,3
7339,613,19,3
7340,613,53,3
7341,613,21,3
7342,613,22,4
7343,613,58,3
7344,613,59,3
7345,613,30,3
7346,614,1,5
7347,614,37,4
7348,614,39,5
7349,614,40,5
7350,614,41,3
7351,614,42,4
7352,614,11,4
7353,614,9,5
7354,614,10,3
7355,614,60,1
7356,614,8,4
7357,614,19,5
7358,614,21,5
7359,614,25,4
7360,614,28,5
7361,614,30,4
7362,615,1,2
7363,615,3,2
7364,615,37,3
7365,615,38,2
7366,615,8,2
7367,615,41,3
7368,615,40,2
7369,615,11,2
7370,615,19,3
7371,615,53,4
7372,616,1,2
7373,616,8,4
7374,616,9,3
7375,616,13,4
7376,616,48,3
7377,616,19,2
7378,616,21,4
7379,616,55,3
7380,616,56,3
7381,616,24,2
7382,616,58,2
7383,616,30,2
7384,617,1,4
7385,617,56,4
7386,617,8,3
7387,617,9,5
7388,617,48,4
7389,617,19,5
7390,617,20,5
7391,617,21,5
7392,617,25,5
7393,617,24,5
7394,617,57,5
7395,617,58,5
7396,617,28,5
7397,617,30,5
7398,618,3,3
7399,618,36,2
7400,618,5,2
7401,618,8,2
7402,618,9,3
7403,618,44,3
7404,618,45,2
7405,618,46,4
7406,618,48,2
7407,618,51,4
7408,618,19,3
7409,618,21,3
7410,618,23,4
7411,619,1,3
7412,619,6,4
7413,619,8,4
7414,619,41,2
7415,619,9,2
7416,619,11,1
7417,619,49,2
7418,619,50,2
7419,619,19,1
7420,619,51,2
7421,619,21,3
7422,619,54,2
7423,619,28,3
7424,619,31,2
7425,620,1,1
7426,620,7,3
7427,620,8,1
7428,620,9,2
7429,620,44,3
7430,620,13,1
7431,620,15,2
7432,620,16,3
7433,620,17,2
7434,620,18,2
7435,620,19,1
7436,620,49,3
7437,620,21,2
7438,620,54,2
7439,621,1,5
7440,621,39,3
7441,621,8,4
7442,621,9,4
7443,621,41,4
7444,621,11,4
7445,621,49,4
7446,621,50,2
7447,621,19,5
7448,621,51,2
7449,621,21,4
7450,621,54,5
7451,621,60,3
7452,622,1,2
7453,622,3,3
7454,622,6,1
7455,622,8,2
7456,622,9,1
7457,622,51,1
7458,622,20,3
7459,622,21,2
7460,622,60,1
7461,623,1,5
7462,623,3,4
7463,623,4,4
7464,623,6,4
7465,623,8,4
7466,623,9,4
7467,623,47,3
7468,623,17,1
7469,623,19,5
7470,623,52,3
7471,623,21,3
7472,623,60,5
7473,624,1,3
7474,624,2,4
7475,624,3,2
7476,624,5,1
7477,624,6,4
7478,624,8,3
7479,624,9,3
7480,624,11,3
7481,624,12,2
7482,624,19,2
7483,624,21,3
7484,625,1,5
7485,625,3,4
7486,625,4,4
7487,625,6,4
7488,625,8,4
7489,625,9,4
7490,625,40,3
7491,625,19,4
7492,625,52,3
7493,625,21,1
7494,625,53,2
7495,625,60,4
7496,626,8,4
7497,626,9,2
7498,626,40,3
7499,626,11,5
7500,626,19,3
7501,626,23,2
7502,626,21,3
7503,626,22,3
7504,626,53,2
7505,626,58,3
7506,626,59,3
7507,626,30,1
7508,627,1,5
7509,627,37,5
7510,627,39,5
7511,627,40,5
7512,627,41,5
7513,627,42,3
7514,627,11,3
7515,627,9,4
7516,627,19,4
7517,627,21,5
7518,627,25,4
7519,627,27,3
7520,627,28,4
7521,627,30,4
7522,628,1,3
7523,628,26,4
7524,628,4,1
7525,628,8,4
7526,628,9,3
7527,628,48,3
7528,628,21,4
7529,628,55,4
7530,628,56,3
7531,628,24,2
7532,628,58,2
7533,628,30,2
7534,629,3,5
7535,629,4,2
7536,629,5,3
7537,629,8,5
7538,629,9,5
7539,629,44,5
7540,629,45,4
7541,629,46,5
7542,629,48,4
7543,629,21,4
7544,629,57,3
7545,630,1,1
7546,630,2,2
7547,630,3,5
7548,630,4,5
7549,630,5,5
7550,630,6,5
7551,630,8,5
7552,630,9,4
7553,630,12,3
7554,630,19,5
7555,630,21,5
7556,630,29,2
7557,630,31,3
7558,631,1,2
7559,631,3,5
7560,631,37,3
7561,631,8,2
7562,631,41,2
7563,631,50,3
7564,631,19,2
7565,631,51,1
7566,631,21,1
7567,631,54,3
7568,631,52,1
7569,632,8,4
7570,632,40,1
7571,632,11,4
7572,632,19,4
7573,632,23,5
7574,632,21,3
7575,632,22,4
7576,632,53,4
7577,632,25,4
7578,632,58,4
7579,632,59,2
7580,632,28,3
7581,632,30,3
7582,633,1,3
7583,633,2,2
7584,633,3,3
7585,633,36,3
7586,633,5,4
7587,633,6,3
7588,633,8,3
7589,633,9,2
7590,633,11,3
7591,633,12,2
7592,633,19,2
7593,633,20,3
7594,633,21,2
7595,633,54,3
7596,634,1,2
7597,634,3,3
7598,634,37,2
7599,634,38,3
7600,634,39,3
7601,634,40,3
7602,634,41,3
7603,634,42,3
7604,634,8,3
7605,634,11,3
7606,634,19,3
7607,634,21,3
7608,634,25,4
7609,634,58,3
7610,635,1,3
7611,635,4,4
7612,635,5,2
7613,635,6,3
7614,635,7,3
7615,635,8,1
7616,635,40,3
7617,635,9,3
7618,635,11,3
7619,635,12,1
7620,635,14,1
7621,635,19,4
7622,635,58,3
7623,636,34,3
7624,636,35,2
7625,636,36,3
7626,636,5,3
7627,636,8,2
7628,636,40,4
7629,636,11,3
7630,636,44,3
7631,636,21,1
7632,636,30,2
7633,636,31,2
7634,637,3,1
7635,637,5,1
7636,637,8,2
7637,637,43,3
7638,637,44,1
7639,637,45,3
7640,637,13,3
7641,637,48,4
7642,637,18,5
7643,637,19,2
7644,637,20,4
7645,638,1,5
7646,638,37,5
7647,638,39,5
7648,638,40,5
7649,638,41,5
7650,638,42,4
7651,638,11,4
7652,638,9,5
7653,638,14,1
7654,638,19,4
7655,638,52,1
7656,638,21,5
7657,638,20,1
7658,638,25,4
7659,638,28,5
7660,638,30,4
7661,639,7,2
7662,639,8,2
7663,639,9,3
7664,639,39,4
7665,639,19,3
7666,639,52,4
7667,639,53,3
7668,639,21,2
7669,639,22,4
7670,639,58,3
7671,639,59,2
7672,639,29,4
7673,639,30,3
7674,640,1,3
7675,640,34,3
7676,640,35,4
7677,640,36,5
7678,640,5,4
7679,640,11,3
7680,640,21,4
7681,640,30,5
7682,640,31,4
7683,641,2,2
7684,641,7,4
7685,641,8,5
7686,641,9,5
7687,641,13,5
7688,641,14,5
7689,641,15,3
7690,641,17,4
7691,641,18,4
7692,641,20,4
7693,641,21,5
7694,641,25,4
7695,641,28,4
7696,641,30,5
7697,642,1,2
7698,642,34,2
7699,642,3,3
7700,642,39,3
7701,642,8,1
7702,642,40,3
7703,642,9,3
7704,642,11,1
7705,642,19,4
7706,642,21,2
7707,643,34,4
7708,643,35,4
7709,643,36,2
7710,643,5,2
7711,643,7,4
7712,643,8,1
7713,643,47,3
7714,643,15,4
7715,643,21,2
7716,643,30,3
7717,643,31,2
7718,644,1,4
7719,644,2,2
7720,644,56,2
7721,644,9,3
7722,644,12,5
7723,644,45,3
7724,644,48,4
7725,644,20,3
7726,644,55,5
7727,644,24,2
7728,644,57,2
7729,644,58,3
7730,644,30,4
7731,645,32,2
7732,645,33,2
7733,645,1,4
7734,645,3,2
7735,645,36,1
7736,645,9,4
7737,645,11,3
7738,645,20,4
7739,645,27,2
7740,646,33,2
7741,646,3,3
7742,646,4,2
7743,646,6,3
7744,646,8,2
7745,646,9,1
7746,646,12,2
7747,646,51,1
7748,646,19,2
7749,646,52,1
7750,646,21,1
7751,646,60,1
7752,646,30,4
7753,647,1,5
7754,647,8,4
7755,647,9,4
7756,647,48,4
7757,647,51,5
7758,647,20,4
7759,647,21,4
7760,647,25,4
7761,647,58,4
7762,647,28,4
7763,647,30,4
7764,648,32,2
7765,648,33,2
7766,648,1,3
7767,648,3,3
7768,648,36,3
7769,648,39,3
7770,648,9,4
7771,648,11,3
7772,648,20,4
7773,648,24,3
7774,648,25,3
7775,648,56,3
7776,648,27,3
7777,649,3,3
7778,649,4,3
7779,649,6,3
7780,649,8,3
7781,649,9,1
7782,649,51,2
7783,649,19,2
7784,649,52,1
7785,649,21,2
7786,649,57,5
7787,649,60,3
7788,649,30,3
7789,650,1,5
7790,650,3,4
7791,650,4,4
7792,650,6,4
7793,650,8,4
7794,650,9,4
7795,650,12,5
7796,650,46,5
7797,650,19,3
7798,650,52,4
7799,650,21,1
7800,650,60,5
7801,651,3,5
7802,651,5,3
7803,651,9,3
7804,651,43,4
7805,651,45,3
7806,651,46,5
7807,651,47,4
7808,651,20,2
7809,651,21,4
7810,651,22,2
7811,651,58,3
7812,651,30,3
7813,652,1,5
7814,652,3,5
7815,652,36,2
7816,652,39,5
7817,652,8,4
7818,652,40,4
7819,652,9,4
7820,652,11,3
7821,652,7,2
7822,652,19,5
7823,652,21,5
7824,652,23,4
7825,653,1,3
7826,653,2,3
7827,653,3,2
7828,653,4,3
7829,653,8,1
7830,653,9,3
7831,653,19,4
7832,653,51,4
7833,653,60,3
7834,654,3,3
7835,654,5,4
7836,654,8,1
7837,654,10,1
7838,654,43,2
7839,654,44,3
7840,654,45,3
7841,654,13,2
7842,654,48,4
7843,654,19,3
7844,654,20,2
7845,655,32,3
7846,655,3,1
7847,655,8,4
7848,655,9,3
7849,655,10,4
7850,655,13,4
7851,655,46,3
7852,655,47,4
7853,655,45,3
7854,655,21,3
7855,656,3,3
7856,656,5,3
7857,656,8,3
7858,656,9,2
7859,656,43,3
7860,656,45,1
7861,656,46,2
7862,656,47,3
7863,656,20,1
7864,656,21,3
7865,656,55,3
7866,657,1,3
7867,657,8,2
7868,657,41,1
7869,657,9,3
7870,657,11,2
7871,657,14,4
7872,657,15,3
7873,657,49,3
7874,657,50,2
7875,657,19,1
7876,657,51,1
7877,657,21,4
7878,657,54,4
7879,658,1,5
7880,658,8,3
7881,658,9,3
7882,658,48,3
7883,658,19,2
7884,658,20,3
7885,658,21,1
7886,658,22,4
7887,658,25,4
7888,658,58,3
7889,658,28,4
7890,658,30,1
7891,659,1,2
7892,659,39,3
7893,659,8,4
7894,659,41,5
7895,659,50,4
7896,659,19,3
7897,659,51,2
7898,659,21,3
7899,659,54,4
7900,659,52,3
7901,659,57,4
7902,660,1,4
7903,660,2,2
7904,660,56,1
7905,660,6,3
7906,660,9,3
7907,660,48,3
7908,660,20,2
7909,660,55,2
7910,660,24,3
7911,660,57,2
7912,660,58,2
7913,660,30,3
7914,661,1,4
7915,661,35,5
7916,661,36,5
7917,661,8,5
7918,661,9,4
7919,661,19,4
7920,661,23,2
7921,661,25,4
7922,661,28,3
7923,661,30,3
7924,661,31,3
7925,662,1,3
7926,662,3,3
7927,662,37,2
7928,662,38,3
7929,662,39,2
7930,662,40,3
7931,662,41,2
7932,662,42,3
7933,662,8,4
7934,662,11,2
7935,662,16,3
7936,662,19,2
7937,663,1,3
7938,663,2,1
7939,663,3,3
7940,663,4,3
7941,663,8,2
7942,663,9,3
7943,663,48,1
7944,663,19,4
7945,663,51,4
7946,663,59,4
7947,663,60,3
7948,664,1,4
7949,664,7,4
7950,664,8,3
7951,664,13,2
7952,664,14,4
7953,664,15,5
7954,664,17,4
7955,664,18,2
7956,664,19,4
7957,664,21,4
7958,664,25,3
7959,665,3,3
7960,665,4,3
7961,665,5,4
7962,665,6,3
7963,665,8,3
7964,665,9,2
7965,665,12,3
7966,665,19,3
7967,665,21,4
7968,666,32,3
7969,666,1,3
7970,666,56,2
7971,666,5,3
7972,666,9,3
7973,666,46,3
7974,666,48,4
7975,666,20,3
7976,666,55,4
7977,666,24,4
7978,666,57,1
7979,666,58,3
7980,666,30,4
7981,667,3,3
7982,667,8,3
7983,667,9,4
7984,667,41,5
7985,667,13,3
7986,667,46,3
7987,667,47,5
7988,667,45,3
7989,667,50,2
7990,667,21,1
7991,668,3,3
7992,668,35,2
7993,668,5,1
7994,668,8,2
7995,668,9,2
7996,668,40,2
7997,668,42,3
7998,668,44,4
7999,668,45,2
8000,668,46,3
8001,668,48,2
8002,668,21,3
8003,669,8,5
8004,669,11,4
8005,669,46,4
8006,669,19,5
8007,669,23,5
8008,669,21,5
8009,669,22,5
8010,669,53,5
8011,669,52,5
8012,669,25,5
8013,669,58,5
8014,669,59,5
8015,669,28,5
8016,669,30,3
8017,669,31,3
8018,670,1,3
8019,670,5,1
8020,670,7,2
8021,670,8,1
8022,670,13,2
8023,670,14,4
8024,670,15,5
8025,670,17,3
8026,670,18,1
8027,670,19,4
8028,670,49,3
8029,670,21,4
8030,670,23,3
8031,671,3,3
8032,671,38,1
8033,671,39,2
8034,671,8,3
8035,671,41,3
8036,671,9,4
8037,671,40,3
8038,671,21,3
8039,671,56,2
8040,671,29,4
8041,671,31,2
8042,672,32,1
8043,672,35,3
8044,672,8,4
8045,672,9,2
8046,672,42,5
8047,672,11,4
8048,672,41,1
8049,672,19,3
8050,672,23,2
8051,672,21,2
8052,672,22,3
8053,672,53,1
8054,672,58,3
8055,672,59,2
8056,672,30,3
8057,673,1,4
8058,673,8,2
8059,673,9,4
8060,673,43,3
8061,673,48,3
8062,673,20,3
8063,673,21,1
8064,673,25,3
8065,673,58,3
8066,673,28,2
8067,673,30,4
8068,674,32,4
8069,674,1,3
8070,674,34,4
8071,674,35,4
8072,674,36,5
8073,674,5,3
8074,674,2,4
8075,674,11,2
8076,674,21,5
8077,674,55,2
8078,674,24,3
8079,674,30,5
8080,674,31,4
8081,675,1,1
8082,675,33,3
8083,675,3,2
8084,675,35,3
8085,675,37,2
8086,675,38,2
8087,675,8,3
8088,675,41,2
8089,675,40,2
8090,675,11,2
8091,675,19,2
8092,675,54,5
8093,676,3,4
8094,676,4,1
8095,676,5,3
8096,676,6,1
8097,676,8,2
8098,676,9,2
8099,676,51,2
8100,676,19,3
8101,676,52,3
8102,676,21,2
8103,676,60,1
8104,677,1,3
8105,677,35,4
8106,677,36,5
8107,677,39,3
8108,677,8,5
8109,677,9,4
8110,677,19,4
8111,677,25,4
8112,677,28,5
8113,677,30,4
8114,677,31,3
8115,678,1,5
8116,678,3,5
8117,678,4,4
8118,678,6,3
8119,678,8,3
8120,678,9,4
8121,678,19,4
8122,678,52,4
8123,678,21,2
8124,678,51,4
8125,678,60,4
8126,678,30,3
8127,679,32,2
8128,679,1,3
8129,679,3,1
8130,679,36,1
8131,679,8,2
8132,679,9,3
8133,679,43,5
8134,679,13,1
8135,679,19,2
8136,679,20,2
8137,679,55,3
8138,679,25,3
8139,680,3,5
8140,680,4,5
8141,680,6,4
8142,680,8,3
8143,680,9,3
8144,680,28,1
8145,680,46,4
8146,680,51,3
8147,680,19,4
8148,680,52,3
8149,680,21,3
8150,680,57,3
8151,680,27,2
8152,680,60,5
8153,681,33,3
8154,681,1,2
8155,681,3,2
8156,681,36,1
8157,681,8,1
8158,681,9,1
8159,681,13,3
8160,681,21,1
8161,681,26,2
8162,681,27,3
8163,682,1,4
8164,682,56,2
8165,682,26,4
8166,682,9,3
8167,682,48,5
8168,682,19,4
8169,682,20,5
8170,682,21,5
8171,682,25,5
8172,682,24,5
8173,682,57,5
8174,682,58,5
8175,682,28,4
8176,682,30,5
8177,683,3,3
8178,683,38,2
8179,683,39,2
8180,683,8,3
8181,683,41,2
8182,683,9,3
8183,683,40,2
8184,683,21,3
8185,683,58,5
8186,684,5,1
8187,684,8,1
8188,684,9,4
8189,684,12,3
8190,684,19,4
8191,684,21,4
8192,684,53,3
8193,684,23,4
8194,684,22,3
8195,684,24,4
8196,684,59,4
8197,684,30,4
8198,685,32,2
8199,685,33,2
8200,685,1,3
8201,685,3,3
8202,685,36,3
8203,685,9,4
8204,685,11,3
8205,685,20,2
8206,685,27,3
8207,686,2,5
8208,686,3,5
8209,686,5,3
8210,686,8,4
8211,686,9,5
8212,686,44,4
8213,686,45,4
8214,686,46,4
8215,686,48,4
8216,686,21,4
8217,687,1,4
8218,687,3,3
8219,687,4,2
8220,687,5,3
8221,687,7,3
8222,687,8,2
8223,687,9,4
8224,687,11,4
8225,687,12,4
8226,687,19,1
8227,687,51,4
8228,687,55,3
8229,688,3,5
8230,688,5,5
8231,688,8,4
8232,688,9,3
8233,688,10,3
8234,688,11,3
8235,688,13,4
8236,688,46,5
8237,688,47,4
8238,688,48,5
8239,688,19,5
8240,688,21,4
8241,688,25,2
8242,688,28,5
8243,688,30,4
8244,689,3,1
8245,689,5,1
8246,689,27,1
8247,689,9,1
8248,689,42,5
8249,689,43,2
8250,689,45,1
8251,689,46,3
8252,689,47,2
8253,689,20,1
8254,689,21,1
8255,689,59,2
8256,690,2,2
8257,690,3,1
8258,690,8,3
8259,690,9,3
8260,690,13,2
8261,690,46,3
8262,690,47,4
8263,690,45,3
8264,690,21,4
8265,690,60,3
8266,691,3,5
8267,691,36,1
8268,691,5,5
8269,691,8,5
8270,691,9,4
8271,691,13,3
8272,691,46,5
8273,691,47,5
8274,691,48,5
8275,691,19,5
8276,691,21,4
8277,691,55,4
8278,691,25,4
8279,691,28,5
8280,691,30,4
8281,692,1,3
8282,692,7,4
8283,692,8,1
8284,692,9,3
8285,692,13,2
8286,692,46,2
8287,692,15,3
8288,692,16,3
8289,692,17,2
8290,692,18,3
8291,692,19,2
8292,692,21,4
8293,692,26,5
8294,692,59,1
8295,693,1,5
8296,693,56,4
8297,693,39,5
8298,693,9,5
8299,693,48,4
8300,693,19,5
8301,693,20,5
8302,693,21,5
8303,693,54,1
8304,693,25,5
8305,693,24,4
8306,693,57,5
8307,693,58,4
8308,693,28,5
8309,693,30,5
8310,694,32,3
8311,694,33,1
8312,694,1,5
8313,694,3,5
8314,694,36,4
8315,694,9,5
8316,694,10,3
8317,694,11,4
8318,694,20,5
8319,694,26,4
8320,694,27,2
8321,695,1,5
8322,695,56,2
8323,695,9,5
8324,695,48,4
8325,695,49,3
8326,695,19,5
8327,695,20,5
8328,695,21,5
8329,695,25,5
8330,695,24,5
8331,695,57,5
8332,695,58,5
8333,695,28,5
8334,695,30,4
8335,696,32,4
8336,696,33,4
8337,696,3,4
8338,696,8,3
8339,696,9,4
8340,696,11,3
8341,696,19,4
8342,696,20,4
8343,696,21,1
8344,696,27,3
8345,697,1,2
8346,697,8,3
8347,697,9,2
8348,697,12,1
8349,697,48,2
8350,697,21,2
8351,697,53,2
8352,697,55,2
8353,697,56,3
8354,697,24,1
8355,697,58,2
8356,697,30,1
8357,698,1,5
8358,698,8,5
8359,698,9,4
8360,698,48,5
8361,698,17,1
8362,698,20,4
8363,698,21,5
8364,698,52,3
8365,698,25,5
8366,698,58,5
8367,698,28,5
8368,698,30,4
8369,699,9,4
8370,699,12,2
8371,699,13,1
8372,699,18,4
8373,699,19,3
8374,699,21,4
8375,699,53,2
8376,699,23,4
8377,699,22,4
8378,699,59,4
8379,699,30,5
8380,700,3,2
8381,700,9,3
8382,700,42,2
8383,700,11,3
8384,700,19,4
8385,700,21,4
8386,700,53,4
8387,700,23,4
8388,700,22,4
8389,700,26,3
8390,700,59,4
8391,700,30,5
8392,701,1,3
8393,701,8,2
8394,701,9,3
8395,701,41,3
8396,701,11,3
8397,701,49,2
8398,701,51,2
8399,701,19,1
8400,701,21,4
8401,701,54,4
8402,702,39,5
8403,702,8,4
8404,702,27,4
8405,702,11,3
8406,702,19,4
8407,702,23,5
8408,702,21,4
8409,702,22,3
8410,702,53,4
8411,702,25,2
8412,702,58,4
8413,702,59,3
8414,702,28,2
8415,702,30,3
8416,703,39,1
8417,703,8,4
8418,703,9,1
8419,703,11,3
8420,703,19,3
8421,703,23,2
8422,703,21,3
8423,703,22,3
8424,703,53,2
8425,703,20,3
8426,703,58,3
8427,703,59,3
8428,703,30,1
8429,704,1,4
8430,704,35,2
8431,704,7,3
8432,704,8,4
8433,704,13,2
8434,704,14,5
8435,704,15,4
8436,704,17,5
8437,704,18,2
8438,704,19,3
8439,704,21,5
8440,705,8,5
8441,705,9,1
8442,705,11,2
8443,705,19,3
8444,705,23,2
8445,705,21,3
8446,705,22,3
8447,705,53,2
8448,705,58,3
8449,705,59,1
8450,705,30,1
8451,706,3,4
8452,706,4,5
8453,706,5,5
8454,706,6,5
8455,706,8,5
8456,706,9,5
8457,706,12,5
8458,706,15,3
8459,706,19,5
8460,706,21,5
8461,707,1,1
8462,707,4,2
8463,707,5,1
8464,707,6,1
8465,707,7,3
8466,707,8,1
8467,707,11,2
8468,707,12,1
8469,707,19,4
8470,707,26,3
8471,708,3,5
8472,708,5,3
8473,708,6,4
8474,708,39,3
8475,708,8,5
8476,708,9,4
8477,708,10,3
8478,708,11,5
8479,708,49,1
8480,708,19,5
8481,708,21,2
8482,708,25,5
8483,708,27,3
8484,708,28,5
8485,708,30,5
8486,709,1,3
8487,709,8,5
8488,709,41,1
8489,709,9,3
8490,709,11,3
8491,709,42,3
8492,709,13,2
8493,709,47,3
8494,709,49,4
8495,709,50,3
8496,709,19,3
8497,709,51,2
8498,709,21,3
8499,709,54,5
8500,710,32,4
8501,710,33,4
8502,710,1,5
8503,710,3,4
8504,710,36,2
8505,710,9,5
8506,710,10,3
8507,710,11,4
8508,710,42,2
8509,710,16,4
8510,710,20,5
8511,710,27,4
8512,711,1,4
8513,711,34,4
8514,711,3,3
8515,711,36,4
8516,711,4,3
8517,711,33,2
8518,711,8,4
8519,711,11,4
8520,711,17,2
8521,711,19,4
8522,711,21,1
8523,711,30,5
8524,711,31,2
8525,712,32,1
8526,712,33,1
8527,712,1,1
8528,712,3,2
8529,712,36,2
8530,712,9,1
8531,712,41,2
8532,712,11,2
8533,712,20,2
8534,712,54,3
8535,712,27,1
8536,713,1,4
8537,713,3,5
8538,713,4,4
8539,713,37,5
8540,713,6,4
8541,713,8,3
8542,713,9,2
8543,713,15,1
8544,713,19,2
8545,713,52,2
8546,713,21,3
8547,713,60,5
8548,714,3,5
8549,714,5,5
8550,714,6,4
8551,714,8,4
8552,714,9,4
8553,714,11,4
8554,714,19,5
8555,714,21,4
8556,714,25,4
8557,714,28,4
8558,714,30,5
8559,715,34,2
8560,715,35,1
8561,715,36,1
8562,715,5,2
8563,715,38,3
8564,715,8,2
8565,715,9,3
8566,715,21,1
8567,715,29,2
8568,715,30,1
8569,715,31,2
8570,716,1,4
8571,716,33,2
8572,716,5,5
8573,716,8,4
8574,716,9,4
8575,716,48,4
8576,716,20,4
8577,716,21,3
8578,716,25,4
8579,716,58,3
8580,716,28,4
8581,716,30,4
8582,717,3,3
8583,717,4,2
8584,717,6,2
8585,717,8,2
8586,717,9,1
8587,717,44,4
8588,717,51,1
8589,717,19,2
8590,717,52,1
8591,717,21,1
8592,717,58,3
8593,717,27,2
8594,717,60,1
8595,718,1,5
8596,718,3,4
8597,718,4,4
8598,718,6,5
8599,718,8,2
8600,718,9,4
8601,718,50,4
8602,718,19,4
8603,718,52,3
8604,718,21,2
8605,718,54,2
8606,718,59,3
8607,718,60,5
8608,719,3,3
8609,719,4,4
8610,719,8,3
8611,719,9,4
8612,719,42,2
8613,719,49,2
8614,719,19,4
8615,719,51,4
8616,719,21,4
8617,719,52,5
8618,719,60,4
8619,720,1,4
8620,720,34,4
8621,720,3,4
8622,720,36,4
8623,720,38,1
8624,720,11,5
8625,720,19,4
8626,720,21,2
8627,720,55,3
8628,720,29,2
8629,720,30,4
8630,720,31,2
8631,721,1,4
8632,721,3,4
8633,721,4,4
8634,721,8,4
8635,721,9,2
8636,721,11,3
8637,721,48,3
8638,721,19,4
8639,721,51,3
8640,721,21,3
8641,721,52,5
8642,721,60,3
8643,722,1,4
8644,722,3,2
8645,722,4,1
8646,722,5,3
8647,722,7,2
8648,722,8,3
8649,722,9,5
8650,722,11,3
8651,722,12,4
8652,722,45,3
8653,722,14,4
8654,722,19,2
8655,723,1,1
8656,723,2,4
8657,723,3,3
8658,723,5,3
8659,723,6,4
8660,723,8,4
8661,723,9,2
8662,723,11,3
8663,723,12,2
8664,723,14,3
8665,723,49,3
8666,723,19,2
8667,723,20,1
8668,723,21,1
8669,724,3,1
8670,724,38,2
8671,724,39,2
8672,724,8,2
8673,724,41,1
8674,724,9,2
8675,724,40,1
8676,724,15,1
8677,724,21,1
8678,725,3,3
8679,725,4,5
8680,725,8,2
8681,725,9,4
8682,725,48,2
8683,725,19,3
8684,725,51,4
8685,725,21,5
8686,725,52,5
8687,725,60,3
8688,726,1,4
8689,726,8,5
8690,726,41,3
8691,726,9,4
8692,726,11,3
8693,726,49,4
8694,726,50,3
8695,726,19,3
8696,726,51,4
8697,726,21,4
8698,726,54,4
8699,726,28,2
8700,727,1,2
8701,727,8,3
8702,727,41,3
8703,727,48,4
8704,727,50,2
8705,727,19,2
8706,727,51,2
8707,727,21,2
8708,727,54,4
8709,727,52,2
8710,727,53,5
8711,727,25,2
8712,728,8,3
8713,728,9,3
8714,728,19,2
8715,728,20,3
8716,728,53,2
8717,728,21,1
8718,728,22,3
8719,728,58,3
8720,728,59,2
8721,728,60,4
8722,728,30,1
8723,729,1,3
8724,729,8,4
8725,729,9,1
8726,729,13,4
8727,729,48,3
8728,729,52,3
8729,729,21,3
8730,729,55,3
8731,729,56,5
8732,729,24,2
8733,729,58,2
8734,729,29,3
8735,729,30,2
8736,730,7,1
8737,730,8,2
8738,730,9,2
8739,730,11,2
8740,730,13,4
8741,730,14,2
8742,730,15,3
8743,730,18,2
8744,730,21,1
8745,730,56,3
8746,731,1,2
8747,731,7,2
8748,731,8,1
8749,731,13,2
8750,731,14,3
8751,731,15,3
8752,731,17,4
8753,731,18,1
8754,731,19,2
8755,731,21,4
8756,731,58,4
8757,732,1,2
8758,732,3,3
8759,732,37,3
8760,732,38,2
8761,732,39,3
8762,732,40,3
8763,732,41,3
8764,732,42,3
8765,732,8,3
8766,732,11,2
8767,732,19,4
8768,732,54,4
8769,733,1,3
8770,733,8,2
8771,733,9,3
8772,733,44,4
8773,733,47,3
8774,733,48,4
8775,733,50,3
8776,733,20,3
8777,733,21,3
8778,733,55,1
8779,733,24,1
8780,733,57,3
8781,733,58,1
8782,733,30,4
8783,734,1,5
8784,734,7,5
8785,734,8,5
8786,734,9,5
8787,734,44,3
8788,734,13,4
8789,734,14,5
8790,734,15,5
8791,734,48,5
8792,734,17,4
8793,734,18,3
8794,734,20,5
8795,734,21,5
8796,734,25,4
8797,734,28,5
8798,734,30,4
8799,735,1,1
8800,735,7,3
8801,735,8,1
8802,735,9,2
8803,735,13,1
8804,735,15,2
8805,735,16,2
8806,735,17,2
8807,735,18,2
8808,735,19,1
8809,735,21,1
8810,735,22,5
8811,735,28,2
8812,735,29,3
8813,736,38,3
8814,736,8,5
8815,736,9,3
8816,736,41,5
8817,736,11,4
8818,736,50,5
8819,736,19,5
8820,736,52,5
8821,736,51,5
8822,736,21,4
8823,736,25,4
8824,736,28,4
8825,736,30,5
8826,737,1,3
8827,737,56,2
8828,737,4,4
8829,737,9,3
8830,737,10,4
8831,737,48,3
8832,737,19,3
8833,737,20,3
8834,737,23,3
8835,737,55,3
8836,737,24,2
8837,737,57,2
8838,737,58,2
8839,737,30,3
8840,738,7,5
8841,738,8,4
8842,738,9,5
8843,738,13,5
8844,738,14,5
8845,738,15,5
8846,738,17,4
8847,738,18,5
8848,738,20,4
8849,738,21,5
8850,738,25,4
8851,738,28,5
8852,738,30,4
8853,738,57,3
8854,739,1,5
8855,739,35,5
8856,739,36,5
8857,739,38,3
8858,739,8,5
8859,739,9,5
8860,739,16,2
8861,739,19,5
8862,739,52,3
8863,739,24,2
8864,739,25,5
8865,739,28,5
8866,739,30,3
8867,739,31,2
8868,740,9,4
8869,740,10,4
8870,740,49,1
8871,740,19,3
8872,740,21,4
8873,740,53,2
8874,740,23,3
8875,740,22,4
8876,740,59,4
8877,740,60,3
8878,740,30,5
8879,741,2,4
8880,741,35,2
8881,741,8,3
8882,741,9,4
8883,741,11,3
8884,741,19,4
8885,741,21,4
8886,741,22,2
8887,741,23,4
8888,741,53,1
8889,741,54,3
8890,741,58,2
8891,741,59,4
8892,741,30,2
8893,742,1,2
8894,742,3,3
8895,742,39,1
8896,742,8,2
8897,742,40,2
8898,742,9,2
8899,742,11,1
8900,742,50,3
8901,742,19,1
8902,742,21,2
8903,742,24,3
8904,743,1,3
8905,743,4,4
8906,743,37,3
8907,743,7,3
8908,743,8,2
8909,743,13,2
8910,743,14,3
8911,743,15,4
8912,743,17,3
8913,743,18,2
8914,743,19,2
8915,743,21,4
8916,744,33,3
8917,744,1,3
8918,744,3,3
8919,744,36,5
8920,744,8,3
8921,744,9,1
8922,744,13,2
8923,744,21,3
8924,744,55,3
8925,744,58,2
8926,744,27,5
8927,745,1,2
8928,745,3,4
8929,745,37,3
8930,745,38,3
8931,745,8,4
8932,745,41,4
8933,745,40,3
8934,745,11,3
8935,745,18,2
8936,745,19,2
8937,745,60,4
8938,746,1,2
8939,746,7,5
8940,746,8,2
8941,746,9,3
8942,746,13,1
8943,746,15,2
8944,746,16,3
8945,746,17,3
8946,746,18,2
8947,746,19,1
8948,746,21,3
8949,746,55,3
8950,747,8,2
8951,747,9,1
8952,747,11,1
8953,747,19,1
8954,747,21,3
8955,747,22,1
8956,747,23,2
8957,747,53,1
8958,747,58,2
8959,747,59,2
8960,747,30,3
8961,748,1,3
8962,748,2,2
8963,748,3,3
8964,748,35,3
8965,748,5,3
8966,748,6,4
8967,748,8,3
8968,748,9,4
8969,748,40,2
8970,748,11,1
8971,748,12,2
8972,748,47,1
8973,748,19,2
8974,748,20,3
8975,748,21,3
8976,749,1,5
8977,749,3,4
8978,749,4,5
8979,749,6,4
8980,749,8,4
8981,749,9,2
8982,749,14,3
8983,749,19,4
8984,749,52,3
8985,749,21,3
8986,749,60,5
8987,750,1,3
8988,750,36,3
8989,750,8,3
8990,750,41,1
8991,750,9,1
8992,750,11,1
8993,750,45,3
8994,750,49,3
8995,750,50,1
8996,750,19,2
8997,750,51,3
8998,750,21,2
8999,750,54,4
9000,750,29,2
9001,751,7,4
9002,751,8,5
9003,751,9,5
9004,751,41,2
9005,751,13,4
9006,751,14,5
9007,751,15,5
9008,751,47,2
9009,751,17,3
9010,751,18,5
9011,751,20,5
9012,751,21,5
9013,751,25,4
9014,751,28,5
9015,751,30,4
9016,752,1,5
9017,752,7,5
9018,752,8,4
9019,752,9,5
9020,752,13,5
9021,752,14,5
9022,752,15,5
9023,752,17,4
9024,752,18,5
9025,752,20,5
9026,752,21,5
9027,752,22,2
9028,752,23,3
9029,752,25,3
9030,752,28,5
9031,752,30,4
9032,753,8,2
9033,753,9,3
9034,753,11,1
9035,753,45,2
9036,753,19,2
9037,753,21,3
9038,753,22,2
9039,753,23,2
9040,753,53,1
9041,753,58,1
9042,753,59,2
9043,753,30,3
9044,754,32,3
9045,754,33,3
9046,754,3,4
9047,754,8,3
9048,754,9,4
9049,754,42,4
9050,754,11,1
9051,754,19,4
9052,754,21,3
9053,754,27,3
9054,755,3,2
9055,755,8,3
9056,755,9,1
9057,755,40,3
9058,755,13,2
9059,755,46,2
9060,755,47,4
9061,755,45,3
9062,755,51,3
9063,755,21,3
9064,756,1,4
9065,756,26,1
9066,756,8,3
9067,756,9,3
9068,756,48,3
9069,756,17,1
9070,756,18,5
9071,756,20,3
9072,756,21,2
9073,756,25,3
9074,756,58,2
9075,756,28,3
9076,756,30,3
9077,757,1,5
9078,757,4,1
9079,757,8,4
9080,757,9,4
9081,757,41,3
9082,757,11,4
9083,757,42,3
9084,757,46,1
9085,757,49,3
9086,757,50,4
9087,757,19,5
9088,757,51,3
9089,757,21,3
9090,757,54,3
9091,758,1,2
9092,758,33,5
9093,758,35,1
9094,758,7,4
9095,758,8,4
9096,758,13,3
9097,758,14,5
9098,758,15,3
9099,758,48,3
9100,758,17,4
9101,758,18,2
9102,758,19,5
9103,758,21,5
9104,758,31,3
9105,759,3,3
9106,759,4,2
9107,759,8,4
9108,759,9,3
9109,759,13,3
9110,759,46,3
9111,759,47,5
9112,759,45,3
9113,759,21,3
9114,760,3,4
9115,760,4,3
9116,760,6,3
9117,760,8,4
9118,760,9,1
9119,760,13,3
9120,760,51,2
9121,760,19,3
9122,760,52,4
9123,760,21,2
9124,760,60,4
9125,761,1,3
9126,761,8,1
9127,761,41,4
9128,761,11,3
9129,761,50,3
9130,761,19,3
9131,761,51,2
9132,761,21,2
9133,761,54,4
9134,761,52,4
9135,762,3,1
9136,762,5,3
9137,762,8,1
9138,762,43,1
9139,762,44,2
9140,762,45,1
9141,762,13,1
9142,762,48,3
9143,762,19,1
9144,762,20,3
9145,762,24,1
9146,762,57,3
9147,763,1,4
9148,763,8,2
9149,763,9,4
9150,763,48,4
9151,763,16,3
9152,763,20,3
9153,763,21,3
9154,763,55,2
9155,763,24,2
9156,763,57,3
9157,763,58,2
9158,763,28,3
9159,763,30,4
9160,764,1,4
9161,764,35,5
9162,764,36,5
9163,764,5,3
9164,764,7,5
9165,764,8,5
9166,764,9,5
9167,764,10,4
9168,764,19,5
9169,764,25,5
9170,764,58,4
9171,764,28,5
9172,764,30,5
9173,764,31,5
9174,765,34,3
9175,765,5,3
9176,765,8,5
9177,765,11,5
9178,765,48,4
9179,765,19,5
9180,765,23,5
9181,765,21,5
9182,765,22,5
9183,765,53,3
9184,765,25,5
9185,765,58,5
9186,765,59,5
9187,765,28,5
9188,765,30,4
9189,766,1,4
9190,766,36,3
9191,766,6,3
9192,766,7,4
9193,766,8,3
9194,766,13,5
9195,766,14,5
9196,766,15,5
9197,766,17,4
9198,766,18,4
9199,766,19,4
9200,766,21,4
9201,766,25,2
9202,766,26,4
9203,767,32,2
9204,767,33,2
9205,767,1,5
9206,767,3,3
9207,767,36,4
9208,767,9,5
9209,767,11,4
9210,767,20,5
9211,767,27,4
9212,767,28,3
9213,768,1,4
9214,768,34,4
9215,768,3,3
9216,768,36,3
9217,768,33,3
9218,768,11,4
9219,768,19,4
9220,768,21,2
9221,768,56,4
9222,768,26,3
9223,768,30,4
9224,768,31,4
9225,769,1,1
9226,769,4,1
9227,769,5,1
9228,769,6,2
9229,769,7,2
9230,769,8,2
9231,769,11,1
9232,769,12,1
9233,769,16,3
9234,769,19,3
9235,770,32,3
9236,770,33,3
9237,770,34,4
9238,770,3,3
9239,770,8,3
9240,770,9,1
9241,770,41,3
9242,770,11,1
9243,770,50,5
9244,770,19,1
9245,770,52,3
9246,770,51,3
9247,770,21,4
9248,770,25,1
9249,770,28,2
9250,770,30,1
9251,771,35,4
9252,771,8,3
9253,771,9,2
9254,771,19,2
9255,771,53,2
9256,771,21,1
9257,771,22,4
9258,771,58,3
9259,771,59,1
9260,771,30,2
9261,772,1,4
9262,772,3,5
9263,772,4,4
9264,772,35,2
9265,772,6,4
9266,772,39,3
9267,772,8,4
9268,772,9,4
9269,772,13,3
9270,772,19,4
9271,772,52,3
9272,772,21,3
9273,772,60,5
9274,773,1,4
9275,773,34,5
9276,773,3,3
9277,773,36,5
9278,773,11,4
9279,773,13,3
9280,773,19,3
9281,773,21,2
9282,773,59,3
9283,773,30,4
9284,773,31,3
9285,774,1,5
9286,774,3,5
9287,774,39,5
9288,774,8,4
9289,774,40,5
9290,774,9,4
9291,774,11,3
9292,774,47,2
9293,774,19,5
9294,774,21,3
9295,775,1,3
9296,775,8,4
9297,775,9,3
9298,775,45,3
9299,775,48,3
9300,775,21,3
9301,775,55,2
9302,775,56,4
9303,775,24,2
9304,775,58,1
9305,775,29,2
9306,775,30,1
9307,776,3,5
9308,776,5,3
9309,776,8,2
9310,776,9,5
9311,776,44,5
9312,776,45,4
9313,776,46,5
9314,776,48,4
9315,776,21,4
9316,776,31,4
9317,777,3,1
9318,777,4,2
9319,777,8,1
9320,777,9,1
9321,777,40,4
9322,777,19,1
9323,777,51,2
9324,777,21,2
9325,777,52,2
9326,777,60,1
9327,777,31,3
9328,778,2,3
9329,778,3,5
9330,778,5,4
9331,778,6,4
9332,778,8,4
9333,778,9,3
9334,778,11,4
9335,778,44,3
9336,778,19,3
9337,778,21,3
9338,778,25,5
9339,778,28,5
9340,778,30,5
9341,779,8,5
9342,779,9,4
9343,779,41,4
9344,779,11,4
9345,779,60,3
9346,779,50,5
9347,779,19,3
9348,779,52,5
9349,779,51,4
9350,779,21,5
9351,779,54,3
9352,779,25,3
9353,779,28,4
9354,779,30,3
9355,780,3,5
9356,780,5,5
9357,780,8,5
9358,780,9,4
9359,780,13,4
9360,780,46,5
9361,780,47,5
9362,780,48,4
9363,780,60,3
9364,780,19,5
9365,780,21,4
9366,780,25,5
9367,780,58,3
9368,780,27,3
9369,780,28,5
9370,780,29,4
9371,780,30,4
9372,781,32,5
9373,781,1,5
9374,781,8,4
9375,781,9,4
9376,781,41,4
9377,781,11,2
9378,781,10,1
9379,781,49,4
9380,781,50,3
9381,781,19,3
9382,781,51,4
9383,781,21,3
9384,781,54,5
9385,782,3,5
9386,782,5,3
9387,782,8,4
9388,782,9,3
9389,782,44,3
9390,782,45,4
9391,782,46,3
9392,782,48,4
9393,782,52,4
9394,782,21,4
9395,782,20,1
9396,783,1,3
9397,783,37,4
9398,783,8,1
9399,783,9,3
9400,783,41,2
9401,783,11,2
9402,783,14,1
9403,783,49,3
9404,783,51,2
9405,783,19,2
9406,783,21,2
9407,783,54,4
9408,783,29,4
9409,784,33,2
9410,784,36,4
9411,784,8,5
9412,784,9,5
9413,784,41,4
9414,784,11,4
9415,784,50,5
9416,784,19,4
9417,784,52,5
9418,784,51,5
9419,784,21,5
9420,784,25,4
9421,784,28,4
9422,784,30,4
9423,785,2,2
9424,785,3,2
9425,785,5,2
9426,785,7,2
9427,785,8,1
9428,785,43,2
9429,785,44,1
9430,785,45,2
9431,785,13,1
9432,785,48,2
9433,785,18,3
9434,785,19,2
9435,785,20,4
9436,785,31,2
9437,786,3,2
9438,786,4,3
9439,786,8,3
9440,786,9,3
9441,786,19,2
9442,786,51,1
9443,786,21,4
9444,786,52,3
9445,786,22,2
9446,786,60,3
9447,787,7,2
9448,787,14,1
9449,787,15,4
9450,787,17,3
9451,787,18,2
9452,787,19,4
9453,787,20,2
9454,787,21,3
9455,787,31,5
9456,788,8,4
9457,788,9,2
9458,788,11,2
9459,788,14,3
9460,788,47,2
9461,788,19,3
9462,788,23,1
9463,788,21,3
9464,788,22,3
9465,788,53,1
9466,788,58,1
9467,788,59,3
9468,788,30,4
9469,789,1,2
9470,789,8,3
9471,789,9,2
9472,789,41,3
9473,789,11,1
9474,789,49,3
9475,789,51,2
9476,789,19,3
9477,789,21,3
9478,789,54,5
9479,790,1,2
9480,790,34,2
9481,790,3,2
9482,790,36,3
9483,790,2,2
9484,790,9,1
9485,790,42,4
9486,790,11,2
9487,790,21,3
9488,790,53,2
9489,790,24,4
9490,790,31,1
9491,791,32,3
9492,791,1,5
9493,791,3,2
9494,791,36,4
9495,791,8,3
9496,791,9,4
9497,791,13,5
9498,791,19,2
9499,791,20,3
9500,791,23,4
9501,791,25,2
9502,791,59,4
9503,792,1,3
9504,792,8,3
9505,792,41,3
9506,792,42,3
9507,792,11,3
9508,792,49,4
9509,792,50,4
9510,792,19,3
9511,792,51,2
9512,792,21,3
9513,792,54,3
9514,792,52,1
9515,792,26,4
9516,793,32,4
9517,793,33,3
9518,793,3,4
9519,793,8,3
9520,793,9,2
9521,793,11,2
9522,793,19,4
9523,793,21,3
9524,793,27,3
9525,793,29,3
9526,793,31,4
9527,794,3,5
9528,794,5,4
9529,794,8,5
9530,794,9,4
9531,794,13,5
9532,794,46,5
9533,794,47,4
9534,794,48,5
9535,794,19,5
9536,794,21,4
9537,794,23,2
9538,794,25,5
9539,794,28,5
9540,794,29,2
9541,794,30,5
9542,795,1,5
9543,795,38,3
9544,795,8,2
9545,795,9,3
9546,795,41,4
9547,795,11,2
9548,795,12,3
9549,795,49,4
9550,795,50,4
9551,795,19,5
9552,795,51,3
9553,795,21,4
9554,795,54,3
9555,795,18,2
9556,795,57,2
9557,796,32,3
9558,796,1,3
9559,796,3,1
9560,796,5,2
9561,796,8,2
9562,796,43,2
9563,796,44,2
9564,796,45,2
9565,796,13,2
9566,796,14,4
9567,796,48,3
9568,796,19,1
9569,796,20,1
9570,797,1,1
9571,797,7,2
9572,797,8,1
9573,797,9,2
9574,797,10,3
9575,797,41,4
9576,797,13,1
9577,797,15,2
9578,797,16,2
9579,797,17,1
9580,797,18,3
9581,797,19,2
9582,797,21,2
9583,797,60,4
9584,798,33,3
9585,798,2,5
9586,798,3,5
9587,798,4,2
9588,798,6,4
9589,798,8,1
9590,798,9,3
9591,798,51,2
9592,798,19,2
9593,798,52,3
9594,798,21,1
9595,798,60,2
9596,798,29,5
9597,799,3,2
9598,799,4,3
9599,799,8,3
9600,799,9,3
9601,799,10,4
9602,799,13,3
9603,799,46,3
9604,799,47,4
9605,799,45,1
9606,799,21,2
9607,800,3,4
9608,800,5,1
9609,800,8,2
9610,800,9,3
9611,800,44,3
9612,800,45,3
9613,800,46,2
9614,800,48,2
9615,800,21,2
9616,800,26,3
9617,801,3,3
9618,801,4,2
9619,801,6,1
9620,801,8,2
9621,801,9,1
9622,801,51,1
9623,801,19,2
9624,801,52,2
9625,801,21,1
9626,801,60,2
9627,802,3,1
9628,802,38,1
9629,802,39,1
9630,802,8,2
9631,802,41,2
9632,802,9,2
9633,802,40,1
9634,802,21,2
9635,802,30,1
9636,803,1,5
9637,803,39,4
9638,803,8,5
9639,803,9,5
9640,803,44,2
9641,803,48,5
9642,803,20,5
9643,803,21,3
9644,803,54,5
9645,803,25,5
9646,803,58,5
9647,803,28,4
9648,803,30,5
9649,804,32,3
9650,804,1,3
9651,804,8,2
9652,804,41,2
9653,804,9,3
9654,804,11,2
9655,804,49,4
9656,804,50,2
9657,804,19,3
9658,804,51,3
9659,804,21,4
9660,804,54,4
9661,804,27,3
9662,805,1,4
9663,805,8,4
9664,805,9,3
9665,805,41,3
9666,805,11,3
9667,805,50,5
9668,805,19,4
9669,805,52,3
9670,805,51,4
9671,805,21,5
9672,805,25,4
9673,805,28,2
9674,805,30,4
9675,806,1,3
9676,806,37,2
9677,806,8,4
9678,806,9,4
9679,806,15,2
9680,806,48,3
9681,806,21,2
9682,806,55,3
9683,806,56,3
9684,806,24,2
9685,806,58,2
9686,806,30,2
9687,807,3,3
9688,807,4,5
9689,807,39,3
9690,807,8,4
9691,807,9,4
9692,807,40,3
9693,807,19,3
9694,807,51,4
9695,807,21,5
9696,807,52,5
9697,807,24,4
9698,807,60,5
9699,808,3,2
9700,808,5,2
9701,808,9,1
9702,808,43,1
9703,808,45,1
9704,808,46,4
9705,808,47,2
9706,808,20,1
9707,808,21,3
9708,808,24,1
9709,808,58,3
9710,809,1,3
9711,809,34,3
9712,809,3,3
9713,809,36,4
9714,809,2,3
9715,809,9,3
9716,809,11,2
9717,809,48,3
9718,809,21,4
9719,809,31,3
9720,810,7,2
9721,810,14,2
9722,810,15,2
9723,810,17,3
9724,810,18,2
9725,810,19,3
9726,810,20,2
9727,810,21,3
9728,810,55,4
9729,811,2,4
9730,811,7,5
9731,811,8,5
9732,811,9,5
9733,811,40,1
9734,811,12,3
9735,811,13,5
9736,811,14,5
9737,811,15,3
9738,811,44,2
9739,811,17,4
9740,811,18,5
9741,811,20,4
9742,811,21,5
9743,811,25,4
9744,811,28,5
9745,811,30,4
9746,812,1,2
9747,812,3,2
9748,812,4,3
9749,812,6,3
9750,812,8,3
9751,812,9,2
9752,812,41,1
9753,812,51,2
9754,812,19,3
9755,812,52,3
9756,812,21,2
9757,812,20,3
9758,812,60,3
9759,813,1,3
9760,813,2,4
9761,813,8,4
9762,813,9,4
9763,813,41,5
9764,813,11,3
9765,813,49,2
9766,813,50,4
9767,813,19,5
9768,813,51,4
9769,813,21,3
9770,813,54,5
9771,813,22,3
9772,813,56,3
9773,814,1,3
9774,814,35,4
9775,814,36,3
9776,814,8,4
9777,814,9,3
9778,814,41,2
9779,814,60,2
9780,814,46,1
9781,814,19,3
9782,814,25,3
9783,814,28,3
9784,814,30,3
9785,814,31,3
9786,815,1,4
9787,815,35,5
9788,815,36,5
9789,815,8,5
9790,815,9,4
9791,815,19,5
9792,815,20,2
9793,815,25,4
9794,815,28,4
9795,815,30,4
9796,815,31,3
9797,816,1,4
9798,816,33,4
9799,816,37,3
9800,816,6,2
9801,816,8,5
9802,816,41,3
9803,816,9,3
9804,816,11,3
9805,816,49,4
9806,816,50,2
9807,816,19,3
9808,816,51,3
9809,816,21,3
9810,816,54,5
9811,817,1,2
9812,817,8,3
9813,817,41,1
9814,817,9,3
9815,817,11,2
9816,817,12,1
9817,817,45,4
9818,817,49,4
9819,817,50,2
9820,817,19,1
9821,817,51,3
9822,817,21,2
9823,817,54,4
9824,817,26,4
9825,818,1,5
9826,818,4,3
9827,818,8,4
9828,818,9,3
9829,818,41,4
9830,818,11,4
9831,818,49,2
9832,818,50,4
9833,818,19,5
9834,818,51,3
9835,818,21,1
9836,818,54,4
9837,818,59,2
9838,819,1,2
9839,819,8,3
9840,819,41,1
9841,819,9,2
9842,819,11,1
9843,819,14,4
9844,819,49,2
9845,819,50,1
9846,819,19,1
9847,819,51,2
9848,819,21,2
9849,819,54,3
9850,819,17,4
9851,819,25,3
9852,820,1,3
9853,820,34,3
9854,820,3,2
9855,820,36,3
9856,820,2,3
9857,820,59,4
9858,820,11,3
9859,820,44,3
9860,820,19,1
9861,820,21,2
9862,820,27,1
9863,820,30,3
9864,820,31,1
9865,821,1,4
9866,821,35,5
9867,821,36,5
9868,821,8,5
9869,821,9,4
9870,821,47,3
9871,821,19,4
9872,821,25,5
9873,821,58,4
9874,821,28,4
9875,821,30,4
9876,821,31,4
9877,822,1,3
9878,822,56,2
9879,822,9,3
9880,822,48,4
9881,822,20,3
9882,822,55,4
9883,822,24,4
9884,822,57,3
9885,822,58,2
9886,822,30,4
9887,823,51,4
9888,823,8,4
9889,823,11,3
9890,823,19,3
9891,823,23,4
9892,823,21,4
9893,823,22,2
9894,823,53,4
9895,823,24,4
9896,823,25,4
9897,823,58,3
9898,823,59,4
9899,823,28,3
9900,823,30,3
9901,824,1,1
9902,824,34,4
9903,824,35,4
9904,824,36,3
9905,824,5,3
9906,824,11,3
9907,824,21,4
9908,824,59,1
9909,824,30,5
9910,824,31,4
9911,825,34,4
9912,825,35,1
9913,825,36,2
9914,825,5,2
9915,825,8,2
9916,825,20,3
9917,825,21,2
9918,825,22,2
9919,825,30,2
9920,825,31,2
9921,826,5,2
9922,826,7,5
9923,826,8,3
9924,826,9,5
9925,826,13,5
9926,826,14,5
9927,826,15,5
9928,826,17,3
9929,826,18,4
9930,826,20,5
9931,826,21,5
9932,826,52,3
9933,826,25,4
9934,826,28,5
9935,826,30,4
9936,827,2,2
9937,827,3,5
9938,827,4,4
9939,827,6,4
9940,827,8,4
9941,827,9,2
9942,827,45,2
9943,827,51,4
9944,827,19,3
9945,827,52,4
9946,827,21,2
9947,827,25,5
9948,827,60,4
9949,828,7,2
9950,828,14,1
9951,828,15,4
9952,828,17,4
9953,828,18,5
9954,828,19,4
9955,828,20,3
9956,828,21,4
9957,829,8,4
9958,829,9,5
9959,829,40,3
9960,829,11,3
9961,829,19,5
9962,829,21,4
9963,829,22,4
9964,829,23,5
9965,829,53,5
9966,829,58,4
9967,829,59,5
9968,829,30,5
9969,830,1,2
9970,830,8,3
9971,830,9,2
9972,830,48,2
9973,830,21,2
9974,830,55,2
9975,830,56,3
9976,830,24,2
9977,830,58,2
9978,830,30,1
9979,830,57,3
9980,831,1,3
9981,831,3,5
9982,831,6,3
9983,831,8,2
9984,831,9,2
9985,831,51,1
9986,831,21,3
9987,831,58,2
9988,831,60,2
9989,832,3,5
9990,832,4,4
9991,832,6,4
9992,832,8,4
9993,832,9,3
9994,832,51,4
9995,832,19,5
9996,832,52,4
9997,832,21,2
9998,832,60,4
9999,833,1,4
10000,833,36,2
10001,833,8,2
10002,833,9,5
10003,833,48,4
10004,833,20,3
10005,833,21,3
10006,833,55,2
10007,833,24,3
10008,833,57,4
10009,833,58,1
10010,833,30,4
10011,834,1,5
10012,834,4,4
10013,834,5,3
10014,834,6,3
10015,834,7,4
10016,834,8,3
10017,834,11,5
10018,834,12,3
10019,834,48,2
10020,834,19,4
10021,834,52,1
10022,835,1,2
10023,835,33,4
10024,835,3,4
10025,835,6,1
10026,835,38,1
10027,835,8,1
10028,835,9,1
10029,835,15,2
10030,835,51,2
10031,835,21,1
10032,835,60,1
10033,835,29,1
10034,836,3,5
10035,836,5,2
10036,836,8,4
10037,836,9,5
10038,836,43,2
10039,836,44,5
10040,836,45,4
10041,836,46,5
10042,836,48,4
10043,836,17,4
10044,836,21,5
10045,837,32,2
10046,837,33,1
10047,837,1,4
10048,837,3,2
10049,837,36,2
10050,837,40,3
10051,837,9,4
10052,837,11,3
10053,837,20,3
10054,837,27,3
10055,837,29,3
10056,838,33,4
10057,838,34,4
10058,838,35,3
10059,838,36,3
10060,838,5,2
10061,838,8,3
10062,838,21,2
10063,838,30,3
10064,838,31,3
10065,839,34,3
10066,839,35,3
10067,839,36,2
10068,839,5,3
10069,839,39,3
10070,839,8,2
10071,839,21,1
10072,839,25,2
10073,839,30,1
10074,839,31,2
10075,840,1,3
10076,840,3,3
10077,840,5,3
10078,840,39,4
10079,840,8,2
10080,840,40,3
10081,840,9,3
10082,840,11,2
10083,840,19,4
10084,840,21,3
10085,841,1,3
10086,841,56,2
10087,841,9,3
10088,841,48,4
10089,841,19,4
10090,841,20,3
10091,841,55,4
10092,841,24,4
10093,841,57,3
10094,841,58,2
10095,841,30,3
10096,842,8,3
10097,842,9,4
10098,842,11,2
10099,842,19,4
10100,842,51,3
10101,842,21,4
10102,842,22,3
10103,842,23,3
10104,842,53,2
10105,842,54,1
10106,842,58,2
10107,842,59,4
10108,842,30,4
10109,843,1,5
10110,843,35,5
10111,843,36,5
10112,843,8,5
10113,843,9,5
10114,843,40,3
10115,843,19,5
10116,843,25,5
10117,843,28,5
10118,843,30,5
10119,843,31,4
10120,844,8,5
10121,844,9,3
10122,844,41,3
10123,844,11,3
10124,844,40,3
10125,844,16,3
10126,844,17,4
10127,844,50,5
10128,844,19,4
10129,844,52,4
10130,844,51,3
10131,844,21,4
10132,844,25,3
10133,844,28,2
10134,844,30,3
10135,845,1,5
10136,845,35,5
10137,845,36,5
10138,845,38,2
10139,845,8,5
10140,845,9,5
10141,845,14,3
10142,845,19,5
10143,845,52,2
10144,845,56,2
10145,845,25,5
10146,845,28,5
10147,845,30,5
10148,845,31,4
10149,846,32,3
10150,846,33,2
10151,846,3,3
10152,846,8,2
10153,846,9,4
10154,846,11,1
10155,846,19,1
10156,846,21,1
10157,846,58,2
10158,846,27,2
10159,846,60,3
10160,847,1,4
10161,847,8,3
10162,847,9,3
10163,847,45,2
10164,847,46,4
10165,847,48,4
10166,847,19,3
10167,847,20,5
10168,847,21,3
10169,847,22,2
10170,847,25,4
10171,847,58,3
10172,847,28,2
10173,847,30,4
10174,848,1,1
10175,848,3,4
10176,848,6,2
10177,848,8,4
10178,848,9,2
10179,848,51,3
10180,848,21,2
10181,848,23,5
10182,848,60,2
10183,849,1,2
10184,849,4,1
10185,849,5,1
10186,849,6,2
10187,849,7,2
10188,849,8,1
10189,849,11,2
10190,849,12,1
10191,849,16,3
10192,849,19,3
10193,849,27,1
10194,849,60,3
10195,850,3,2
10196,850,4,3
10197,850,8,3
10198,850,9,3
10199,850,19,4
10200,850,51,1
10201,850,21,5
10202,850,52,4
10203,850,22,1
10204,850,60,4
10205,851,7,4
10206,851,14,3
10207,851,15,4
10208,851,47,2
10209,851,17,4
10210,851,18,4
10211,851,19,4
10212,851,20,3
10213,851,21,4
10214,851,23,1
10215,851,27,3
10216,852,3,3
10217,852,5,2
10218,852,8,4
10219,852,9,5
10220,852,44,5
10221,852,45,4
10222,852,46,5
10223,852,48,4
10224,852,21,5
10225,852,25,2
10226,853,1,2
10227,853,7,3
10228,853,8,2
10229,853,9,3
10230,853,13,2
10231,853,46,3
10232,853,15,3
10233,853,16,3
10234,853,17,3
10235,853,18,3
10236,853,19,2
10237,853,21,2
10238,853,29,3
10239,853,31,5
10240,854,3,2
10241,854,38,2
10242,854,39,1
10243,854,8,2
10244,854,41,2
10245,854,9,2
10246,854,40,1
10247,854,15,2
10248,854,52,4
10249,854,21,3
10250,854,25,4
10251,855,3,5
10252,855,4,5
10253,855,5,5
10254,855,6,5
10255,855,8,5
10256,855,9,4
10257,855,12,5
10258,855,48,4
10259,855,19,5
10260,855,20,2
10261,855,21,5
10262,855,22,3
10263,856,7,2
10264,856,9,4
10265,856,11,3
10266,856,46,1
10267,856,14,2
10268,856,19,3
10269,856,21,3
10270,856,53,3
10271,856,23,2
10272,856,22,4
10273,856,59,3
10274,856,30,5
10275,857,32,2
10276,857,1,3
10277,857,3,1
10278,857,36,3
10279,857,8,2
10280,857,9,3
10281,857,13,2
10282,857,19,1
10283,857,20,2
10284,857,22,1
10285,857,59,4
10286,857,29,4
10287,858,1,1
10288,858,3,3
10289,858,6,1
10290,858,8,2
10291,858,9,1
10292,858,12,4
10293,858,13,4
10294,858,51,2
10295,858,21,1
10296,858,60,1
10297,859,1,5
10298,859,56,3
10299,859,9,5
10300,859,48,4
10301,859,19,4
10302,859,20,5
10303,859,21,5
10304,859,25,5
10305,859,24,5
10306,859,57,5
10307,859,58,3
10308,859,28,4
10309,859,30,5
10310,860,34,4
10311,860,35,3
10312,860,36,2
10313,860,5,3
10314,860,3,4
10315,860,8,3
10316,860,12,3
10317,860,21,1
10318,860,30,3
10319,860,31,3
10320,861,1,2
10321,861,3,3
10322,861,6,2
10323,861,8,2
10324,861,9,1
10325,861,51,2
10326,861,21,1
10327,861,25,2
10328,861,60,1
10329,862,8,1
10330,862,9,3
10331,862,11,1
10332,862,47,3
10333,862,19,3
10334,862,21,2
10335,862,22,1
10336,862,23,2
10337,862,53,2
10338,862,58,1
10339,862,59,3
10340,862,30,1
10341,863,33,3
10342,863,1,3
10343,863,3,1
10344,863,36,4
10345,863,34,4
10346,863,8,2
10347,863,9,2
10348,863,12,4
10349,863,47,2
10350,863,21,3
10351,863,55,2
10352,863,27,3
10353,864,8,3
10354,864,9,2
10355,864,48,1
10356,864,17,4
10357,864,19,1
10358,864,53,2
10359,864,21,1
10360,864,22,3
10361,864,24,4
10362,864,58,3
10363,864,59,2
10364,864,30,2
10365,865,1,2
10366,865,34,4
10367,865,35,3
10368,865,36,3
10369,865,5,4
10370,865,11,4
10371,865,21,4
10372,865,30,4
10373,865,31,3
10374,866,1,3
10375,866,7,2
10376,866,8,1
10377,866,9,4
10378,866,15,3
10379,866,48,2
10380,866,20,3
10381,866,21,1
10382,866,22,1
10383,866,55,1
10384,866,24,2
10385,866,57,3
10386,866,58,2
10387,866,30,4
10388,867,3,4
10389,867,38,2
10390,867,39,2
10391,867,8,5
10392,867,41,3
10393,867,9,4
10394,867,40,4
10395,867,51,4
10396,867,21,5
10397,867,22,3
10398,868,3,4
10399,868,4,4
10400,868,5,4
10401,868,6,2
10402,868,38,4
10403,868,8,4
10404,868,9,3
10405,868,40,3
10406,868,12,3
10407,868,19,4
10408,868,21,5
10409,868,22,1
10410,869,1,5
10411,869,37,4
10412,869,39,3
10413,869,40,5
10414,869,41,4
10415,869,42,3
10416,869,11,4
10417,869,9,5
10418,869,19,5
10419,869,21,5
10420,869,25,3
10421,869,58,3
10422,869,28,5
10423,869,30,3
10424,870,1,2
10425,870,5,3
10426,870,8,3
10427,870,41,2
10428,870,9,3
10429,870,11,2
10430,870,49,4
10431,870,50,2
10432,870,19,2
10433,870,51,3
10434,870,21,3
10435,870,54,5
10436,870,26,1
10437,871,32,3
10438,871,33,3
10439,871,1,5
10440,871,3,2
10441,871,36,4
10442,871,9,4
10443,871,11,4
10444,871,13,3
10445,871,48,2
10446,871,17,3
10447,871,20,5
10448,871,27,4
10449,872,1,4
10450,872,34,4
10451,872,3,3
10452,872,36,4
10453,872,2,2
10454,872,9,3
10455,872,11,1
10456,872,21,4
10457,872,22,2
10458,872,25,4
10459,872,31,2
10460,873,32,5
10461,873,1,5
10462,873,2,3
10463,873,3,5
10464,873,40,2
10465,873,9,4
10466,873,11,5
10467,873,20,5
10468,873,21,5
10469,873,25,3
10470,873,27,5
10471,873,28,3
10472,873,30,4
10473,873,31,2
10474,874,1,4
10475,874,8,4
10476,874,9,4
10477,874,41,4
10478,874,11,4
10479,874,44,2
10480,874,49,4
10481,874,50,3
10482,874,19,5
10483,874,51,4
10484,874,21,1
10485,874,54,4
10486,874,52,2
10487,875,1,2
10488,875,3,3
10489,875,37,4
10490,875,38,3
10491,875,8,2
10492,875,41,5
10493,875,40,2
10494,875,11,3
10495,875,49,5
10496,875,19,3
10497,875,27,3
10498,876,34,3
10499,876,35,2
10500,876,36,2
10501,876,5,1
10502,876,8,2
10503,876,48,1
10504,876,16,4
10505,876,21,1
10506,876,30,1
10507,876,31,1
10508,877,1,5
10509,877,8,4
10510,877,9,4
10511,877,41,4
10512,877,11,3
10513,877,45,2
10514,877,16,1
10515,877,49,4
10516,877,50,4
10517,877,19,5
10518,877,51,4
10519,877,21,1
10520,877,54,4
10521,878,3,5
10522,878,4,3
10523,878,35,2
10524,878,6,4
10525,878,8,4
10526,878,9,3
10527,878,51,2
10528,878,19,4
10529,878,52,4
10530,878,21,3
10531,878,57,2
10532,878,59,4
10533,878,60,4
10534,879,3,4
10535,879,35,2
10536,879,5,4
10537,879,37,3
10538,879,9,3
10539,879,43,4
10540,879,45,2
10541,879,46,5
10542,879,47,4
10543,879,19,2
10544,879,20,2
10545,879,21,4
10546,879,23,1
10547,880,3,3
10548,880,4,3
10549,880,6,3
10550,880,8,4
10551,880,9,3
10552,880,51,3
10553,880,19,5
10554,880,52,4
10555,880,21,3
10556,880,60,4
10557,881,1,4
10558,881,7,3
10559,881,8,3
10560,881,41,4
10561,881,13,4
10562,881,14,5
10563,881,15,4
10564,881,46,5
10565,881,17,5
10566,881,18,2
10567,881,19,5
10568,881,21,5
10569,882,1,3
10570,882,2,2
10571,882,8,2
10572,882,9,4
10573,882,41,4
10574,882,11,2
10575,882,14,4
10576,882,49,3
10577,882,51,3
10578,882,19,3
10579,882,21,3
10580,882,54,3
10581,882,20,4
10582,883,1,5
10583,883,3,4
10584,883,4,3
10585,883,6,2
10586,883,8,4
10587,883,9,3
10588,883,10,3
10589,883,14,5
10590,883,19,3
10591,883,52,3
10592,883,21,1
10593,883,60,5
10594,884,3,5
10595,884,5,5
10596,884,6,5
10597,884,8,4
10598,884,9,4
10599,884,41,3
10600,884,11,5
10601,884,19,4
10602,884,21,3
10603,884,25,5
10604,884,28,5
10605,884,30,4
10606,885,32,2
10607,885,1,4
10608,885,8,5
10609,885,41,2
10610,885,9,4
10611,885,11,3
10612,885,49,4
10613,885,50,3
10614,885,19,2
10615,885,51,4
10616,885,21,3
10617,885,54,5
10618,885,30,5
10619,886,1,4
10620,886,3,5
10621,886,36,3
10622,886,39,5
10623,886,8,4
10624,886,40,2
10625,886,9,2
10626,886,11,2
10627,886,19,2
10628,886,21,3
10629,887,3,4
10630,887,4,1
10631,887,5,4
10632,887,37,3
10633,887,8,4
10634,887,9,5
10635,887,40,3
10636,887,44,4
10637,887,45,2
10638,887,46,5
10639,887,48,3
10640,887,21,4
10641,888,1,5
10642,888,5,3
10643,888,8,4
10644,888,9,4
10645,888,48,4
10646,888,20,4
10647,888,21,3
10648,888,25,4
10649,888,58,4
10650,888,28,5
10651,888,30,2
10652,889,1,3
10653,889,3,1
10654,889,37,4
10655,889,38,2
10656,889,6,3
10657,889,8,4
10658,889,41,4
10659,889,40,1
10660,889,11,2
10661,889,19,3
10662,890,7,1
10663,890,9,3
10664,890,14,1
10665,890,15,3
10666,890,17,3
10667,890,18,2
10668,890,19,5
10669,890,20,2
10670,890,21,3
10671,890,57,4
10672,891,1,2
10673,891,8,2
10674,891,9,5
10675,891,10,3
10676,891,48,4
10677,891,20,2
10678,891,21,3
10679,891,55,2
10680,891,24,1
10681,891,57,3
10682,891,58,1
10683,891,30,2
10684,892,1,3
10685,892,3,5
10686,892,4,3
10687,892,6,1
10688,892,8,3
10689,892,9,2
10690,892,51,3
10691,892,21,4
10692,892,60,2
10693,893,1,3
10694,893,36,3
10695,893,8,4
10696,893,9,3
10697,893,48,3
10698,893,21,3
10699,893,55,2
10700,893,56,4
10701,893,24,2
10702,893,58,3
10703,893,30,3
10704,894,1,1
10705,894,7,3
10706,894,8,1
10707,894,9,2
10708,894,13,2
10709,894,45,2
10710,894,15,2
10711,894,16,2
10712,894,17,2
10713,894,18,1
10714,894,19,1
10715,894,21,1
10716,895,6,5
10717,895,7,3
10718,895,8,3
10719,895,9,2
10720,895,13,4
10721,895,14,3
10722,895,15,3
10723,895,18,3
10724,895,21,3
10725,895,23,1
10726,895,56,2
10727,896,34,4
10728,896,3,2
10729,896,4,2
10730,896,8,3
10731,896,9,3
10732,896,19,1
10733,896,51,2
10734,896,21,4
10735,896,52,4
10736,896,56,3
10737,896,60,1
10738,896,29,3
10739,897,1,3
10740,897,3,4
10741,897,4,4
10742,897,6,3
10743,897,7,2
10744,897,8,3
10745,897,9,2
10746,897,14,5
10747,897,51,2
10748,897,19,3
10749,897,52,3
10750,897,21,2
10751,897,20,3
10752,897,60,3
10753,898,33,2
10754,898,3,3
10755,898,4,4
10756,898,8,4
10757,898,9,4
10758,898,12,4
10759,898,46,4
10760,898,19,4
10761,898,51,4
10762,898,21,5
10763,898,52,5
10764,898,60,5
10765,898,30,3
10766,899,1,3
10767,899,2,4
10768,899,8,2
10769,899,9,2
10770,899,48,2
10771,899,18,2
10772,899,21,2
10773,899,55,3
10774,899,56,4
10775,899,24,2
10776,899,58,4
10777,899,30,1
10778,900,3,4
10779,900,4,4
10780,900,5,5
10781,900,6,4
10782,900,8,4
10783,900,9,4
10784,900,12,5
10785,900,14,1
10786,900,48,2
10787,900,19,5
10788,900,21,5
10789,900,55,4
10790,901,3,3
10791,901,5,3
10792,901,39,2
10793,901,9,2
10794,901,43,3
10795,901,45,2
10796,901,46,3
10797,901,47,3
10798,901,13,2
10799,901,20,2
10800,901,21,3
10801,902,3,4
10802,902,5,2
10803,902,8,3
10804,902,9,5
10805,902,41,2
10806,902,44,2
10807,902,45,2
10808,902,46,4
10809,902,48,3
10810,902,21,2
10811,902,53,5
10812,903,8,4
10813,903,9,2
10814,903,41,4
10815,903,11,4
10816,903,50,5
10817,903,19,4
10818,903,52,5
10819,903,51,5
10820,903,21,5
10821,903,25,4
10822,903,28,3
10823,903,30,3
10824,904,38,2
10825,904,8,5
10826,904,9,2
10827,904,10,5
10828,904,11,4
10829,904,12,3
10830,904,19,3
10831,904,23,1
10832,904,21,2
10833,904,22,3
10834,904,53,2
10835,904,58,3
10836,904,59,3
10837,904,30,3
10838,905,3,5
10839,905,5,5
10840,905,8,5
10841,905,9,5
10842,905,13,4
10843,905,46,5
10844,905,47,5
10845,905,48,5
10846,905,19,5
10847,905,21,4
10848,905,25,3
10849,905,28,3
10850,905,30,4
10851,906,1,4
10852,906,37,5
10853,906,39,5
10854,906,40,5
10855,906,41,5
10856,906,42,5
10857,906,11,4
10858,906,9,5
10859,906,8,4
10860,906,19,5
10861,906,21,5
10862,906,55,4
10863,906,25,2
10864,906,28,4
10865,906,30,4
10866,907,3,5
10867,907,4,4
10868,907,6,4
10869,907,8,3
10870,907,9,2
10871,907,12,3
10872,907,18,2
10873,907,51,3
10874,907,19,4
10875,907,52,3
10876,907,21,3
10877,907,50,3
10878,907,60,4
10879,908,3,4
10880,908,4,2
10881,908,8,4
10882,908,9,5
10883,908,13,2
10884,908,19,3
10885,908,51,4
10886,908,21,5
10887,908,52,4
10888,908,60,4
10889,909,3,4
10890,909,5,3
10891,909,6,4
10892,909,8,5
10893,909,9,4
10894,909,11,3
10895,909,19,5
10896,909,21,3
10897,909,23,2
10898,909,25,5
10899,909,28,5
10900,909,30,4
10901,910,1,2
10902,910,4,3
10903,910,5,1
10904,910,6,2
10905,910,7,2
10906,910,8,2
10907,910,11,3
10908,910,12,2
10909,910,46,3
10910,910,19,4
10911,911,1,5
10912,911,4,1
10913,911,8,3
10914,911,9,4
10915,911,48,5
10916,911,20,4
10917,911,21,3
10918,911,25,4
10919,911,58,4
10920,911,28,3
10921,911,30,4
10922,912,1,4
10923,912,35,2
10924,912,8,2
10925,912,9,5
10926,912,43,4
10927,912,48,5
10928,912,20,4
10929,912,21,3
10930,912,55,2
10931,912,24,3
10932,912,57,4
10933,912,58,3
10934,912,29,1
10935,912,30,4
10936,913,1,2
10937,913,34,4
10938,913,35,4
10939,913,36,5
10940,913,5,4
10941,913,11,2
10942,913,21,5
10943,913,53,2
10944,913,30,5
10945,913,31,4
10946,914,1,5
10947,914,37,3
10948,914,39,5
10949,914,40,5
10950,914,41,5
10951,914,42,4
10952,914,11,4
10953,914,9,5
10954,914,19,5
10955,914,21,5
10956,914,25,4
10957,914,28,5
10958,914,30,4
10959,915,1,4
10960,915,2,3
10961,915,3,1
10962,915,4,3
10963,915,34,3
10964,915,8,1
10965,915,9,3
10966,915,28,1
10967,915,16,2
10968,915,19,4
10969,915,51,4
10970,915,60,2
10971,916,32,1
10972,916,33,1
10973,916,1,3
10974,916,3,3
10975,916,36,2
10976,916,38,3
10977,916,9,4
10978,916,10,5
10979,916,11,1
10980,916,20,2
10981,916,57,1
10982,916,27,2
10983,916,60,3
10984,917,3,5
10985,917,5,3
10986,917,8,5
10987,917,9,4
10988,917,13,4
10989,917,46,5
10990,917,47,5
10991,917,48,5
10992,917,16,4
10993,917,19,5
10994,917,51,1
10995,917,21,4
10996,917,25,4
10997,917,27,3
10998,917,28,5
10999,917,30,2
11000,918,8,4
11001,918,11,3
11002,918,19,5
11003,918,23,5
11004,918,21,4
11005,918,22,3
11006,918,53,3
11007,918,25,5
11008,918,58,5
11009,918,59,4
11010,918,28,5
11011,918,29,2
11012,918,30,3
11013,919,8,3
11014,919,11,3
11015,919,13,3
11016,919,46,3
11017,919,19,3
11018,919,23,4
11019,919,21,3
11020,919,22,3
11021,919,53,3
11022,919,25,3
11023,919,58,3
11024,919,59,4
11025,919,28,4
11026,919,30,3
11027,920,3,4
11028,920,4,3
11029,920,5,3
11030,920,6,4
11031,920,8,4
11032,920,9,3
11033,920,42,1
11034,920,12,4
11035,920,19,4
11036,920,21,5
11037,920,56,2
11038,921,32,2
11039,921,1,3
11040,921,3,2
11041,921,36,3
11042,921,8,3
11043,921,9,4
11044,921,13,3
11045,921,19,2
11046,921,20,2
11047,922,1,1
11048,922,8,4
11049,922,11,5
11050,922,19,5
11051,922,23,5
11052,922,21,5
11053,922,22,4
11054,922,53,5
11055,922,25,4
11056,922,58,5
11057,922,59,4
11058,922,28,5
11059,922,30,4
11060,923,1,3
11061,923,33,3
11062,923,8,2
11063,923,41,2
11064,923,9,3
11065,923,11,2
11066,923,10,2
11067,923,49,4
11068,923,50,2
11069,923,19,2
11070,923,51,3
11071,923,21,3
11072,923,54,4
11073,923,58,2
11074,924,32,4
11075,924,33,3
11076,924,1,2
11077,924,3,4
11078,924,35,2
11079,924,8,3
11080,924,9,2
11081,924,42,5
11082,924,11,2
11083,924,19,3
11084,924,21,2
11085,924,27,3
11086,925,32,5
11087,925,1,5
11088,925,3,5
11089,925,9,4
11090,925,11,5
11091,925,49,3
11092,925,20,5
11093,925,21,5
11094,925,23,1
11095,925,25,5
11096,925,27,5
11097,925,28,4
11098,925,30,5
11099,926,3,5
11100,926,4,4
11101,926,35,1
11102,926,6,3
11103,926,8,3
11104,926,9,3
11105,926,12,1
11106,926,50,3
11107,926,51,2
11108,926,19,4
11109,926,52,2
11110,926,21,1
11111,926,59,2
11112,926,60,4
11113,927,1,1
11114,927,8,1
11115,927,41,3
11116,927,50,3
11117,927,19,2
11118,927,51,2
11119,927,21,2
11120,927,54,1
11121,927,52,2
11122,927,24,4
11123,928,3,1
11124,928,4,2
11125,928,39,3
11126,928,8,3
11127,928,9,2
11128,928,19,2
11129,928,51,1
11130,928,21,2
11131,928,52,4
11132,928,25,2
11133,928,60,1
11134,929,1,1
11135,929,37,4
11136,929,8,3
11137,929,9,1
11138,929,48,1
11139,929,16,5
11140,929,52,4
11141,929,21,2
11142,929,53,2
11143,929,55,2
11144,929,56,4
11145,929,24,1
11146,929,58,2
11147,929,30,1
11148,930,6,5
11149,930,8,3
11150,930,9,3
11151,930,41,2
11152,930,11,2
11153,930,19,4
11154,930,20,2
11155,930,21,5
11156,930,22,4
11157,930,23,2
11158,930,53,3
11159,930,58,4
11160,930,59,4
11161,930,30,5
11162,930,31,2
11163,931,1,3
11164,931,8,1
11165,931,9,3
11166,931,43,2
11167,931,48,1
11168,931,20,2
11169,931,21,2
11170,931,55,1
11171,931,24,1
11172,931,57,1
11173,931,58,1
11174,931,30,3
11175,932,32,4
11176,932,33,4
11177,932,3,4
11178,932,8,4
11179,932,9,5
11180,932,41,4
11181,932,11,3
11182,932,19,5
11183,932,21,4
11184,932,57,3
11185,932,27,3
11186,933,1,2
11187,933,3,4
11188,933,37,4
11189,933,38,3
11190,933,5,3
11191,933,8,5
11192,933,41,4
11193,933,40,3
11194,933,11,3
11195,933,48,4
11196,933,19,2
11197,933,23,4
11198,934,1,1
11199,934,3,5
11200,934,5,5
11201,934,6,4
11202,934,8,4
11203,934,9,4
11204,934,11,5
11205,934,19,5
11206,934,21,4
11207,934,25,5
11208,934,28,5
11209,934,30,5
11210,935,1,5
11211,935,34,2
11212,935,56,4
11213,935,8,2
11214,935,9,5
11215,935,48,4
11216,935,19,5
11217,935,20,5
11218,935,21,5
11219,935,25,5
11220,935,24,5
11221,935,57,5
11222,935,58,5
11223,935,28,5
11224,935,30,5
11225,936,1,4
11226,936,33,4
11227,936,8,3
11228,936,9,4
11229,936,47,3
11230,936,48,5
11231,936,20,4
11232,936,21,4
11233,936,55,2
11234,936,24,3
11235,936,57,4
11236,936,58,3
11237,936,30,5
11238,937,3,3
11239,937,8,1
11240,937,9,3
11241,937,13,3
11242,937,46,3
11243,937,47,5
11244,937,45,3
11245,937,52,3
11246,937,21,3
11247,938,8,1
11248,938,9,3
11249,938,19,2
11250,938,20,3
11251,938,53,2
11252,938,21,1
11253,938,22,3
11254,938,58,3
11255,938,59,2
11256,938,30,2
11257,939,33,3
11258,939,1,3
11259,939,3,3
11260,939,36,2
11261,939,8,2
11262,939,9,2
11263,939,19,2
11264,939,21,3
11265,939,27,2
11266,940,33,1
11267,940,3,5
11268,940,5,4
11269,940,6,4
11270,940,8,5
11271,940,9,3
11272,940,11,4
11273,940,16,3
11274,940,19,5
11275,940,20,2
11276,940,21,3
11277,940,25,5
11278,940,59,3
11279,940,28,5
11280,940,30,5
11281,941,1,4
11282,941,34,3
11283,941,3,2
11284,941,36,4
11285,941,2,3
11286,941,9,3
11287,941,11,1
11288,941,47,2
11289,941,21,4
11290,941,28,5
11291,941,31,2
11292,942,4,3
11293,942,8,3
11294,942,9,3
11295,942,45,4
11296,942,19,2
11297,942,53,2
11298,942,21,1
11299,942,22,3
11300,942,58,2
11301,942,59,2
11302,942,28,3
11303,942,30,1
11304,943,1,5
11305,943,37,5
11306,943,39,5
11307,943,40,5
11308,943,41,4
11309,943,42,5
11310,943,11,4
11311,943,9,5
11312,943,10,3
11313,943,19,4
11314,943,21,5
11315,943,25,2
11316,943,27,4
11317,943,28,5
11318,943,30,4
11319,943,31,4
11320,944,3,5
11321,944,5,4
11322,944,6,4
11323,944,37,2
11324,944,8,4
11325,944,9,4
11326,944,11,4
11327,944,45,3
11328,944,46,3
11329,944,19,5
11330,944,21,4
11331,944,55,3
11332,944,25,5
11333,944,28,5
11334,944,30,5
11335,945,1,3
11336,945,8,5
11337,945,9,4
11338,945,44,5
11339,945,48,2
11340,945,20,5
11341,945,21,3
11342,945,25,3
11343,945,58,4
11344,945,28,3
11345,945,30,4
11346,946,1,5
11347,946,3,5
11348,946,35,3
11349,946,39,4
11350,946,8,4
11351,946,40,5
11352,946,9,4
11353,946,11,2
11354,946,19,5
11355,946,21,3
11356,946,30,3
11357,947,33,3
11358,947,1,3
11359,947,3,2
11360,947,36,4
11361,947,8,1
11362,947,9,2
11363,947,21,3
11364,947,27,4
11365,947,28,1
11366,948,3,2
11367,948,4,3
11368,948,6,3
11369,948,8,3
11370,948,9,4
11371,948,19,2
11372,948,51,2
11373,948,21,3
11374,948,52,4
11375,948,60,2
11376,949,32,3
11377,949,1,5
11378,949,39,3
11379,949,8,4
11380,949,9,4
11381,949,41,5
11382,949,11,4
11383,949,49,3
11384,949,50,4
11385,949,19,5
11386,949,51,4
11387,949,21,3
11388,949,54,5
11389,949,26,3
11390,949,59,1
11391,950,1,2
11392,950,2,4
11393,950,3,2
11394,950,5,1
11395,950,6,3
11396,950,8,3
11397,950,9,3
11398,950,40,3
11399,950,11,3
11400,950,12,1
11401,950,19,3
11402,950,21,3
11403,950,54,3
11404,951,34,3
11405,951,8,2
11406,951,9,1
11407,951,41,3
11408,951,11,3
11409,951,13,3
11410,951,50,3
11411,951,19,3
11412,951,52,3
11413,951,51,4
11414,951,21,4
11415,951,25,2
11416,951,28,1
11417,951,30,2
11418,952,1,4
11419,952,33,2
11420,952,35,5
11421,952,36,5
11422,952,8,5
11423,952,9,5
11424,952,19,5
11425,952,25,5
11426,952,28,5
11427,952,30,5
11428,952,31,4
11429,953,37,4
11430,953,8,1
11431,953,9,4
11432,953,11,1
11433,953,17,3
11434,953,19,4
11435,953,21,3
11436,953,22,1
11437,953,23,2
11438,953,53,2
11439,953,58,1
11440,953,59,3
11441,953,30,1
11442,954,3,1
11443,954,4,4
11444,954,8,4
11445,954,9,2
11446,954,49,2
11447,954,50,4
11448,954,19,4
11449,954,51,4
11450,954,21,4
11451,954,52,4
11452,954,60,3
11453,955,32,2
11454,955,33,3
11455,955,1,4
11456,955,3,4
11457,955,36,5
11458,955,2,2
11459,955,9,5
11460,955,11,4
11461,955,47,3
11462,955,48,1
11463,955,20,5
11464,955,27,4
11465,956,1,5
11466,956,8,5
11467,956,9,5
11468,956,48,5
11469,956,20,5
11470,956,21,3
11471,956,56,3
11472,956,25,5
11473,956,58,5
11474,956,28,5
11475,956,30,4
11476,957,3,3
11477,957,5,2
11478,957,8,3
11479,957,9,1
11480,957,10,2
11481,957,43,3
11482,957,44,3
11483,957,45,2
11484,957,46,3
11485,957,13,3
11486,957,48,2
11487,957,21,2
11488,958,3,3
11489,958,5,3
11490,958,37,3
11491,958,9,1
11492,958,43,2
11493,958,45,2
11494,958,46,3
11495,958,47,3
11496,958,13,2
11497,958,20,1
11498,958,21,3
11499,959,3,5
11500,959,4,5
11501,959,5,5
11502,959,6,5
11503,959,8,5
11504,959,9,4
11505,959,12,5
11506,959,46,2
11507,959,18,4
11508,959,19,5
11509,959,21,5
11510,959,29,3
11511,960,1,2
11512,960,34,5
11513,960,35,4
11514,960,36,5
11515,960,5,4
11516,960,7,4
11517,960,42,3
11518,960,11,3
11519,960,15,5
11520,960,21,4
11521,960,30,4
11522,960,31,4
11523,961,1,2
11524,961,2,3
11525,961,3,4
11526,961,4,3
11527,961,35,3
11528,961,8,1
11529,961,9,3
11530,961,19,4
11531,961,51,4
11532,961,55,4
11533,961,60,3
11534,962,1,4
11535,962,34,4
11536,962,56,2
11537,962,35,2
11538,962,9,3
11539,962,42,2
11540,962,48,5
11541,962,20,3
11542,962,55,3
11543,962,24,5
11544,962,57,4
11545,962,58,2
11546,962,29,4
11547,962,30,4
11548,963,3,3
11549,963,38,2
11550,963,39,1
11551,963,8,2
11552,963,41,3
11553,963,9,3
11554,963,40,2
11555,963,49,4
11556,963,21,2
11557,964,1,4
11558,964,34,3
11559,964,3,2
11560,964,36,3
11561,964,35,3
11562,964,11,3
11563,964,19,3
11564,964,21,3
11565,964,29,1
11566,964,30,2
11567,964,31,2
11568,965,1,4
11569,965,34,4
11570,965,3,5
11571,965,36,5
11572,965,2,4
11573,965,9,4
11574,965,11,3
11575,965,21,4
11576,965,59,4
11577,965,31,4
11578,966,3,3
11579,966,38,3
11580,966,39,1
11581,966,8,4
11582,966,41,3
11583,966,9,3
11584,966,40,2
11585,966,43,1
11586,966,48,2
11587,966,21,3
11588,967,32,4
11589,967,33,4
11590,967,3,4
11591,967,8,3
11592,967,9,4
11593,967,10,2
11594,967,11,1
11595,967,19,3
11596,967,21,3
11597,967,27,3
11598,967,30,4
11599,968,1,5
11600,968,35,5
11601,968,36,5
11602,968,4,1
11603,968,8,4
11604,968,9,5
11605,968,40,3
11606,968,19,2
11607,968,54,1
11608,968,25,3
11609,968,28,4
11610,968,30,4
11611,968,31,3
11612,969,1,2
11613,969,34,2
11614,969,3,1
11615,969,36,3
11616,969,2,2
11617,969,9,1
11618,969,11,2
11619,969,21,3
11620,969,31,2
11621,970,3,3
11622,970,26,5
11623,970,8,3
11624,970,9,4
11625,970,11,1
11626,970,43,3
11627,970,19,3
11628,970,21,4
11629,970,22,1
11630,970,23,2
11631,970,53,2
11632,970,58,2
11633,970,59,4
11634,970,30,1
11635,971,1,3
11636,971,3,4
11637,971,4,2
11638,971,37,2
11639,971,6,4
11640,971,8,4
11641,971,9,4
11642,971,19,5
11643,971,52,4
11644,971,21,3
11645,971,60,5
11646,972,1,3
11647,972,34,4
11648,972,3,3
11649,972,36,4
11650,972,5,4
11651,972,11,3
11652,972,15,2
11653,972,19,3
11654,972,21,3
11655,972,54,4
11656,972,30,3
11657,972,31,3
11658,973,3,5
11659,973,5,2
11660,973,8,3
11661,973,9,4
11662,973,44,5
11663,973,45,3
11664,973,46,4
11665,973,48,2
11666,973,20,3
11667,973,21,3
11668,974,34,2
11669,974,8,3
11670,974,9,4
11671,974,11,2
11672,974,15,3
11673,974,50,2
11674,974,19,3
11675,974,21,2
11676,974,22,4
11677,974,23,3
11678,974,53,3
11679,974,58,2
11680,974,59,3
11681,974,30,3
11682,974,31,5
11683,975,1,5
11684,975,3,2
11685,975,5,2
11686,975,8,3
11687,975,9,5
11688,975,44,4
11689,975,45,3
11690,975,46,4
11691,975,48,2
11692,975,21,1
11693,976,1,4
11694,976,3,2
11695,976,8,3
11696,976,9,5
11697,976,48,5
11698,976,20,4
11699,976,21,4
11700,976,55,3
11701,976,24,3
11702,976,57,3
11703,976,58,3
11704,976,30,5
11705,977,3,5
11706,977,4,5
11707,977,5,5
11708,977,6,5
11709,977,8,5
11710,977,9,4
11711,977,12,3
11712,977,18,4
11713,977,19,5
11714,977,21,5
11715,978,3,1
11716,978,38,1
11717,978,39,1
11718,978,8,1
11719,978,41,2
11720,978,9,3
11721,978,40,1
11722,978,21,1
11723,978,60,3
11724,979,3,5
11725,979,5,4
11726,979,8,5
11727,979,9,5
11728,979,41,3
11729,979,10,3
11730,979,44,5
11731,979,45,5
11732,979,46,4
11733,979,48,4
11734,979,21,4
11735,979,23,3
11736,979,27,5
11737,980,1,4
11738,980,3,5
11739,980,39,4
11740,980,8,4
11741,980,9,5
11742,980,45,3
11743,980,48,5
11744,980,16,1
11745,980,20,3
11746,980,21,5
11747,980,55,3
11748,980,24,2
11749,980,57,3
11750,980,58,3
11751,980,30,4
11752,981,56,2
11753,981,8,3
11754,981,9,4
11755,981,11,5
11756,981,19,5
11757,981,23,5
11758,981,21,5
11759,981,22,5
11760,981,53,5
11761,981,20,3
11762,981,25,5
11763,981,58,5
11764,981,59,5
11765,981,28,3
11766,981,30,3
11767,982,32,3
11768,982,1,4
11769,982,3,2
11770,982,36,4
11771,982,8,3
11772,982,9,3
11773,982,44,5
11774,982,13,4
11775,982,18,2
11776,982,19,3
11777,982,20,2
11778,983,9,4
11779,983,41,3
11780,983,19,2
11781,983,21,4
11782,983,53,3
11783,983,23,3
11784,983,22,4
11785,983,59,5
11786,983,30,5
11787,984,7,1
11788,984,41,4
11789,984,14,3
11790,984,15,4
11791,984,17,4
11792,984,18,4
11793,984,19,5
11794,984,20,3
11795,984,21,4
11796,985,3,3
11797,985,38,1
11798,985,39,3
11799,985,8,2
11800,985,41,3
11801,985,9,3
11802,985,40,2
11803,985,12,2
11804,985,47,3
11805,985,49,5
11806,985,21,3
11807,985,27,1
11808,986,1,5
11809,986,33,5
11810,986,37,5
11811,986,39,4
11812,986,40,3
11813,986,41,4
11814,986,42,3
11815,986,11,4
11816,986,9,5
11817,986,19,4
11818,986,21,5
11819,986,55,3
11820,986,25,4
11821,986,28,3
11822,986,30,3
11823,987,1,1
11824,987,4,3
11825,987,5,2
11826,987,6,1
11827,987,7,2
11828,987,8,1
11829,987,11,4
11830,987,12,2
11831,987,19,4
11832,987,58,4
11833,988,1,1
11834,988,3,2
11835,988,37,3
11836,988,38,2
11837,988,8,3
11838,988,41,3
11839,988,40,3
11840,988,11,2
11841,988,19,2
11842,988,21,2
11843,989,1,2
11844,989,3,2
11845,989,6,2
11846,989,8,2
11847,989,9,2
11848,989,11,2
11849,989,50,4
11850,989,51,2
11851,989,21,1
11852,989,60,1
11853,990,1,3
11854,990,33,5
11855,990,3,3
11856,990,8,4
11857,990,9,3
11858,990,10,3
11859,990,48,2
11860,990,21,1
11861,990,22,2
11862,990,55,4
11863,990,56,5
11864,990,24,2
11865,990,58,3
11866,990,30,2
11867,991,1,5
11868,991,36,1
11869,991,38,2
11870,991,8,3
11871,991,9,3
11872,991,41,4
11873,991,11,4
11874,991,49,3
11875,991,50,3
11876,991,19,5
11877,991,51,5
11878,991,21,2
11879,991,54,5
11880,991,29,1
11881,992,34,3
11882,992,7,2
11883,992,14,2
11884,992,15,3
11885,992,17,3
11886,992,18,2
11887,992,19,4
11888,992,20,3
11889,992,21,1
11890,992,24,3
11891,992,59,2
11892,993,1,4
11893,993,2,3
11894,993,3,1
11895,993,4,1
11896,993,5,2
11897,993,6,4
11898,993,7,2
11899,993,8,2
11900,993,9,2
11901,993,11,3
11902,993,12,2
11903,993,19,1
11904,994,33,3
11905,994,7,3
11906,994,8,2
11907,994,9,1
11908,994,13,3
11909,994,14,1
11910,994,15,4
11911,994,18,2
11912,994,21,1
11913,994,55,2
11914,995,1,4
11915,995,56,2
11916,995,9,3
11917,995,48,4
11918,995,20,2
11919,995,55,4
11920,995,24,4
11921,995,57,1
11922,995,58,3
11923,995,59,4
11924,995,30,4
11925,996,1,3
11926,996,34,3
11927,996,3,3
11928,996,36,4
11929,996,2,2
11930,996,4,2
11931,996,9,2
11932,996,11,2
11933,996,21,2
11934,996,22,2
11935,996,31,2
11936,997,33,4
11937,997,8,3
11938,997,9,1
11939,997,11,1
11940,997,19,2
11941,997,23,1
11942,997,21,2
11943,997,22,2
11944,997,53,1
11945,997,25,2
11946,997,58,2
11947,997,59,2
11948,997,30,2
11949,998,3,3
11950,998,38,3
11951,998,39,4
11952,998,8,4
11953,998,41,4
11954,998,9,4
11955,998,40,2
11956,998,19,4
11957,998,21,4
11958,999,1,4
11959,999,36,3
11960,999,4,4
11961,999,8,4
11962,999,9,4
11963,999,48,4
11964,999,20,3
11965,999,21,3
11966,999,25,3
11967,999,58,4
11968,999,28,4
11969,999,30,4
11970,1000,3,1
11971,1000,4,1
11972,1000,6,3
11973,1000,8,1
11974,1000,9,2
11975,1000,42,3
11976,1000,28,1
11977,1000,19,2
11978,1000,51,1
11979,1000,21,3
11980,1000,52,3
11981,1000,60,2
11982,1000,29,4
11983,1001,34,4
11984,1001,35,3
11985,1001,36,3
11986,1001,5,3
11987,1001,8,2
11988,1001,21,3
11989,1001,29,4
11990,1001,30,3
11991,1001,31,2
11992,1002,1,1
11993,1002,2,3
11994,1002,3,2
11995,1002,5,2
11996,1002,6,3
11997,1002,8,2
11998,1002,9,2
11999,1002,11,1
12000,1002,12,2
12001,1002,17,2
12002,1002,19,1
12003,1002,21,2
12004,1003,3,2
12005,1003,38,2
12006,1003,39,1
12007,1003,8,3
12008,1003,41,3
12009,1003,9,3
12010,1003,40,2
12011,1003,46,4
12012,1003,21,3
12013,1003,23,1
12014,1003,28,4
12015,1004,3,5
12016,1004,5,4
12017,1004,6,5
12018,1004,8,5
12019,1004,9,3
12020,1004,11,4
12021,1004,15,4
12022,1004,19,5
12023,1004,21,2
12024,1004,53,2
12025,1004,25,5
12026,1004,28,5
12027,1004,30,5
12028,1005,26,2
12029,1005,8,1
12030,1005,9,2
12031,1005,11,4
12032,1005,19,1
12033,1005,23,1
12034,1005,21,1
12035,1005,22,2
12036,1005,53,1
12037,1005,58,2
12038,1005,59,1
12039,1005,30,1
12040,1006,4,4
12041,1006,8,2
12042,1006,9,1
12043,1006,10,3
12044,1006,11,2
12045,1006,40,5
12046,1006,19,1
12047,1006,23,1
12048,1006,21,3
12049,1006,22,1
12050,1006,53,1
12051,1006,58,2
12052,1006,59,1
12053,1006,30,2
12054,1007,3,1
12055,1007,4,4
12056,1007,37,4
12057,1007,5,3
12058,1007,8,4
12059,1007,9,2
12060,1007,47,4
12061,1007,19,3
12062,1007,51,2
12063,1007,21,4
12064,1007,52,4
12065,1007,60,3
12066,1008,32,1
12067,1008,33,1
12068,1008,3,3
12069,1008,4,4
12070,1008,6,2
12071,1008,8,4
12072,1008,9,4
12073,1008,51,3
12074,1008,19,3
12075,1008,52,4
12076,1008,21,3
12077,1008,60,4
12078,1009,3,3
12079,1009,4,3
12080,1009,8,4
12081,1009,9,2
12082,1009,19,3
12083,1009,51,3
12084,1009,21,5
12085,1009,52,5
12086,1009,23,1
12087,1009,60,5
12088,1010,1,3
12089,1010,38,1
12090,1010,8,3
12091,1010,9,3
12092,1010,48,1
12093,1010,21,1
12094,1010,55,3
12095,1010,56,5
12096,1010,24,2
12097,1010,58,3
12098,1010,30,1
12099,1011,1,5
12100,1011,3,3
12101,1011,4,5
12102,1011,6,4
12103,1011,8,4
12104,1011,9,4
12105,1011,45,5
12106,1011,13,3
12107,1011,19,4
12108,1011,52,1
12109,1011,21,3
12110,1011,58,4
12111,1011,60,5
12112,1012,3,2
12113,1012,4,3
12114,1012,37,3
12115,1012,38,1
12116,1012,39,1
12117,1012,8,1
12118,1012,41,3
12119,1012,9,3
12120,1012,40,1
12121,1012,6,3
12122,1012,19,3
12123,1012,21,2
12124,1013,1,5
12125,1013,35,5
12126,1013,36,5
12127,1013,39,3
12128,1013,8,5
12129,1013,9,4
12130,1013,41,5
12131,1013,19,3
12132,1013,20,3
12133,1013,25,3
12134,1013,28,4
12135,1013,30,5
12136,1013,31,4
12137,1014,1,4
12138,1014,34,2
12139,1014,3,1
12140,1014,36,3
12141,1014,11,3
12142,1014,19,1
12143,1014,21,2
12144,1014,60,3
12145,1014,30,3
12146,1014,31,2
12147,1015,3,5
12148,1015,4,5
12149,1015,5,5
12150,1015,6,5
12151,1015,8,5
12152,1015,9,4
12153,1015,12,5
12154,1015,19,5
12155,1015,21,5
12156,1015,26,2
12157,1015,28,3
12158,1015,31,2
12159,1016,1,2
12160,1016,7,4
12161,1016,8,2
12162,1016,9,4
12163,1016,13,4
12164,1016,14,5
12165,1016,15,5
12166,1016,17,5
12167,1016,18,1
12168,1016,19,2
12169,1016,21,5
12170,1016,28,1
12171,1017,1,1
12172,1017,7,4
12173,1017,8,2
12174,1017,9,3
12175,1017,13,3
12176,1017,15,3
12177,1017,16,3
12178,1017,17,3
12179,1017,18,3
12180,1017,19,2
12181,1017,20,3
12182,1017,21,4
12183,1017,27,3
12184,1018,3,4
12185,1018,5,4
12186,1018,38,1
12187,1018,39,1
12188,1018,8,3
12189,1018,41,3
12190,1018,9,3
12191,1018,40,1
12192,1018,52,2
12193,1018,21,1
12194,1019,1,3
12195,1019,3,3
12196,1019,4,2
12197,1019,6,3
12198,1019,8,2
12199,1019,9,1
12200,1019,51,1
12201,1019,19,3
12202,1019,52,2
12203,1019,21,1
12204,1019,56,2
12205,1019,60,2
12206,1020,33,3
12207,1020,1,3
12208,1020,3,3
12209,1020,36,4
12210,1020,8,2
12211,1020,9,1
12212,1020,44,3
12213,1020,21,2
12214,1020,27,4
12215,1020,60,2
12216,1021,1,5
12217,1021,36,3
12218,1021,37,5
12219,1021,39,5
12220,1021,40,5
12221,1021,41,5
12222,1021,42,4
12223,1021,11,4
12224,1021,9,5
12225,1021,19,5
12226,1021,21,5
12227,1021,23,4
12228,1021,25,4
12229,1021,28,3
12230,1021,29,4
12231,1021,30,4
12232,1022,3,5
12233,1022,4,5
12234,1022,5,5
12235,1022,6,5
12236,1022,8,4
12237,1022,9,3
12238,1022,12,5
12239,1022,19,5
12240,1022,51,4
12241,1022,21,5
12242,1023,5,4
12243,1023,8,3
12244,1023,9,1
12245,1023,11,1
12246,1023,19,3
12247,1023,21,3
12248,1023,22,2
12249,1023,23,3
12250,1023,53,2
12251,1023,58,2
12252,1023,59,3
12253,1023,30,3
12254,1024,1,5
12255,1024,3,4
12256,1024,4,4
12257,1024,6,4
12258,1024,8,3
12259,1024,9,3
12260,1024,42,4
12261,1024,41,2
12262,1024,19,4
12263,1024,52,3
12264,1024,21,2
12265,1024,56,2
12266,1024,60,5
12267,1025,8,3
12268,1025,9,2
12269,1025,19,1
12270,1025,53,2
12271,1025,21,1
12272,1025,22,4
12273,1025,55,1
12274,1025,58,3
12275,1025,59,3
12276,1025,28,3
12277,1025,30,1
12278,1026,1,4
12279,1026,56,2
12280,1026,38,1
12281,1026,9,4
12282,1026,48,4
12283,1026,20,1
12284,1026,23,1
12285,1026,55,3
12286,1026,24,4
12287,1026,57,3
12288,1026,58,3
12289,1026,30,2
12290,1027,8,4
12291,1027,9,4
12292,1027,11,3
12293,1027,18,2
12294,1027,19,5
12295,1027,21,3
12296,1027,22,4
12297,1027,23,4
12298,1027,53,4
12299,1027,58,5
12300,1027,59,4
12301,1027,30,3
12302,1028,33,3
12303,1028,3,4
12304,1028,4,1
12305,1028,6,2
12306,1028,8,3
12307,1028,9,2
12308,1028,51,2
12309,1028,19,4
12310,1028,52,3
12311,1028,21,2
12312,1028,60,3
12313,1029,37,2
12314,1029,7,5
12315,1029,8,5
12316,1029,9,5
12317,1029,40,5
12318,1029,13,5
12319,1029,14,5
12320,1029,15,4
12321,1029,17,4
12322,1029,18,5
12323,1029,20,5
12324,1029,21,5
12325,1029,25,2
12326,1029,28,5
12327,1029,30,4
12328,1030,3,3
12329,1030,5,3
12330,1030,6,2
12331,1030,8,2
12332,1030,40,5
12333,1030,43,3
12334,1030,44,3
12335,1030,45,3
12336,1030,13,3
12337,1030,48,2
12338,1030,19,2
12339,1030,20,4
12340,1031,8,4
12341,1031,11,4
12342,1031,43,3
12343,1031,48,4
12344,1031,19,3
12345,1031,23,5
12346,1031,21,4
12347,1031,22,4
12348,1031,53,5
12349,1031,25,3
12350,1031,58,4
12351,1031,59,4
12352,1031,28,4
12353,1031,30,3
12354,1032,1,1
12355,1032,33,4
12356,1032,8,3
12357,1032,41,1
12358,1032,9,2
12359,1032,11,1
12360,1032,14,3
12361,1032,49,2
12362,1032,50,1
12363,1032,19,1
12364,1032,51,2
12365,1032,21,2
12366,1032,54,2
12367,1032,17,1
12368,1032,18,2
12369,1033,1,4
12370,1033,56,2
12371,1033,9,3
12372,1033,48,5
12373,1033,20,3
12374,1033,25,3
12375,1033,55,3
12376,1033,24,4
12377,1033,57,3
12378,1033,58,3
12379,1033,30,4
12380,1034,8,3
12381,1034,9,2
12382,1034,41,2
12383,1034,11,2
12384,1034,50,3
12385,1034,19,4
12386,1034,52,4
12387,1034,51,3
12388,1034,21,4
12389,1034,25,2
12390,1034,28,1
12391,1034,30,2
12392,1035,3,2
12393,1035,5,3
12394,1035,9,3
12395,1035,10,2
12396,1035,43,4
12397,1035,45,3
12398,1035,46,5
12399,1035,47,4
12400,1035,19,4
12401,1035,20,1
12402,1035,21,3
12403,1036,1,3
12404,1036,4,3
12405,1036,7,3
12406,1036,8,1
12407,1036,41,3
12408,1036,50,3
12409,1036,19,1
12410,1036,51,1
12411,1036,21,1
12412,1036,54,4
12413,1036,52,2
12414,1036,57,2
12415,1037,1,3
12416,1037,34,2
12417,1037,3,1
12418,1037,36,3
12419,1037,2,2
12420,1037,9,2
12421,1037,11,1
12422,1037,21,3
12423,1037,53,3
12424,1037,31,1
12425,1038,32,3
12426,1038,34,3
12427,1038,35,1
12428,1038,36,1
12429,1038,5,1
12430,1038,6,4
12431,1038,8,2
12432,1038,49,4
12433,1038,51,4
12434,1038,21,1
12435,1038,30,2
12436,1038,31,2
12437,1039,1,3
12438,1039,35,4
12439,1039,36,4
12440,1039,5,4
12441,1039,8,5
12442,1039,9,3
12443,1039,19,3
12444,1039,25,3
12445,1039,28,3
12446,1039,30,3
12447,1039,31,2
12448,1040,8,4
12449,1040,9,5
12450,1040,41,1
12451,1040,11,3
12452,1040,50,3
12453,1040,19,4
12454,1040,21,5
12455,1040,22,4
12456,1040,23,4
12457,1040,53,4
12458,1040,58,3
12459,1040,59,5
12460,1040,30,5
12461,1041,1,1
12462,1041,3,2
12463,1041,37,3
12464,1041,38,2
12465,1041,8,3
12466,1041,41,3
12467,1041,40,2
12468,1041,11,1
12469,1041,12,3
12470,1041,19,2
12471,1041,59,1
12472,1041,31,4
12473,1042,1,3
12474,1042,34,5
12475,1042,35,4
12476,1042,36,4
12477,1042,8,4
12478,1042,9,3
12479,1042,43,2
12480,1042,47,3
12481,1042,19,1
12482,1042,25,3
12483,1042,28,3
12484,1042,30,3
12485,1042,31,2
12486,1043,34,1
12487,1043,8,3
12488,1043,10,4
12489,1043,11,2
12490,1043,19,3
12491,1043,23,4
12492,1043,21,2
12493,1043,22,4
12494,1043,53,3
12495,1043,25,4
12496,1043,58,4
12497,1043,59,2
12498,1043,28,3
12499,1043,30,1
12500,1044,32,2
12501,1044,1,4
12502,1044,3,3
12503,1044,36,4
12504,1044,8,3
12505,1044,9,3
12506,1044,13,4
12507,1044,19,4
12508,1044,20,3
12509,1044,24,5
12510,1045,1,5
12511,1045,3,4
12512,1045,4,3
12513,1045,6,4
12514,1045,8,3
12515,1045,9,5
12516,1045,19,4
12517,1045,52,3
12518,1045,21,3
12519,1045,57,1
12520,1045,58,2
12521,1045,27,3
12522,1045,60,5
12523,1046,3,2
12524,1046,8,2
12525,1046,9,3
12526,1046,12,3
12527,1046,13,3
12528,1046,46,2
12529,1046,47,3
12530,1046,45,2
12531,1046,21,2
12532,1047,1,5
12533,1047,8,5
12534,1047,9,5
12535,1047,48,5
12536,1047,49,1
12537,1047,20,4
12538,1047,21,4
12539,1047,55,1
12540,1047,25,5
12541,1047,58,4
12542,1047,28,5
12543,1047,30,3
12544,1048,3,3
12545,1048,36,2
12546,1048,5,1
12547,1048,8,1
12548,1048,9,3
12549,1048,44,3
12550,1048,45,1
12551,1048,46,3
12552,1048,48,2
12553,1048,21,1
12554,1049,1,4
12555,1049,7,2
12556,1049,8,2
12557,1049,9,3
12558,1049,48,3
12559,1049,20,3
12560,1049,21,1
12561,1049,25,2
12562,1049,58,2
12563,1049,28,3
12564,1049,30,1
12565,1050,33,1
12566,1050,7,1
12567,1050,8,3
12568,1050,9,1
12569,1050,41,3
12570,1050,11,2
12571,1050,42,4
12572,1050,50,2
12573,1050,19,3
12574,1050,52,3
12575,1050,51,4
12576,1050,21,4
12577,1050,25,2
12578,1050,28,2
12579,1050,30,3
12580,1051,32,3
12581,1051,1,3
12582,1051,34,3
12583,1051,8,4
12584,1051,41,3
12585,1051,9,3
12586,1051,11,2
12587,1051,40,2
12588,1051,49,3
12589,1051,50,2
12590,1051,19,2
12591,1051,51,2
12592,1051,21,3
12593,1051,54,4
12594,1051,53,3
12595,1052,32,4
12596,1052,33,3
12597,1052,2,2
12598,1052,3,3
12599,1052,8,3
12600,1052,9,4
12601,1052,11,2
12602,1052,19,2
12603,1052,21,3
12604,1052,27,1
12605,1053,3,5
12606,1053,5,3
12607,1053,8,4
12608,1053,9,4
12609,1053,13,4
12610,1053,46,5
12611,1053,47,5
12612,1053,48,5
12613,1053,19,5
12614,1053,21,4
12615,1053,25,4
12616,1053,28,3
12617,1053,30,3
12618,1054,1,4
12619,1054,33,3
12620,1054,7,4
12621,1054,8,3
12622,1054,43,2
12623,1054,13,4
12624,1054,14,5
12625,1054,15,4
12626,1054,17,5
12627,1054,18,3
12628,1054,19,5
12629,1054,21,5
12630,1054,55,4
12631,1055,32,4
12632,1055,1,5
12633,1055,56,4
12634,1055,9,5
12635,1055,12,3
12636,1055,48,4
12637,1055,19,5
12638,1055,20,5
12639,1055,21,4
12640,1055,25,5
12641,1055,24,5
12642,1055,57,5
12643,1055,58,3
12644,1055,28,5
12645,1055,30,5
12646,1056,9,4
12647,1056,19,5
12648,1056,52,4
12649,1056,21,4
12650,1056,53,3
12651,1056,23,4
12652,1056,22,3
12653,1056,59,3
12654,1056,30,4
12655,1057,32,4
12656,1057,33,2
12657,1057,3,4
12658,1057,8,1
12659,1057,9,2
12660,1057,11,2
12661,1057,47,3
12662,1057,19,4
12663,1057,21,3
12664,1057,27,3
12665,1058,3,2
12666,1058,4,4
12667,1058,38,1
12668,1058,39,1
12669,1058,8,1
12670,1058,41,2
12671,1058,9,2
12672,1058,40,1
12673,1058,44,3
12674,1058,16,3
12675,1058,21,2
12676,1059,32,3
12677,1059,33,1
12678,1059,3,3
12679,1059,8,2
12680,1059,9,4
12681,1059,59,4
12682,1059,11,1
12683,1059,45,1
12684,1059,19,3
12685,1059,21,2
12686,1059,22,5
12687,1059,27,2
12688,1060,3,3
12689,1060,38,2
12690,1060,39,1
12691,1060,8,3
12692,1060,41,3
12693,1060,9,2
12694,1060,40,2
12695,1060,51,2
12696,1060,21,3
12697,1061,1,5
12698,1061,37,4
12699,1061,39,5
12700,1061,40,5
12701,1061,41,5
12702,1061,42,3
12703,1061,11,2
12704,1061,9,4
12705,1061,19,5
12706,1061,21,5
12707,1061,25,4
12708,1061,28,4
12709,1061,30,4
12710,1062,1,4
12711,1062,2,4
12712,1062,3,3
12713,1062,5,3
12714,1062,6,3
12715,1062,8,3
12716,1062,9,3
12717,1062,11,3
12718,1062,12,1
12719,1062,19,2
12720,1062,21,3
12721,1062,22,3
12722,1063,34,5
12723,1063,35,1
12724,1063,36,3
12725,1063,5,4
12726,1063,6,3
12727,1063,8,3
12728,1063,11,4
12729,1063,21,2
12730,1063,22,5
12731,1063,58,2
12732,1063,30,3
12733,1063,31,3
12734,1064,1,3
12735,1064,8,3
12736,1064,9,1
12737,1064,40,4
12738,1064,11,3
12739,1064,48,1
12740,1064,21,2
12741,1064,54,1
12742,1064,55,2
12743,1064,56,1
12744,1064,24,2
12745,1064,58,1
12746,1064,30,1
12747,1065,3,4
12748,1065,5,2
12749,1065,8,3
12750,1065,9,2
12751,1065,44,3
12752,1065,45,4
12753,1065,46,5
12754,1065,48,3
12755,1065,21,1
12756,1065,22,2
12757,1065,55,4
12758,1066,8,4
12759,1066,9,1
12760,1066,50,5
12761,1066,19,3
12762,1066,53,3
12763,1066,21,2
12764,1066,22,4
12765,1066,58,4
12766,1066,59,3
12767,1066,30,3
12768,1067,1,4
12769,1067,56,1
12770,1067,37,3
12771,1067,9,3
12772,1067,48,4
12773,1067,20,3
12774,1067,22,4
12775,1067,55,4
12776,1067,24,4
12777,1067,57,3
12778,1067,58,3
12779,1067,30,4
12780,1068,32,4
12781,1068,33,3
12782,1068,3,5
12783,1068,4,3
12784,1068,5,3
12785,1068,8,3
12786,1068,9,4
12787,1068,11,2
12788,1068,19,2
12789,1068,21,3
12790,1068,27,2
12791,1069,3,3
12792,1069,4,2
12793,1069,5,2
12794,1069,8,4
12795,1069,9,4
12796,1069,41,4
12797,1069,28,5
12798,1069,19,4
12799,1069,51,4
12800,1069,21,5
12801,1069,52,5
12802,1069,23,3
12803,1069,60,2
12804,1070,3,3
12805,1070,4,5
12806,1070,8,4
12807,1070,9,4
12808,1070,19,5
12809,1070,51,3
12810,1070,21,5
12811,1070,52,5
12812,1070,60,4
12813,1070,30,4
12814,1071,1,2
12815,1071,34,3
12816,1071,3,3
12817,1071,36,4
12818,1071,2,3
12819,1071,9,3
12820,1071,11,2
12821,1071,15,3
12822,1071,16,4
12823,1071,19,2
12824,1071,21,5
12825,1071,31,3
12826,1072,32,3
12827,1072,7,1
12828,1072,13,3
12829,1072,14,1
12830,1072,15,1
12831,1072,17,2
12832,1072,18,2
12833,1072,19,2
12834,1072,20,1
12835,1072,21,2
12836,1072,54,1
12837,1073,8,5
12838,1073,11,4
12839,1073,15,4
12840,1073,19,4
12841,1073,23,5
12842,1073,21,4
12843,1073,22,4
12844,1073,53,3
12845,1073,20,3
12846,1073,25,2
12847,1073,58,3
12848,1073,59,4
12849,1073,28,2
12850,1073,30,3
12851,1074,7,2
12852,1074,12,2
12853,1074,45,3
12854,1074,14,1
12855,1074,15,4
12856,1074,17,2
12857,1074,18,3
12858,1074,19,3
12859,1074,20,2
12860,1074,21,3
12861,1075,1,2
12862,1075,7,4
12863,1075,8,3
12864,1075,9,3
12865,1075,13,2
12866,1075,15,1
12867,1075,16,2
12868,1075,17,3
12869,1075,18,2
12870,1075,19,3
12871,1075,48,3
12872,1075,21,3
12873,1076,34,4
12874,1076,35,3
12875,1076,36,1
12876,1076,5,2
12877,1076,8,3
12878,1076,18,3
12879,1076,21,2
12880,1076,56,3
12881,1076,26,3
12882,1076,30,2
12883,1076,31,3
12884,1077,7,1
12885,1077,45,3
12886,1077,14,2
12887,1077,15,3
12888,1077,16,2
12889,1077,17,3
12890,1077,18,4
12891,1077,19,4
12892,1077,20,2
12893,1077,21,2
12894,1078,32,5
12895,1078,1,3
12896,1078,34,2
12897,1078,3,5
12898,1078,9,4
12899,1078,11,5
12900,1078,20,5
12901,1078,21,5
12902,1078,23,3
12903,1078,25,5
12904,1078,27,5
12905,1078,28,5
12906,1078,30,5
12907,1079,1,4
12908,1079,34,3
12909,1079,3,3
12910,1079,36,2
12911,1079,37,2
12912,1079,11,3
12913,1079,18,1
12914,1079,19,4
12915,1079,21,3
12916,1079,23,4
12917,1079,29,3
12918,1079,30,5
12919,1079,31,3
12920,1080,1,4
12921,1080,3,1
12922,1080,4,1
12923,1080,5,2
12924,1080,7,3
12925,1080,8,3
12926,1080,9,4
12927,1080,11,4
12928,1080,12,3
12929,1080,19,2
12930,1081,3,2
12931,1081,5,1
12932,1081,8,2
12933,1081,9,3
12934,1081,40,1
12935,1081,44,2
12936,1081,45,2
12937,1081,46,3
12938,1081,48,1
12939,1081,49,3
12940,1081,51,3
12941,1081,21,1
12942,1081,59,2
12943,1082,3,3
12944,1082,5,1
12945,1082,39,2
12946,1082,8,1
12947,1082,9,3
12948,1082,44,3
12949,1082,45,3
12950,1082,46,2
12951,1082,15,2
12952,1082,48,1
12953,1082,21,2
12954,1083,1,3
12955,1083,56,1
12956,1083,9,2
12957,1083,48,3
12958,1083,20,1
12959,1083,55,3
12960,1083,24,3
12961,1083,57,1
12962,1083,58,2
12963,1083,30,3
12964,1084,3,3
12965,1084,4,2
12966,1084,6,3
12967,1084,8,3
12968,1084,9,2
12969,1084,43,3
12970,1084,13,3
12971,1084,49,3
12972,1084,51,2
12973,1084,19,1
12974,1084,52,1
12975,1084,21,2
12976,1084,27,2
12977,1084,60,3
12978,1085,3,5
12979,1085,4,4
12980,1085,6,5
12981,1085,39,5
12982,1085,8,3
12983,1085,9,1
12984,1085,46,5
12985,1085,51,3
12986,1085,19,4
12987,1085,52,3
12988,1085,21,3
12989,1085,20,2
12990,1085,60,4
12991,1086,32,5
12992,1086,1,5
12993,1086,3,5
12994,1086,9,5
12995,1086,41,5
12996,1086,11,5
12997,1086,20,5
12998,1086,21,5
12999,1086,25,5
13000,1086,27,5
13001,1086,28,4
13002,1086,30,5
13003,1087,3,3
13004,1087,4,5
13005,1087,8,5
13006,1087,9,4
13007,1087,19,4
13008,1087,51,4
13009,1087,21,5
13010,1087,52,3
13011,1087,53,2
13012,1087,23,3
13013,1087,26,4
13014,1087,60,4
13015,1088,33,3
13016,1088,1,3
13017,1088,3,3
13018,1088,36,4
13019,1088,8,1
13020,1088,9,2
13021,1088,13,2
13022,1088,17,3
13023,1088,21,3
13024,1088,27,4
13025,1089,1,4
13026,1089,4,2
13027,1089,5,3
13028,1089,6,4
13029,1089,7,4
13030,1089,8,2
13031,1089,11,3
13032,1089,12,3
13033,1089,49,3
13034,1089,19,5
13035,1090,1,5
13036,1090,3,5
13037,1090,4,5
13038,1090,6,4
13039,1090,8,4
13040,1090,9,3
13041,1090,10,3
13042,1090,12,4
13043,1090,45,2
13044,1090,19,4
13045,1090,52,3
13046,1090,21,3
13047,1090,27,3
13048,1090,60,5
13049,1091,32,3
13050,1091,33,2
13051,1091,3,2
13052,1091,8,1
13053,1091,9,2
13054,1091,11,1
13055,1091,19,1
13056,1091,21,1
13057,1091,27,2
13058,1092,1,3
13059,1092,3,4
13060,1092,6,3
13061,1092,8,1
13062,1092,9,3
13063,1092,40,2
13064,1092,51,3
13065,1092,21,3
13066,1092,57,3
13067,1092,60,2
13068,1093,1,3
13069,1093,4,5
13070,1093,8,2
13071,1093,9,4
13072,1093,15,3
13073,1093,48,4
13074,1093,20,3
13075,1093,21,1
13076,1093,55,3
13077,1093,24,2
13078,1093,57,3
13079,1093,58,1
13080,1093,30,4
13081,1094,1,3
13082,1094,35,1
13083,1094,8,3
13084,1094,9,3
13085,1094,48,3
13086,1094,21,3
13087,1094,55,3
13088,1094,56,3
13089,1094,24,2
13090,1094,58,3
13091,1094,30,2
13092,1095,1,5
13093,1095,56,5
13094,1095,26,3
13095,1095,7,4
13096,1095,9,5
13097,1095,42,3
13098,1095,48,5
13099,1095,50,1
13100,1095,19,5
13101,1095,20,5
13102,1095,21,5
13103,1095,25,5
13104,1095,24,3
13105,1095,57,4
13106,1095,58,5
13107,1095,28,5
13108,1095,30,5
13109,1096,1,3
13110,1096,8,3
13111,1096,9,2
13112,1096,48,2
13113,1096,50,3
13114,1096,21,2
13115,1096,55,2
13116,1096,56,3
13117,1096,24,1
13118,1096,58,2
13119,1096,30,2
13120,1097,1,3
13121,1097,8,3
13122,1097,41,4
13123,1097,50,4
13124,1097,19,2
13125,1097,51,2
13126,1097,21,3
13127,1097,54,5
13128,1097,52,3
13129,1098,1,2
13130,1098,3,1
13131,1098,37,4
13132,1098,38,3
13133,1098,8,4
13134,1098,41,4
13135,1098,40,2
13136,1098,11,3
13137,1098,18,2
13138,1098,19,3
13139,1098,21,4
13140,1099,3,1
13141,1099,38,4
13142,1099,8,5
13143,1099,9,4
13144,1099,41,5
13145,1099,11,3
13146,1099,10,4
13147,1099,60,3
13148,1099,50,5
13149,1099,19,5
13150,1099,52,5
13151,1099,51,5
13152,1099,21,5
13153,1099,25,5
13154,1099,28,4
13155,1099,30,5
13156,1100,1,4
13157,1100,34,4
13158,1100,3,3
13159,1100,36,4
13160,1100,40,4
13161,1100,11,3
13162,1100,12,2
13163,1100,17,3
13164,1100,19,3
13165,1100,21,2
13166,1100,30,4
13167,1100,31,3
13168,1101,32,2
13169,1101,1,4
13170,1101,3,1
13171,1101,36,3
13172,1101,37,4
13173,1101,8,2
13174,1101,9,2
13175,1101,13,5
13176,1101,19,3
13177,1101,20,2
13178,1101,26,2
13179,1102,32,3
13180,1102,1,3
13181,1102,38,2
13182,1102,8,2
13183,1102,9,5
13184,1102,14,3
13185,1102,48,3
13186,1102,20,5
13187,1102,21,3
13188,1102,55,3
13189,1102,24,3
13190,1102,57,3
13191,1102,58,3
13192,1102,30,4
13193,1103,3,4
13194,1103,4,1
13195,1103,6,2
13196,1103,8,3
13197,1103,9,1
13198,1103,40,1
13199,1103,18,3
13200,1103,51,1
13201,1103,19,1
13202,1103,52,3
13203,1103,21,2
13204,1103,55,4
13205,1103,60,2
13206,1104,1,3
13207,1104,3,3
13208,1104,39,1
13209,1104,8,2
13210,1104,40,2
13211,1104,9,2
13212,1104,11,1
13213,1104,19,3
13214,1104,52,2
13215,1104,21,3
13216,1104,20,1
13217,1104,28,2
13218,1105,1,4
13219,1105,34,4
13220,1105,3,4
13221,1105,36,5
13222,1105,11,3
13223,1105,45,3
13224,1105,19,4
13225,1105,21,4
13226,1105,30,5
13227,1105,31,1
13228,1106,1,4
13229,1106,4,4
13230,1106,5,4
13231,1106,6,4
13232,1106,7,4
13233,1106,8,3
13234,1106,11,4
13235,1106,12,1
13236,1106,16,4
13237,1106,50,4
13238,1106,19,5
13239,1107,1,4
13240,1107,8,2
13241,1107,9,5
13242,1107,48,5
13243,1107,18,2
13244,1107,20,4
13245,1107,21,5
13246,1107,55,3
13247,1107,24,2
13248,1107,57,5
13249,1107,58,3
13250,1107,30,5
13251,1108,1,4
13252,1108,3,4
13253,1108,4,3
13254,1108,6,4
13255,1108,39,2
13256,1108,8,2
13257,1108,9,4
13258,1108,19,5
13259,1108,52,3
13260,1108,21,3
13261,1108,60,4
13262,1109,1,4
13263,1109,34,5
13264,1109,35,4
13265,1109,36,5
13266,1109,5,2
13267,1109,11,2
13268,1109,46,2
13269,1109,52,3
13270,1109,21,4
13271,1109,30,5
13272,1109,31,4
13273,1110,1,4
13274,1110,35,5
13275,1110,36,5
13276,1110,8,4
13277,1110,9,4
13278,1110,42,1
13279,1110,19,4
13280,1110,25,4
13281,1110,28,4
13282,1110,30,4
13283,1110,31,3
13284,1111,1,3
13285,1111,8,3
13286,1111,41,2
13287,1111,11,3
13288,1111,50,4
13289,1111,19,4
13290,1111,51,2
13291,1111,21,3
13292,1111,54,4
13293,1111,52,3
13294,1111,22,3
13295,1111,53,1
13296,1112,1,3
13297,1112,3,4
13298,1112,4,4
13299,1112,6,4
13300,1112,8,4
13301,1112,9,5
13302,1112,13,3
13303,1112,48,3
13304,1112,49,3
13305,1112,19,4
13306,1112,52,2
13307,1112,21,3
13308,1112,22,4
13309,1112,60,5
13310,1113,1,5
13311,1113,37,4
13312,1113,39,3
13313,1113,40,3
13314,1113,41,5
13315,1113,42,4
13316,1113,11,3
13317,1113,9,5
13318,1113,19,5
13319,1113,52,1
13320,1113,21,5
13321,1113,25,4
13322,1113,28,5
13323,1113,30,4
13324,1114,1,1
13325,1114,33,3
13326,1114,4,1
13327,1114,5,1
13328,1114,6,1
13329,1114,7,2
13330,1114,8,1
13331,1114,11,2
13332,1114,12,1
13333,1114,19,3
13334,1114,57,5
13335,1115,1,3
13336,1115,2,2
13337,1115,3,3
13338,1115,4,3
13339,1115,8,1
13340,1115,9,2
13341,1115,48,3
13342,1115,19,3
13343,1115,51,4
13344,1115,20,3
13345,1115,60,2
13346,1116,1,1
13347,1116,34,2
13348,1116,4,1
13349,1116,7,3
13350,1116,8,2
13351,1116,13,2
13352,1116,14,1
13353,1116,15,3
13354,1116,17,2
13355,1116,18,2
13356,1116,19,2
13357,1116,21,3
13358,1116,31,1
13359,1117,1,3
13360,1117,35,3
13361,1117,36,5
13362,1117,8,3
13363,1117,9,3
13364,1117,60,3
13365,1117,19,4
13366,1117,25,3
13367,1117,28,2
13368,1117,30,4
13369,1117,31,3
13370,1118,1,4
13371,1118,4,4
13372,1118,5,3
13373,1118,6,5
13374,1118,7,4
13375,1118,8,3
13376,1118,11,4
13377,1118,12,4
13378,1118,17,5
13379,1118,19,5
13380,1119,3,3
13381,1119,4,4
13382,1119,8,4
13383,1119,9,4
13384,1119,46,5
13385,1119,19,4
13386,1119,51,4
13387,1119,21,5
13388,1119,52,4
13389,1119,53,4
13390,1119,60,5
13391,1120,1,1
13392,1120,3,2
13393,1120,37,2
13394,1120,38,2
13395,1120,39,2
13396,1120,40,1
13397,1120,41,2
13398,1120,42,1
13399,1120,8,3
13400,1120,11,1
13401,1120,19,1
13402,1121,1,4
13403,1121,34,5
13404,1121,3,4
13405,1121,36,5
13406,1121,2,4
13407,1121,38,4
13408,1121,9,4
13409,1121,11,3
13410,1121,19,2
13411,1121,21,5
13412,1121,56,4
13413,1121,31,5
13414,1122,3,1
13415,1122,4,4
13416,1122,5,4
13417,1122,6,2
13418,1122,8,3
13419,1122,9,1
13420,1122,12,3
13421,1122,46,5
13422,1122,19,3
13423,1122,21,4
13424,1122,55,3
13425,1123,1,1
13426,1123,3,2
13427,1123,37,3
13428,1123,38,2
13429,1123,39,2
13430,1123,40,1
13431,1123,41,2
13432,1123,42,3
13433,1123,8,2
13434,1123,11,1
13435,1123,7,3
13436,1123,50,2
13437,1123,19,2
13438,1123,60,4
13439,1124,32,3
13440,1124,1,3
13441,1124,3,1
13442,1124,36,5
13443,1124,5,2
13444,1124,8,3
13445,1124,9,3
13446,1124,13,2
13447,1124,46,4
13448,1124,50,2
13449,1124,19,1
13450,1124,20,3
13451,1124,29,4
13452,1125,36,5
13453,1125,7,5
13454,1125,8,5
13455,1125,9,5
13456,1125,13,5
13457,1125,14,5
13458,1125,15,5
13459,1125,47,4
13460,1125,17,3
13461,1125,18,5
13462,1125,20,5
13463,1125,21,4
13464,1125,22,3
13465,1125,25,4
13466,1125,28,5
13467,1125,30,4
13468,1126,37,4
13469,1126,7,5
13470,1126,8,4
13471,1126,9,5
13472,1126,11,3
13473,1126,13,4
13474,1126,14,5
13475,1126,15,5
13476,1126,17,4
13477,1126,18,5
13478,1126,20,5
13479,1126,21,5
13480,1126,25,3
13481,1126,28,4
13482,1126,30,3
13483,1127,3,4
13484,1127,4,2
13485,1127,6,4
13486,1127,8,3
13487,1127,9,1
13488,1127,17,4
13489,1127,51,2
13490,1127,19,3
13491,1127,52,3
13492,1127,21,1
13493,1127,60,3
13494,1128,1,5
13495,1128,33,3
13496,1128,8,4
13497,1128,9,4
13498,1128,41,4
13499,1128,11,4
13500,1128,49,4
13501,1128,50,3
13502,1128,19,5
13503,1128,51,4
13504,1128,21,3
13505,1128,54,5
13506,1129,1,1
13507,1129,8,2
13508,1129,41,3
13509,1129,9,4
13510,1129,50,2
13511,1129,19,2
13512,1129,51,1
13513,1129,21,1
13514,1129,54,2
13515,1129,52,1
13516,1130,1,4
13517,1130,33,4
13518,1130,4,2
13519,1130,5,3
13520,1130,6,2
13521,1130,7,4
13522,1130,8,3
13523,1130,11,4
13524,1130,12,3
13525,1130,19,5
13526,1131,1,2
13527,1131,34,2
13528,1131,3,1
13529,1131,36,3
13530,1131,5,3
13531,1131,7,4
13532,1131,11,2
13533,1131,19,1
13534,1131,21,2
13535,1131,30,4
13536,1131,31,1
13537,1132,1,2
13538,1132,3,3
13539,1132,37,5
13540,1132,38,3
13541,1132,8,2
13542,1132,41,3
13543,1132,40,3
13544,1132,11,2
13545,1132,13,4
13546,1132,19,1
13547,1132,54,4
13548,1132,25,1
13549,1133,8,4
13550,1133,9,5
13551,1133,11,1
13552,1133,12,2
13553,1133,46,1
13554,1133,19,5
13555,1133,21,5
13556,1133,22,4
13557,1133,23,3
13558,1133,53,4
13559,1133,58,4
13560,1133,59,5
13561,1133,30,3
13562,1134,32,5
13563,1134,1,4
13564,1134,3,4
13565,1134,9,5
13566,1134,11,4
13567,1134,49,5
13568,1134,20,4
13569,1134,21,5
13570,1134,55,2
13571,1134,25,5
13572,1134,27,5
13573,1134,28,3
13574,1134,29,4
13575,1134,30,5
13576,1135,1,3
13577,1135,35,4
13578,1135,36,5
13579,1135,8,4
13580,1135,9,3
13581,1135,12,4
13582,1135,19,3
13583,1135,25,3
13584,1135,28,3
13585,1135,30,3
13586,1135,31,1
13587,1136,1,2
13588,1136,8,3
13589,1136,9,2
13590,1136,48,2
13591,1136,21,2
13592,1136,55,1
13593,1136,56,3
13594,1136,24,1
13595,1136,58,2
13596,1136,30,1
13597,1137,1,2
13598,1137,7,1
13599,1137,8,1
13600,1137,13,2
13601,1137,14,3
13602,1137,15,3
13603,1137,17,1
13604,1137,18,1
13605,1137,19,2
13606,1137,21,3
13607,1137,25,4
13608,1137,59,2
13609,1138,1,3
13610,1138,7,3
13611,1138,8,3
13612,1138,41,4
13613,1138,50,4
13614,1138,19,3
13615,1138,51,2
13616,1138,21,3
13617,1138,54,5
13618,1138,52,3
13619,1139,3,3
13620,1139,8,2
13621,1139,9,3
13622,1139,12,3
13623,1139,13,3
13624,1139,46,3
13625,1139,47,3
13626,1139,45,3
13627,1139,19,4
13628,1139,51,4
13629,1139,21,1
13630,1139,26,4
13631,1140,32,4
13632,1140,33,3
13633,1140,1,3
13634,1140,3,4
13635,1140,8,3
13636,1140,9,4
13637,1140,40,3
13638,1140,11,1
13639,1140,19,4
13640,1140,21,4
13641,1140,25,5
13642,1140,27,3
13643,1141,32,4
13644,1141,33,3
13645,1141,3,4
13646,1141,8,2
13647,1141,9,4
13648,1141,11,1
13649,1141,19,3
13650,1141,21,3
13651,1141,27,3
13652,1141,28,4
13653,1142,1,3
13654,1142,8,5
13655,1142,41,3
13656,1142,9,2
13657,1142,11,1
13658,1142,49,3
13659,1142,50,2
13660,1142,19,2
13661,1142,51,3
13662,1142,21,2
13663,1142,54,4
13664,1142,17,1
13665,1143,3,4
13666,1143,4,4
13667,1143,8,4
13668,1143,9,4
13669,1143,13,1
13670,1143,19,3
13671,1143,51,4
13672,1143,21,3
13673,1143,52,5
13674,1143,60,4
13675,1143,29,4
13676,1143,30,4
13677,1144,1,3
13678,1144,26,3
13679,1144,6,2
13680,1144,8,5
13681,1144,41,3
13682,1144,9,4
13683,1144,11,3
13684,1144,49,4
13685,1144,50,3
13686,1144,19,4
13687,1144,51,4
13688,1144,21,2
13689,1144,54,5
13690,1144,58,1
13691,1144,30,3
13692,1145,8,5
13693,1145,11,3
13694,1145,19,3
13695,1145,23,5
13696,1145,21,4
13697,1145,22,5
13698,1145,53,2
13699,1145,55,2
13700,1145,25,3
13701,1145,58,3
13702,1145,59,4
13703,1145,28,4
13704,1145,30,3
13705,1146,1,4
13706,1146,6,3
13707,1146,39,3
13708,1146,8,1
13709,1146,9,3
13710,1146,41,3
13711,1146,11,3
13712,1146,49,4
13713,1146,51,2
13714,1146,19,3
13715,1146,21,3
13716,1146,54,4
13717,1147,7,3
13718,1147,14,3
13719,1147,15,4
13720,1147,17,4
13721,1147,18,4
13722,1147,19,5
13723,1147,20,2
13724,1147,21,4
13725,1147,57,4
13726,1148,1,5
13727,1148,8,5
13728,1148,9,5
13729,1148,48,5
13730,1148,20,5
13731,1148,21,4
13732,1148,25,5
13733,1148,58,5
13734,1148,28,3
13735,1148,30,5
13736,1149,3,3
13737,1149,4,3
13738,1149,8,4
13739,1149,9,3
13740,1149,45,2
13741,1149,19,5
13742,1149,51,4
13743,1149,21,5
13744,1149,52,5
13745,1149,60,4
13746,1150,3,4
13747,1150,5,3
13748,1150,9,2
13749,1150,43,4
13750,1150,45,3
13751,1150,46,5
13752,1150,47,4
13753,1150,20,4
13754,1150,21,4
13755,1150,54,3
13756,1150,26,3
13757,1151,1,2
13758,1151,34,1
13759,1151,3,3
13760,1151,37,2
13761,1151,38,3
13762,1151,39,2
13763,1151,40,3
13764,1151,41,3
13765,1151,42,3
13766,1151,8,3
13767,1151,11,1
13768,1151,19,3
13769,1152,1,3
13770,1152,3,2
13771,1152,37,3
13772,1152,38,3
13773,1152,8,4
13774,1152,41,4
13775,1152,40,3
13776,1152,11,3
13777,1152,43,2
13778,1152,9,5
13779,1152,19,3
13780,1153,3,5
13781,1153,4,4
13782,1153,6,4
13783,1153,8,4
13784,1153,9,3
13785,1153,51,1
13786,1153,19,4
13787,1153,52,4
13788,1153,21,2
13789,1153,53,1
13790,1153,24,3
13791,1153,60,4
13792,1154,2,4
13793,1154,8,2
13794,1154,11,3
13795,1154,43,3
13796,1154,16,3
13797,1154,19,3
13798,1154,23,3
13799,1154,21,3
13800,1154,22,3
13801,1154,53,1
13802,1154,55,3
13803,1154,25,3
13804,1154,58,3
13805,1154,59,3
13806,1154,28,3
13807,1154,30,2
13808,1155,32,4
13809,1155,33,4
13810,1155,3,5
13811,1155,8,5
13812,1155,9,5
13813,1155,11,3
13814,1155,19,5
13815,1155,21,4
13816,1155,22,2
13817,1155,27,3
13818,1156,1,2
13819,1156,8,1
13820,1156,9,1
13821,1156,41,2
13822,1156,11,2
13823,1156,12,3
13824,1156,49,2
13825,1156,51,1
13826,1156,19,2
13827,1156,21,1
13828,1156,54,3
13829,1156,59,3
13830,1157,3,4
13831,1157,5,5
13832,1157,9,3
13833,1157,43,4
13834,1157,44,3
13835,1157,45,3
13836,1157,46,5
13837,1157,47,3
13838,1157,48,2
13839,1157,20,3
13840,1157,21,4
13841,1158,1,4
13842,1158,56,2
13843,1158,36,4
13844,1158,37,2
13845,1158,9,3
13846,1158,11,4
13847,1158,48,4
13848,1158,20,3
13849,1158,54,3
13850,1158,55,3
13851,1158,24,5
13852,1158,57,3
13853,1158,58,3
13854,1158,30,4
13855,1159,3,2
13856,1159,4,3
13857,1159,8,2
13858,1159,9,3
13859,1159,19,3
13860,1159,51,2
13861,1159,21,5
13862,1159,52,4
13863,1159,23,4
13864,1159,60,2
13865,1160,1,3
13866,1160,2,2
13867,1160,3,2
13868,1160,4,3
13869,1160,35,3
13870,1160,8,1
13871,1160,9,1
13872,1160,12,3
13873,1160,19,2
13874,1160,51,3
13875,1160,60,2
13876,1161,1,4
13877,1161,7,4
13878,1161,8,3
13879,1161,43,2
13880,1161,13,4
13881,1161,14,5
13882,1161,15,5
13883,1161,17,4
13884,1161,18,3
13885,1161,19,5
13886,1161,21,5
13887,1161,28,2
13888,1162,1,2
13889,1162,8,1
13890,1162,41,4
13891,1162,48,2
13892,1162,50,2
13893,1162,19,3
13894,1162,51,2
13895,1162,21,3
13896,1162,54,4
13897,1162,52,3
13898,1163,1,5
13899,1163,8,4
13900,1163,9,4
13901,1163,41,2
13902,1163,11,5
13903,1163,45,3
13904,1163,46,3
13905,1163,16,2
13906,1163,49,4
13907,1163,50,3
13908,1163,19,5
13909,1163,51,4
13910,1163,21,3
13911,1163,54,5
13912,1163,17,3
13913,1164,3,2
13914,1164,4,2
13915,1164,8,3
13916,1164,9,2
13917,1164,41,4
13918,1164,19,3
13919,1164,51,3
13920,1164,21,3
13921,1164,52,4
13922,1164,56,1
13923,1164,60,2
13924,1165,32,3
13925,1165,33,3
13926,1165,1,4
13927,1165,3,4
13928,1165,36,4
13929,1165,39,3
13930,1165,9,5
13931,1165,11,4
13932,1165,20,5
13933,1165,21,4
13934,1165,27,4
13935,1166,1,2
13936,1166,3,2
13937,1166,8,1
13938,1166,9,1
13939,1166,41,1
13940,1166,11,2
13941,1166,44,2
13942,1166,49,2
13943,1166,51,1
13944,1166,19,2
13945,1166,21,2
13946,1166,54,3
13947,1167,1,2
13948,1167,34,2
13949,1167,35,4
13950,1167,36,5
13951,1167,5,4
13952,1167,11,3
13953,1167,20,4
13954,1167,21,4
13955,1167,26,4
13956,1167,30,5
13957,1167,31,3
13958,1168,3,2
13959,1168,5,3
13960,1168,38,5
13961,1168,8,1
13962,1168,43,3
13963,1168,44,3
13964,1168,45,3
13965,1168,13,3
13966,1168,48,4
13967,1168,19,3
13968,1168,20,4
13969,1169,9,2
13970,1169,19,4
13971,1169,21,4
13972,1169,53,1
13973,1169,23,5
13974,1169,22,4
13975,1169,54,4
13976,1169,59,3
13977,1169,30,5
13978,1170,1,5
13979,1170,56,3
13980,1170,9,5
13981,1170,46,4
13982,1170,48,4
13983,1170,19,5
13984,1170,20,5
13985,1170,21,5
13986,1170,25,4
13987,1170,24,5
13988,1170,57,5
13989,1170,58,5
13990,1170,28,5
13991,1170,30,5
13992,1171,1,4
13993,1171,3,4
13994,1171,39,2
13995,1171,8,3
13996,1171,40,3
13997,1171,9,4
13998,1171,11,2
13999,1171,43,1
14000,1171,47,3
14001,1171,19,4
14002,1171,21,1
14003,1172,2,4
14004,1172,3,4
14005,1172,5,4
14006,1172,6,4
14007,1172,9,3
14008,1172,43,4
14009,1172,45,3
14010,1172,46,4
14011,1172,47,3
14012,1172,49,3
14013,1172,17,2
14014,1172,20,3
14015,1172,21,4
14016,1173,7,3
14017,1173,8,3
14018,1173,14,2
14019,1173,15,3
14020,1173,17,4
14021,1173,18,4
14022,1173,19,5
14023,1173,20,3
14024,1173,21,4
14025,1173,51,3
14026,1173,59,2
14027,1174,3,4
14028,1174,4,1
14029,1174,6,3
14030,1174,38,4
14031,1174,8,3
14032,1174,9,2
14033,1174,51,3
14034,1174,19,3
14035,1174,52,3
14036,1174,21,1
14037,1174,20,2
14038,1174,60,3
14039,1175,32,3
14040,1175,37,4
14041,1175,39,4
14042,1175,8,2
14043,1175,9,2
14044,1175,19,2
14045,1175,53,2
14046,1175,21,1
14047,1175,22,3
14048,1175,25,3
14049,1175,58,2
14050,1175,59,2
14051,1175,30,2
14052,1176,32,3
14053,1176,33,1
14054,1176,3,4
14055,1176,39,3
14056,1176,8,2
14057,1176,9,4
14058,1176,7,3
14059,1176,11,3
14060,1176,15,3
14061,1176,19,4
14062,1176,21,3
14063,1176,27,3
14064,1177,1,4
14065,1177,33,2
14066,1177,4,5
14067,1177,5,3
14068,1177,6,3
14069,1177,7,4
14070,1177,8,3
14071,1177,42,2
14072,1177,11,4
14073,1177,12,3
14074,1177,19,5
14075,1177,55,4
14076,1178,1,3
14077,1178,2,3
14078,1178,3,3
14079,1178,34,3
14080,1178,5,3
14081,1178,6,4
14082,1178,8,3
14083,1178,9,1
14084,1178,11,1
14085,1178,12,1
14086,1178,48,4
14087,1178,19,2
14088,1178,52,4
14089,1178,21,4
14090,1179,33,2
14091,1179,8,3
14092,1179,9,2
14093,1179,40,5
14094,1179,19,2
14095,1179,53,2
14096,1179,21,2
14097,1179,22,3
14098,1179,58,3
14099,1179,59,2
14100,1179,30,1
14101,1180,3,4
14102,1180,38,3
14103,1180,39,3
14104,1180,8,4
14105,1180,41,4
14106,1180,9,4
14107,1180,40,3
14108,1180,21,4
14109,1181,32,4
14110,1181,1,3
14111,1181,34,3
14112,1181,3,3
14113,1181,36,3
14114,1181,2,4
14115,1181,9,4
14116,1181,11,2
14117,1181,21,5
14118,1181,22,4
14119,1181,31,2
14120,1182,1,3
14121,1182,8,1
14122,1182,9,3
14123,1182,41,4
14124,1182,11,3
14125,1182,12,3
14126,1182,46,3
14127,1182,49,2
14128,1182,51,1
14129,1182,19,1
14130,1182,21,2
14131,1182,54,4
14132,1183,3,2
14133,1183,5,2
14134,1183,39,3
14135,1183,9,1
14136,1183,43,3
14137,1183,45,1
14138,1183,46,3
14139,1183,47,2
14140,1183,18,5
14141,1183,20,1
14142,1183,21,1
14143,1184,1,5
14144,1184,8,3
14145,1184,9,4
14146,1184,15,4
14147,1184,48,4
14148,1184,20,2
14149,1184,21,4
14150,1184,25,4
14151,1184,58,4
14152,1184,28,4
14153,1184,30,5
14154,1185,37,2
14155,1185,8,5
14156,1185,9,4
14157,1185,41,5
14158,1185,11,5
14159,1185,60,4
14160,1185,50,5
14161,1185,19,5
14162,1185,52,5
14163,1185,51,5
14164,1185,21,5
14165,1185,25,4
14166,1185,28,3
14167,1185,30,4
14168,1185,31,3
14169,1186,38,4
14170,1186,8,3
14171,1186,9,3
14172,1186,41,1
14173,1186,11,2
14174,1186,17,2
14175,1186,50,3
14176,1186,19,3
14177,1186,52,2
14178,1186,51,3
14179,1186,21,5
14180,1186,55,2
14181,1186,25,1
14182,1186,28,2
14183,1186,30,2
14184,1187,1,5
14185,1187,3,2
14186,1187,4,4
14187,1187,6,4
14188,1187,8,4
14189,1187,9,4
14190,1187,19,4
14191,1187,52,2
14192,1187,21,1
14193,1187,24,1
14194,1187,60,5
14195,1188,3,3
14196,1188,4,3
14197,1188,37,1
14198,1188,6,2
14199,1188,8,2
14200,1188,9,2
14201,1188,51,1
14202,1188,19,2
14203,1188,52,1
14204,1188,21,1
14205,1188,60,2
14206,1189,1,4
14207,1189,3,1
14208,1189,7,4
14209,1189,8,3
14210,1189,13,4
14211,1189,14,4
14212,1189,15,5
14213,1189,17,5
14214,1189,18,4
14215,1189,19,4
14216,1189,20,3
14217,1189,21,5
14218,1189,31,3
14219,1190,1,3
14220,1190,7,5
14221,1190,8,1
14222,1190,13,3
14223,1190,14,5
14224,1190,15,5
14225,1190,17,5
14226,1190,18,3
14227,1190,19,4
14228,1190,20,2
14229,1190,21,3
14230,1191,1,3
14231,1191,2,2
14232,1191,8,2
14233,1191,9,3
14234,1191,41,1
14235,1191,11,1
14236,1191,43,3
14237,1191,49,3
14238,1191,51,1
14239,1191,19,2
14240,1191,21,3
14241,1191,54,4
14242,1192,1,2
14243,1192,35,4
14244,1192,36,3
14245,1192,8,4
14246,1192,9,3
14247,1192,19,3
14248,1192,56,3
14249,1192,25,3
14250,1192,28,3
14251,1192,30,3
14252,1192,31,2
14253,1193,1,1
14254,1193,7,2
14255,1193,8,1
14256,1193,9,3
14257,1193,13,1
14258,1193,15,2
14259,1193,16,2
14260,1193,17,2
14261,1193,18,2
14262,1193,19,2
14263,1193,50,3
14264,1193,21,1
14265,1193,56,5
14266,1194,32,3
14267,1194,3,4
14268,1194,4,3
14269,1194,6,3
14270,1194,8,4
14271,1194,9,1
14272,1194,51,2
14273,1194,19,2
14274,1194,52,3
14275,1194,21,2
14276,1194,60,3
14277,1195,37,2
14278,1195,8,3
14279,1195,9,3
14280,1195,40,4
14281,1195,12,2
14282,1195,19,3
14283,1195,20,1
14284,1195,53,2
14285,1195,21,2
14286,1195,22,4
14287,1195,58,3
14288,1195,59,3
14289,1195,30,4
14290,1196,33,3
14291,1196,1,1
14292,1196,3,1
14293,1196,36,3
14294,1196,8,2
14295,1196,9,1
14296,1196,21,2
14297,1196,27,2
14298,1196,60,4
14299,1197,1,2
14300,1197,3,5
14301,1197,6,3
14302,1197,8,1
14303,1197,9,2
14304,1197,45,2
14305,1197,51,1
14306,1197,21,3
14307,1197,60,1
14308,1198,8,4
14309,1198,9,2
14310,1198,11,2
14311,1198,19,2
14312,1198,53,3
14313,1198,21,2
14314,1198,22,4
14315,1198,55,2
14316,1198,58,4
14317,1198,59,1
14318,1198,30,3
14319,1199,1,2
14320,1199,3,3
14321,1199,6,2
14322,1199,8,2
14323,1199,9,1
14324,1199,13,3
14325,1199,46,2
14326,1199,49,4
14327,1199,50,2
14328,1199,51,2
14329,1199,21,2
14330,1199,60,1
14331,1200,37,5
14332,1200,7,3
14333,1200,8,3
14334,1200,9,3
14335,1200,39,3
14336,1200,13,2
14337,1200,14,1
14338,1200,15,2
14339,1200,18,2
14340,1200,21,2
14341,1200,53,4
14342,1201,1,4
14343,1201,56,2
14344,1201,9,2
14345,1201,43,4
14346,1201,48,4
14347,1201,50,3
14348,1201,20,3
14349,1201,55,4
14350,1201,24,4
14351,1201,57,3
14352,1201,58,3
14353,1201,30,4
14354,1202,1,5
14355,1202,3,3
14356,1202,4,4
14357,1202,35,4
14358,1202,6,4
14359,1202,8,4
14360,1202,9,3
14361,1202,40,3
14362,1202,45,3
14363,1202,18,3
14364,1202,19,2
14365,1202,52,2
14366,1202,21,2
14367,1202,60,5
14368,1203,1,2
14369,1203,2,3
14370,1203,3,3
14371,1203,37,2
14372,1203,38,3
14373,1203,39,3
14374,1203,40,3
14375,1203,41,4
14376,1203,42,2
14377,1203,8,4
14378,1203,11,1
14379,1203,14,3
14380,1203,19,2
14381,1204,3,2
14382,1204,8,3
14383,1204,9,3
14384,1204,13,3
14385,1204,46,2
14386,1204,47,4
14387,1204,45,4
14388,1204,21,3
14389,1204,57,1
14390,1205,1,3
14391,1205,3,5
14392,1205,4,4
14393,1205,6,5
14394,1205,8,4
14395,1205,9,4
14396,1205,42,3
14397,1205,44,2
14398,1205,16,3
14399,1205,19,4
14400,1205,52,3
14401,1205,21,3
14402,1205,54,3
14403,1205,60,5
14404,1206,1,5
14405,1206,35,4
14406,1206,36,5
14407,1206,8,5
14408,1206,9,4
14409,1206,19,5
14410,1206,22,2
14411,1206,25,5
14412,1206,28,4
14413,1206,30,3
14414,1206,31,4
14415,1207,8,3
14416,1207,9,3
14417,1207,11,2
14418,1207,44,2
14419,1207,19,4
14420,1207,21,3
14421,1207,22,3
14422,1207,23,2
14423,1207,53,4
14424,1207,58,4
14425,1207,59,4
14426,1207,30,2
14427,1208,3,4
14428,1208,5,1
14429,1208,37,1
14430,1208,7,3
14431,1208,8,3
14432,1208,9,4
14433,1208,44,3
14434,1208,45,4
14435,1208,46,4
14436,1208,48,3
14437,1208,21,3
14438,1208,55,3
14439,1208,31,1
14440,1209,34,3
14441,1209,35,1
14442,1209,36,2
14443,1209,5,2
14444,1209,8,3
14445,1209,14,3
14446,1209,21,1
14447,1209,30,2
14448,1209,31,2
14449,1210,1,4
14450,1210,34,4
14451,1210,3,3
14452,1210,36,5
14453,1210,2,2
14454,1210,9,4
14455,1210,11,2
14456,1210,14,1
14457,1210,21,5
14458,1210,31,4
14459,1211,32,3
14460,1211,1,3
14461,1211,3,2
14462,1211,36,4
14463,1211,8,3
14464,1211,9,4
14465,1211,13,4
14466,1211,46,3
14467,1211,19,4
14468,1211,20,1
14469,1211,57,3
14470,1212,32,5
14471,1212,1,4
14472,1212,4,3
14473,1212,5,2
14474,1212,6,3
14475,1212,7,3
14476,1212,8,2
14477,1212,38,2
14478,1212,11,2
14479,1212,12,2
14480,1212,19,3
14481,1212,52,2
14482,1212,24,1
14483,1213,3,5
14484,1213,5,4
14485,1213,8,4
14486,1213,9,5
14487,1213,44,5
14488,1213,45,2
14489,1213,46,5
14490,1213,48,2
14491,1213,18,3
14492,1213,21,5
14493,1213,54,4
14494,1214,32,4
14495,1214,37,3
14496,1214,7,3
14497,1214,8,3
14498,1214,9,1
14499,1214,12,4
14500,1214,13,4
14501,1214,14,3
14502,1214,15,4
14503,1214,18,3
14504,1214,21,2
14505,1215,1,3
14506,1215,8,3
14507,1215,41,4
14508,1215,50,4
14509,1215,19,3
14510,1215,51,2
14511,1215,21,3
14512,1215,54,4
14513,1215,52,3
14514,1215,60,3
14515,1216,32,1
14516,1216,34,2
14517,1216,35,3
14518,1216,36,3
14519,1216,5,3
14520,1216,7,2
14521,1216,8,3
14522,1216,21,2
14523,1216,22,4
14524,1216,30,3
14525,1216,31,2
14526,1217,8,3
14527,1217,9,3
14528,1217,41,4
14529,1217,11,1
14530,1217,50,5
14531,1217,19,4
14532,1217,52,4
14533,1217,51,3
14534,1217,21,5
14535,1217,25,3
14536,1217,28,2
14537,1217,29,3
14538,1217,30,4
14539,1218,1,5
14540,1218,39,5
14541,1218,8,5
14542,1218,9,4
14543,1218,60,5
14544,1218,48,5
14545,1218,20,5
14546,1218,21,3
14547,1218,25,4
14548,1218,58,4
14549,1218,28,5
14550,1218,30,4
14551,1219,3,1
14552,1219,4,3
14553,1219,37,3
14554,1219,8,2
14555,1219,9,2
14556,1219,19,2
14557,1219,51,2
14558,1219,21,3
14559,1219,52,3
14560,1219,24,1
14561,1219,60,2
14562,1219,29,1
14563,1220,32,4
14564,1220,33,1
14565,1220,3,4
14566,1220,8,3
14567,1220,9,4
14568,1220,11,2
14569,1220,12,3
14570,1220,50,4
14571,1220,19,4
14572,1220,20,3
14573,1220,21,2
14574,1220,56,3
14575,1220,27,3
14576,1221,1,3
14577,1221,34,3
14578,1221,3,3
14579,1221,36,4
14580,1221,2,3
14581,1221,40,4
14582,1221,9,3
14583,1221,11,3
14584,1221,21,2
14585,1221,31,3
14586,1222,1,5
14587,1222,3,1
14588,1222,4,4
14589,1222,8,5
14590,1222,9,4
14591,1222,48,4
14592,1222,20,5
14593,1222,21,4
14594,1222,25,4
14595,1222,58,5
14596,1222,59,3
14597,1222,28,5
14598,1222,30,5
14599,1223,1,3
14600,1223,8,5
14601,1223,41,3
14602,1223,9,4
14603,1223,11,3
14604,1223,49,4
14605,1223,50,2
14606,1223,19,3
14607,1223,51,4
14608,1223,21,4
14609,1223,54,5
14610,1224,32,3
14611,1224,1,3
14612,1224,33,3
14613,1224,35,5
14614,1224,36,5
14615,1224,8,5
14616,1224,9,4
14617,1224,42,3
14618,1224,19,4
14619,1224,25,3
14620,1224,28,4
14621,1224,30,4
14622,1224,31,3
14623,1225,1,4
14624,1225,2,2
14625,1225,3,3
14626,1225,5,3
14627,1225,6,3
14628,1225,8,4
14629,1225,9,3
14630,1225,11,4
14631,1225,12,3
14632,1225,19,2
14633,1225,21,3
14634,1225,30,1
14635,1226,1,2
14636,1226,35,4
14637,1226,4,4
14638,1226,5,1
14639,1226,6,5
14640,1226,7,4
14641,1226,8,3
14642,1226,11,4
14643,1226,12,2
14644,1226,19,5
14645,1226,51,4
14646,1227,6,3
14647,1227,8,3
14648,1227,11,1
14649,1227,19,1
14650,1227,23,4
14651,1227,21,3
14652,1227,22,2
14653,1227,53,3
14654,1227,20,4
14655,1227,25,3
14656,1227,58,3
14657,1227,59,3
14658,1227,28,3
14659,1227,30,2
14660,1228,1,3
14661,1228,35,2
14662,1228,8,4
14663,1228,9,2
14664,1228,48,3
14665,1228,51,1
14666,1228,21,3
14667,1228,55,3
14668,1228,56,2
14669,1228,24,1
14670,1228,58,3
14671,1228,30,2
14672,1229,1,1
14673,1229,56,1
14674,1229,9,2
14675,1229,10,5
14676,1229,48,4
14677,1229,49,2
14678,1229,20,2
14679,1229,55,3
14680,1229,24,3
14681,1229,57,1
14682,1229,58,2
14683,1229,30,1
14684,1230,1,3
14685,1230,2,4
14686,1230,5,5
14687,1230,8,3
14688,1230,41,4
14689,1230,9,3
14690,1230,50,4
14691,1230,19,4
14692,1230,51,2
14693,1230,21,3
14694,1230,54,2
14695,1230,52,1
14696,1231,1,5
14697,1231,2,5
14698,1231,8,3
14699,1231,9,3
14700,1231,10,3
14701,1231,48,5
14702,1231,20,5
14703,1231,21,3
14704,1231,25,5
14705,1231,58,5
14706,1231,28,5
14707,1231,30,5
14708,1232,1,5
14709,1232,3,5
14710,1232,39,5
14711,1232,8,4
14712,1232,40,4
14713,1232,9,4
14714,1232,11,3
14715,1232,18,3
14716,1232,19,3
14717,1232,21,4
14718,1232,53,3
14719,1233,8,2
14720,1233,9,4
14721,1233,11,2
14722,1233,44,4
14723,1233,18,5
14724,1233,19,4
14725,1233,21,4
14726,1233,22,2
14727,1233,23,3
14728,1233,53,3
14729,1233,57,3
14730,1233,58,4
14731,1233,59,4
14732,1233,30,3
14733,1234,35,1
14734,1234,8,3
14735,1234,9,1
14736,1234,11,3
14737,1234,15,3
14738,1234,19,3
14739,1234,23,1
14740,1234,21,2
14741,1234,22,2
14742,1234,53,1
14743,1234,58,2
14744,1234,59,2
14745,1234,30,2
14746,1235,1,1
14747,1235,34,2
14748,1235,3,2
14749,1235,36,2
14750,1235,2,2
14751,1235,9,2
14752,1235,11,1
14753,1235,52,2
14754,1235,21,3
14755,1235,24,2
14756,1235,60,1
14757,1235,31,1
14758,1236,32,3
14759,1236,33,2
14760,1236,1,5
14761,1236,3,4
14762,1236,36,4
14763,1236,9,5
14764,1236,11,4
14765,1236,14,3
14766,1236,20,5
14767,1236,27,4
14768,1237,1,3
14769,1237,8,2
14770,1237,9,2
14771,1237,41,4
14772,1237,11,3
14773,1237,44,2
14774,1237,49,3
14775,1237,50,2
14776,1237,51,2
14777,1237,19,2
14778,1237,21,3
14779,1237,54,4
14780,1238,1,5
14781,1238,3,1
14782,1238,4,1
14783,1238,5,3
14784,1238,7,3
14785,1238,8,1
14786,1238,9,4
14787,1238,11,4
14788,1238,12,3
14789,1238,15,3
14790,1238,19,2
14791,1238,60,3
14792,1239,1,2
14793,1239,34,4
14794,1239,35,4
14795,1239,36,5
14796,1239,5,2
14797,1239,2,3
14798,1239,11,3
14799,1239,21,4
14800,1239,24,2
14801,1239,30,5
14802,1239,31,4
14803,1240,1,4
14804,1240,2,3
14805,1240,3,3
14806,1240,4,3
14807,1240,8,1
14808,1240,9,3
14809,1240,46,3
14810,1240,19,2
14811,1240,51,4
14812,1240,60,1
14813,1241,1,5
14814,1241,3,5
14815,1241,36,4
14816,1241,39,5
14817,1241,8,4
14818,1241,40,4
14819,1241,9,3
14820,1241,11,3
14821,1241,12,4
14822,1241,19,4
14823,1241,20,4
14824,1241,21,4
14825,1242,35,5
14826,1242,8,3
14827,1242,9,3
14828,1242,11,1
14829,1242,44,5
14830,1242,43,2
14831,1242,19,3
14832,1242,21,1
14833,1242,22,2
14834,1242,23,2
14835,1242,53,2
14836,1242,58,2
14837,1242,59,2
14838,1242,30,2
14839,1243,1,2
14840,1243,4,2
14841,1243,5,1
14842,1243,6,2
14843,1243,7,1
14844,1243,8,2
14845,1243,11,2
14846,1243,12,1
14847,1243,19,2
14848,1243,24,2
14849,1243,30,3
14850,1244,1,3
14851,1244,34,3
14852,1244,3,1
14853,1244,36,3
14854,1244,9,4
14855,1244,11,3
14856,1244,19,3
14857,1244,21,2
14858,1244,30,3
14859,1244,31,2
14860,1245,3,3
14861,1245,4,2
14862,1245,6,1
14863,1245,8,2
14864,1245,9,1
14865,1245,18,5
14866,1245,51,1
14867,1245,19,2
14868,1245,52,1
14869,1245,21,1
14870,1245,25,5
14871,1245,60,2
14872,1246,1,2
14873,1246,2,3
14874,1246,3,2
14875,1246,5,2
14876,1246,6,3
14877,1246,8,2
14878,1246,9,2
14879,1246,40,3
14880,1246,11,2
14881,1246,12,2
14882,1246,19,1
14883,1246,21,2
14884,1246,54,4
14885,1247,1,2
14886,1247,3,3
14887,1247,37,4
14888,1247,38,1
14889,1247,8,5
14890,1247,41,4
14891,1247,40,3
14892,1247,11,3
14893,1247,18,3
14894,1247,19,3
14895,1247,52,2
14896,1247,27,3
14897,1248,1,4
14898,1248,4,4
14899,1248,5,3
14900,1248,6,4
14901,1248,7,4
14902,1248,8,3
14903,1248,11,4
14904,1248,12,3
14905,1248,19,4
14906,1249,1,2
14907,1249,5,2
14908,1249,8,2
14909,1249,41,3
14910,1249,13,3
14911,1249,50,3
14912,1249,19,2
14913,1249,51,1
14914,1249,21,2
14915,1249,54,3
14916,1249,52,2
14917,1250,2,2
14918,1250,9,3
14919,1250,46,3
14920,1250,19,4
14921,1250,20,3
14922,1250,21,4
14923,1250,53,2
14924,1250,23,4
14925,1250,22,3
14926,1250,59,4
14927,1250,30,5
14928,1251,7,2
14929,1251,9,3
14930,1251,14,4
14931,1251,15,5
14932,1251,17,4
14933,1251,18,4
14934,1251,19,5
14935,1251,20,3
14936,1251,21,3
14937,1251,49,2
14938,1251,29,2
14939,1252,8,3
14940,1252,9,2
14941,1252,16,2
14942,1252,19,2
14943,1252,51,2
14944,1252,53,2
14945,1252,21,1
14946,1252,22,4
14947,1252,20,1
14948,1252,58,3
14949,1252,59,2
14950,1252,30,1
14951,1253,1,2
14952,1253,7,3
14953,1253,8,2
14954,1253,13,3
14955,1253,14,3
14956,1253,15,4
14957,1253,17,4
14958,1253,18,1
14959,1253,19,3
14960,1253,21,3
14961,1253,59,3
14962,1254,1,2
14963,1254,4,1
14964,1254,5,1
14965,1254,6,2
14966,1254,7,1
14967,1254,8,1
14968,1254,11,3
14969,1254,12,1
14970,1254,19,3
14971,1254,30,5
14972,1255,8,2
14973,1255,41,3
14974,1255,11,3
14975,1255,19,2
14976,1255,23,4
14977,1255,21,4
14978,1255,22,3
14979,1255,53,3
14980,1255,25,1
14981,1255,58,2
14982,1255,59,3
14983,1255,28,1
14984,1255,30,3
14985,1256,1,5
14986,1256,3,5
14987,1256,39,5
14988,1256,8,4
14989,1256,40,4
14990,1256,9,5
14991,1256,11,3
14992,1256,18,3
14993,1256,19,5
14994,1256,21,4
14995,1257,1,5
14996,1257,8,4
14997,1257,9,4
14998,1257,41,4
14999,1257,11,3
15000,1257,13,5
15001,1257,49,4
15002,1257,50,3
15003,1257,19,5
15004,1257,51,4
15005,1257,21,1
15006,1257,54,4
15007,1258,1,2
15008,1258,34,2
15009,1258,3,3
15010,1258,36,4
15011,1258,2,3
15012,1258,39,2
15013,1258,9,3
15014,1258,11,1
15015,1258,13,2
15016,1258,48,1
15017,1258,21,5
15018,1258,31,3
15019,1259,1,2
15020,1259,8,2
15021,1259,41,3
15022,1259,40,1
15023,1259,50,2
15024,1259,19,2
15025,1259,51,1
15026,1259,21,2
15027,1259,54,4
15028,1259,52,2
15029,1259,18,3
15030,1260,32,5
15031,1260,1,4
15032,1260,3,5
15033,1260,4,3
15034,1260,9,5
15035,1260,11,5
15036,1260,20,5
15037,1260,21,5
15038,1260,25,5
15039,1260,27,4
15040,1260,28,5
15041,1260,30,3
15042,1261,32,2
15043,1261,1,4
15044,1261,8,4
15045,1261,9,4
15046,1261,41,3
15047,1261,11,4
15048,1261,49,3
15049,1261,50,3
15050,1261,19,5
15051,1261,51,4
15052,1261,21,2
15053,1261,54,5
15054,1261,22,2
15055,1261,25,1
15056,1261,59,4
15057,1262,8,2
15058,1262,9,1
15059,1262,41,3
15060,1262,11,2
15061,1262,46,3
15062,1262,50,4
15063,1262,19,1
15064,1262,52,3
15065,1262,51,2
15066,1262,21,4
15067,1262,25,1
15068,1262,28,1
15069,1262,30,2
15070,1263,3,1
15071,1263,5,2
15072,1263,8,1
15073,1263,43,2
15074,1263,44,2
15075,1263,45,2
15076,1263,13,2
15077,1263,48,3
15078,1263,19,3
15079,1263,20,3
15080,1263,26,5
15081,1264,3,5
15082,1264,4,4
15083,1264,5,5
15084,1264,6,4
15085,1264,37,3
15086,1264,8,5
15087,1264,9,4
15088,1264,11,5
15089,1264,19,4
15090,1264,21,3
15091,1264,25,5
15092,1264,28,5
15093,1264,30,5
15094,1265,3,3
15095,1265,4,4
15096,1265,5,5
15097,1265,6,4
15098,1265,8,3
15099,1265,9,4
15100,1265,40,4
15101,1265,12,4
15102,1265,19,4
15103,1265,21,5
15104,1265,59,3
15105,1266,1,4
15106,1266,3,4
15107,1266,36,3
15108,1266,6,4
15109,1266,8,4
15110,1266,9,3
15111,1266,51,3
15112,1266,21,3
15113,1266,57,1
15114,1266,60,1
15115,1267,32,2
15116,1267,33,1
15117,1267,1,4
15118,1267,3,3
15119,1267,36,2
15120,1267,34,1
15121,1267,9,4
15122,1267,11,1
15123,1267,17,5
15124,1267,50,2
15125,1267,20,4
15126,1267,27,2
15127,1267,30,5
15128,1268,1,3
15129,1268,8,2
15130,1268,9,2
15131,1268,41,3
15132,1268,11,3
15133,1268,44,2
15134,1268,16,2
15135,1268,49,3
15136,1268,51,1
15137,1268,19,3
15138,1268,21,4
15139,1268,54,4
15140,1268,29,2
15141,1269,9,3
15142,1269,46,3
15143,1269,19,4
15144,1269,21,4
15145,1269,53,3
15146,1269,23,4
15147,1269,22,2
15148,1269,55,3
15149,1269,56,4
15150,1269,59,3
15151,1269,30,4
15152,1269,31,1
15153,1270,1,3
15154,1270,2,2
15155,1270,3,3
15156,1270,4,4
15157,1270,39,5
15158,1270,8,2
15159,1270,9,1
15160,1270,19,4
15161,1270,51,3
15162,1270,57,3
15163,1270,60,3
15164,1271,3,5
15165,1271,5,5
15166,1271,6,3
15167,1271,8,5
15168,1271,9,4
15169,1271,42,3
15170,1271,11,5
15171,1271,14,4
15172,1271,18,5
15173,1271,19,4
15174,1271,21,4
15175,1271,25,3
15176,1271,28,5
15177,1271,30,5
15178,1271,57,1
15179,1272,3,4
15180,1272,4,5
15181,1272,8,2
15182,1272,9,4
15183,1272,16,4
15184,1272,50,1
15185,1272,19,4
15186,1272,51,4
15187,1272,21,5
15188,1272,52,5
15189,1272,60,2
15190,1273,1,5
15191,1273,3,4
15192,1273,4,4
15193,1273,36,4
15194,1273,6,3
15195,1273,8,3
15196,1273,9,4
15197,1273,10,3
15198,1273,18,3
15199,1273,19,2
15200,1273,52,3
15201,1273,21,3
15202,1273,20,3
15203,1273,60,5
15204,1274,1,3
15205,1274,8,4
15206,1274,11,3
15207,1274,19,1
15208,1274,23,5
15209,1274,21,2
15210,1274,22,4
15211,1274,53,3
15212,1274,24,2
15213,1274,25,3
15214,1274,58,3
15215,1274,59,2
15216,1274,28,2
15217,1274,30,1
15218,1275,32,3
15219,1275,1,3
15220,1275,3,2
15221,1275,36,4
15222,1275,8,3
15223,1275,9,4
15224,1275,41,3
15225,1275,13,4
15226,1275,19,3
15227,1275,20,1
15228,1275,55,4
15229,1275,27,3
15230,1276,1,3
15231,1276,5,1
15232,1276,8,3
15233,1276,41,3
15234,1276,50,4
15235,1276,19,3
15236,1276,51,1
15237,1276,21,4
15238,1276,54,4
15239,1276,52,3
15240,1276,20,3
15241,1276,25,1
15242,1276,27,3
15243,1277,1,2
15244,1277,2,2
15245,1277,3,3
15246,1277,4,1
15247,1277,6,2
15248,1277,8,2
15249,1277,9,1
15250,1277,51,1
15251,1277,20,3
15252,1277,21,2
15253,1277,60,1
15254,1278,1,2
15255,1278,35,5
15256,1278,36,5
15257,1278,8,5
15258,1278,9,4
15259,1278,10,3
15260,1278,19,4
15261,1278,23,3
15262,1278,56,1
15263,1278,25,5
15264,1278,28,3
15265,1278,29,3
15266,1278,30,4
15267,1278,31,3
15268,1279,1,1
15269,1279,8,1
15270,1279,9,2
15271,1279,41,2
15272,1279,11,2
15273,1279,15,3
15274,1279,49,3
15275,1279,51,1
15276,1279,19,1
15277,1279,21,2
15278,1279,54,2
15279,1280,2,3
15280,1280,3,2
15281,1280,7,1
15282,1280,14,1
15283,1280,15,3
15284,1280,17,1
15285,1280,18,2
15286,1280,19,3
15287,1280,20,1
15288,1280,21,3
15289,1280,25,2
15290,1281,32,5
15291,1281,33,4
15292,1281,1,3
15293,1281,3,5
15294,1281,8,4
15295,1281,9,5
15296,1281,11,3
15297,1281,46,1
15298,1281,19,5
15299,1281,21,4
15300,1281,27,4
15301,1282,3,4
15302,1282,4,3
15303,1282,5,5
15304,1282,6,5
15305,1282,35,3
15306,1282,8,3
15307,1282,9,2
15308,1282,12,2
15309,1282,19,5
15310,1282,21,4
15311,1282,58,4
15312,1283,3,5
15313,1283,5,5
15314,1283,8,4
15315,1283,9,4
15316,1283,13,4
15317,1283,46,5
15318,1283,47,5
15319,1283,48,5
15320,1283,19,5
15321,1283,21,5
15322,1283,56,4
15323,1283,25,4
15324,1283,59,5
15325,1283,28,3
15326,1283,30,4
15327,1284,1,2
15328,1284,2,1
15329,1284,8,1
15330,1284,9,2
15331,1284,41,2
15332,1284,11,1
15333,1284,49,2
15334,1284,51,1
15335,1284,19,1
15336,1284,21,2
15337,1284,54,3
15338,1285,1,2
15339,1285,3,3
15340,1285,37,3
15341,1285,38,3
15342,1285,39,3
15343,1285,40,3
15344,1285,41,2
15345,1285,42,3
15346,1285,8,3
15347,1285,11,2
15348,1285,48,3
15349,1285,19,3
15350,1285,25,2
15351,1286,32,2
15352,1286,33,1
15353,1286,1,4
15354,1286,3,2
15355,1286,36,1
15356,1286,9,1
15357,1286,11,1
15358,1286,45,2
15359,1286,17,2
15360,1286,20,3
15361,1286,25,4
15362,1286,27,1
15363,1286,57,2
15364,1287,1,5
15365,1287,3,3
15366,1287,4,4
15367,1287,6,4
15368,1287,8,4
15369,1287,9,4
15370,1287,14,1
15371,1287,19,3
15372,1287,52,3
15373,1287,21,4
15374,1287,60,5
15375,1288,1,1
15376,1288,3,2
15377,1288,37,1
15378,1288,38,2
15379,1288,39,1
15380,1288,40,2
15381,1288,41,1
15382,1288,42,2
15383,1288,8,2
15384,1288,11,1
15385,1288,19,1
15386,1288,60,2
15387,1288,31,4
15388,1289,1,3
15389,1289,33,3
15390,1289,56,2
15391,1289,9,3
15392,1289,45,4
15393,1289,48,4
15394,1289,20,3
15395,1289,55,4
15396,1289,24,4
15397,1289,57,3
15398,1289,58,3
15399,1289,30,4
15400,1290,1,2
15401,1290,2,2
15402,1290,3,2
15403,1290,4,2
15404,1290,8,1
15405,1290,9,2
15406,1290,11,3
15407,1290,48,2
15408,1290,19,3
15409,1290,51,4
15410,1290,27,2
15411,1290,60,3
15412,1291,3,5
15413,1291,5,2
15414,1291,8,4
15415,1291,9,5
15416,1291,44,5
15417,1291,45,3
15418,1291,46,5
15419,1291,12,4
15420,1291,48,4
15421,1291,21,4
15422,1292,3,3
15423,1292,5,4
15424,1292,6,4
15425,1292,9,4
15426,1292,43,4
15427,1292,45,4
15428,1292,46,5
15429,1292,47,4
15430,1292,15,5
15431,1292,13,5
15432,1292,20,3
15433,1292,21,4
15434,1293,1,5
15435,1293,34,1
15436,1293,8,4
15437,1293,9,4
15438,1293,41,3
15439,1293,11,4
15440,1293,14,2
15441,1293,49,4
15442,1293,50,4
15443,1293,19,5
15444,1293,51,3
15445,1293,21,3
15446,1293,54,5
15447,1293,25,3
15448,1294,1,3
15449,1294,7,3
15450,1294,8,2
15451,1294,9,2
15452,1294,13,3
15453,1294,14,3
15454,1294,15,4
15455,1294,18,4
15456,1294,21,3
15457,1294,55,2
15458,1295,3,4
15459,1295,4,4
15460,1295,5,5
15461,1295,6,4
15462,1295,8,4
15463,1295,9,2
15464,1295,12,5
15465,1295,19,4
15466,1295,21,4
15467,1295,23,3
15468,1295,60,4
15469,1296,32,5
15470,1296,1,5
15471,1296,3,5
15472,1296,40,3
15473,1296,9,5
15474,1296,11,5
15475,1296,20,5
15476,1296,21,5
15477,1296,52,3
15478,1296,25,5
15479,1296,27,4
15480,1296,28,3
15481,1296,30,4
15482,1297,3,1
15483,1297,4,1
15484,1297,8,2
15485,1297,9,2
15486,1297,19,2
15487,1297,51,1
15488,1297,21,3
15489,1297,52,3
15490,1297,25,3
15491,1297,60,2
15492,1298,3,4
15493,1298,4,3
15494,1298,6,3
15495,1298,8,4
15496,1298,9,1
15497,1298,51,2
15498,1298,19,3
15499,1298,52,3
15500,1298,21,2
15501,1298,53,2
15502,1298,20,4
15503,1298,60,4
15504,1299,3,5
15505,1299,35,2
15506,1299,5,5
15507,1299,6,4
15508,1299,39,3
15509,1299,8,5
15510,1299,9,4
15511,1299,11,4
15512,1299,19,5
15513,1299,21,4
15514,1299,25,3
15515,1299,28,5
15516,1299,30,5
15517,1300,2,3
15518,1300,3,3
15519,1300,4,4
15520,1300,8,5
15521,1300,9,2
15522,1300,19,4
15523,1300,51,3
15524,1300,21,5
15525,1300,52,5
15526,1300,24,2
15527,1300,57,3
15528,1300,60,4
15529,1301,32,5
15530,1301,33,3
15531,1301,3,3
15532,1301,7,3
15533,1301,8,2
15534,1301,9,3
15535,1301,11,2
15536,1301,19,4
15537,1301,51,2
15538,1301,21,3
15539,1301,27,3
15540,1302,1,3
15541,1302,8,3
15542,1302,9,2
15543,1302,43,4
15544,1302,48,2
15545,1302,51,3
15546,1302,21,2
15547,1302,55,2
15548,1302,56,3
15549,1302,24,1
15550,1302,58,2
15551,1302,30,1
15552,1303,1,2
15553,1303,58,2
15554,1303,5,2
15555,1303,8,1
15556,1303,41,1
15557,1303,9,2
15558,1303,11,2
15559,1303,49,2
15560,1303,50,1
15561,1303,19,1
15562,1303,51,2
15563,1303,21,2
15564,1303,54,3
15565,1303,26,1
15566,1304,1,4
15567,1304,2,4
15568,1304,56,4
15569,1304,3,3
15570,1304,9,5
15571,1304,48,4
15572,1304,19,5
15573,1304,20,4
15574,1304,21,4
15575,1304,25,5
15576,1304,24,5
15577,1304,57,5
15578,1304,58,5
15579,1304,28,5
15580,1304,29,2
15581,1304,30,5
15582,1305,1,5
15583,1305,33,3
15584,1305,35,5
15585,1305,36,5
15586,1305,8,5
15587,1305,9,4
15588,1305,19,5
15589,1305,25,5
15590,1305,26,2
15591,1305,28,5
15592,1305,30,4
15593,1305,31,4
15594,1306,1,5
15595,1306,3,4
15596,1306,4,5
15597,1306,6,3
15598,1306,8,4
15599,1306,9,4
15600,1306,19,4
15601,1306,52,3
15602,1306,21,2
15603,1306,60,4
15604,1306,30,4
15605,1307,3,5
15606,1307,5,5
15607,1307,8,5
15608,1307,9,4
15609,1307,13,4
15610,1307,46,5
15611,1307,47,4
15612,1307,48,5
15613,1307,17,2
15614,1307,50,5
15615,1307,19,5
15616,1307,52,2
15617,1307,21,4
15618,1307,25,4
15619,1307,28,4
15620,1307,30,4
15621,1307,57,2
15622,1308,3,3
15623,1308,4,2
15624,1308,5,4
15625,1308,6,3
15626,1308,8,3
15627,1308,9,1
15628,1308,12,2
15629,1308,44,2
15630,1308,46,3
15631,1308,19,3
15632,1308,21,3
15633,1309,3,1
15634,1309,7,2
15635,1309,8,2
15636,1309,9,2
15637,1309,13,3
15638,1309,46,2
15639,1309,47,3
15640,1309,45,2
15641,1309,21,2
15642,1309,58,3
15643,1310,1,3
15644,1310,3,2
15645,1310,7,4
15646,1310,8,3
15647,1310,10,2
15648,1310,13,3
15649,1310,14,5
15650,1310,15,5
15651,1310,17,5
15652,1310,18,3
15653,1310,19,4
15654,1310,21,5
15655,1310,55,2
15656,1310,24,3
15657,1311,1,5
15658,1311,35,5
15659,1311,36,4
15660,1311,8,5
15661,1311,9,4
15662,1311,47,1
15663,1311,15,1
15664,1311,19,5
15665,1311,25,4
15666,1311,28,5
15667,1311,30,4
15668,1311,31,4
15669,1312,8,3
15670,1312,9,4
15671,1312,11,1
15672,1312,19,5
15673,1312,21,4
15674,1312,22,3
15675,1312,23,3
15676,1312,53,3
15677,1312,57,3
15678,1312,58,3
15679,1312,59,4
15680,1312,30,4
15681,1313,7,5
15682,1313,8,5
15683,1313,9,5
15684,1313,13,5
15685,1313,14,5
15686,1313,15,5
15687,1313,47,4
15688,1313,17,4
15689,1313,18,5
15690,1313,51,5
15691,1313,20,5
15692,1313,21,5
15693,1313,22,2
15694,1313,23,4
15695,1313,25,3
15696,1313,28,5
15697,1313,30,4
15698,1314,32,2
15699,1314,1,2
15700,1314,2,1
15701,1314,3,1
15702,1314,36,3
15703,1314,8,2
15704,1314,9,3
15705,1314,13,3
15706,1314,47,3
15707,1314,19,2
15708,1314,20,2
15709,1314,52,2
15710,1314,27,4
15711,1315,3,4
15712,1315,5,2
15713,1315,9,2
15714,1315,43,4
15715,1315,45,3
15716,1315,46,5
15717,1315,47,4
15718,1315,50,2
15719,1315,20,3
15720,1315,21,3
15721,1316,3,4
15722,1316,4,5
15723,1316,5,5
15724,1316,6,4
15725,1316,8,4
15726,1316,9,3
15727,1316,12,3
15728,1316,14,2
15729,1316,19,4
15730,1316,21,4
15731,1317,3,4
15732,1317,5,2
15733,1317,6,4
15734,1317,8,3
15735,1317,9,4
15736,1317,44,4
15737,1317,45,1
15738,1317,46,4
15739,1317,48,2
15740,1317,21,2
15741,1317,54,2
15742,1317,27,3
15743,1318,1,2
15744,1318,2,4
15745,1318,3,3
15746,1318,5,3
15747,1318,6,4
15748,1318,8,3
15749,1318,9,4
15750,1318,11,3
15751,1318,12,1
15752,1318,18,3
15753,1318,19,2
15754,1318,21,3
15755,1318,53,2
15756,1319,1,3
15757,1319,8,4
15758,1319,9,1
15759,1319,46,1
15760,1319,48,3
15761,1319,16,2
15762,1319,19,5
15763,1319,21,3
15764,1319,55,3
15765,1319,56,4
15766,1319,24,1
15767,1319,58,3
15768,1319,30,2
15769,1319,31,2
15770,1320,3,2
15771,1320,5,3
15772,1320,8,1
15773,1320,43,2
15774,1320,44,3
15775,1320,45,2
15776,1320,13,3
15777,1320,48,2
15778,1320,19,2
15779,1320,20,2
15780,1320,53,3
15781,1320,22,3
15782,1321,3,5
15783,1321,5,5
15784,1321,39,2
15785,1321,8,4
15786,1321,9,4
15787,1321,13,3
15788,1321,46,5
15789,1321,47,5
15790,1321,48,5
15791,1321,19,5
15792,1321,21,3
15793,1321,25,4
15794,1321,58,4
15795,1321,28,5
15796,1321,30,3
15797,1321,57,5
15798,1322,3,3
15799,1322,4,4
15800,1322,8,3
15801,1322,9,4
15802,1322,41,3
15803,1322,16,3
15804,1322,19,4
15805,1322,51,2
15806,1322,21,4
15807,1322,52,5
15808,1322,26,3
15809,1322,60,2
15810,1323,32,3
15811,1323,1,4
15812,1323,8,4
15813,1323,9,3
15814,1323,48,3
15815,1323,21,1
15816,1323,22,3
15817,1323,55,3
15818,1323,56,3
15819,1323,24,2
15820,1323,58,3
15821,1323,30,2
15822,1324,1,3
15823,1324,2,2
15824,1324,3,2
15825,1324,35,2
15826,1324,5,2
15827,1324,6,2
15828,1324,8,1
15829,1324,9,1
15830,1324,11,3
15831,1324,12,1
15832,1324,50,3
15833,1324,19,1
15834,1324,21,2
15835,1324,60,1
15836,1325,1,2
15837,1325,2,4
15838,1325,8,2
15839,1325,41,1
15840,1325,9,1
15841,1325,11,2
15842,1325,49,3
15843,1325,50,1
15844,1325,19,1
15845,1325,51,1
15846,1325,21,2
15847,1325,54,3
15848,1326,1,3
15849,1326,34,3
15850,1326,3,3
15851,1326,36,4
15852,1326,2,3
15853,1326,9,1
15854,1326,11,1
15855,1326,49,3
15856,1326,50,2
15857,1326,21,3
15858,1326,31,4
15859,1327,1,2
15860,1327,2,3
15861,1327,3,3
15862,1327,5,3
15863,1327,6,2
15864,1327,8,2
15865,1327,9,2
15866,1327,11,1
15867,1327,12,1
15868,1327,47,5
15869,1327,19,1
15870,1327,21,3
15871,1328,1,3
15872,1328,34,1
15873,1328,35,4
15874,1328,36,4
15875,1328,8,4
15876,1328,9,3
15877,1328,19,1
15878,1328,25,3
15879,1328,28,3
15880,1328,30,4
15881,1328,31,2
15882,1329,32,5
15883,1329,33,4
15884,1329,3,5
15885,1329,8,5
15886,1329,9,5
15887,1329,41,2
15888,1329,11,3
15889,1329,16,2
15890,1329,19,5
15891,1329,20,3
15892,1329,21,5
15893,1329,24,2
15894,1329,27,4
15895,1330,1,4
15896,1330,34,4
15897,1330,3,4
15898,1330,36,5
15899,1330,2,5
15900,1330,37,3
15901,1330,9,4
15902,1330,11,1
15903,1330,44,5
15904,1330,21,5
15905,1330,29,1
15906,1330,31,4
15907,1331,8,2
15908,1331,9,4
15909,1331,11,2
15910,1331,19,2
15911,1331,21,3
15912,1331,22,2
15913,1331,23,1
15914,1331,53,2
15915,1331,58,2
15916,1331,59,4
15917,1331,30,4
15918,1332,1,2
15919,1332,3,2
15920,1332,37,3
15921,1332,38,2
15922,1332,8,3
15923,1332,41,3
15924,1332,40,2
15925,1332,11,2
15926,1332,19,2
15927,1332,53,4
15928,1333,1,4
15929,1333,3,4
15930,1333,4,4
15931,1333,5,5
15932,1333,6,4
15933,1333,8,4
15934,1333,9,3
15935,1333,12,4
15936,1333,17,2
15937,1333,19,4
15938,1333,21,5
15939,1333,25,2
15940,1334,1,3
15941,1334,3,1
15942,1334,4,1
15943,1334,5,2
15944,1334,38,3
15945,1334,7,3
15946,1334,8,2
15947,1334,9,4
15948,1334,11,2
15949,1334,12,2
15950,1334,19,1
15951,1334,56,4
15952,1334,25,4
15953,1335,32,2
15954,1335,33,1
15955,1335,1,2
15956,1335,3,3
15957,1335,36,4
15958,1335,8,4
15959,1335,9,4
15960,1335,11,4
15961,1335,12,5
15962,1335,20,3
15963,1335,21,5
15964,1335,27,3
15965,1336,1,4
15966,1336,56,3
15967,1336,5,3
15968,1336,9,5
15969,1336,48,2
15970,1336,19,5
15971,1336,20,5
15972,1336,21,5
15973,1336,25,5
15974,1336,24,3
15975,1336,57,3
15976,1336,58,3
15977,1336,28,4
15978,1336,30,5
15979,1337,1,3
15980,1337,4,3
15981,1337,5,1
15982,1337,6,3
15983,1337,7,3
15984,1337,8,2
15985,1337,11,2
15986,1337,12,2
15987,1337,48,4
15988,1337,19,4
15989,1338,1,2
15990,1338,35,4
15991,1338,36,3
15992,1338,37,3
15993,1338,8,4
15994,1338,9,2
15995,1338,42,3
15996,1338,19,3
15997,1338,20,3
15998,1338,23,3
15999,1338,25,3
16000,1338,28,2
16001,1338,30,3
16002,1338,31,3
16003,1339,1,4
16004,1339,5,3
16005,1339,6,2
16006,1339,7,3
16007,1339,8,2
16008,1339,13,3
16009,1339,14,4
16010,1339,15,3
16011,1339,46,5
16012,1339,17,3
16013,1339,18,1
16014,1339,19,3
16015,1339,21,3
16016,1339,30,2
16017,1340,32,3
16018,1340,1,4
16019,1340,34,1
16020,1340,8,2
16021,1340,9,3
16022,1340,41,3
16023,1340,11,3
16024,1340,49,3
16025,1340,51,1
16026,1340,19,3
16027,1340,21,3
16028,1340,54,4
16029,1340,23,4
16030,1340,58,3
16031,1341,1,1
16032,1341,3,1
16033,1341,6,2
16034,1341,8,2
16035,1341,9,1
16036,1341,51,2
16037,1341,21,2
16038,1341,26,4
16039,1341,60,1
16040,1342,1,2
16041,1342,8,4
16042,1342,41,2
16043,1342,9,3
16044,1342,11,2
16045,1342,10,4
16046,1342,44,2
16047,1342,49,3
16048,1342,50,3
16049,1342,19,1
16050,1342,51,2
16051,1342,21,3
16052,1342,54,4
16053,1342,28,5
16054,1342,31,2
16055,1343,3,5
16056,1343,5,3
16057,1343,6,4
16058,1343,8,4
16059,1343,9,3
16060,1343,11,5
16061,1343,19,5
16062,1343,21,5
16063,1343,56,2
16064,1343,25,5
16065,1343,28,5
16066,1343,30,5
16067,1344,3,3
16068,1344,4,4
16069,1344,5,5
16070,1344,6,5
16071,1344,8,5
16072,1344,9,4
16073,1344,12,5
16074,1344,48,2
16075,1344,16,1
16076,1344,19,3
16077,1344,21,5
16078,1344,60,1
16079,1345,34,3
16080,1345,35,2
16081,1345,36,3
16082,1345,5,3
16083,1345,8,3
16084,1345,13,2
16085,1345,46,3
16086,1345,48,3
16087,1345,51,4
16088,1345,21,2
16089,1345,30,3
16090,1345,31,3
16091,1346,3,3
16092,1346,4,3
16093,1346,5,2
16094,1346,8,2
16095,1346,9,5
16096,1346,44,5
16097,1346,45,4
16098,1346,46,5
16099,1346,48,3
16100,1346,19,2
16101,1346,21,3
16102,1346,25,4
16103,1346,60,4
16104,1347,32,5
16105,1347,1,5
16106,1347,3,4
16107,1347,37,3
16108,1347,9,5
16109,1347,11,5
16110,1347,45,2
16111,1347,60,3
16112,1347,13,3
16113,1347,20,5
16114,1347,21,5
16115,1347,25,5
16116,1347,27,5
16117,1347,28,2
16118,1347,30,5
16119,1348,3,5
16120,1348,5,5
16121,1348,6,4
16122,1348,8,5
16123,1348,9,3
16124,1348,11,5
16125,1348,19,5
16126,1348,21,4
16127,1348,53,3
16128,1348,25,5
16129,1348,28,5
16130,1348,30,3
16131,1349,1,4
16132,1349,3,4
16133,1349,39,4
16134,1349,8,3
16135,1349,40,3
16136,1349,9,2
16137,1349,11,1
16138,1349,19,4
16139,1349,21,3
16140,1349,24,4
16141,1350,1,3
16142,1350,3,3
16143,1350,39,3
16144,1350,8,2
16145,1350,40,2
16146,1350,9,1
16147,1350,11,1
16148,1350,18,4
16149,1350,19,3
16150,1350,21,2
16151,1351,1,5
16152,1351,37,3
16153,1351,6,4
16154,1351,39,5
16155,1351,40,5
16156,1351,41,5
16157,1351,42,4
16158,1351,11,4
16159,1351,9,5
16160,1351,19,5
16161,1351,21,5
16162,1351,25,3
16163,1351,28,5
16164,1351,30,3
16165,1352,1,4
16166,1352,8,5
16167,1352,9,5
16168,1352,48,5
16169,1352,20,5
16170,1352,21,4
16171,1352,24,3
16172,1352,25,5
16173,1352,58,5
16174,1352,28,4
16175,1352,30,4
16176,1353,33,2
16177,1353,1,3
16178,1353,3,3
16179,1353,36,3
16180,1353,8,1
16181,1353,9,1
16182,1353,20,3
16183,1353,21,3
16184,1353,22,3
16185,1353,27,5
16186,1354,1,3
16187,1354,5,2
16188,1354,8,3
16189,1354,41,5
16190,1354,47,3
16191,1354,50,4
16192,1354,19,3
16193,1354,51,3
16194,1354,21,3
16195,1354,54,4
16196,1354,52,3
16197,1354,53,2
16198,1355,3,4
16199,1355,38,3
16200,1355,39,3
16201,1355,8,4
16202,1355,41,4
16203,1355,9,2
16204,1355,40,2
16205,1355,43,3
16206,1355,17,4
16207,1355,21,3
16208,1356,1,4
16209,1356,4,3
16210,1356,8,5
16211,1356,41,3
16212,1356,9,4
16213,1356,11,3
16214,1356,42,3
16215,1356,49,4
16216,1356,50,4
16217,1356,19,1
16218,1356,51,5
16219,1356,21,4
16220,1356,54,5
16221,1356,57,2
16222,1357,7,3
16223,1357,14,2
16224,1357,15,4
16225,1357,17,3
16226,1357,18,4
16227,1357,19,5
16228,1357,20,3
16229,1357,21,4
16230,1357,26,1
16231,1358,32,3
16232,1358,1,2
16233,1358,8,4
16234,1358,9,2
16235,1358,42,2
16236,1358,48,1
16237,1358,16,3
16238,1358,21,2
16239,1358,55,2
16240,1358,56,2
16241,1358,24,1
16242,1358,58,1
16243,1358,30,1
16244,1359,3,4
16245,1359,5,4
16246,1359,9,3
16247,1359,43,5
16248,1359,45,3
16249,1359,46,5
16250,1359,47,4
16251,1359,50,4
16252,1359,20,1
16253,1359,21,2
16254,1360,32,2
16255,1360,1,1
16256,1360,3,2
16257,1360,37,2
16258,1360,38,2
16259,1360,39,2
16260,1360,40,1
16261,1360,41,2
16262,1360,42,2
16263,1360,8,2
16264,1360,11,1
16265,1360,10,2
16266,1360,17,1
16267,1360,19,1
16268,1360,26,2
16269,1361,1,3
16270,1361,2,3
16271,1361,3,4
16272,1361,4,3
16273,1361,8,1
16274,1361,9,3
16275,1361,14,2
16276,1361,50,3
16277,1361,19,4
16278,1361,51,4
16279,1361,60,2
16280,1361,30,3
16281,1362,1,4
16282,1362,3,4
16283,1362,4,5
16284,1362,6,4
16285,1362,8,4
16286,1362,9,4
16287,1362,19,3
16288,1362,52,3
16289,1362,21,3
16290,1362,60,5
16291,1363,1,2
16292,1363,8,3
16293,1363,41,1
16294,1363,9,1
16295,1363,11,1
16296,1363,40,1
16297,1363,49,2
16298,1363,50,1
16299,1363,19,2
16300,1363,51,3
16301,1363,21,2
16302,1363,54,3
16303,1363,17,4
16304,1363,25,3
16305,1364,1,2
16306,1364,7,5
16307,1364,8,5
16308,1364,9,5
16309,1364,43,2
16310,1364,13,5
16311,1364,14,5
16312,1364,15,3
16313,1364,48,3
16314,1364,17,4
16315,1364,18,5
16316,1364,45,2
16317,1364,20,3
16318,1364,21,5
16319,1364,25,4
16320,1364,28,5
16321,1364,30,3
16322,1365,3,3
16323,1365,8,4
16324,1365,9,5
16325,1365,11,3
16326,1365,19,5
16327,1365,21,5
16328,1365,22,4
16329,1365,23,3
16330,1365,53,4
16331,1365,58,4
16332,1365,59,5
16333,1365,30,5
16334,1366,1,5
16335,1366,34,3
16336,1366,8,5
16337,1366,9,5
16338,1366,13,1
16339,1366,48,5
16340,1366,18,4
16341,1366,20,5
16342,1366,21,5
16343,1366,23,1
16344,1366,25,5
16345,1366,58,5
16346,1366,28,5
16347,1366,30,5
16348,1367,1,3
16349,1367,34,3
16350,1367,3,4
16351,1367,36,5
16352,1367,2,3
16353,1367,9,2
16354,1367,11,2
16355,1367,21,4
16356,1367,56,2
16357,1367,24,3
16358,1367,27,4
16359,1367,31,1
16360,1368,1,2
16361,1368,2,3
16362,1368,3,3
16363,1368,6,3
16364,1368,8,3
16365,1368,9,2
16366,1368,10,1
16367,1368,47,4
16368,1368,51,2
16369,1368,21,2
16370,1368,54,4
16371,1368,60,2
16372,1369,1,3
16373,1369,3,3
16374,1369,6,3
16375,1369,8,3
16376,1369,9,2
16377,1369,51,4
16378,1369,21,2
16379,1369,23,3
16380,1369,60,2
16381,1370,1,2
16382,1370,8,2
16383,1370,9,3
16384,1370,41,3
16385,1370,11,3
16386,1370,43,3
16387,1370,49,3
16388,1370,51,2
16389,1370,19,3
16390,1370,21,1
16391,1370,54,4
16392,1370,22,4
16393,1370,28,5
16394,1371,1,5
16395,1371,3,4
16396,1371,4,5
16397,1371,35,3
16398,1371,6,3
16399,1371,8,4
16400,1371,9,4
16401,1371,19,3
16402,1371,52,2
16403,1371,21,3
16404,1371,51,3
16405,1371,27,3
16406,1371,60,5
16407,1371,29,1
16408,1372,3,5
16409,1372,5,4
16410,1372,6,3
16411,1372,8,4
16412,1372,9,4
16413,1372,11,5
16414,1372,43,4
16415,1372,45,4
16416,1372,19,5
16417,1372,21,4
16418,1372,25,5
16419,1372,59,1
16420,1372,28,5
16421,1372,30,3
16422,1373,33,3
16423,1373,3,3
16424,1373,4,4
16425,1373,8,4
16426,1373,9,4
16427,1373,19,4
16428,1373,51,4
16429,1373,21,5
16430,1373,52,5
16431,1373,60,4
16432,1374,37,2
16433,1374,9,4
16434,1374,18,2
16435,1374,19,4
16436,1374,21,4
16437,1374,53,3
16438,1374,23,4
16439,1374,22,4
16440,1374,26,3
16441,1374,59,4
16442,1374,30,5
16443,1374,31,4
16444,1375,1,3
16445,1375,8,4
16446,1375,9,3
16447,1375,48,2
16448,1375,21,3
16449,1375,22,3
16450,1375,55,3
16451,1375,56,4
16452,1375,24,2
16453,1375,58,2
16454,1375,30,2
16455,1376,1,2
16456,1376,7,4
16457,1376,8,2
16458,1376,9,4
16459,1376,13,2
16460,1376,46,3
16461,1376,15,3
16462,1376,16,3
16463,1376,17,4
16464,1376,18,3
16465,1376,19,1
16466,1376,50,2
16467,1376,21,2
16468,1376,14,2
16469,1376,25,1
16470,1377,1,2
16471,1377,3,3
16472,1377,37,5
16473,1377,8,1
16474,1377,9,2
16475,1377,41,1
16476,1377,11,3
16477,1377,44,4
16478,1377,49,2
16479,1377,51,1
16480,1377,19,2
16481,1377,21,2
16482,1377,54,3
16483,1377,28,1
16484,1378,1,4
16485,1378,2,3
16486,1378,3,2
16487,1378,4,3
16488,1378,35,1
16489,1378,8,1
16490,1378,9,3
16491,1378,42,3
16492,1378,41,2
16493,1378,19,4
16494,1378,51,3
16495,1378,60,3
16496,1379,32,2
16497,1379,1,3
16498,1379,3,2
16499,1379,36,3
16500,1379,5,3
16501,1379,8,2
16502,1379,9,3
16503,1379,12,3
16504,1379,13,3
16505,1379,16,1
16506,1379,19,2
16507,1379,20,2
16508,1379,54,3
16509,1380,8,2
16510,1380,9,4
16511,1380,40,4
16512,1380,11,1
16513,1380,19,4
16514,1380,21,5
16515,1380,22,4
16516,1380,23,3
16517,1380,53,3
16518,1380,58,2
16519,1380,59,4
16520,1380,30,3
16521,1381,3,5
16522,1381,4,4
16523,1381,6,5
16524,1381,38,2
16525,1381,8,4
16526,1381,9,3
16527,1381,14,2
16528,1381,51,4
16529,1381,19,4
16530,1381,52,3
16531,1381,21,3
16532,1381,27,5
16533,1381,60,4
16534,1381,30,4
16535,1382,1,4
16536,1382,2,1
16537,1382,3,2
16538,1382,4,3
16539,1382,8,1
16540,1382,9,2
16541,1382,47,4
16542,1382,19,2
16543,1382,51,3
16544,1382,57,1
16545,1382,60,3
16546,1382,30,5
16547,1383,3,2
16548,1383,8,1
16549,1383,9,2
16550,1383,13,2
16551,1383,46,2
16552,1383,47,3
16553,1383,45,2
16554,1383,21,2
16555,1383,56,2
16556,1383,26,3
16557,1384,3,3
16558,1384,38,2
16559,1384,39,2
16560,1384,8,3
16561,1384,41,3
16562,1384,9,3
16563,1384,40,1
16564,1384,21,2
16565,1384,25,4
16566,1385,3,1
16567,1385,8,2
16568,1385,9,3
16569,1385,13,2
16570,1385,46,2
16571,1385,47,3
16572,1385,45,2
16573,1385,21,1
16574,1385,58,3
16575,1386,1,3
16576,1386,8,3
16577,1386,41,3
16578,1386,49,4
16579,1386,50,4
16580,1386,19,3
16581,1386,51,2
16582,1386,21,2
16583,1386,54,4
16584,1386,52,3
16585,1387,1,2
16586,1387,4,3
16587,1387,5,1
16588,1387,6,2
16589,1387,7,1
16590,1387,8,1
16591,1387,41,1
16592,1387,11,2
16593,1387,12,1
16594,1387,19,3
16595,1387,20,5
16596,1388,8,4
16597,1388,11,3
16598,1388,19,5
16599,1388,23,3
16600,1388,21,4
16601,1388,22,4
16602,1388,53,4
16603,1388,20,3
16604,1388,25,4
16605,1388,58,4
16606,1388,59,4
16607,1388,28,5
16608,1388,30,4
16609,1389,1,4
16610,1389,2,3
16611,1389,8,4
16612,1389,9,5
16613,1389,48,5
16614,1389,20,4
16615,1389,21,2
16616,1389,55,3
16617,1389,24,3
16618,1389,57,4
16619,1389,58,4
16620,1389,30,4
16621,1390,1,3
16622,1390,8,2
16623,1390,9,3
16624,1390,41,3
16625,1390,11,3
16626,1390,15,3
16627,1390,49,3
16628,1390,50,3
16629,1390,51,2
16630,1390,19,3
16631,1390,21,3
16632,1390,54,3
16633,1390,30,4
16634,1391,34,2
16635,1391,35,1
16636,1391,36,2
16637,1391,5,1
16638,1391,8,1
16639,1391,21,1
16640,1391,22,4
16641,1391,30,2
16642,1391,31,2
16643,1392,1,2
16644,1392,4,1
16645,1392,5,1
16646,1392,6,3
16647,1392,7,3
16648,1392,8,1
16649,1392,9,2
16650,1392,11,3
16651,1392,12,1
16652,1392,17,5
16653,1392,19,4
16654,1392,52,2
16655,1393,3,4
16656,1393,4,3
16657,1393,5,1
16658,1393,39,3
16659,1393,8,3
16660,1393,9,4
16661,1393,44,2
16662,1393,45,3
16663,1393,46,4
16664,1393,48,3
16665,1393,21,2
16666,1393,25,1
16667,1394,3,4
16668,1394,4,3
16669,1394,5,4
16670,1394,6,3
16671,1394,36,4
16672,1394,8,2
16673,1394,9,2
16674,1394,10,3
16675,1394,12,1
16676,1394,19,2
16677,1394,21,3
16678,1394,22,5
16679,1395,32,3
16680,1395,33,3
16681,1395,1,4
16682,1395,3,3
16683,1395,36,4
16684,1395,2,4
16685,1395,9,5
16686,1395,11,4
16687,1395,20,5
16688,1395,26,2
16689,1395,27,2
16690,1396,32,2
16691,1396,33,3
16692,1396,1,4
16693,1396,3,3
16694,1396,36,4
16695,1396,40,4
16696,1396,9,4
16697,1396,11,4
16698,1396,20,4
16699,1396,27,3
16700,1397,1,2
16701,1397,34,4
16702,1397,3,1
16703,1397,36,4
16704,1397,2,3
16705,1397,9,2
16706,1397,11,1
16707,1397,21,2
16708,1397,58,4
16709,1397,27,3
16710,1397,31,3
16711,1398,1,3
16712,1398,4,3
16713,1398,5,1
16714,1398,6,3
16715,1398,7,3
16716,1398,8,1
16717,1398,39,3
16718,1398,11,3
16719,1398,12,2
16720,1398,19,4
16721,1399,1,3
16722,1399,7,1
16723,1399,14,2
16724,1399,15,2
16725,1399,46,2
16726,1399,17,1
16727,1399,18,1
16728,1399,19,3
16729,1399,20,1
16730,1399,21,2
16731,1399,31,4
16732,1400,1,1
16733,1400,5,1
16734,1400,38,2
16735,1400,8,4
16736,1400,9,3
16737,1400,48,2
16738,1400,21,1
16739,1400,55,2
16740,1400,56,4
16741,1400,24,1
16742,1400,58,2
16743,1400,30,2
16744,1401,1,5
16745,1401,35,5
16746,1401,36,5
16747,1401,8,5
16748,1401,9,5
16749,1401,44,4
16750,1401,19,5
16751,1401,25,5
16752,1401,28,5
16753,1401,30,5
16754,1401,31,4
16755,1402,3,4
16756,1402,4,4
16757,1402,6,3
16758,1402,8,4
16759,1402,9,2
16760,1402,13,3
16761,1402,51,3
16762,1402,19,3
16763,1402,52,3
16764,1402,21,2
16765,1402,55,1
16766,1402,56,5
16767,1402,24,1
16768,1402,60,3
16769,1403,1,3
16770,1403,35,4
16771,1403,36,3
16772,1403,8,3
16773,1403,9,3
16774,1403,13,3
16775,1403,46,3
16776,1403,19,3
16777,1403,25,3
16778,1403,28,2
16779,1403,30,3
16780,1403,31,1
16781,1404,33,3
16782,1404,3,3
16783,1404,5,3
16784,1404,39,2
16785,1404,8,2
16786,1404,7,2
16787,1404,43,3
16788,1404,44,4
16789,1404,45,3
16790,1404,13,1
16791,1404,48,2
16792,1404,19,3
16793,1404,20,4
16794,1404,28,4
16795,1405,3,5
16796,1405,5,4
16797,1405,8,5
16798,1405,9,4
16799,1405,13,4
16800,1405,46,5
16801,1405,47,4
16802,1405,48,5
16803,1405,18,3
16804,1405,19,5
16805,1405,20,2
16806,1405,21,4
16807,1405,25,4
16808,1405,28,4
16809,1405,30,5
16810,1405,31,1
16811,1406,1,2
16812,1406,7,3
16813,1406,8,4
16814,1406,41,1
16815,1406,9,2
16816,1406,11,2
16817,1406,49,3
16818,1406,50,2
16819,1406,19,2
16820,1406,51,3
16821,1406,21,2
16822,1406,54,4
16823,1406,24,5
16824,1406,56,3
16825,1406,28,3
16826,1407,1,5
16827,1407,37,3
16828,1407,39,5
16829,1407,40,3
16830,1407,41,5
16831,1407,42,4
16832,1407,11,4
16833,1407,9,5
16834,1407,19,5
16835,1407,21,5
16836,1407,24,3
16837,1407,25,4
16838,1407,28,3
16839,1407,29,1
16840,1407,30,4
16841,1408,1,2
16842,1408,3,4
16843,1408,39,3
16844,1408,8,2
16845,1408,40,3
16846,1408,9,3
16847,1408,11,2
16848,1408,41,4
16849,1408,19,4
16850,1408,21,3
16851,1409,35,3
16852,1409,7,5
16853,1409,8,5
16854,1409,9,5
16855,1409,13,5
16856,1409,14,5
16857,1409,15,4
16858,1409,45,3
16859,1409,17,4
16860,1409,18,5
16861,1409,20,5
16862,1409,21,5
16863,1409,25,4
16864,1409,28,5
16865,1409,30,2
16866,1410,4,5
16867,1410,9,4
16868,1410,19,4
16869,1410,52,3
16870,1410,21,5
16871,1410,53,3
16872,1410,23,4
16873,1410,22,3
16874,1410,25,2
16875,1410,55,2
16876,1410,59,4
16877,1410,30,5
16878,1411,1,1
16879,1411,3,3
16880,1411,37,1
16881,1411,38,3
16882,1411,39,3
16883,1411,40,4
16884,1411,41,2
16885,1411,42,3
16886,1411,8,3
16887,1411,11,2
16888,1411,5,3
16889,1411,19,4
16890,1411,31,2
16891,1412,1,4
16892,1412,3,3
16893,1412,4,2
16894,1412,5,3
16895,1412,7,3
16896,1412,8,4
16897,1412,9,4
16898,1412,11,4
16899,1412,12,3
16900,1412,19,2
16901,1412,21,3
16902,1413,32,3
16903,1413,1,1
16904,1413,8,5
16905,1413,41,1
16906,1413,9,3
16907,1413,11,1
16908,1413,49,3
16909,1413,50,2
16910,1413,19,2
16911,1413,51,3
16912,1413,21,2
16913,1413,54,4
16914,1414,7,5
16915,1414,8,3
16916,1414,9,5
16917,1414,13,5
16918,1414,14,5
16919,1414,15,5
16920,1414,17,5
16921,1414,18,4
16922,1414,20,4
16923,1414,21,5
16924,1414,25,5
16925,1414,28,5
16926,1414,30,5
16927,1414,57,3
16928,1415,1,5
16929,1415,8,5
16930,1415,9,4
16931,1415,41,2
16932,1415,11,4
16933,1415,49,4
16934,1415,50,4
16935,1415,19,5
16936,1415,51,4
16937,1415,21,3
16938,1415,54,5
16939,1415,60,3
16940,1416,1,3
16941,1416,34,4
16942,1416,35,4
16943,1416,36,4
16944,1416,5,4
16945,1416,37,3
16946,1416,11,2
16947,1416,43,1
16948,1416,51,2
16949,1416,21,4
16950,1416,30,4
16951,1416,31,5
16952,1417,1,3
16953,1417,2,3
16954,1417,3,3
16955,1417,4,3
16956,1417,8,1
16957,1417,9,4
16958,1417,18,1
16959,1417,19,4
16960,1417,51,4
16961,1417,60,2
16962,1418,1,5
16963,1418,35,5
16964,1418,36,5
16965,1418,8,5
16966,1418,9,5
16967,1418,44,3
16968,1418,19,5
16969,1418,20,3
16970,1418,25,5
16971,1418,28,4
16972,1418,30,5
16973,1418,31,4
16974,1419,33,3
16975,1419,3,3
16976,1419,4,5
16977,1419,6,4
16978,1419,8,5
16979,1419,9,4
16980,1419,51,2
16981,1419,19,5
16982,1419,52,5
16983,1419,21,3
16984,1419,60,4
16985,1420,3,4
16986,1420,4,1
16987,1420,6,3
16988,1420,8,2
16989,1420,9,2
16990,1420,51,1
16991,1420,19,4
16992,1420,52,2
16993,1420,21,2
16994,1420,60,3
16995,1421,36,2
16996,1421,7,2
16997,1421,8,2
16998,1421,9,2
16999,1421,13,4
17000,1421,14,2
17001,1421,15,3
17002,1421,18,1
17003,1421,21,2
17004,1421,27,3
17005,1422,1,5
17006,1422,35,5
17007,1422,36,5
17008,1422,8,5
17009,1422,9,4
17010,1422,19,5
17011,1422,25,4
17012,1422,28,5
17013,1422,30,4
17014,1422,31,4
17015,1423,1,4
17016,1423,8,5
17017,1423,41,3
17018,1423,9,2
17019,1423,11,3
17020,1423,60,4
17021,1423,49,3
17022,1423,50,3
17023,1423,19,3
17024,1423,51,5
17025,1423,21,4
17026,1423,54,5
17027,1423,28,3
17028,1424,1,5
17029,1424,3,4
17030,1424,4,4
17031,1424,6,5
17032,1424,8,5
17033,1424,9,4
17034,1424,19,4
17035,1424,52,3
17036,1424,21,2
17037,1424,20,3
17038,1424,53,1
17039,1424,60,5
17040,1425,7,2
17041,1425,8,2
17042,1425,9,2
17043,1425,42,2
17044,1425,11,3
17045,1425,13,2
17046,1425,14,2
17047,1425,15,2
17048,1425,18,2
17049,1425,21,1
17050,1426,1,5
17051,1426,8,4
17052,1426,9,4
17053,1426,41,4
17054,1426,11,4
17055,1426,42,3
17056,1426,49,4
17057,1426,50,5
17058,1426,19,5
17059,1426,51,3
17060,1426,21,2
17061,1426,54,5
17062,1427,1,2
17063,1427,34,2
17064,1427,3,2
17065,1427,36,3
17066,1427,2,1
17067,1427,9,1
17068,1427,11,1
17069,1427,19,3
17070,1427,21,3
17071,1427,25,2
17072,1427,31,3
17073,1428,32,5
17074,1428,33,4
17075,1428,3,4
17076,1428,8,4
17077,1428,9,5
17078,1428,11,3
17079,1428,19,5
17080,1428,21,4
17081,1428,27,2
17082,1429,1,4
17083,1429,56,4
17084,1429,9,5
17085,1429,46,3
17086,1429,48,4
17087,1429,50,3
17088,1429,19,5
17089,1429,20,5
17090,1429,21,4
17091,1429,25,5
17092,1429,24,4
17093,1429,57,4
17094,1429,58,5
17095,1429,28,5
17096,1429,29,2
17097,1429,30,5
17098,1430,1,3
17099,1430,4,4
17100,1430,5,4
17101,1430,6,4
17102,1430,7,5
17103,1430,8,4
17104,1430,11,4
17105,1430,12,2
17106,1430,19,5
17107,1430,52,4
17108,1431,1,4
17109,1431,35,5
17110,1431,36,4
17111,1431,38,3
17112,1431,8,5
17113,1431,9,5
17114,1431,44,2
17115,1431,19,5
17116,1431,25,4
17117,1431,28,3
17118,1431,30,5
17119,1431,31,4
17120,1432,32,4
17121,1432,33,3
17122,1432,3,4
17123,1432,8,4
17124,1432,9,4
17125,1432,11,2
17126,1432,13,1
17127,1432,19,4
17128,1432,51,1
17129,1432,21,3
17130,1432,27,3
17131,1433,32,4
17132,1433,33,2
17133,1433,3,1
17134,1433,8,3
17135,1433,9,3
17136,1433,11,1
17137,1433,43,3
17138,1433,45,2
17139,1433,19,3
17140,1433,21,2
17141,1433,27,2
17142,1433,31,4
17143,1434,1,3
17144,1434,2,3
17145,1434,3,2
17146,1434,4,1
17147,1434,5,1
17148,1434,7,2
17149,1434,8,2
17150,1434,9,3
17151,1434,11,3
17152,1434,12,2
17153,1434,19,1
17154,1434,20,2
17155,1434,55,5
17156,1435,32,3
17157,1435,1,5
17158,1435,34,2
17159,1435,3,5
17160,1435,39,5
17161,1435,8,2
17162,1435,40,5
17163,1435,9,4
17164,1435,11,2
17165,1435,13,2
17166,1435,18,2
17167,1435,19,5
17168,1435,21,4
17169,1436,1,4
17170,1436,34,4
17171,1436,3,4
17172,1436,36,5
17173,1436,2,5
17174,1436,39,4
17175,1436,9,4
17176,1436,11,1
17177,1436,21,4
17178,1436,31,4
17179,1437,1,4
17180,1437,3,2
17181,1437,4,2
17182,1437,5,1
17183,1437,7,3
17184,1437,8,2
17185,1437,9,3
17186,1437,11,4
17187,1437,12,3
17188,1437,43,3
17189,1437,18,3
17190,1437,19,2
17191,1437,22,2
17192,1438,3,2
17193,1438,4,4
17194,1438,8,4
17195,1438,9,5
17196,1438,28,3
17197,1438,19,4
17198,1438,51,4
17199,1438,21,5
17200,1438,52,5
17201,1438,55,2
17202,1438,60,2
17203,1439,1,5
17204,1439,3,3
17205,1439,4,4
17206,1439,36,2
17207,1439,6,4
17208,1439,8,4
17209,1439,9,4
17210,1439,43,4
17211,1439,19,3
17212,1439,52,3
17213,1439,21,3
17214,1439,60,4
17215,1440,7,2
17216,1440,9,3
17217,1440,14,1
17218,1440,15,1
17219,1440,16,2
17220,1440,17,4
17221,1440,18,3
17222,1440,19,3
17223,1440,20,2
17224,1440,21,1
17225,1440,31,3
17226,1441,1,2
17227,1441,39,3
17228,1441,8,2
17229,1441,9,3
17230,1441,48,3
17231,1441,20,1
17232,1441,21,1
17233,1441,55,1
17234,1441,24,1
17235,1441,57,1
17236,1441,58,1
17237,1441,30,3
17238,1442,1,1
17239,1442,4,2
17240,1442,5,1
17241,1442,6,2
17242,1442,7,2
17243,1442,8,1
17244,1442,36,3
17245,1442,11,3
17246,1442,12,1
17247,1442,18,3
17248,1442,19,4
17249,1442,30,3
17250,1443,1,2
17251,1443,3,3
17252,1443,8,2
17253,1443,9,2
17254,1443,41,2
17255,1443,11,2
17256,1443,49,2
17257,1443,51,1
17258,1443,19,2
17259,1443,21,1
17260,1443,54,2
17261,1444,33,3
17262,1444,1,3
17263,1444,3,3
17264,1444,36,2
17265,1444,8,1
17266,1444,9,2
17267,1444,59,1
17268,1444,11,5
17269,1444,21,4
17270,1444,27,3
17271,1444,28,3
17272,1445,3,5
17273,1445,5,5
17274,1445,37,4
17275,1445,8,5
17276,1445,9,4
17277,1445,13,4
17278,1445,46,5
17279,1445,47,5
17280,1445,48,5
17281,1445,19,5
17282,1445,21,4
17283,1445,25,4
17284,1445,28,5
17285,1445,30,4
17286,1446,8,5
17287,1446,9,3
17288,1446,11,5
17289,1446,12,2
17290,1446,47,2
17291,1446,15,2
17292,1446,19,4
17293,1446,23,2
17294,1446,21,2
17295,1446,22,3
17296,1446,53,2
17297,1446,58,3
17298,1446,59,3
17299,1446,30,3
17300,1447,3,2
17301,1447,38,1
17302,1447,39,1
17303,1447,8,2
17304,1447,41,1
17305,1447,9,2
17306,1447,40,2
17307,1447,48,4
17308,1447,21,2
17309,1447,23,4
17310,1447,59,2
17311,1448,1,3
17312,1448,33,2
17313,1448,4,3
17314,1448,5,2
17315,1448,6,3
17316,1448,7,2
17317,1448,8,1
17318,1448,11,3
17319,1448,12,1
17320,1448,19,3
17321,1449,32,2
17322,1449,33,1
17323,1449,1,4
17324,1449,3,3
17325,1449,36,3
17326,1449,9,4
17327,1449,11,3
17328,1449,45,3
17329,1449,20,3
17330,1449,24,4
17331,1449,27,2
17332,1449,60,3
17333,1450,32,5
17334,1450,1,5
17335,1450,3,4
17336,1450,9,4
17337,1450,11,5
17338,1450,51,2
17339,1450,20,5
17340,1450,21,5
17341,1450,19,4
17342,1450,25,5
17343,1450,27,5
17344,1450,28,2
17345,1450,30,5
17346,1451,8,4
17347,1451,9,1
17348,1451,41,4
17349,1451,11,2
17350,1451,49,3
17351,1451,50,5
17352,1451,19,5
17353,1451,52,4
17354,1451,51,4
17355,1451,21,3
17356,1451,25,2
17357,1451,28,3
17358,1451,30,2
17359,1452,32,3
17360,1452,1,2
17361,1452,2,2
17362,1452,3,3
17363,1452,36,4
17364,1452,39,2
17365,1452,8,4
17366,1452,9,4
17367,1452,13,4
17368,1452,19,4
17369,1452,20,3
17370,1453,1,2
17371,1453,8,3
17372,1453,9,2
17373,1453,12,3
17374,1453,46,4
17375,1453,48,3
17376,1453,21,2
17377,1453,55,2
17378,1453,56,3
17379,1453,24,1
17380,1453,58,2
17381,1453,59,4
17382,1453,30,1
17383,1454,1,4
17384,1454,8,3
17385,1454,9,3
17386,1454,11,3
17387,1454,48,5
17388,1454,49,3
17389,1454,20,4
17390,1454,21,3
17391,1454,55,2
17392,1454,24,3
17393,1454,57,4
17394,1454,58,3
17395,1454,30,5
17396,1455,3,5
17397,1455,5,3
17398,1455,8,3
17399,1455,9,5
17400,1455,44,4
17401,1455,45,4
17402,1455,46,5
17403,1455,28,3
17404,1455,48,3
17405,1455,21,4
17406,1455,60,4
17407,1456,7,1
17408,1456,39,2
17409,1456,14,1
17410,1456,15,4
17411,1456,17,3
17412,1456,18,3
17413,1456,19,4
17414,1456,20,1
17415,1456,21,2
17416,1456,29,5
17417,1456,30,3
17418,1457,1,4
17419,1457,34,3
17420,1457,3,3
17421,1457,36,3
17422,1457,11,3
17423,1457,14,5
17424,1457,19,4
17425,1457,21,3
17426,1457,57,2
17427,1457,30,4
17428,1457,31,3
17429,1458,33,3
17430,1458,1,3
17431,1458,3,3
17432,1458,36,4
17433,1458,39,1
17434,1458,8,3
17435,1458,9,2
17436,1458,21,4
17437,1458,25,3
17438,1458,26,2
17439,1458,27,3
17440,1459,1,4
17441,1459,33,3
17442,1459,8,3
17443,1459,9,5
17444,1459,48,4
17445,1459,20,4
17446,1459,21,4
17447,1459,55,3
17448,1459,24,2
17449,1459,57,4
17450,1459,58,4
17451,1459,30,5
17452,1460,7,2
17453,1460,8,2
17454,1460,9,1
17455,1460,13,2
17456,1460,14,2
17457,1460,15,3
17458,1460,18,2
17459,1460,21,1
17460,1460,22,4
17461,1460,23,2
17462,1461,26,1
17463,1461,8,2
17464,1461,9,3
17465,1461,11,1
17466,1461,19,4
17467,1461,21,4
17468,1461,22,3
17469,1461,23,4
17470,1461,53,4
17471,1461,58,2
17472,1461,59,4
17473,1461,30,4
17474,1462,1,3
17475,1462,8,4
17476,1462,41,2
17477,1462,9,2
17478,1462,11,2
17479,1462,46,3
17480,1462,49,3
17481,1462,50,1
17482,1462,19,1
17483,1462,51,3
17484,1462,21,3
17485,1462,54,3
17486,1463,7,5
17487,1463,8,5
17488,1463,9,5
17489,1463,13,5
17490,1463,14,5
17491,1463,15,5
17492,1463,17,4
17493,1463,18,5
17494,1463,19,2
17495,1463,20,5
17496,1463,21,5
17497,1463,50,2
17498,1463,25,2
17499,1463,27,4
17500,1463,28,5
17501,1463,30,4
17502,1464,1,4
17503,1464,35,5
17504,1464,36,4
17505,1464,8,5
17506,1464,9,4
17507,1464,19,5
17508,1464,22,2
17509,1464,25,4
17510,1464,28,4
17511,1464,30,4
17512,1464,31,3
17513,1465,1,4
17514,1465,34,2
17515,1465,3,2
17516,1465,36,4
17517,1465,11,4
17518,1465,48,2
17519,1465,19,4
17520,1465,51,5
17521,1465,21,3
17522,1465,30,4
17523,1465,31,3
17524,1466,7,2
17525,1466,42,4
17526,1466,14,2
17527,1466,15,1
17528,1466,17,2
17529,1466,18,4
17530,1466,19,4
17531,1466,20,1
17532,1466,21,2
17533,1466,23,3
17534,1466,28,2
17535,1467,8,4
17536,1467,9,3
17537,1467,11,3
17538,1467,14,2
17539,1467,19,3
17540,1467,23,1
17541,1467,21,3
17542,1467,22,3
17543,1467,53,2
17544,1467,58,1
17545,1467,59,4
17546,1467,30,3
17547,1468,32,5
17548,1468,33,4
17549,1468,3,5
17550,1468,8,4
17551,1468,9,5
17552,1468,11,1
17553,1468,45,3
17554,1468,19,5
17555,1468,21,3
17556,1468,25,3
17557,1468,27,4
17558,1468,29,3
17559,1469,1,3
17560,1469,8,4
17561,1469,41,2
17562,1469,9,2
17563,1469,11,1
17564,1469,49,2
17565,1469,50,1
17566,1469,19,2
17567,1469,51,3
17568,1469,21,3
17569,1469,54,4
17570,1469,23,2
17571,1470,1,4
17572,1470,34,4
17573,1470,3,4
17574,1470,36,5
17575,1470,2,3
17576,1470,9,4
17577,1470,11,3
17578,1470,44,3
17579,1470,45,3
17580,1470,21,3
17581,1470,31,2
17582,1471,1,4
17583,1471,34,3
17584,1471,35,2
17585,1471,36,1
17586,1471,5,2
17587,1471,8,3
17588,1471,43,3
17589,1471,21,1
17590,1471,30,1
17591,1471,31,1
17592,1472,1,4
17593,1472,37,5
17594,1472,39,3
17595,1472,40,4
17596,1472,41,5
17597,1472,42,4
17598,1472,11,4
17599,1472,9,5
17600,1472,16,4
17601,1472,19,5
17602,1472,21,5
17603,1472,25,4
17604,1472,28,5
17605,1472,30,4
17606,1473,1,3
17607,1473,56,1
17608,1473,37,3
17609,1473,9,3
17610,1473,48,2
17611,1473,18,4
17612,1473,20,2
17613,1473,55,3
17614,1473,24,4
17615,1473,57,2
17616,1473,58,2
17617,1473,30,3
17618,1474,3,5
17619,1474,4,5
17620,1474,6,4
17621,1474,8,4
17622,1474,9,3
17623,1474,42,4
17624,1474,51,3
17625,1474,19,2
17626,1474,52,4
17627,1474,21,2
17628,1474,58,2
17629,1474,60,4
17630,1475,3,3
17631,1475,35,2
17632,1475,5,2
17633,1475,37,2
17634,1475,9,3
17635,1475,43,4
17636,1475,45,1
17637,1475,46,5
17638,1475,47,4
17639,1475,20,3
17640,1475,21,2
17641,1475,57,2
17642,1476,1,1
17643,1476,2,5
17644,1476,7,1
17645,1476,8,1
17646,1476,13,2
17647,1476,14,3
17648,1476,15,3
17649,1476,17,4
17650,1476,18,2
17651,1476,19,1
17652,1476,21,2
17653,1477,1,3
17654,1477,34,3
17655,1477,3,2
17656,1477,36,1
17657,1477,42,2
17658,1477,11,3
17659,1477,49,2
17660,1477,19,3
17661,1477,21,2
17662,1477,22,3
17663,1477,25,4
17664,1477,30,3
17665,1477,31,2
17666,1478,3,4
17667,1478,4,4
17668,1478,6,4
17669,1478,39,3
17670,1478,8,2
17671,1478,9,3
17672,1478,42,2
17673,1478,47,3
17674,1478,51,2
17675,1478,19,3
17676,1478,52,4
17677,1478,21,3
17678,1478,60,5
17679,1478,29,4
17680,1479,33,3
17681,1479,3,5
17682,1479,5,2
17683,1479,8,3
17684,1479,9,4
17685,1479,44,4
17686,1479,45,2
17687,1479,46,4
17688,1479,48,3
17689,1479,17,3
17690,1479,21,3
17691,1479,55,3
17692,1479,60,5
17693,1480,32,3
17694,1480,1,5
17695,1480,3,5
17696,1480,39,5
17697,1480,8,2
17698,1480,40,3
17699,1480,9,4
17700,1480,11,4
17701,1480,42,1
17702,1480,19,4
17703,1480,21,4
17704,1480,27,4
17705,1480,60,2
17706,1481,1,1
17707,1481,34,3
17708,1481,39,4
17709,1481,8,2
17710,1481,9,1
17711,1481,47,2
17712,1481,48,2
17713,1481,16,3
17714,1481,21,2
17715,1481,55,2
17716,1481,56,1
17717,1481,24,1
17718,1481,58,2
17719,1481,30,1
17720,1482,1,3
17721,1482,38,2
17722,1482,8,2
17723,1482,9,2
17724,1482,41,2
17725,1482,11,2
17726,1482,49,1
17727,1482,51,1
17728,1482,19,4
17729,1482,21,3
17730,1482,54,4
17731,1483,3,4
17732,1483,4,3
17733,1483,6,5
17734,1483,8,4
17735,1483,9,3
17736,1483,13,2
17737,1483,51,2
17738,1483,19,4
17739,1483,52,4
17740,1483,21,3
17741,1483,60,4
17742,1484,8,3
17743,1484,9,3
17744,1484,11,2
17745,1484,12,1
17746,1484,19,5
17747,1484,21,4
17748,1484,22,3
17749,1484,23,4
17750,1484,53,3
17751,1484,58,3
17752,1484,59,4
17753,1484,30,5
17754,1485,1,2
17755,1485,3,2
17756,1485,35,3
17757,1485,37,2
17758,1485,38,2
17759,1485,39,2
17760,1485,40,2
17761,1485,41,3
17762,1485,42,1
17763,1485,8,2
17764,1485,11,1
17765,1485,19,1
17766,1486,1,3
17767,1486,8,3
17768,1486,9,3
17769,1486,48,4
17770,1486,21,3
17771,1486,55,3
17772,1486,56,4
17773,1486,24,2
17774,1486,58,2
17775,1486,29,2
17776,1486,30,2
17777,1487,1,5
17778,1487,3,5
17779,1487,4,3
17780,1487,5,5
17781,1487,8,5
17782,1487,9,4
17783,1487,13,4
17784,1487,46,5
17785,1487,47,5
17786,1487,48,3
17787,1487,19,5
17788,1487,21,3
17789,1487,25,4
17790,1487,28,5
17791,1487,30,4
17792,1488,3,3
17793,1488,5,4
17794,1488,8,3
17795,1488,43,4
17796,1488,44,3
17797,1488,45,3
17798,1488,13,2
17799,1488,11,5
17800,1488,48,4
17801,1488,19,1
17802,1488,20,2
17803,1488,21,4
17804,1489,1,4
17805,1489,34,4
17806,1489,3,3
17807,1489,36,4
17808,1489,2,4
17809,1489,9,4
17810,1489,11,3
17811,1489,46,3
17812,1489,50,1
17813,1489,19,3
17814,1489,21,5
17815,1489,31,4
17816,1490,8,5
17817,1490,11,5
17818,1490,46,2
17819,1490,19,5
17820,1490,23,5
17821,1490,21,5
17822,1490,22,5
17823,1490,53,5
17824,1490,20,4
17825,1490,25,5
17826,1490,58,4
17827,1490,59,5
17828,1490,28,5
17829,1490,30,4
17830,1491,3,5
17831,1491,4,5
17832,1491,5,5
17833,1491,6,5
17834,1491,8,5
17835,1491,9,4
17836,1491,12,5
17837,1491,19,5
17838,1491,21,5
17839,1492,3,5
17840,1492,5,5
17841,1492,6,1
17842,1492,8,5
17843,1492,9,4
17844,1492,13,5
17845,1492,46,5
17846,1492,47,4
17847,1492,48,5
17848,1492,19,5
17849,1492,21,5
17850,1492,22,2
17851,1492,25,4
17852,1492,28,5
17853,1492,30,4
17854,1493,1,4
17855,1493,3,2
17856,1493,39,4
17857,1493,8,2
17858,1493,40,2
17859,1493,9,2
17860,1493,11,2
17861,1493,19,3
17862,1493,21,3
17863,1494,3,5
17864,1494,5,2
17865,1494,8,4
17866,1494,9,4
17867,1494,44,2
17868,1494,45,3
17869,1494,46,4
17870,1494,48,3
17871,1494,21,3
17872,1494,55,2
17873,1495,34,2
17874,1495,37,3
17875,1495,9,4
17876,1495,11,3
17877,1495,50,4
17878,1495,19,4
17879,1495,21,4
17880,1495,53,2
17881,1495,23,3
17882,1495,22,3
17883,1495,59,3
17884,1495,30,5
17885,1496,1,1
17886,1496,7,3
17887,1496,8,1
17888,1496,9,1
17889,1496,41,3
17890,1496,13,1
17891,1496,15,1
17892,1496,16,3
17893,1496,17,1
17894,1496,18,3
17895,1496,19,1
17896,1496,21,2
17897,1496,22,1
17898,1496,24,2
17899,1497,1,2
17900,1497,7,4
17901,1497,8,2
17902,1497,9,1
17903,1497,13,2
17904,1497,15,3
17905,1497,16,2
17906,1497,17,1
17907,1497,18,2
17908,1497,19,2
17909,1497,21,3
17910,1497,26,3
17911,1498,33,1
17912,1498,8,5
17913,1498,9,5
17914,1498,41,5
17915,1498,11,5
17916,1498,50,5
17917,1498,19,5
17918,1498,52,5
17919,1498,51,4
17920,1498,21,5
17921,1498,25,5
17922,1498,28,4
17923,1498,30,5
17924,1499,32,5
17925,1499,33,4
17926,1499,3,5
17927,1499,8,4
17928,1499,9,5
17929,1499,11,2
17930,1499,45,3
17931,1499,46,1
17932,1499,19,5
17933,1499,21,5
17934,1499,57,4
17935,1499,27,4
17936,1500,3,3
17937,1500,4,2
17938,1500,5,4
17939,1500,6,3
17940,1500,8,3
17941,1500,9,2
17942,1500,12,2
17943,1500,49,3
17944,1500,19,4
17945,1500,21,4
17946,1500,30,3
17947,1501,58,1
17948,1501,9,4
17949,1501,19,4
17950,1501,21,5
17951,1501,53,4
17952,1501,23,4
17953,1501,22,4
17954,1501,26,1
17955,1501,59,4
17956,1501,30,5
17957,1502,3,3
17958,1502,4,4
17959,1502,8,3
17960,1502,9,4
17961,1502,40,1
17962,1502,19,3
17963,1502,51,4
17964,1502,21,5
17965,1502,52,5
17966,1502,60,4
17967,1503,32,5
17968,1503,1,4
17969,1503,3,5
17970,1503,39,2
17971,1503,9,5
17972,1503,11,5
17973,1503,17,1
17974,1503,20,5
17975,1503,21,5
17976,1503,25,4
17977,1503,26,3
17978,1503,27,4
17979,1503,28,4
17980,1503,30,5
17981,1504,1,5
17982,1504,56,2
17983,1504,5,4
17984,1504,9,5
17985,1504,48,3
17986,1504,49,3
17987,1504,18,5
17988,1504,19,5
17989,1504,20,5
17990,1504,21,5
17991,1504,25,5
17992,1504,24,5
17993,1504,57,5
17994,1504,58,5
17995,1504,28,5
17996,1504,30,5
17997,1505,1,3
17998,1505,37,4
17999,1505,39,5
18000,1505,40,5
18001,1505,41,5
18002,1505,42,2
18003,1505,11,4
18004,1505,9,5
18005,1505,19,5
18006,1505,21,4
18007,1505,25,4
18008,1505,28,5
18009,1505,29,1
18010,1505,30,4
18011,1506,1,4
18012,1506,3,4
18013,1506,4,4
18014,1506,6,4
18015,1506,8,4
18016,1506,9,2
18017,1506,44,3
18018,1506,19,2
18019,1506,52,2
18020,1506,21,4
18021,1506,60,5
18022,1507,1,3
18023,1507,5,3
18024,1507,38,3
18025,1507,8,1
18026,1507,9,3
18027,1507,41,2
18028,1507,11,4
18029,1507,49,1
18030,1507,51,1
18031,1507,19,3
18032,1507,21,3
18033,1507,54,4
18034,1507,52,1
18035,1508,1,5
18036,1508,3,4
18037,1508,4,3
18038,1508,6,2
18039,1508,8,4
18040,1508,9,3
18041,1508,19,4
18042,1508,52,2
18043,1508,21,3
18044,1508,60,4
18045,1508,29,3
18046,1508,31,4
18047,1509,3,2
18048,1509,38,1
18049,1509,39,1
18050,1509,8,2
18051,1509,41,2
18052,1509,9,2
18053,1509,40,1
18054,1509,17,2
18055,1509,21,2
18056,1509,56,4
18057,1509,57,3
18058,1510,3,3
18059,1510,8,3
18060,1510,9,3
18061,1510,13,3
18062,1510,46,2
18063,1510,47,4
18064,1510,45,3
18065,1510,21,2
18066,1510,22,4
18067,1510,56,3
18068,1511,1,3
18069,1511,34,5
18070,1511,3,2
18071,1511,36,4
18072,1511,2,4
18073,1511,9,2
18074,1511,11,3
18075,1511,21,5
18076,1511,54,3
18077,1511,31,4
18078,1512,1,5
18079,1512,8,4
18080,1512,9,5
18081,1512,48,3
18082,1512,20,3
18083,1512,21,4
18084,1512,25,5
18085,1512,58,5
18086,1512,28,5
18087,1512,29,3
18088,1512,30,4
18089,1513,1,2
18090,1513,8,2
18091,1513,9,5
18092,1513,44,1
18093,1513,48,5
18094,1513,20,4
18095,1513,21,4
18096,1513,55,3
18097,1513,24,2
18098,1513,57,4
18099,1513,58,3
18100,1513,30,5
18101,1514,3,2
18102,1514,5,2
18103,1514,9,1
18104,1514,43,2
18105,1514,45,2
18106,1514,46,4
18107,1514,47,2
18108,1514,20,1
18109,1514,21,2
18110,1514,52,3
18111,1514,22,3
18112,1514,57,3
18113,1514,26,3
18114,1515,7,5
18115,1515,8,3
18116,1515,9,5
18117,1515,10,1
18118,1515,13,4
18119,1515,14,5
18120,1515,15,5
18121,1515,17,4
18122,1515,18,5
18123,1515,20,4
18124,1515,21,5
18125,1515,25,4
18126,1515,28,5
18127,1515,30,3
18128,1516,1,3
18129,1516,8,2
18130,1516,9,3
18131,1516,41,2
18132,1516,11,3
18133,1516,48,3
18134,1516,49,2
18135,1516,51,2
18136,1516,19,3
18137,1516,21,3
18138,1516,54,4
18139,1516,24,4
18140,1517,1,5
18141,1517,8,4
18142,1517,9,4
18143,1517,48,4
18144,1517,20,4
18145,1517,21,2
18146,1517,25,4
18147,1517,58,2
18148,1517,28,4
18149,1517,30,4
18150,1517,57,5
18151,1518,1,4
18152,1518,34,4
18153,1518,3,3
18154,1518,36,5
18155,1518,2,4
18156,1518,9,4
18157,1518,11,3
18158,1518,21,5
18159,1518,54,3
18160,1518,31,4
18161,1519,32,5
18162,1519,1,5
18163,1519,33,5
18164,1519,3,5
18165,1519,9,5
18166,1519,59,4
18167,1519,11,4
18168,1519,20,5
18169,1519,21,5
18170,1519,53,2
18171,1519,25,4
18172,1519,27,5
18173,1519,28,4
18174,1519,30,3
18175,1520,32,1
18176,1520,3,5
18177,1520,5,5
18178,1520,8,3
18179,1520,9,4
18180,1520,13,4
18181,1520,46,5
18182,1520,47,4
18183,1520,48,4
18184,1520,19,5
18185,1520,21,3
18186,1520,25,4
18187,1520,28,5
18188,1520,30,4
18189,1521,1,2
18190,1521,8,2
18191,1521,9,1
18192,1521,12,2
18193,1521,48,2
18194,1521,17,3
18195,1521,21,2
18196,1521,55,2
18197,1521,56,3
18198,1521,24,1
18199,1521,58,2
18200,1521,27,3
18201,1521,30,2
18202,1522,37,4
18203,1522,8,3
18204,1522,9,1
18205,1522,40,4
18206,1522,11,3
18207,1522,12,5
18208,1522,19,2
18209,1522,23,1
18210,1522,21,1
18211,1522,22,2
18212,1522,53,1
18213,1522,52,2
18214,1522,58,2
18215,1522,59,2
18216,1522,30,2
18217,1523,3,2
18218,1523,5,2
18219,1523,9,1
18220,1523,43,2
18221,1523,44,2
18222,1523,45,1
18223,1523,46,3
18224,1523,47,1
18225,1523,15,2
18226,1523,20,1
18227,1523,21,1
18228,1523,25,2
18229,1524,3,3
18230,1524,4,4
18231,1524,8,4
18232,1524,9,4
18233,1524,41,2
18234,1524,19,4
18235,1524,51,4
18236,1524,21,4
18237,1524,52,5
18238,1524,60,3
18239,1525,32,4
18240,1525,33,1
18241,1525,3,3
18242,1525,8,1
18243,1525,9,3
18244,1525,11,1
18245,1525,43,2
18246,1525,19,3
18247,1525,21,2
18248,1525,27,2
18249,1526,1,4
18250,1526,4,4
18251,1526,5,3
18252,1526,6,5
18253,1526,7,4
18254,1526,8,2
18255,1526,11,4
18256,1526,12,3
18257,1526,18,1
18258,1526,19,5
18259,1526,51,1
18260,1526,22,2
18261,1527,1,3
18262,1527,38,4
18263,1527,8,3
18264,1527,9,3
18265,1527,41,4
18266,1527,11,2
18267,1527,50,5
18268,1527,19,4
18269,1527,52,4
18270,1527,51,3
18271,1527,21,4
18272,1527,25,3
18273,1527,28,4
18274,1527,30,3
18275,1528,1,5
18276,1528,3,4
18277,1528,8,2
18278,1528,9,5
18279,1528,13,4
18280,1528,47,4
18281,1528,48,4
18282,1528,20,5
18283,1528,21,2
18284,1528,25,5
18285,1528,58,4
18286,1528,28,4
18287,1528,30,2
18288,1529,37,1
18289,1529,8,3
18290,1529,11,4
18291,1529,46,4
18292,1529,18,5
18293,1529,19,3
18294,1529,23,3
18295,1529,21,2
18296,1529,22,3
18297,1529,53,3
18298,1529,25,2
18299,1529,58,1
18300,1529,59,2
18301,1529,28,3
18302,1529,30,2
18303,1529,31,5
18304,1530,1,5
18305,1530,8,3
18306,1530,9,3
18307,1530,41,4
18308,1530,11,4
18309,1530,49,4
18310,1530,50,5
18311,1530,19,5
18312,1530,51,4
18313,1530,21,3
18314,1530,54,3
18315,1531,1,5
18316,1531,8,4
18317,1531,9,4
18318,1531,40,3
18319,1531,48,4
18320,1531,20,2
18321,1531,21,3
18322,1531,25,4
18323,1531,58,4
18324,1531,28,4
18325,1531,30,4
18326,1532,1,1
18327,1532,34,3
18328,1532,3,2
18329,1532,36,3
18330,1532,7,3
18331,1532,10,2
18332,1532,11,3
18333,1532,19,2
18334,1532,21,2
18335,1532,58,2
18336,1532,30,3
18337,1532,31,2
18338,1533,3,5
18339,1533,5,5
18340,1533,8,5
18341,1533,9,4
18342,1533,13,4
18343,1533,46,5
18344,1533,47,5
18345,1533,48,5
18346,1533,19,5
18347,1533,51,2
18348,1533,21,5
18349,1533,25,2
18350,1533,27,2
18351,1533,28,5
18352,1533,30,4
18353,1534,1,3
18354,1534,7,2
18355,1534,8,3
18356,1534,40,5
18357,1534,13,4
18358,1534,14,3
18359,1534,15,5
18360,1534,17,4
18361,1534,18,2
18362,1534,19,4
18363,1534,21,3
18364,1534,54,2
18365,1534,25,4
18366,1534,28,3
18367,1535,8,2
18368,1535,9,3
18369,1535,41,4
18370,1535,11,3
18371,1535,50,4
18372,1535,19,3
18373,1535,52,5
18374,1535,51,5
18375,1535,21,5
18376,1535,25,2
18377,1535,28,2
18378,1535,30,2
18379,1536,1,5
18380,1536,56,4
18381,1536,8,4
18382,1536,9,5
18383,1536,13,3
18384,1536,48,4
18385,1536,19,4
18386,1536,20,5
18387,1536,21,3
18388,1536,25,3
18389,1536,24,5
18390,1536,57,5
18391,1536,58,5
18392,1536,28,5
18393,1536,30,5
18394,1537,32,1
18395,1537,33,1
18396,1537,1,3
18397,1537,3,2
18398,1537,36,2
18399,1537,34,1
18400,1537,9,3
18401,1537,11,1
18402,1537,43,3
18403,1537,20,4
18404,1537,27,2
18405,1538,1,4
18406,1538,33,2
18407,1538,56,1
18408,1538,9,3
18409,1538,48,3
18410,1538,20,1
18411,1538,52,2
18412,1538,55,4
18413,1538,24,4
18414,1538,57,2
18415,1538,58,4
18416,1538,30,4
18417,1539,34,2
18418,1539,35,2
18419,1539,36,1
18420,1539,5,2
18421,1539,8,2
18422,1539,40,4
18423,1539,21,1
18424,1539,53,3
18425,1539,30,3
18426,1539,31,2
18427,1540,8,4
18428,1540,9,2
18429,1540,42,5
18430,1540,11,3
18431,1540,13,4
18432,1540,47,4
18433,1540,19,3
18434,1540,23,3
18435,1540,21,3
18436,1540,22,3
18437,1540,53,2
18438,1540,58,3
18439,1540,59,3
18440,1540,30,3
18441,1541,36,2
18442,1541,7,5
18443,1541,8,5
18444,1541,11,5
18445,1541,12,3
18446,1541,19,4
18447,1541,23,5
18448,1541,21,5
18449,1541,22,5
18450,1541,53,5
18451,1541,25,5
18452,1541,58,5
18453,1541,59,5
18454,1541,28,5
18455,1541,30,4
18456,1542,1,2
18457,1542,2,1
18458,1542,3,2
18459,1542,4,2
18460,1542,8,1
18461,1542,9,2
18462,1542,46,2
18463,1542,19,4
18464,1542,51,3
18465,1542,60,2
18466,1543,3,5
18467,1543,5,5
18468,1543,8,4
18469,1543,9,4
18470,1543,13,4
18471,1543,46,5
18472,1543,47,5
18473,1543,48,5
18474,1543,49,3
18475,1543,19,4
18476,1543,21,4
18477,1543,25,5
18478,1543,28,5
18479,1543,30,3
18480,1544,1,5
18481,1544,37,5
18482,1544,39,5
18483,1544,40,5
18484,1544,41,5
18485,1544,42,4
18486,1544,11,4
18487,1544,9,5
18488,1544,45,2
18489,1544,60,3
18490,1544,19,5
18491,1544,51,1
18492,1544,21,5
18493,1544,25,4
18494,1544,28,5
18495,1544,30,3
18496,1544,31,2
18497,1545,38,4
18498,1545,7,4
18499,1545,8,5
18500,1545,9,5
18501,1545,6,1
18502,1545,13,4
18503,1545,14,4
18504,1545,15,4
18505,1545,17,4
18506,1545,18,4
18507,1545,20,5
18508,1545,21,3
18509,1545,25,4
18510,1545,28,5
18511,1545,30,4
18512,1546,1,3
18513,1546,2,4
18514,1546,3,4
18515,1546,5,3
18516,1546,6,4
18517,1546,8,3
18518,1546,9,2
18519,1546,11,3
18520,1546,12,2
18521,1546,19,1
18522,1546,21,3
18523,1546,23,3
18524,1547,1,5
18525,1547,8,4
18526,1547,9,5
18527,1547,12,3
18528,1547,48,5
18529,1547,20,5
18530,1547,21,3
18531,1547,24,1
18532,1547,25,5
18533,1547,58,5
18534,1547,59,3
18535,1547,28,5
18536,1547,30,5
18537,1548,1,1
18538,1548,3,2
18539,1548,37,3
18540,1548,38,2
18541,1548,8,3
18542,1548,41,3
18543,1548,40,2
18544,1548,11,2
18545,1548,19,2
18546,1548,23,3
18547,1549,32,4
18548,1549,1,4
18549,1549,34,4
18550,1549,3,4
18551,1549,36,5
18552,1549,2,4
18553,1549,38,3
18554,1549,33,3
18555,1549,9,3
18556,1549,11,1
18557,1549,17,3
18558,1549,21,5
18559,1549,31,4
18560,1550,3,2
18561,1550,4,3
18562,1550,5,3
18563,1550,6,3
18564,1550,8,4
18565,1550,9,2
18566,1550,12,3
18567,1550,45,3
18568,1550,19,2
18569,1550,21,2
18570,1551,1,3
18571,1551,8,1
18572,1551,9,4
18573,1551,48,4
18574,1551,20,3
18575,1551,21,2
18576,1551,55,2
18577,1551,24,2
18578,1551,57,3
18579,1551,58,1
18580,1551,30,2
18581,1552,3,3
18582,1552,5,4
18583,1552,8,2
18584,1552,40,2
18585,1552,43,3
18586,1552,44,2
18587,1552,45,3
18588,1552,13,4
18589,1552,48,4
18590,1552,19,3
18591,1552,20,3
18592,1552,60,2
18593,1553,1,4
18594,1553,7,3
18595,1553,8,5
18596,1553,41,1
18597,1553,9,4
18598,1553,11,3
18599,1553,13,3
18600,1553,16,3
18601,1553,49,4
18602,1553,50,4
18603,1553,19,3
18604,1553,51,4
18605,1553,21,4
18606,1553,54,5
18607,1554,32,3
18608,1554,8,4
18609,1554,9,4
18610,1554,41,5
18611,1554,11,3
18612,1554,50,5
18613,1554,19,5
18614,1554,52,3
18615,1554,51,5
18616,1554,21,5
18617,1554,25,4
18618,1554,28,4
18619,1554,30,5
18620,1555,3,3
18621,1555,4,3
18622,1555,8,2
18623,1555,9,3
18624,1555,13,2
18625,1555,46,3
18626,1555,47,2
18627,1555,45,1
18628,1555,21,4
18629,1555,59,1
18630,1556,3,2
18631,1556,8,4
18632,1556,9,1
18633,1556,11,4
18634,1556,17,2
18635,1556,19,3
18636,1556,23,2
18637,1556,21,3
18638,1556,22,3
18639,1556,53,1
18640,1556,58,3
18641,1556,59,3
18642,1556,30,3
18643,1557,1,3
18644,1557,34,3
18645,1557,3,3
18646,1557,36,2
18647,1557,2,3
18648,1557,4,3
18649,1557,9,2
18650,1557,11,2
18651,1557,46,3
18652,1557,50,3
18653,1557,21,4
18654,1557,31,4
18655,1558,33,3
18656,1558,1,3
18657,1558,3,3
18658,1558,36,3
18659,1558,35,4
18660,1558,8,2
18661,1558,9,2
18662,1558,21,3
18663,1558,27,4
18664,1559,3,5
18665,1559,4,5
18666,1559,5,5
18667,1559,6,4
18668,1559,8,5
18669,1559,9,4
18670,1559,12,5
18671,1559,14,3
18672,1559,19,5
18673,1559,21,5
18674,1559,26,3
18675,1560,1,4
18676,1560,2,3
18677,1560,56,3
18678,1560,9,3
18679,1560,48,4
18680,1560,20,3
18681,1560,55,5
18682,1560,24,4
18683,1560,57,3
18684,1560,58,3
18685,1560,30,5
18686,1561,1,4
18687,1561,8,3
18688,1561,9,1
18689,1561,10,2
18690,1561,11,3
18691,1561,48,3
18692,1561,20,3
18693,1561,21,1
18694,1561,24,3
18695,1561,25,3
18696,1561,58,2
18697,1561,28,3
18698,1561,30,3
18699,1562,1,3
18700,1562,34,4
18701,1562,35,5
18702,1562,36,5
18703,1562,5,4
18704,1562,11,2
18705,1562,50,2
18706,1562,21,4
18707,1562,22,4
18708,1562,30,4
18709,1562,31,4
18710,1563,1,2
18711,1563,3,3
18712,1563,37,4
18713,1563,38,3
18714,1563,39,2
18715,1563,40,2
18716,1563,41,3
18717,1563,42,3
18718,1563,8,1
18719,1563,11,2
18720,1563,45,2
18721,1563,19,3
18722,1563,22,3
18723,1563,59,3
18724,1564,3,5
18725,1564,4,5
18726,1564,5,5
18727,1564,6,4
18728,1564,8,5
18729,1564,9,5
18730,1564,12,5
18731,1564,46,2
18732,1564,19,5
18733,1564,21,5
18734,1564,24,3
18735,1565,8,4
18736,1565,11,4
18737,1565,12,1
18738,1565,19,3
18739,1565,23,5
18740,1565,21,4
18741,1565,22,3
18742,1565,53,4
18743,1565,25,2
18744,1565,58,3
18745,1565,59,4
18746,1565,28,4
18747,1565,30,2
18748,1566,3,4
18749,1566,4,2
18750,1566,35,4
18751,1566,6,3
18752,1566,8,3
18753,1566,9,2
18754,1566,18,2
18755,1566,51,2
18756,1566,19,3
18757,1566,52,3
18758,1566,21,2
18759,1566,60,4
18760,1567,32,3
18761,1567,1,5
18762,1567,35,5
18763,1567,36,5
18764,1567,38,2
18765,1567,39,1
18766,1567,8,5
18767,1567,9,5
18768,1567,19,5
18769,1567,25,5
18770,1567,28,5
18771,1567,30,3
18772,1567,31,3
18773,1568,32,2
18774,1568,1,5
18775,1568,3,5
18776,1568,39,5
18777,1568,8,4
18778,1568,40,3
18779,1568,9,4
18780,1568,11,3
18781,1568,17,1
18782,1568,19,5
18783,1568,21,4
18784,1568,28,5
18785,1569,8,4
18786,1569,9,3
18787,1569,41,4
18788,1569,11,3
18789,1569,12,3
18790,1569,15,3
18791,1569,50,5
18792,1569,19,4
18793,1569,52,4
18794,1569,51,4
18795,1569,21,4
18796,1569,25,4
18797,1569,28,2
18798,1569,30,3
18799,1570,1,2
18800,1570,56,3
18801,1570,9,3
18802,1570,41,3
18803,1570,14,3
18804,1570,48,4
18805,1570,49,2
18806,1570,20,2
18807,1570,55,4
18808,1570,24,4
18809,1570,57,4
18810,1570,58,3
18811,1570,30,2
18812,1571,3,2
18813,1571,5,3
18814,1571,9,3
18815,1571,41,4
18816,1571,43,3
18817,1571,45,3
18818,1571,46,3
18819,1571,47,3
18820,1571,20,1
18821,1571,21,2
18822,1572,3,1
18823,1572,4,2
18824,1572,8,2
18825,1572,9,2
18826,1572,42,4
18827,1572,44,2
18828,1572,19,2
18829,1572,51,2
18830,1572,21,3
18831,1572,52,3
18832,1572,25,2
18833,1572,60,2
18834,1573,3,2
18835,1573,5,2
18836,1573,7,5
18837,1573,8,2
18838,1573,43,2
18839,1573,44,2
18840,1573,45,1
18841,1573,13,3
18842,1573,48,4
18843,1573,19,2
18844,1573,20,1
18845,1574,1,3
18846,1574,34,3
18847,1574,35,4
18848,1574,36,5
18849,1574,5,2
18850,1574,2,4
18851,1574,11,3
18852,1574,52,2
18853,1574,21,5
18854,1574,30,5
18855,1574,31,4
18856,1575,1,5
18857,1575,35,4
18858,1575,36,5
18859,1575,8,5
18860,1575,9,4
18861,1575,13,1
18862,1575,19,5
18863,1575,24,3
18864,1575,25,5
18865,1575,28,4
18866,1575,30,5
18867,1575,31,4
18868,1576,32,2
18869,1576,33,4
18870,1576,1,4
18871,1576,3,4
18872,1576,36,4
18873,1576,9,5
18874,1576,10,3
18875,1576,11,4
18876,1576,18,2
18877,1576,20,3
18878,1576,21,3
18879,1576,54,3
18880,1576,27,3
18881,1577,7,2
18882,1577,8,1
18883,1577,9,2
18884,1577,13,2
18885,1577,14,2
18886,1577,15,3
18887,1577,48,4
18888,1577,18,1
18889,1577,21,1
18890,1578,1,2
18891,1578,7,3
18892,1578,8,1
18893,1578,9,1
18894,1578,12,2
18895,1578,13,1
18896,1578,15,1
18897,1578,16,2
18898,1578,17,2
18899,1578,18,2
18900,1578,19,1
18901,1578,21,2
18902,1578,57,4
18903,1579,3,5
18904,1579,5,5
18905,1579,6,3
18906,1579,37,2
18907,1579,8,3
18908,1579,9,2
18909,1579,11,3
18910,1579,19,5
18911,1579,21,5
18912,1579,25,5
18913,1579,28,5
18914,1579,30,5
18915,1580,1,2
18916,1580,2,1
18917,1580,3,2
18918,1580,37,4
18919,1580,38,3
18920,1580,6,2
18921,1580,8,4
18922,1580,41,2
18923,1580,40,2
18924,1580,11,3
18925,1580,7,1
18926,1580,19,3
18927,1581,3,4
18928,1581,5,4
18929,1581,9,3
18930,1581,43,4
18931,1581,12,2
18932,1581,45,3
18933,1581,46,4
18934,1581,47,4
18935,1581,20,3
18936,1581,21,4
18937,1581,53,1
18938,1581,29,4
18939,1582,32,3
18940,1582,33,3
18941,1582,3,4
18942,1582,8,3
18943,1582,9,4
18944,1582,11,1
18945,1582,19,5
18946,1582,21,3
18947,1582,27,3
18948,1582,29,3
18949,1583,1,4
18950,1583,4,4
18951,1583,5,3
18952,1583,6,4
18953,1583,7,4
18954,1583,8,3
18955,1583,11,3
18956,1583,12,3
18957,1583,46,4
18958,1583,15,3
18959,1583,19,5
18960,1583,24,3
18961,1583,30,2
18962,1584,1,3
18963,1584,35,2
18964,1584,4,3
18965,1584,5,2
18966,1584,6,1
18967,1584,7,3
18968,1584,8,2
18969,1584,11,3
18970,1584,12,2
18971,1584,19,4
18972,1584,22,4
18973,1584,31,1
18974,1585,3,2
18975,1585,4,1
18976,1585,6,2
18977,1585,8,1
18978,1585,9,1
18979,1585,40,2
18980,1585,11,4
18981,1585,51,1
18982,1585,19,2
18983,1585,52,2
18984,1585,21,1
18985,1585,60,2
18986,1586,3,5
18987,1586,5,3
18988,1586,6,3
18989,1586,8,5
18990,1586,9,4
18991,1586,11,5
18992,1586,19,5
18993,1586,21,4
18994,1586,25,5
18995,1586,28,5
18996,1586,30,4
18997,1586,57,2
18998,1587,1,5
18999,1587,8,5
19000,1587,9,3
19001,1587,42,1
19002,1587,15,2
19003,1587,48,4
19004,1587,20,4
19005,1587,21,3
19006,1587,54,3
19007,1587,25,5
19008,1587,58,4
19009,1587,28,3
19010,1587,30,4
19011,1588,1,2
19012,1588,3,3
19013,1588,37,3
19014,1588,38,4
19015,1588,39,3
19016,1588,40,3
19017,1588,41,4
19018,1588,42,4
19019,1588,8,3
19020,1588,11,1
19021,1588,17,3
19022,1588,19,3
19023,1589,3,4
19024,1589,4,3
19025,1589,37,5
19026,1589,6,3
19027,1589,8,3
19028,1589,9,1
19029,1589,51,2
19030,1589,19,4
19031,1589,52,3
19032,1589,21,2
19033,1589,55,3
19034,1589,60,3
19035,1590,1,4
19036,1590,34,3
19037,1590,35,4
19038,1590,36,5
19039,1590,6,2
19040,1590,8,4
19041,1590,9,2
19042,1590,19,4
19043,1590,25,3
19044,1590,28,4
19045,1590,30,3
19046,1590,31,3
19047,1591,4,3
19048,1591,39,4
19049,1591,9,3
19050,1591,19,3
19051,1591,21,4
19052,1591,53,3
19053,1591,23,4
19054,1591,22,5
19055,1591,26,2
19056,1591,59,2
19057,1591,30,5
19058,1592,1,2
19059,1592,33,4
19060,1592,39,4
19061,1592,8,1
19062,1592,9,3
19063,1592,11,2
19064,1592,48,4
19065,1592,20,3
19066,1592,21,3
19067,1592,55,2
19068,1592,24,1
19069,1592,57,1
19070,1592,58,1
19071,1592,30,3
19072,1593,32,4
19073,1593,33,2
19074,1593,3,4
19075,1593,37,5
19076,1593,8,3
19077,1593,9,2
19078,1593,11,3
19079,1593,19,4
19080,1593,21,1
19081,1593,27,1
19082,1594,1,3
19083,1594,7,4
19084,1594,8,1
19085,1594,41,4
19086,1594,13,3
19087,1594,14,4
19088,1594,15,4
19089,1594,17,4
19090,1594,18,1
19091,1594,19,3
19092,1594,21,4
19093,1595,1,1
19094,1595,2,3
19095,1595,7,3
19096,1595,8,1
19097,1595,9,2
19098,1595,13,1
19099,1595,15,1
19100,1595,16,1
19101,1595,17,1
19102,1595,18,2
19103,1595,19,1
19104,1595,21,3
19105,1596,1,3
19106,1596,3,2
19107,1596,5,3
19108,1596,7,2
19109,1596,9,2
19110,1596,43,4
19111,1596,45,2
19112,1596,46,4
19113,1596,47,3
19114,1596,18,4
19115,1596,20,2
19116,1596,21,3
19117,1596,55,2
19118,1597,7,4
19119,1597,8,3
19120,1597,9,3
19121,1597,13,4
19122,1597,14,1
19123,1597,15,4
19124,1597,48,2
19125,1597,18,3
19126,1597,21,2
19127,1597,60,1
19128,1598,3,3
19129,1598,4,2
19130,1598,5,5
19131,1598,6,4
19132,1598,8,3
19133,1598,9,1
19134,1598,42,2
19135,1598,43,3
19136,1598,12,5
19137,1598,19,4
19138,1598,21,5
19139,1598,30,3
19140,1599,1,2
19141,1599,38,3
19142,1599,8,3
19143,1599,9,2
19144,1599,48,2
19145,1599,21,2
19146,1599,55,2
19147,1599,56,2
19148,1599,24,1
19149,1599,58,2
19150,1599,30,1
19151,1600,1,3
19152,1600,6,3
19153,1600,8,4
19154,1600,41,2
19155,1600,9,3
19156,1600,11,2
19157,1600,47,3
19158,1600,49,3
19159,1600,50,2
19160,1600,19,3
19161,1600,51,3
19162,1600,21,3
19163,1600,54,3
19164,1600,28,3
19165,1600,29,4
19166,1601,1,1
19167,1601,8,2
19168,1601,9,2
19169,1601,41,2
19170,1601,11,2
19171,1601,49,1
19172,1601,51,1
19173,1601,19,2
19174,1601,21,2
19175,1601,54,2
19176,1601,31,2
19177,1602,3,4
19178,1602,5,2
19179,1602,38,3
19180,1602,39,1
19181,1602,8,4
19182,1602,9,4
19183,1602,44,4
19184,1602,45,3
19185,1602,46,5
19186,1602,48,3
19187,1602,21,3
19188,1602,22,3
19189,1603,1,2
19190,1603,3,4
19191,1603,6,3
19192,1603,8,1
19193,1603,9,1
19194,1603,47,3
19195,1603,51,1
19196,1603,21,2
19197,1603,60,1
19198,1604,3,3
19199,1604,5,2
19200,1604,38,2
19201,1604,8,1
19202,1604,41,4
19203,1604,42,3
19204,1604,43,1
19205,1604,44,2
19206,1604,45,2
19207,1604,13,2
19208,1604,48,3
19209,1604,19,2
19210,1604,20,3
19211,1605,3,3
19212,1605,5,3
19213,1605,9,2
19214,1605,43,3
19215,1605,44,2
19216,1605,45,2
19217,1605,46,3
19218,1605,47,3
19219,1605,20,2
19220,1605,21,3
19221,1606,1,4
19222,1606,56,2
19223,1606,9,3
19224,1606,48,2
19225,1606,20,2
19226,1606,25,3
19227,1606,55,4
19228,1606,24,4
19229,1606,57,3
19230,1606,58,2
19231,1606,30,3
19232,1607,1,3
19233,1607,36,2
19234,1607,7,3
19235,1607,8,1
19236,1607,42,1
19237,1607,13,3
19238,1607,14,4
19239,1607,15,4
19240,1607,16,2
19241,1607,17,4
19242,1607,18,2
19243,1607,19,3
19244,1607,21,3
19245,1608,1,2
19246,1608,3,3
19247,1608,37,1
19248,1608,38,3
19249,1608,39,2
19250,1608,40,2
19251,1608,41,3
19252,1608,42,3
19253,1608,8,2
19254,1608,11,2
19255,1608,44,3
19256,1608,47,3
19257,1608,19,3
19258,1608,55,2
19259,1609,3,3
19260,1609,4,4
19261,1609,5,4
19262,1609,6,3
19263,1609,8,3
19264,1609,9,2
19265,1609,43,2
19266,1609,12,2
19267,1609,50,3
19268,1609,19,3
19269,1609,21,5
19270,1610,1,4
19271,1610,34,5
19272,1610,35,3
19273,1610,36,5
19274,1610,5,4
19275,1610,37,4
19276,1610,11,3
19277,1610,16,5
19278,1610,21,4
19279,1610,57,1
19280,1610,30,5
19281,1610,31,4
19282,1611,35,1
19283,1611,8,2
19284,1611,9,3
19285,1611,11,2
19286,1611,19,4
19287,1611,52,3
19288,1611,21,3
19289,1611,22,3
19290,1611,23,3
19291,1611,53,3
19292,1611,58,4
19293,1611,59,5
19294,1611,30,4
19295,1612,3,3
19296,1612,8,4
19297,1612,9,3
19298,1612,10,3
19299,1612,13,3
19300,1612,46,3
19301,1612,47,4
19302,1612,45,4
19303,1612,48,3
19304,1612,21,4
19305,1612,57,1
19306,1613,1,3
19307,1613,2,2
19308,1613,3,2
19309,1613,4,3
19310,1613,8,1
19311,1613,9,3
19312,1613,16,3
19313,1613,19,5
19314,1613,51,4
19315,1613,60,2
19316,1614,32,2
19317,1614,33,1
19318,1614,1,5
19319,1614,3,3
19320,1614,36,4
19321,1614,9,5
19322,1614,11,3
19323,1614,20,5
19324,1614,22,5
19325,1614,27,4
19326,1615,32,4
19327,1615,33,3
19328,1615,1,5
19329,1615,3,4
19330,1615,36,2
19331,1615,35,1
19332,1615,9,5
19333,1615,11,4
19334,1615,45,2
19335,1615,20,4
19336,1615,27,4
19337,1616,1,2
19338,1616,7,2
19339,1616,8,1
19340,1616,13,2
19341,1616,14,3
19342,1616,15,3
19343,1616,17,3
19344,1616,18,1
19345,1616,19,2
19346,1616,21,3
19347,1616,56,4
19348,1617,34,3
19349,1617,35,2
19350,1617,36,1
19351,1617,5,1
19352,1617,8,1
19353,1617,45,3
19354,1617,21,1
19355,1617,30,2
19356,1617,31,2
19357,1618,1,5
19358,1618,8,4
19359,1618,9,4
19360,1618,41,3
19361,1618,11,2
19362,1618,14,5
19363,1618,49,3
19364,1618,50,4
19365,1618,19,5
19366,1618,51,2
19367,1618,21,3
19368,1618,54,5
19369,1618,22,1
19370,1618,24,3
19371,1619,3,4
19372,1619,4,2
19373,1619,6,2
19374,1619,8,2
19375,1619,9,1
19376,1619,48,3
19377,1619,51,1
19378,1619,19,2
19379,1619,52,2
19380,1619,21,1
19381,1619,60,1
19382,1620,3,3
19383,1620,38,1
19384,1620,39,2
19385,1620,8,3
19386,1620,41,2
19387,1620,9,3
19388,1620,40,2
19389,1620,21,4
19390,1621,32,5
19391,1621,33,4
19392,1621,3,5
19393,1621,8,4
19394,1621,9,5
19395,1621,11,4
19396,1621,19,4
19397,1621,21,4
19398,1621,57,2
19399,1621,27,2
19400,1622,35,2
19401,1622,8,5
19402,1622,42,3
19403,1622,11,5
19404,1622,19,4
19405,1622,23,5
19406,1622,21,5
19407,1622,22,5
19408,1622,53,3
19409,1622,25,5
19410,1622,58,5
19411,1622,59,4
19412,1622,28,5
19413,1622,30,2
19414,1623,1,4
19415,1623,3,3
19416,1623,5,3
19417,1623,6,2
19418,1623,9,2
19419,1623,43,3
19420,1623,45,2
19421,1623,46,4
19422,1623,47,3
19423,1623,20,2
19424,1623,21,3
19425,1623,53,4
19426,1623,31,4
19427,1624,1,3
19428,1624,2,4
19429,1624,3,4
19430,1624,4,3
19431,1624,35,3
19432,1624,8,2
19433,1624,9,1
19434,1624,40,3
19435,1624,19,4
19436,1624,51,4
19437,1624,60,2
19438,1625,1,5
19439,1625,33,2
19440,1625,35,4
19441,1625,37,3
19442,1625,8,4
19443,1625,9,4
19444,1625,48,2
19445,1625,20,3
19446,1625,21,3
19447,1625,55,2
19448,1625,25,2
19449,1625,58,3
19450,1625,28,4
19451,1625,30,4
19452,1626,1,4
19453,1626,6,2
19454,1626,39,2
19455,1626,8,5
19456,1626,41,3
19457,1626,9,3
19458,1626,11,3
19459,1626,49,5
19460,1626,50,2
19461,1626,19,3
19462,1626,51,4
19463,1626,21,4
19464,1626,54,5
19465,1626,18,1
19466,1627,1,5
19467,1627,8,5
19468,1627,9,5
19469,1627,41,4
19470,1627,11,4
19471,1627,13,3
19472,1627,49,4
19473,1627,50,4
19474,1627,19,3
19475,1627,51,4
19476,1627,21,3
19477,1627,54,5
19478,1628,8,2
19479,1628,9,4
19480,1628,16,3
19481,1628,19,4
19482,1628,21,3
19483,1628,53,4
19484,1628,23,4
19485,1628,22,4
19486,1628,59,4
19487,1628,29,3
19488,1628,30,5
19489,1629,32,1
19490,1629,8,4
19491,1629,9,3
19492,1629,41,4
19493,1629,11,3
19494,1629,50,3
19495,1629,19,4
19496,1629,52,2
19497,1629,51,4
19498,1629,21,5
19499,1629,54,1
19500,1629,55,2
19501,1629,25,3
19502,1629,28,2
19503,1629,30,3
19504,1630,2,4
19505,1630,8,5
19506,1630,9,2
19507,1630,11,4
19508,1630,19,3
19509,1630,23,2
19510,1630,21,3
19511,1630,22,1
19512,1630,53,1
19513,1630,58,3
19514,1630,59,3
19515,1630,30,3
19516,1631,1,2
19517,1631,7,3
19518,1631,8,2
19519,1631,43,3
19520,1631,13,3
19521,1631,14,3
19522,1631,15,3
19523,1631,17,4
19524,1631,18,2
19525,1631,19,3
19526,1631,21,4
19527,1631,55,2
19528,1631,59,5
19529,1632,32,3
19530,1632,1,3
19531,1632,3,2
19532,1632,36,4
19533,1632,8,2
19534,1632,9,3
19535,1632,41,3
19536,1632,43,2
19537,1632,13,3
19538,1632,19,3
19539,1632,20,3
19540,1632,57,2
19541,1633,8,2
19542,1633,9,4
19543,1633,11,2
19544,1633,12,4
19545,1633,19,4
19546,1633,21,3
19547,1633,22,3
19548,1633,23,3
19549,1633,53,3
19550,1633,58,3
19551,1633,59,4
19552,1633,30,4
19553,1634,1,3
19554,1634,34,4
19555,1634,3,2
19556,1634,36,3
19557,1634,10,3
19558,1634,11,2
19559,1634,19,3
19560,1634,21,2
19561,1634,57,1
19562,1634,30,3
19563,1634,31,1
19564,1635,2,5
19565,1635,8,3
19566,1635,9,3
19567,1635,41,4
19568,1635,11,3
19569,1635,40,3
19570,1635,47,2
19571,1635,50,3
19572,1635,19,4
19573,1635,52,4
19574,1635,51,2
19575,1635,21,5
19576,1635,25,3
19577,1635,28,3
19578,1635,30,3
19579,1636,7,2
19580,1636,40,4
19581,1636,14,2
19582,1636,15,3
19583,1636,17,3
19584,1636,18,2
19585,1636,19,4
19586,1636,20,2
19587,1636,21,4
19588,1636,52,4
19589,1636,27,4
19590,1637,1,5
19591,1637,37,5
19592,1637,39,5
19593,1637,40,5
19594,1637,41,3
19595,1637,42,2
19596,1637,11,4
19597,1637,9,4
19598,1637,19,5
19599,1637,21,5
19600,1637,25,4
19601,1637,28,5
19602,1637,30,4
19603,1637,57,2
19604,1638,1,5
19605,1638,34,1
19606,1638,3,4
19607,1638,4,3
19608,1638,6,4
19609,1638,8,4
19610,1638,9,4
19611,1638,40,5
19612,1638,19,4
19613,1638,52,3
19614,1638,21,4
19615,1638,57,1
19616,1638,60,5
19617,1639,1,3
19618,1639,2,3
19619,1639,3,1
19620,1639,7,3
19621,1639,8,2
19622,1639,13,3
19623,1639,14,4
19624,1639,15,4
19625,1639,17,3
19626,1639,18,2
19627,1639,19,2
19628,1639,21,4
19629,1639,31,1
19630,1640,5,5
19631,1640,8,2
19632,1640,9,2
19633,1640,19,1
19634,1640,53,2
19635,1640,21,1
19636,1640,22,1
19637,1640,58,3
19638,1640,59,1
19639,1640,30,2
19640,1641,3,2
19641,1641,4,3
19642,1641,8,2
19643,1641,9,3
19644,1641,43,2
19645,1641,17,3
19646,1641,19,3
19647,1641,51,3
19648,1641,21,4
19649,1641,52,4
19650,1641,60,2
19651,1642,34,4
19652,1642,35,1
19653,1642,36,3
19654,1642,5,2
19655,1642,8,3
19656,1642,19,3
19657,1642,21,2
19658,1642,30,3
19659,1642,31,2
19660,1643,1,3
19661,1643,2,2
19662,1643,3,2
19663,1643,6,2
19664,1643,8,2
19665,1643,9,2
19666,1643,48,4
19667,1643,17,4
19668,1643,51,1
19669,1643,21,1
19670,1643,60,2
19671,1644,1,3
19672,1644,33,5
19673,1644,3,5
19674,1644,35,3
19675,1644,39,5
19676,1644,8,5
19677,1644,40,4
19678,1644,9,4
19679,1644,11,3
19680,1644,42,5
19681,1644,19,4
19682,1644,21,4
19683,1645,1,5
19684,1645,3,5
19685,1645,39,4
19686,1645,8,3
19687,1645,40,3
19688,1645,9,5
19689,1645,11,3
19690,1645,44,2
19691,1645,19,5
19692,1645,21,2
19693,1645,60,3
19694,1645,30,2
19695,1646,33,2
19696,1646,3,2
19697,1646,8,1
19698,1646,9,2
19699,1646,13,1
19700,1646,46,2
19701,1646,47,3
19702,1646,45,2
19703,1646,51,5
19704,1646,21,1
19705,1646,28,2
19706,1647,1,2
19707,1647,8,3
19708,1647,9,2
19709,1647,13,2
19710,1647,48,2
19711,1647,21,2
19712,1647,55,2
19713,1647,56,2
19714,1647,24,1
19715,1647,58,2
19716,1647,29,3
19717,1647,30,1
19718,1648,32,2
19719,1648,1,3
19720,1648,3,3
19721,1648,6,3
19722,1648,8,1
19723,1648,9,2
19724,1648,48,2
19725,1648,51,1
19726,1648,21,4
19727,1648,60,2
19728,1649,6,3
19729,1649,8,4
19730,1649,9,4
19731,1649,19,2
19732,1649,53,3
19733,1649,21,2
19734,1649,22,4
19735,1649,56,3
19736,1649,58,4
19737,1649,59,4
19738,1649,30,1
19739,1650,1,2
19740,1650,8,2
19741,1650,9,3
19742,1650,11,4
19743,1650,48,4
19744,1650,20,1
19745,1650,21,2
19746,1650,22,4
19747,1650,55,1
19748,1650,24,1
19749,1650,57,2
19750,1650,58,1
19751,1650,29,4
19752,1650,30,2
19753,1651,3,2
19754,1651,5,1
19755,1651,9,1
19756,1651,43,2
19757,1651,45,1
19758,1651,46,3
19759,1651,47,2
19760,1651,49,4
19761,1651,20,1
19762,1651,21,2
19763,1652,32,3
19764,1652,3,1
19765,1652,4,4
19766,1652,8,4
19767,1652,9,4
19768,1652,19,5
19769,1652,51,4
19770,1652,21,5
19771,1652,52,5
19772,1652,60,4
19773,1653,1,2
19774,1653,56,1
19775,1653,3,4
19776,1653,9,2
19777,1653,13,3
19778,1653,48,1
19779,1653,20,2
19780,1653,55,3
19781,1653,24,3
19782,1653,57,1
19783,1653,58,1
19784,1653,30,3
19785,1654,3,5
19786,1654,5,5
19787,1654,6,3
19788,1654,38,2
19789,1654,8,5
19790,1654,9,5
19791,1654,11,5
19792,1654,47,3
19793,1654,19,4
19794,1654,21,4
19795,1654,25,4
19796,1654,28,5
19797,1654,30,4
19798,1655,1,2
19799,1655,3,4
19800,1655,6,3
19801,1655,8,3
19802,1655,9,3
19803,1655,42,2
19804,1655,45,2
19805,1655,48,3
19806,1655,51,3
19807,1655,21,3
19808,1655,60,3
19809,1656,1,2
19810,1656,37,3
19811,1656,8,4
19812,1656,9,5
19813,1656,42,1
19814,1656,48,5
19815,1656,20,4
19816,1656,21,4
19817,1656,55,2
19818,1656,24,3
19819,1656,57,4
19820,1656,58,4
19821,1656,30,3
19822,1657,8,5
19823,1657,11,4
19824,1657,19,3
19825,1657,23,4
19826,1657,21,3
19827,1657,22,5
19828,1657,53,3
19829,1657,56,3
19830,1657,25,4
19831,1657,58,4
19832,1657,59,4
19833,1657,28,3
19834,1657,30,3
19835,1658,1,1
19836,1658,34,1
19837,1658,8,3
19838,1658,41,3
19839,1658,40,5
19840,1658,45,3
19841,1658,50,3
19842,1658,19,3
19843,1658,51,1
19844,1658,21,2
19845,1658,54,3
19846,1658,52,2
19847,1658,27,2
19848,1659,32,3
19849,1659,33,2
19850,1659,2,2
19851,1659,3,3
19852,1659,6,3
19853,1659,8,2
19854,1659,9,3
19855,1659,42,4
19856,1659,11,1
19857,1659,19,3
19858,1659,21,1
19859,1659,27,2
19860,1660,7,2
19861,1660,8,3
19862,1660,41,2
19863,1660,11,3
19864,1660,49,5
19865,1660,19,3
19866,1660,23,4
19867,1660,21,2
19868,1660,22,3
19869,1660,53,3
19870,1660,25,3
19871,1660,58,2
19872,1660,59,3
19873,1660,28,2
19874,1660,30,2
19875,1661,1,3
19876,1661,34,4
19877,1661,35,4
19878,1661,36,4
19879,1661,5,4
19880,1661,11,2
19881,1661,48,4
19882,1661,18,4
19883,1661,52,4
19884,1661,21,4
19885,1661,30,5
19886,1661,31,2
19887,1662,32,4
19888,1662,1,5
19889,1662,3,5
19890,1662,9,5
19891,1662,11,5
19892,1662,48,2
19893,1662,20,5
19894,1662,21,5
19895,1662,25,5
19896,1662,58,4
19897,1662,27,5
19898,1662,28,4
19899,1662,30,5
19900,1663,32,3
19901,1663,1,4
19902,1663,34,5
19903,1663,56,3
19904,1663,36,1
19905,1663,9,3
19906,1663,48,3
19907,1663,49,3
19908,1663,20,3
19909,1663,55,5
19910,1663,24,2
19911,1663,57,3
19912,1663,58,4
19913,1663,30,4
19914,1664,8,1
19915,1664,9,3
19916,1664,11,1
19917,1664,19,3
19918,1664,21,3
19919,1664,22,1
19920,1664,23,2
19921,1664,53,1
19922,1664,58,2
19923,1664,59,3
19924,1664,30,1
19925,1665,38,4
19926,1665,7,5
19927,1665,8,5
19928,1665,9,5
19929,1665,13,5
19930,1665,14,5
19931,1665,15,5
19932,1665,17,3
19933,1665,18,5
19934,1665,50,5
19935,1665,20,5
19936,1665,21,5
19937,1665,54,2
19938,1665,25,3
19939,1665,28,5
19940,1665,30,4
19941,1666,1,3
19942,1666,8,3
19943,1666,41,4
19944,1666,50,4
19945,1666,19,2
19946,1666,51,3
19947,1666,21,3
19948,1666,54,4
19949,1666,52,2
19950,1666,60,2
19951,1667,32,5
19952,1667,33,4
19953,1667,3,4
19954,1667,8,4
19955,1667,9,5
19956,1667,11,3
19957,1667,45,2
19958,1667,15,3
19959,1667,19,4
19960,1667,21,5
19961,1667,27,4
19962,1668,1,5
19963,1668,8,4
19964,1668,9,3
19965,1668,41,4
19966,1668,11,4
19967,1668,49,4
19968,1668,50,5
19969,1668,19,5
19970,1668,51,4
19971,1668,21,2
19972,1668,54,5
19973,1668,57,4
19974,1669,3,2
19975,1669,4,3
19976,1669,6,3
19977,1669,8,3
19978,1669,9,1
19979,1669,19,3
19980,1669,51,2
19981,1669,21,4
19982,1669,52,2
19983,1669,60,2
19984,1670,32,5
19985,1670,1,4
19986,1670,4,2
19987,1670,5,3
19988,1670,6,4
19989,1670,7,4
19990,1670,8,3
19991,1670,9,3
19992,1670,11,4
19993,1670,12,3
19994,1670,43,3
19995,1670,19,5
19996,1670,55,3
19997,1671,1,1
19998,1671,2,2
19999,1671,3,2
20000,1671,4,1
20001,1671,5,2
20002,1671,8,1
20003,1671,9,2
20004,1671,19,1
20005,1671,51,3
20006,1671,60,1
20007,1672,1,1
20008,1672,2,2
20009,1672,3,2
20010,1672,5,2
20011,1672,6,3
20012,1672,8,1
20013,1672,9,2
20014,1672,11,2
20015,1672,12,1
20016,1672,19,2
20017,1672,21,2
20018,1672,55,2
20019,1673,34,1
20020,1673,35,2
20021,1673,36,2
20022,1673,5,2
20023,1673,39,2
20024,1673,8,3
20025,1673,7,4
20026,1673,21,2
20027,1673,29,2
20028,1673,30,2
20029,1673,31,2
20030,1674,8,4
20031,1674,9,3
20032,1674,43,3
20033,1674,44,2
20034,1674,19,2
20035,1674,52,2
20036,1674,53,3
20037,1674,21,2
20038,1674,22,4
20039,1674,54,2
20040,1674,58,2
20041,1674,59,3
20042,1674,30,3
20043,1675,32,3
20044,1675,7,4
20045,1675,8,5
20046,1675,9,5
20047,1675,13,5
20048,1675,14,5
20049,1675,15,4
20050,1675,48,3
20051,1675,17,2
20052,1675,18,4
20053,1675,20,5
20054,1675,21,4
20055,1675,25,4
20056,1675,26,2
20057,1675,28,4
20058,1675,30,4
20059,1676,9,3
20060,1676,46,1
20061,1676,19,4
20062,1676,21,4
20063,1676,53,3
20064,1676,23,4
20065,1676,22,4
20066,1676,59,4
20067,1676,30,5
20068,1677,1,3
20069,1677,34,2
20070,1677,3,2
20071,1677,36,1
20072,1677,7,4
20073,1677,11,3
20074,1677,19,3
20075,1677,20,2
20076,1677,21,2
20077,1677,54,5
20078,1677,30,3
20079,1677,31,2
20080,1678,33,3
20081,1678,8,3
20082,1678,9,1
20083,1678,11,3
20084,1678,50,2
20085,1678,19,2
20086,1678,23,1
20087,1678,21,2
20088,1678,22,2
20089,1678,53,1
20090,1678,58,2
20091,1678,59,2
20092,1678,60,1
20093,1678,30,2
20094,1678,31,2
20095,1679,3,5
20096,1679,5,4
20097,1679,37,1
20098,1679,8,4
20099,1679,9,3
20100,1679,13,3
20101,1679,46,5
20102,1679,47,4
20103,1679,48,5
20104,1679,19,5
20105,1679,21,4
20106,1679,25,4
20107,1679,59,3
20108,1679,28,5
20109,1679,30,4
20110,1680,3,1
20111,1680,7,2
20112,1680,8,2
20113,1680,9,3
20114,1680,13,2
20115,1680,46,2
20116,1680,47,2
20117,1680,45,3
20118,1680,17,3
20119,1680,21,1
20120,1680,58,2
20121,1681,32,2
20122,1681,33,3
20123,1681,1,4
20124,1681,3,3
20125,1681,36,3
20126,1681,9,4
20127,1681,11,3
20128,1681,20,4
20129,1681,27,3
20130,1681,29,4
20131,1682,9,4
20132,1682,41,3
20133,1682,19,4
20134,1682,21,4
20135,1682,53,3
20136,1682,23,5
20137,1682,22,4
20138,1682,25,3
20139,1682,59,4
20140,1682,30,5
20141,1683,37,4
20142,1683,8,4
20143,1683,9,1
20144,1683,11,4
20145,1683,48,3
20146,1683,19,2
20147,1683,23,2
20148,1683,21,2
20149,1683,22,2
20150,1683,53,1
20151,1683,57,1
20152,1683,58,2
20153,1683,59,3
20154,1683,30,3
20155,1684,34,2
20156,1684,3,2
20157,1684,4,3
20158,1684,7,4
20159,1684,8,3
20160,1684,9,2
20161,1684,46,4
20162,1684,19,2
20163,1684,51,1
20164,1684,21,5
20165,1684,52,4
20166,1684,24,4
20167,1684,60,3
20168,1685,32,3
20169,1685,9,4
20170,1685,47,3
20171,1685,48,3
20172,1685,19,4
20173,1685,21,3
20174,1685,53,3
20175,1685,23,4
20176,1685,22,4
20177,1685,59,2
20178,1685,30,5
20179,1685,31,3
20180,1686,1,3
20181,1686,3,5
20182,1686,39,3
20183,1686,8,3
20184,1686,40,3
20185,1686,9,3
20186,1686,11,2
20187,1686,41,1
20188,1686,14,3
20189,1686,19,2
20190,1686,52,3
20191,1686,21,2
20192,1687,1,3
20193,1687,3,1
20194,1687,4,1
20195,1687,5,1
20196,1687,7,2
20197,1687,8,1
20198,1687,9,2
20199,1687,11,3
20200,1687,12,2
20201,1687,19,1
20202,1687,26,4
20203,1688,1,3
20204,1688,2,3
20205,1688,8,3
20206,1688,9,3
20207,1688,13,2
20208,1688,48,4
20209,1688,20,1
20210,1688,21,3
20211,1688,55,3
20212,1688,24,2
20213,1688,57,3
20214,1688,58,2
20215,1688,30,4
20216,1689,34,1
20217,1689,8,4
20218,1689,9,3
20219,1689,19,2
20220,1689,53,3
20221,1689,21,1
20222,1689,22,2
20223,1689,58,2
20224,1689,59,3
20225,1689,30,3
20226,1690,33,2
20227,1690,1,2
20228,1690,3,3
20229,1690,36,4
20230,1690,8,1
20231,1690,9,1
20232,1690,21,2
20233,1690,23,4
20234,1690,27,3
20235,1691,1,3
20236,1691,36,3
20237,1691,8,2
20238,1691,9,4
20239,1691,10,2
20240,1691,41,2
20241,1691,48,4
20242,1691,20,4
20243,1691,21,3
20244,1691,55,1
20245,1691,24,2
20246,1691,57,3
20247,1691,58,1
20248,1691,28,4
20249,1691,30,4
20250,1692,1,3
20251,1692,2,4
20252,1692,3,3
20253,1692,5,3
20254,1692,6,4
20255,1692,8,1
20256,1692,9,3
20257,1692,40,2
20258,1692,11,3
20259,1692,12,2
20260,1692,19,1
20261,1692,21,2
20262,1692,29,5
20263,1693,33,3
20264,1693,3,3
20265,1693,4,3
20266,1693,6,1
20267,1693,8,3
20268,1693,9,1
20269,1693,46,3
20270,1693,51,2
20271,1693,19,3
20272,1693,52,3
20273,1693,21,2
20274,1693,55,4
20275,1693,58,4
20276,1693,60,3
20277,1694,1,3
20278,1694,8,1
20279,1694,9,2
20280,1694,46,1
20281,1694,48,3
20282,1694,20,2
20283,1694,21,2
20284,1694,55,1
20285,1694,24,1
20286,1694,57,2
20287,1694,58,2
20288,1694,59,3
20289,1694,30,3
20290,1695,8,2
20291,1695,9,3
20292,1695,11,1
20293,1695,13,3
20294,1695,19,3
20295,1695,21,3
20296,1695,22,2
20297,1695,23,2
20298,1695,53,2
20299,1695,58,1
20300,1695,59,1
20301,1695,30,1
20302,1696,34,5
20303,1696,35,3
20304,1696,36,3
20305,1696,5,2
20306,1696,8,4
20307,1696,43,5
20308,1696,21,3
20309,1696,30,3
20310,1696,31,4
20311,1697,1,5
20312,1697,56,4
20313,1697,9,4
20314,1697,13,2
20315,1697,48,4
20316,1697,19,3
20317,1697,20,5
20318,1697,21,5
20319,1697,53,1
20320,1697,25,5
20321,1697,24,5
20322,1697,57,5
20323,1697,58,5
20324,1697,27,4
20325,1697,28,5
20326,1697,30,5
20327,1698,3,3
20328,1698,4,4
20329,1698,37,3
20330,1698,39,3
20331,1698,8,4
20332,1698,9,5
20333,1698,42,4
20334,1698,19,2
20335,1698,51,4
20336,1698,21,4
20337,1698,52,5
20338,1698,60,4
20339,1699,1,3
20340,1699,3,3
20341,1699,8,2
20342,1699,9,3
20343,1699,10,5
20344,1699,13,2
20345,1699,46,3
20346,1699,47,5
20347,1699,45,3
20348,1699,21,3
20349,1700,1,2
20350,1700,8,2
20351,1700,9,2
20352,1700,48,2
20353,1700,21,3
20354,1700,55,1
20355,1700,56,3
20356,1700,24,1
20357,1700,58,2
20358,1700,60,3
20359,1700,30,1
20360,1701,1,4
20361,1701,8,3
20362,1701,9,2
20363,1701,43,2
20364,1701,45,3
20365,1701,48,2
20366,1701,20,3
20367,1701,21,2
20368,1701,22,2
20369,1701,52,2
20370,1701,25,3
20371,1701,58,3
20372,1701,28,3
20373,1701,30,3
20374,1702,4,2
20375,1702,8,5
20376,1702,9,5
20377,1702,11,3
20378,1702,49,1
20379,1702,17,2
20380,1702,19,5
20381,1702,21,5
20382,1702,22,5
20383,1702,23,4
20384,1702,53,4
20385,1702,58,4
20386,1702,59,5
20387,1702,30,5
20388,1703,1,2
20389,1703,7,2
20390,1703,8,1
20391,1703,40,2
20392,1703,13,2
20393,1703,14,4
20394,1703,15,4
20395,1703,17,4
20396,1703,18,1
20397,1703,19,1
20398,1703,21,3
20399,1704,1,2
20400,1704,3,3
20401,1704,6,1
20402,1704,7,2
20403,1704,8,2
20404,1704,9,1
20405,1704,51,3
20406,1704,19,3
20407,1704,21,3
20408,1704,27,2
20409,1704,60,3
20410,1705,3,5
20411,1705,4,3
20412,1705,37,3
20413,1705,6,2
20414,1705,8,4
20415,1705,9,3
20416,1705,51,3
20417,1705,19,4
20418,1705,52,4
20419,1705,21,3
20420,1705,60,3
20421,1706,33,2
20422,1706,1,3
20423,1706,3,1
20424,1706,36,4
20425,1706,8,2
20426,1706,9,2
20427,1706,11,3
20428,1706,13,4
20429,1706,16,2
20430,1706,50,2
20431,1706,21,3
20432,1706,27,4
20433,1707,1,4
20434,1707,34,5
20435,1707,8,2
20436,1707,9,3
20437,1707,40,2
20438,1707,47,2
20439,1707,48,4
20440,1707,20,4
20441,1707,21,3
20442,1707,25,4
20443,1707,58,4
20444,1707,28,5
20445,1707,30,5
20446,1708,1,3
20447,1708,2,4
20448,1708,3,1
20449,1708,33,1
20450,1708,5,3
20451,1708,6,4
20452,1708,8,1
20453,1708,9,3
20454,1708,11,3
20455,1708,12,3
20456,1708,19,1
20457,1708,21,3
20458,1709,3,2
20459,1709,35,2
20460,1709,5,1
20461,1709,38,4
20462,1709,8,2
20463,1709,9,2
20464,1709,13,2
20465,1709,46,1
20466,1709,47,3
20467,1709,45,2
20468,1709,21,2
20469,1709,60,2
20470,1710,32,4
20471,1710,33,2
20472,1710,3,4
20473,1710,6,3
20474,1710,8,3
20475,1710,9,4
20476,1710,11,2
20477,1710,14,4
20478,1710,19,4
20479,1710,21,3
20480,1710,27,3
20481,1711,8,5
20482,1711,9,5
20483,1711,11,2
20484,1711,19,4
20485,1711,21,5
20486,1711,22,3
20487,1711,23,3
20488,1711,53,5
20489,1711,58,4
20490,1711,59,5
20491,1711,30,5
20492,1712,1,2
20493,1712,2,3
20494,1712,3,3
20495,1712,4,3
20496,1712,5,3
20497,1712,8,2
20498,1712,9,3
20499,1712,19,5
20500,1712,51,3
20501,1712,25,5
20502,1712,60,3
20503,1712,30,4
20504,1713,1,4
20505,1713,8,5
20506,1713,41,2
20507,1713,9,4
20508,1713,11,3
20509,1713,49,4
20510,1713,50,4
20511,1713,19,4
20512,1713,51,5
20513,1713,21,4
20514,1713,54,5
20515,1713,53,2
20516,1713,18,2
20517,1714,1,5
20518,1714,3,5
20519,1714,39,5
20520,1714,8,5
20521,1714,40,4
20522,1714,9,4
20523,1714,11,4
20524,1714,14,3
20525,1714,19,5
20526,1714,21,3
20527,1714,55,3
20528,1715,3,1
20529,1715,4,2
20530,1715,36,2
20531,1715,8,3
20532,1715,9,3
20533,1715,41,3
20534,1715,19,3
20535,1715,51,3
20536,1715,21,5
20537,1715,52,3
20538,1715,60,2
20539,1715,31,3
20540,1716,1,4
20541,1716,56,2
20542,1716,8,3
20543,1716,9,4
20544,1716,40,5
20545,1716,48,5
20546,1716,20,2
20547,1716,21,4
20548,1716,23,5
20549,1716,55,3
20550,1716,24,3
20551,1716,57,4
20552,1716,58,3
20553,1716,25,4
20554,1716,30,4
20555,1717,3,1
20556,1717,5,3
20557,1717,38,5
20558,1717,8,1
20559,1717,9,3
20560,1717,43,3
20561,1717,13,1
20562,1717,46,1
20563,1717,47,3
20564,1717,45,2
20565,1717,21,2
20566,1717,53,3
20567,1718,1,3
20568,1718,8,4
20569,1718,9,3
20570,1718,10,4
20571,1718,48,2
20572,1718,21,3
20573,1718,55,3
20574,1718,56,4
20575,1718,24,2
20576,1718,58,2
20577,1718,30,2
20578,1719,1,4
20579,1719,8,3
20580,1719,9,4
20581,1719,48,3
20582,1719,20,2
20583,1719,21,1
20584,1719,25,2
20585,1719,58,3
20586,1719,28,3
20587,1719,30,3
20588,1720,1,3
20589,1720,8,2
20590,1720,9,3
20591,1720,41,1
20592,1720,11,1
20593,1720,14,2
20594,1720,49,2
20595,1720,51,1
20596,1720,19,3
20597,1720,21,3
20598,1720,54,2
20599,1720,60,2
20600,1721,1,2
20601,1721,8,3
20602,1721,41,1
20603,1721,9,2
20604,1721,11,1
20605,1721,16,2
20606,1721,49,2
20607,1721,50,2
20608,1721,19,1
20609,1721,51,2
20610,1721,21,2
20611,1721,54,2
20612,1721,58,4
20613,1722,1,2
20614,1722,34,3
20615,1722,3,2
20616,1722,36,3
20617,1722,11,4
20618,1722,19,3
20619,1722,21,2
20620,1722,26,1
20621,1722,60,5
20622,1722,30,3
20623,1722,31,1
20624,1723,8,5
20625,1723,9,2
20626,1723,11,4
20627,1723,12,4
20628,1723,19,3
20629,1723,23,1
20630,1723,21,4
20631,1723,22,3
20632,1723,53,1
20633,1723,24,2
20634,1723,58,3
20635,1723,59,3
20636,1723,30,3
20637,1724,1,5
20638,1724,8,4
20639,1724,9,3
20640,1724,41,3
20641,1724,11,3
20642,1724,49,4
20643,1724,50,4
20644,1724,19,5
20645,1724,51,4
20646,1724,21,3
20647,1724,54,5
20648,1724,17,1
20649,1724,25,3
20650,1725,37,3
20651,1725,5,4
20652,1725,8,5
20653,1725,9,4
20654,1725,41,4
20655,1725,11,2
20656,1725,12,3
20657,1725,50,5
20658,1725,19,5
20659,1725,52,5
20660,1725,51,5
20661,1725,21,5
20662,1725,25,4
20663,1725,28,4
20664,1725,29,2
20665,1725,30,2
20666,1726,3,4
20667,1726,4,2
20668,1726,6,5
20669,1726,8,4
20670,1726,9,3
20671,1726,40,3
20672,1726,46,4
20673,1726,15,4
20674,1726,51,1
20675,1726,19,4
20676,1726,52,4
20677,1726,21,2
20678,1726,60,5
20679,1727,1,2
20680,1727,8,1
20681,1727,41,3
20682,1727,46,2
20683,1727,50,1
20684,1727,19,2
20685,1727,51,2
20686,1727,21,2
20687,1727,54,3
20688,1727,52,1
20689,1728,1,5
20690,1728,35,5
20691,1728,36,5
20692,1728,4,2
20693,1728,8,5
20694,1728,9,4
20695,1728,13,4
20696,1728,14,5
20697,1728,47,3
20698,1728,19,5
20699,1728,25,5
20700,1728,28,5
20701,1728,30,5
20702,1728,31,4
20703,1729,3,2
20704,1729,4,4
20705,1729,5,3
20706,1729,35,4
20707,1729,9,2
20708,1729,43,2
20709,1729,45,2
20710,1729,46,5
20711,1729,47,2
20712,1729,13,4
20713,1729,20,2
20714,1729,21,3
20715,1730,3,3
20716,1730,5,2
20717,1730,8,2
20718,1730,10,4
20719,1730,43,2
20720,1730,44,2
20721,1730,45,3
20722,1730,13,3
20723,1730,48,4
20724,1730,19,3
20725,1730,20,4
20726,1731,1,5
20727,1731,37,4
20728,1731,39,5
20729,1731,40,5
20730,1731,41,3
20731,1731,42,4
20732,1731,11,3
20733,1731,9,5
20734,1731,19,4
20735,1731,21,5
20736,1731,55,1
20737,1731,25,4
20738,1731,28,5
20739,1731,30,3
20740,1732,1,3
20741,1732,4,4
20742,1732,5,2
20743,1732,6,3
20744,1732,7,3
20745,1732,8,2
20746,1732,40,2
20747,1732,11,3
20748,1732,12,2
20749,1732,19,4
20750,1733,1,2
20751,1733,3,3
20752,1733,6,2
20753,1733,8,2
20754,1733,9,1
20755,1733,15,3
20756,1733,49,4
20757,1733,51,2
20758,1733,21,2
20759,1733,56,2
20760,1733,60,1
20761,1734,1,5
20762,1734,3,3
20763,1734,4,4
20764,1734,6,3
20765,1734,8,3
20766,1734,9,4
20767,1734,19,3
20768,1734,52,1
20769,1734,21,3
20770,1734,55,5
20771,1734,60,3
20772,1735,1,2
20773,1735,2,1
20774,1735,3,2
20775,1735,4,2
20776,1735,36,3
20777,1735,8,1
20778,1735,9,2
20779,1735,10,3
20780,1735,14,1
20781,1735,49,3
20782,1735,19,3
20783,1735,51,3
20784,1735,60,2
20785,1736,3,4
20786,1736,36,3
20787,1736,38,3
20788,1736,39,2
20789,1736,8,4
20790,1736,41,3
20791,1736,9,4
20792,1736,40,1
20793,1736,17,4
20794,1736,21,4
20795,1737,3,1
20796,1737,4,2
20797,1737,8,2
20798,1737,9,2
20799,1737,15,5
20800,1737,19,1
20801,1737,51,2
20802,1737,21,2
20803,1737,52,3
20804,1737,60,1
20805,1737,30,1
20806,1738,1,4
20807,1738,8,2
20808,1738,9,3
20809,1738,48,4
20810,1738,20,2
20811,1738,21,3
20812,1738,22,4
20813,1738,55,3
20814,1738,24,2
20815,1738,57,3
20816,1738,58,1
20817,1738,28,3
20818,1738,30,4
20819,1739,1,3
20820,1739,7,3
20821,1739,8,2
20822,1739,13,2
20823,1739,14,3
20824,1739,15,4
20825,1739,17,4
20826,1739,18,2
20827,1739,19,3
20828,1739,21,4
20829,1739,59,2
20830,1740,3,3
20831,1740,4,4
20832,1740,6,3
20833,1740,8,3
20834,1740,9,3
20835,1740,51,3
20836,1740,19,4
20837,1740,52,4
20838,1740,21,3
20839,1740,60,5
20840,1740,29,4
20841,1740,30,3
20842,1741,1,2
20843,1741,3,1
20844,1741,35,3
20845,1741,6,2
20846,1741,8,2
20847,1741,9,1
20848,1741,51,2
20849,1741,21,2
20850,1741,60,1
20851,1742,1,3
20852,1742,3,1
20853,1742,4,1
20854,1742,39,3
20855,1742,8,2
20856,1742,40,2
20857,1742,9,2
20858,1742,11,1
20859,1742,12,2
20860,1742,14,3
20861,1742,19,1
20862,1742,21,2
20863,1743,1,4
20864,1743,36,3
20865,1743,8,5
20866,1743,41,4
20867,1743,9,3
20868,1743,11,4
20869,1743,49,2
20870,1743,50,4
20871,1743,19,3
20872,1743,51,5
20873,1743,21,4
20874,1743,54,5
20875,1744,8,3
20876,1744,9,1
20877,1744,11,1
20878,1744,45,3
20879,1744,19,2
20880,1744,23,1
20881,1744,21,2
20882,1744,22,2
20883,1744,53,1
20884,1744,58,2
20885,1744,59,3
20886,1744,30,2
20887,1745,1,3
20888,1745,3,4
20889,1745,6,2
20890,1745,8,2
20891,1745,9,2
20892,1745,51,3
20893,1745,19,2
20894,1745,21,2
20895,1745,23,1
20896,1745,60,1
20897,1746,3,3
20898,1746,5,3
20899,1746,8,2
20900,1746,40,1
20901,1746,43,3
20902,1746,44,4
20903,1746,45,3
20904,1746,13,1
20905,1746,48,3
20906,1746,19,3
20907,1746,20,4
20908,1746,51,3
20909,1746,56,2
20910,1747,2,1
20911,1747,8,3
20912,1747,9,4
20913,1747,11,2
20914,1747,19,4
20915,1747,21,4
20916,1747,22,3
20917,1747,23,2
20918,1747,53,3
20919,1747,58,2
20920,1747,59,4
20921,1747,30,3
20922,1748,32,1
20923,1748,3,4
20924,1748,4,3
20925,1748,6,3
20926,1748,8,3
20927,1748,9,2
20928,1748,51,1
20929,1748,19,4
20930,1748,52,3
20931,1748,21,3
20932,1748,60,2
20933,1749,1,4
20934,1749,34,4
20935,1749,3,3
20936,1749,36,5
20937,1749,2,4
20938,1749,33,3
20939,1749,9,5
20940,1749,11,2
20941,1749,47,2
20942,1749,21,3
20943,1749,54,3
20944,1749,31,4
20945,1750,1,2
20946,1750,2,2
20947,1750,3,2
20948,1750,4,2
20949,1750,8,1
20950,1750,9,2
20951,1750,49,3
20952,1750,19,4
20953,1750,51,4
20954,1750,52,4
20955,1750,55,2
20956,1750,25,3
20957,1750,60,1
20958,1751,1,2
20959,1751,39,2
20960,1751,8,3
20961,1751,9,3
20962,1751,45,3
20963,1751,48,3
20964,1751,51,1
20965,1751,21,1
20966,1751,55,1
20967,1751,56,2
20968,1751,24,2
20969,1751,58,3
20970,1751,30,2
20971,1752,1,3
20972,1752,7,4
20973,1752,8,2
20974,1752,9,3
20975,1752,13,3
20976,1752,15,4
20977,1752,16,4
20978,1752,17,3
20979,1752,18,3
20980,1752,19,2
20981,1752,21,3
20982,1753,1,5
20983,1753,56,5
20984,1753,9,5
20985,1753,14,3
20986,1753,48,2
20987,1753,19,5
20988,1753,20,5
20989,1753,21,3
20990,1753,25,4
20991,1753,24,5
20992,1753,57,5
20993,1753,58,5
20994,1753,28,4
20995,1753,30,5
20996,1754,3,2
20997,1754,5,2
20998,1754,8,1
20999,1754,43,2
21000,1754,44,1
21001,1754,45,2
21002,1754,13,2
21003,1754,48,3
21004,1754,19,2
21005,1754,20,3
21006,1754,29,4
21007,1755,3,2
21008,1755,36,3
21009,1755,5,1
21010,1755,9,2
21011,1755,43,3
21012,1755,45,2
21013,1755,46,4
21014,1755,47,2
21015,1755,20,1
21016,1755,21,2
21017,1755,24,2
21018,1755,59,2
21019,1756,34,4
21020,1756,35,3
21021,1756,36,3
21022,1756,5,3
21023,1756,38,2
21024,1756,8,2
21025,1756,19,4
21026,1756,21,1
21027,1756,55,5
21028,1756,30,2
21029,1756,31,3
21030,1757,1,5
21031,1757,3,4
21032,1757,4,4
21033,1757,6,4
21034,1757,8,4
21035,1757,9,4
21036,1757,13,1
21037,1757,46,3
21038,1757,19,3
21039,1757,52,3
21040,1757,21,3
21041,1757,60,4
21042,1758,1,3
21043,1758,56,2
21044,1758,7,2
21045,1758,9,3
21046,1758,48,3
21047,1758,20,2
21048,1758,55,2
21049,1758,24,2
21050,1758,57,2
21051,1758,58,2
21052,1758,30,3
21053,1759,3,3
21054,1759,5,3
21055,1759,8,2
21056,1759,43,3
21057,1759,44,2
21058,1759,45,3
21059,1759,13,3
21060,1759,48,4
21061,1759,19,3
21062,1759,20,4
21063,1759,60,1
21064,1760,1,5
21065,1760,8,4
21066,1760,9,4
21067,1760,41,4
21068,1760,11,2
21069,1760,10,2
21070,1760,46,4
21071,1760,49,3
21072,1760,50,4
21073,1760,19,5
21074,1760,51,4
21075,1760,21,3
21076,1760,54,5
21077,1761,1,5
21078,1761,8,4
21079,1761,9,4
21080,1761,41,4
21081,1761,11,4
21082,1761,42,3
21083,1761,49,4
21084,1761,50,4
21085,1761,19,5
21086,1761,51,2
21087,1761,21,1
21088,1761,54,5
21089,1762,32,2
21090,1762,1,2
21091,1762,3,4
21092,1762,6,2
21093,1762,8,4
21094,1762,9,2
21095,1762,15,2
21096,1762,51,2
21097,1762,21,3
21098,1762,22,1
21099,1762,60,2
21100,1762,31,2
21101,1763,1,4
21102,1763,34,3
21103,1763,3,4
21104,1763,36,5
21105,1763,2,4
21106,1763,9,4
21107,1763,11,3
21108,1763,51,1
21109,1763,21,4
21110,1763,31,2
21111,1764,1,4
21112,1764,8,4
21113,1764,41,2
21114,1764,9,3
21115,1764,11,2
21116,1764,40,3
21117,1764,49,1
21118,1764,50,3
21119,1764,19,2
21120,1764,51,3
21121,1764,21,3
21122,1764,54,4
21123,1765,1,3
21124,1765,8,3
21125,1765,9,3
21126,1765,41,3
21127,1765,11,3
21128,1765,49,3
21129,1765,51,2
21130,1765,19,3
21131,1765,21,4
21132,1765,54,4
21133,1765,23,1
21134,1765,56,5
21135,1766,1,4
21136,1766,34,3
21137,1766,5,2
21138,1766,8,3
21139,1766,9,2
21140,1766,48,1
21141,1766,21,3
21142,1766,55,2
21143,1766,56,2
21144,1766,24,2
21145,1766,58,3
21146,1766,30,2
21147,1767,1,2
21148,1767,2,2
21149,1767,3,3
21150,1767,35,2
21151,1767,5,2
21152,1767,6,3
21153,1767,36,3
21154,1767,8,2
21155,1767,9,2
21156,1767,11,2
21157,1767,12,1
21158,1767,19,1
21159,1767,21,1
21160,1768,1,5
21161,1768,8,4
21162,1768,9,4
21163,1768,41,4
21164,1768,11,3
21165,1768,12,3
21166,1768,42,4
21167,1768,49,3
21168,1768,50,4
21169,1768,19,5
21170,1768,51,4
21171,1768,21,2
21172,1768,54,5
21173,1768,55,3
21174,1768,24,2
21175,1769,1,3
21176,1769,36,3
21177,1769,8,2
21178,1769,9,4
21179,1769,48,4
21180,1769,20,3
21181,1769,21,3
21182,1769,55,3
21183,1769,24,1
21184,1769,57,3
21185,1769,58,1
21186,1769,30,4
21187,1770,1,5
21188,1770,56,4
21189,1770,9,5
21190,1770,42,4
21191,1770,48,4
21192,1770,16,5
21193,1770,18,3
21194,1770,19,5
21195,1770,20,5
21196,1770,21,5
21197,1770,25,5
21198,1770,24,5
21199,1770,57,5
21200,1770,58,5
21201,1770,28,5
21202,1770,30,5
21203,1771,1,5
21204,1771,3,3
21205,1771,39,3
21206,1771,8,4
21207,1771,40,4
21208,1771,9,5
21209,1771,11,3
21210,1771,12,2
21211,1771,19,5
21212,1771,21,5
21213,1771,55,1
21214,1772,7,3
21215,1772,14,2
21216,1772,15,5
21217,1772,48,4
21218,1772,17,4
21219,1772,18,4
21220,1772,19,3
21221,1772,20,2
21222,1772,21,4
21223,1773,1,2
21224,1773,3,3
21225,1773,6,3
21226,1773,8,3
21227,1773,9,2
21228,1773,51,3
21229,1773,21,3
21230,1773,60,1
21231,1774,3,1
21232,1774,8,2
21233,1774,9,2
21234,1774,41,3
21235,1774,11,1
21236,1774,50,3
21237,1774,19,4
21238,1774,52,3
21239,1774,51,3
21240,1774,21,4
21241,1774,23,2
21242,1774,25,2
21243,1774,28,3
21244,1774,30,2
21245,1775,8,4
21246,1775,11,4
21247,1775,12,3
21248,1775,19,5
21249,1775,23,5
21250,1775,21,4
21251,1775,22,4
21252,1775,53,3
21253,1775,25,4
21254,1775,58,4
21255,1775,59,3
21256,1775,28,2
21257,1775,30,3
21258,1775,57,3
21259,1776,1,3
21260,1776,8,2
21261,1776,9,4
21262,1776,11,1
21263,1776,48,4
21264,1776,17,4
21265,1776,20,3
21266,1776,21,4
21267,1776,55,1
21268,1776,24,2
21269,1776,57,3
21270,1776,58,1
21271,1776,59,2
21272,1776,30,5
21273,1777,1,4
21274,1777,37,5
21275,1777,39,5
21276,1777,40,5
21277,1777,41,5
21278,1777,42,3
21279,1777,11,4
21280,1777,9,5
21281,1777,15,3
21282,1777,19,5
21283,1777,21,5
21284,1777,25,4
21285,1777,58,1
21286,1777,28,5
21287,1777,30,4
21288,1778,33,4
21289,1778,3,5
21290,1778,5,5
21291,1778,6,4
21292,1778,8,5
21293,1778,9,4
21294,1778,11,5
21295,1778,49,1
21296,1778,19,5
21297,1778,21,2
21298,1778,25,4
21299,1778,28,5
21300,1778,30,5
21301,1779,32,2
21302,1779,33,3
21303,1779,1,5
21304,1779,3,4
21305,1779,36,4
21306,1779,9,5
21307,1779,11,3
21308,1779,17,2
21309,1779,18,3
21310,1779,20,5
21311,1779,27,4
21312,1780,1,2
21313,1780,33,3
21314,1780,2,1
21315,1780,8,2
21316,1780,9,5
21317,1780,48,5
21318,1780,20,4
21319,1780,21,5
21320,1780,55,2
21321,1780,24,2
21322,1780,57,4
21323,1780,58,1
21324,1780,30,5
21325,1781,3,4
21326,1781,5,4
21327,1781,9,3
21328,1781,43,4
21329,1781,44,3
21330,1781,45,3
21331,1781,46,5
21332,1781,47,4
21333,1781,20,3
21334,1781,21,4
21335,1781,26,3
21336,1782,1,4
21337,1782,3,3
21338,1782,36,3
21339,1782,39,3
21340,1782,8,1
21341,1782,40,1
21342,1782,9,1
21343,1782,11,2
21344,1782,19,3
21345,1782,21,2
21346,1782,23,1
21347,1782,24,2
21348,1783,1,3
21349,1783,8,4
21350,1783,9,4
21351,1783,41,4
21352,1783,11,4
21353,1783,49,3
21354,1783,50,4
21355,1783,19,4
21356,1783,51,3
21357,1783,21,3
21358,1783,54,5
21359,1784,3,4
21360,1784,5,3
21361,1784,38,3
21362,1784,39,3
21363,1784,8,4
21364,1784,41,4
21365,1784,9,4
21366,1784,40,3
21367,1784,44,3
21368,1784,21,4
21369,1784,59,2
21370,1785,1,5
21371,1785,8,1
21372,1785,9,3
21373,1785,43,3
21374,1785,13,5
21375,1785,48,3
21376,1785,20,2
21377,1785,21,2
21378,1785,53,3
21379,1785,25,3
21380,1785,58,2
21381,1785,28,2
21382,1785,30,3
21383,1786,1,2
21384,1786,8,1
21385,1786,9,1
21386,1786,11,3
21387,1786,17,2
21388,1786,19,2
21389,1786,23,1
21390,1786,21,1
21391,1786,22,1
21392,1786,53,2
21393,1786,52,3
21394,1786,58,2
21395,1786,59,2
21396,1786,30,2
21397,1787,1,2
21398,1787,34,2
21399,1787,3,2
21400,1787,36,3
21401,1787,2,2
21402,1787,9,2
21403,1787,11,1
21404,1787,21,2
21405,1787,22,4
21406,1787,27,2
21407,1787,31,1
21408,1788,34,3
21409,1788,35,3
21410,1788,36,3
21411,1788,5,3
21412,1788,4,3
21413,1788,8,4
21414,1788,16,1
21415,1788,21,1
21416,1788,23,4
21417,1788,29,5
21418,1788,30,3
21419,1788,31,2
21420,1789,32,5
21421,1789,1,1
21422,1789,39,2
21423,1789,8,4
21424,1789,41,3
21425,1789,9,2
21426,1789,11,2
21427,1789,49,3
21428,1789,50,2
21429,1789,19,2
21430,1789,51,3
21431,1789,21,3
21432,1789,54,4
21433,1789,56,3
21434,1789,30,3
21435,1790,1,5
21436,1790,33,3
21437,1790,3,4
21438,1790,4,4
21439,1790,6,5
21440,1790,8,3
21441,1790,9,4
21442,1790,19,4
21443,1790,52,3
21444,1790,21,1
21445,1790,53,3
21446,1790,60,5
21447,1791,3,2
21448,1791,8,2
21449,1791,9,2
21450,1791,13,2
21451,1791,46,3
21452,1791,47,1
21453,1791,45,2
21454,1791,49,3
21455,1791,21,1
21456,1791,56,1
21457,1792,1,4
21458,1792,39,4
21459,1792,8,3
21460,1792,41,3
21461,1792,9,4
21462,1792,11,3
21463,1792,13,1
21464,1792,49,4
21465,1792,50,3
21466,1792,19,3
21467,1792,51,3
21468,1792,21,3
21469,1792,54,5
21470,1793,1,3
21471,1793,3,1
21472,1793,4,1
21473,1793,5,2
21474,1793,37,1
21475,1793,7,3
21476,1793,8,2
21477,1793,9,3
21478,1793,11,4
21479,1793,12,2
21480,1793,19,2
21481,1794,1,5
21482,1794,36,2
21483,1794,37,5
21484,1794,39,5
21485,1794,40,5
21486,1794,41,4
21487,1794,42,5
21488,1794,11,3
21489,1794,9,5
21490,1794,16,3
21491,1794,18,3
21492,1794,19,4
21493,1794,21,4
21494,1794,55,3
21495,1794,25,4
21496,1794,28,5
21497,1794,30,4
21498,1795,1,4
21499,1795,35,2
21500,1795,8,5
21501,1795,41,3
21502,1795,9,4
21503,1795,11,3
21504,1795,49,3
21505,1795,50,2
21506,1795,19,2
21507,1795,51,4
21508,1795,21,3
21509,1795,54,4
21510,1796,3,5
21511,1796,38,3
21512,1796,7,3
21513,1796,14,1
21514,1796,15,4
21515,1796,17,3
21516,1796,18,3
21517,1796,19,4
21518,1796,20,2
21519,1796,21,3
21520,1797,33,3
21521,1797,3,1
21522,1797,4,3
21523,1797,6,3
21524,1797,7,2
21525,1797,8,3
21526,1797,9,3
21527,1797,19,3
21528,1797,51,3
21529,1797,21,4
21530,1797,52,3
21531,1797,60,2
21532,1798,33,3
21533,1798,1,3
21534,1798,3,1
21535,1798,36,4
21536,1798,8,1
21537,1798,9,2
21538,1798,17,2
21539,1798,21,3
21540,1798,22,3
21541,1798,54,3
21542,1798,27,4
21543,1799,3,2
21544,1799,4,3
21545,1799,6,1
21546,1799,8,3
21547,1799,9,2
21548,1799,11,2
21549,1799,17,1
21550,1799,19,2
21551,1799,51,1
21552,1799,21,4
21553,1799,52,4
21554,1799,60,3
21555,1800,1,1
21556,1800,36,2
21557,1800,8,1
21558,1800,41,3
21559,1800,50,3
21560,1800,19,1
21561,1800,51,1
21562,1800,21,1
21563,1800,54,2
21564,1800,52,1
21565,1800,31,4
21566,1801,32,5
21567,1801,33,4
21568,1801,3,5
21569,1801,35,4
21570,1801,8,3
21571,1801,9,4
21572,1801,11,3
21573,1801,19,5
21574,1801,21,4
21575,1801,27,4
21576,1802,40,3
21577,1802,9,4
21578,1802,8,3
21579,1802,19,3
21580,1802,21,4
21581,1802,53,3
21582,1802,23,4
21583,1802,22,3
21584,1802,59,4
21585,1802,30,5
21586,1803,1,3
21587,1803,35,2
21588,1803,36,4
21589,1803,8,4
21590,1803,9,3
21591,1803,19,3
21592,1803,55,5
21593,1803,25,3
21594,1803,28,3
21595,1803,30,3
21596,1803,31,2
21597,1804,1,3
21598,1804,8,5
21599,1804,41,4
21600,1804,9,4
21601,1804,11,3
21602,1804,49,4
21603,1804,50,2
21604,1804,19,1
21605,1804,51,4
21606,1804,21,4
21607,1804,54,5
21608,1804,22,3
21609,1805,1,5
21610,1805,3,4
21611,1805,4,4
21612,1805,6,3
21613,1805,8,2
21614,1805,9,4
21615,1805,28,5
21616,1805,47,3
21617,1805,19,4
21618,1805,52,3
21619,1805,21,2
21620,1805,27,2
21621,1805,60,4
21622,1806,3,1
21623,1806,4,2
21624,1806,8,2
21625,1806,9,2
21626,1806,19,2
21627,1806,51,2
21628,1806,21,3
21629,1806,52,3
21630,1806,56,3
21631,1806,60,1
21632,1806,31,2
21633,1807,33,1
21634,1807,9,3
21635,1807,13,2
21636,1807,19,4
21637,1807,21,4
21638,1807,53,2
21639,1807,23,4
21640,1807,22,4
21641,1807,59,4
21642,1807,30,4
21643,1808,1,3
21644,1808,35,3
21645,1808,8,5
21646,1808,41,2
21647,1808,9,4
21648,1808,11,2
21649,1808,49,2
21650,1808,50,3
21651,1808,19,3
21652,1808,51,4
21653,1808,21,5
21654,1808,54,4
21655,1808,57,3
21656,1808,60,3
21657,1809,3,4
21658,1809,5,4
21659,1809,37,2
21660,1809,9,3
21661,1809,43,3
21662,1809,45,3
21663,1809,46,4
21664,1809,47,3
21665,1809,14,3
21666,1809,20,4
21667,1809,21,4
21668,1810,32,3
21669,1810,33,2
21670,1810,3,2
21671,1810,6,3
21672,1810,8,2
21673,1810,9,3
21674,1810,11,2
21675,1810,12,4
21676,1810,19,2
21677,1810,21,1
21678,1810,27,2
21679,1811,1,4
21680,1811,35,5
21681,1811,36,5
21682,1811,37,4
21683,1811,8,5
21684,1811,9,5
21685,1811,60,2
21686,1811,19,4
21687,1811,25,4
21688,1811,27,5
21689,1811,28,4
21690,1811,30,2
21691,1811,31,3
21692,1812,1,3
21693,1812,4,4
21694,1812,5,3
21695,1812,6,3
21696,1812,7,5
21697,1812,8,3
21698,1812,11,5
21699,1812,12,3
21700,1812,18,3
21701,1812,19,5
21702,1813,32,2
21703,1813,33,1
21704,1813,1,4
21705,1813,3,3
21706,1813,36,1
21707,1813,35,2
21708,1813,9,4
21709,1813,11,3
21710,1813,20,2
21711,1813,27,3
21712,1814,1,5
21713,1814,3,5
21714,1814,39,4
21715,1814,8,5
21716,1814,40,4
21717,1814,9,4
21718,1814,11,3
21719,1814,42,3
21720,1814,45,3
21721,1814,19,5
21722,1814,21,4
21723,1814,22,2
21724,1815,1,3
21725,1815,34,4
21726,1815,3,4
21727,1815,36,5
21728,1815,2,4
21729,1815,38,4
21730,1815,9,3
21731,1815,11,4
21732,1815,21,5
21733,1815,22,2
21734,1815,26,4
21735,1815,31,3
21736,1816,32,4
21737,1816,1,4
21738,1816,4,4
21739,1816,5,3
21740,1816,6,4
21741,1816,7,4
21742,1816,8,3
21743,1816,11,2
21744,1816,12,3
21745,1816,16,2
21746,1816,19,5
21747,1817,32,2
21748,1817,33,3
21749,1817,7,5
21750,1817,8,5
21751,1817,9,5
21752,1817,13,4
21753,1817,14,5
21754,1817,15,5
21755,1817,17,4
21756,1817,18,5
21757,1817,50,4
21758,1817,20,4
21759,1817,21,5
21760,1817,25,4
21761,1817,28,5
21762,1817,30,4
21763,1818,32,3
21764,1818,1,4
21765,1818,3,1
21766,1818,36,4
21767,1818,8,3
21768,1818,9,4
21769,1818,42,2
21770,1818,13,4
21771,1818,19,3
21772,1818,20,4
21773,1819,40,1
21774,1819,9,4
21775,1819,15,2
21776,1819,49,2
21777,1819,19,4
21778,1819,21,4
21779,1819,53,3
21780,1819,23,5
21781,1819,22,4
21782,1819,57,5
21783,1819,59,3
21784,1819,30,4
21785,1820,1,5
21786,1820,8,3
21787,1820,9,3
21788,1820,41,4
21789,1820,11,4
21790,1820,47,4
21791,1820,49,4
21792,1820,50,4
21793,1820,19,5
21794,1820,51,2
21795,1820,21,3
21796,1820,54,5
21797,1820,58,4
21798,1821,3,3
21799,1821,4,4
21800,1821,8,5
21801,1821,9,4
21802,1821,47,2
21803,1821,19,4
21804,1821,51,3
21805,1821,21,4
21806,1821,52,5
21807,1821,25,4
21808,1821,26,3
21809,1821,60,4
21810,1822,1,4
21811,1822,8,3
21812,1822,9,5
21813,1822,45,5
21814,1822,48,4
21815,1822,20,4
21816,1822,21,4
21817,1822,55,3
21818,1822,24,3
21819,1822,57,5
21820,1822,58,3
21821,1822,30,3
21822,1823,1,4
21823,1823,7,3
21824,1823,8,1
21825,1823,41,4
21826,1823,13,4
21827,1823,14,5
21828,1823,15,5
21829,1823,47,3
21830,1823,17,5
21831,1823,18,2
21832,1823,19,3
21833,1823,21,5
21834,1823,25,3
21835,1824,1,2
21836,1824,2,3
21837,1824,3,1
21838,1824,4,2
21839,1824,33,2
21840,1824,36,4
21841,1824,8,1
21842,1824,9,1
21843,1824,19,3
21844,1824,51,3
21845,1824,60,2
21846,1825,1,3
21847,1825,7,4
21848,1825,8,2
21849,1825,13,4
21850,1825,14,5
21851,1825,15,5
21852,1825,16,1
21853,1825,17,5
21854,1825,18,3
21855,1825,19,5
21856,1825,21,5
21857,1826,32,3
21858,1826,7,3
21859,1826,8,3
21860,1826,9,3
21861,1826,13,3
21862,1826,14,3
21863,1826,15,4
21864,1826,18,3
21865,1826,21,1
21866,1827,3,2
21867,1827,4,2
21868,1827,8,3
21869,1827,9,3
21870,1827,19,3
21871,1827,51,3
21872,1827,21,4
21873,1827,52,5
21874,1827,23,3
21875,1827,60,2
21876,1828,1,4
21877,1828,3,3
21878,1828,6,3
21879,1828,8,3
21880,1828,9,3
21881,1828,46,2
21882,1828,51,3
21883,1828,21,3
21884,1828,60,1
21885,1828,30,5
21886,1829,1,2
21887,1829,35,4
21888,1829,8,3
21889,1829,9,2
21890,1829,43,5
21891,1829,48,2
21892,1829,21,2
21893,1829,55,2
21894,1829,56,3
21895,1829,24,1
21896,1829,58,2
21897,1829,30,1
21898,1830,1,1
21899,1830,3,2
21900,1830,39,3
21901,1830,8,2
21902,1830,40,3
21903,1830,9,1
21904,1830,11,1
21905,1830,19,3
21906,1830,21,1
21907,1830,23,1
21908,1830,28,3
21909,1831,32,3
21910,1831,3,3
21911,1831,35,3
21912,1831,38,2
21913,1831,8,2
21914,1831,9,3
21915,1831,13,2
21916,1831,46,3
21917,1831,47,4
21918,1831,45,3
21919,1831,51,1
21920,1831,21,3
21921,1832,4,3
21922,1832,7,2
21923,1832,8,4
21924,1832,9,2
21925,1832,11,4
21926,1832,47,3
21927,1832,19,1
21928,1832,23,3
21929,1832,21,2
21930,1832,22,3
21931,1832,53,2
21932,1832,58,2
21933,1832,59,3
21934,1832,30,3
21935,1833,3,4
21936,1833,5,2
21937,1833,38,2
21938,1833,8,3
21939,1833,9,4
21940,1833,44,4
21941,1833,45,3
21942,1833,46,4
21943,1833,48,2
21944,1833,50,1
21945,1833,21,4
21946,1833,23,1
21947,1834,3,5
21948,1834,4,5
21949,1834,35,4
21950,1834,6,4
21951,1834,8,3
21952,1834,9,3
21953,1834,51,1
21954,1834,19,4
21955,1834,52,4
21956,1834,21,3
21957,1834,60,3
21958,1835,3,5
21959,1835,5,5
21960,1835,6,4
21961,1835,8,4
21962,1835,9,4
21963,1835,11,5
21964,1835,19,5
21965,1835,21,4
21966,1835,25,5
21967,1835,28,5
21968,1835,30,5
21969,1835,31,3
21970,1836,1,3
21971,1836,2,3
21972,1836,8,2
21973,1836,9,3
21974,1836,48,4
21975,1836,20,3
21976,1836,21,4
21977,1836,55,2
21978,1836,24,2
21979,1836,57,3
21980,1836,58,2
21981,1836,30,4
21982,1837,1,3
21983,1837,2,4
21984,1837,3,3
21985,1837,34,3
21986,1837,5,1
21987,1837,6,4
21988,1837,8,3
21989,1837,9,2
21990,1837,11,4
21991,1837,12,1
21992,1837,13,2
21993,1837,19,2
21994,1837,21,3
21995,1838,1,5
21996,1838,56,4
21997,1838,9,5
21998,1838,42,3
21999,1838,43,4
22000,1838,48,4
22001,1838,19,5
22002,1838,20,5
22003,1838,21,4
22004,1838,25,3
22005,1838,24,5
22006,1838,57,5
22007,1838,58,5
22008,1838,28,5
22009,1838,30,5
22010,1839,3,3
22011,1839,35,2
22012,1839,5,5
22013,1839,6,5
22014,1839,8,5
22015,1839,9,4
22016,1839,11,5
22017,1839,19,3
22018,1839,21,4
22019,1839,25,5
22020,1839,59,2
22021,1839,28,5
22022,1839,30,4
22023,1840,3,2
22024,1840,4,1
22025,1840,38,1
22026,1840,39,1
22027,1840,8,2
22028,1840,41,2
22029,1840,9,3
22030,1840,40,1
22031,1840,43,3
22032,1840,47,3
22033,1840,17,3
22034,1840,21,2
22035,1841,1,1
22036,1841,7,3
22037,1841,8,1
22038,1841,9,2
22039,1841,13,1
22040,1841,15,2
22041,1841,16,3
22042,1841,17,2
22043,1841,18,2
22044,1841,19,1
22045,1841,20,4
22046,1841,21,2
22047,1842,32,1
22048,1842,1,3
22049,1842,3,1
22050,1842,36,3
22051,1842,8,2
22052,1842,9,3
22053,1842,11,3
22054,1842,13,2
22055,1842,50,2
22056,1842,19,2
22057,1842,20,2
22058,1842,26,2
22059,1843,1,2
22060,1843,2,3
22061,1843,3,2
22062,1843,5,1
22063,1843,6,3
22064,1843,8,2
22065,1843,9,2
22066,1843,11,2
22067,1843,12,1
22068,1843,15,1
22069,1843,19,2
22070,1843,21,2
22071,1843,25,1
22072,1843,28,2
22073,1844,34,2
22074,1844,3,5
22075,1844,4,2
22076,1844,6,3
22077,1844,8,4
22078,1844,9,3
22079,1844,11,5
22080,1844,50,1
22081,1844,51,3
22082,1844,19,4
22083,1844,52,2
22084,1844,21,3
22085,1844,60,2
22086,1845,1,4
22087,1845,34,3
22088,1845,3,4
22089,1845,36,5
22090,1845,2,4
22091,1845,9,4
22092,1845,11,2
22093,1845,46,2
22094,1845,21,5
22095,1845,23,3
22096,1845,31,4
22097,1846,33,2
22098,1846,8,2
22099,1846,9,2
22100,1846,11,3
22101,1846,47,4
22102,1846,19,3
22103,1846,23,2
22104,1846,21,2
22105,1846,22,4
22106,1846,53,3
22107,1846,54,3
22108,1846,58,4
22109,1846,59,3
22110,1846,30,3
22111,1847,1,3
22112,1847,34,1
22113,1847,8,2
22114,1847,9,4
22115,1847,10,2
22116,1847,48,5
22117,1847,20,3
22118,1847,21,3
22119,1847,55,2
22120,1847,24,1
22121,1847,57,3
22122,1847,58,2
22123,1847,30,4
22124,1847,31,1
22125,1848,1,4
22126,1848,2,2
22127,1848,3,2
22128,1848,4,2
22129,1848,5,3
22130,1848,7,2
22131,1848,8,2
22132,1848,9,5
22133,1848,11,3
22134,1848,12,3
22135,1848,17,3
22136,1848,19,2
22137,1848,30,2
22138,1849,32,1
22139,1849,33,3
22140,1849,1,5
22141,1849,3,5
22142,1849,36,3
22143,1849,9,5
22144,1849,11,5
22145,1849,20,4
22146,1849,22,3
22147,1849,27,4
22148,1849,60,2
22149,1850,32,2
22150,1850,33,2
22151,1850,3,4
22152,1850,35,3
22153,1850,8,2
22154,1850,9,3
22155,1850,11,1
22156,1850,45,4
22157,1850,19,4
22158,1850,21,1
22159,1850,24,3
22160,1850,27,2
22161,1851,1,1
22162,1851,33,3
22163,1851,3,2
22164,1851,8,3
22165,1851,41,1
22166,1851,9,2
22167,1851,11,1
22168,1851,49,2
22169,1851,50,2
22170,1851,19,1
22171,1851,51,2
22172,1851,21,2
22173,1851,54,1
22174,1852,1,3
22175,1852,3,4
22176,1852,6,3
22177,1852,8,3
22178,1852,9,2
22179,1852,51,3
22180,1852,21,3
22181,1852,56,3
22182,1852,60,2
22183,1853,3,2
22184,1853,38,1
22185,1853,39,1
22186,1853,8,3
22187,1853,41,1
22188,1853,9,2
22189,1853,40,2
22190,1853,49,3
22191,1853,21,3
22192,1853,60,4
22193,1854,3,2
22194,1854,36,4
22195,1854,26,3
22196,1854,8,3
22197,1854,9,3
22198,1854,11,3
22199,1854,17,3
22200,1854,19,4
22201,1854,21,3
22202,1854,22,3
22203,1854,23,3
22204,1854,53,3
22205,1854,58,2
22206,1854,59,4
22207,1854,30,5
22208,1855,1,3
22209,1855,37,1
22210,1855,39,4
22211,1855,8,4
22212,1855,9,3
22213,1855,40,2
22214,1855,48,3
22215,1855,21,2
22216,1855,55,2
22217,1855,56,4
22218,1855,24,2
22219,1855,58,2
22220,1855,30,1
22221,1856,1,5
22222,1856,7,2
22223,1856,8,4
22224,1856,9,4
22225,1856,48,4
22226,1856,20,4
22227,1856,21,4
22228,1856,25,5
22229,1856,58,4
22230,1856,28,4
22231,1856,30,3
22232,1857,3,3
22233,1857,4,3
22234,1857,5,4
22235,1857,6,3
22236,1857,8,3
22237,1857,9,1
22238,1857,12,4
22239,1857,44,3
22240,1857,48,2
22241,1857,19,3
22242,1857,21,5
22243,1857,25,5
22244,1858,1,3
22245,1858,2,2
22246,1858,8,3
22247,1858,41,5
22248,1858,42,1
22249,1858,50,4
22250,1858,19,3
22251,1858,51,3
22252,1858,21,2
22253,1858,54,4
22254,1858,52,3
22255,1858,31,2
22256,1859,3,4
22257,1859,4,2
22258,1859,6,2
22259,1859,8,2
22260,1859,9,1
22261,1859,51,1
22262,1859,19,3
22263,1859,52,1
22264,1859,21,1
22265,1859,60,3
22266,1860,1,5
22267,1860,33,2
22268,1860,56,4
22269,1860,9,3
22270,1860,47,4
22271,1860,48,4
22272,1860,19,3
22273,1860,20,5
22274,1860,21,5
22275,1860,25,5
22276,1860,24,5
22277,1860,57,5
22278,1860,58,5
22279,1860,28,5
22280,1860,30,5
22281,1861,32,3
22282,1861,8,3
22283,1861,9,2
22284,1861,19,2
22285,1861,53,2
22286,1861,21,1
22287,1861,22,2
22288,1861,56,2
22289,1861,58,3
22290,1861,59,2
22291,1861,30,2
22292,1862,1,4
22293,1862,3,4
22294,1862,5,2
22295,1862,6,1
22296,1862,39,4
22297,1862,8,3
22298,1862,40,3
22299,1862,9,4
22300,1862,11,2
22301,1862,15,3
22302,1862,19,4
22303,1862,51,4
22304,1862,21,4
22305,1863,1,2
22306,1863,7,3
22307,1863,8,3
22308,1863,39,1
22309,1863,13,4
22310,1863,14,3
22311,1863,15,5
22312,1863,17,4
22313,1863,18,3
22314,1863,19,4
22315,1863,21,5
22316,1863,25,4
22317,1863,60,1
22318,1864,3,5
22319,1864,4,5
22320,1864,6,4
22321,1864,38,2
22322,1864,8,5
22323,1864,9,2
22324,1864,28,3
22325,1864,17,3
22326,1864,51,3
22327,1864,19,4
22328,1864,52,2
22329,1864,21,3
22330,1864,58,2
22331,1864,60,4
22332,1865,1,3
22333,1865,8,4
22334,1865,41,2
22335,1865,9,3
22336,1865,11,1
22337,1865,43,4
22338,1865,49,4
22339,1865,50,1
22340,1865,19,2
22341,1865,51,3
22342,1865,21,4
22343,1865,54,4
22344,1865,53,2
22345,1866,1,2
22346,1866,7,3
22347,1866,8,2
22348,1866,9,3
22349,1866,13,2
22350,1866,15,3
22351,1866,16,1
22352,1866,17,3
22353,1866,18,3
22354,1866,19,1
22355,1866,21,2
22356,1866,58,3
22357,1867,32,3
22358,1867,33,1
22359,1867,3,3
22360,1867,8,2
22361,1867,9,4
22362,1867,11,1
22363,1867,12,3
22364,1867,17,1
22365,1867,19,3
22366,1867,21,3
22367,1867,27,1
22368,1868,1,3
22369,1868,3,3
22370,1868,39,3
22371,1868,8,2
22372,1868,40,3
22373,1868,9,2
22374,1868,11,1
22375,1868,19,3
22376,1868,21,2
22377,1868,59,2
22378,1869,1,2
22379,1869,4,2
22380,1869,5,1
22381,1869,6,2
22382,1869,7,1
22383,1869,8,1
22384,1869,11,2
22385,1869,12,1
22386,1869,19,4
22387,1870,1,3
22388,1870,2,3
22389,1870,8,4
22390,1870,41,4
22391,1870,10,3
22392,1870,15,3
22393,1870,50,3
22394,1870,19,2
22395,1870,51,2
22396,1870,21,3
22397,1870,54,4
22398,1870,52,3
22399,1870,29,1
22400,1871,1,2
22401,1871,4,1
22402,1871,5,2
22403,1871,6,2
22404,1871,7,2
22405,1871,8,1
22406,1871,11,2
22407,1871,12,1
22408,1871,19,3
22409,1872,32,1
22410,1872,33,1
22411,1872,1,4
22412,1872,3,1
22413,1872,36,2
22414,1872,9,4
22415,1872,11,2
22416,1872,20,3
22417,1872,53,3
22418,1872,27,2
22419,1873,1,4
22420,1873,4,3
22421,1873,5,2
22422,1873,6,2
22423,1873,7,3
22424,1873,8,3
22425,1873,11,4
22426,1873,12,2
22427,1873,18,3
22428,1873,19,5
22429,1873,21,4
22430,1873,56,3
22431,1874,1,3
22432,1874,3,4
22433,1874,4,2
22434,1874,6,3
22435,1874,8,4
22436,1874,9,2
22437,1874,40,2
22438,1874,51,3
22439,1874,21,3
22440,1874,60,3
22441,1875,32,4
22442,1875,33,1
22443,1875,3,4
22444,1875,8,3
22445,1875,9,4
22446,1875,11,1
22447,1875,19,4
22448,1875,21,3
22449,1875,58,4
22450,1875,27,4
22451,1876,8,4
22452,1876,9,3
22453,1876,41,4
22454,1876,11,2
22455,1876,50,5
22456,1876,19,4
22457,1876,52,2
22458,1876,51,4
22459,1876,21,5
22460,1876,20,5
22461,1876,53,3
22462,1876,25,1
22463,1876,28,3
22464,1876,30,2
22465,1877,1,5
22466,1877,8,5
22467,1877,9,4
22468,1877,48,5
22469,1877,50,3
22470,1877,20,5
22471,1877,21,4
22472,1877,53,2
22473,1877,25,5
22474,1877,58,3
22475,1877,28,5
22476,1877,30,5
22477,1878,3,3
22478,1878,5,2
22479,1878,9,1
22480,1878,43,1
22481,1878,45,1
22482,1878,46,2
22483,1878,47,1
22484,1878,16,1
22485,1878,15,2
22486,1878,20,1
22487,1878,21,1
22488,1878,22,1
22489,1879,1,5
22490,1879,8,3
22491,1879,9,4
22492,1879,41,4
22493,1879,11,4
22494,1879,49,5
22495,1879,50,3
22496,1879,19,5
22497,1879,51,4
22498,1879,21,2
22499,1879,54,5
22500,1879,60,1
22501,1880,3,2
22502,1880,5,1
22503,1880,8,1
22504,1880,43,3
22505,1880,44,1
22506,1880,45,1
22507,1880,13,2
22508,1880,48,3
22509,1880,16,3
22510,1880,19,2
22511,1880,20,2
22512,1881,1,4
22513,1881,8,4
22514,1881,9,5
22515,1881,41,4
22516,1881,11,4
22517,1881,46,4
22518,1881,47,5
22519,1881,49,4
22520,1881,50,3
22521,1881,19,5
22522,1881,51,3
22523,1881,21,3
22524,1881,54,5
22525,1881,60,3
22526,1882,1,2
22527,1882,2,2
22528,1882,3,3
22529,1882,5,3
22530,1882,6,3
22531,1882,8,3
22532,1882,9,3
22533,1882,41,4
22534,1882,11,3
22535,1882,12,2
22536,1882,10,3
22537,1882,19,2
22538,1882,21,4
22539,1882,26,2
22540,1883,7,2
22541,1883,45,3
22542,1883,14,2
22543,1883,15,1
22544,1883,17,3
22545,1883,18,1
22546,1883,19,4
22547,1883,20,2
22548,1883,21,3
22549,1884,1,5
22550,1884,2,1
22551,1884,39,4
22552,1884,8,4
22553,1884,9,5
22554,1884,48,4
22555,1884,20,4
22556,1884,21,3
22557,1884,25,4
22558,1884,58,3
22559,1884,28,4
22560,1884,30,4
22561,1884,31,1
22562,1885,3,3
22563,1885,5,1
22564,1885,39,5
22565,1885,8,1
22566,1885,9,3
22567,1885,44,3
22568,1885,45,3
22569,1885,46,3
22570,1885,48,1
22571,1885,21,1
22572,1886,1,2
22573,1886,2,3
22574,1886,3,1
22575,1886,5,2
22576,1886,6,2
22577,1886,8,2
22578,1886,9,2
22579,1886,11,2
22580,1886,12,1
22581,1886,19,1
22582,1886,52,4
22583,1886,21,1
22584,1886,58,3
22585,1887,32,5
22586,1887,1,5
22587,1887,3,5
22588,1887,4,3
22589,1887,8,5
22590,1887,9,5
22591,1887,11,5
22592,1887,20,5
22593,1887,21,5
22594,1887,54,2
22595,1887,24,3
22596,1887,25,5
22597,1887,27,5
22598,1887,28,4
22599,1887,30,5
22600,1888,1,2
22601,1888,3,2
22602,1888,36,3
22603,1888,37,3
22604,1888,38,3
22605,1888,39,3
22606,1888,40,2
22607,1888,41,3
22608,1888,42,3
22609,1888,8,3
22610,1888,11,1
22611,1888,19,4
22612,1888,55,4
22613,1889,1,4
22614,1889,38,1
22615,1889,8,1
22616,1889,9,3
22617,1889,48,3
22618,1889,20,3
22619,1889,21,2
22620,1889,25,3
22621,1889,58,3
22622,1889,28,3
22623,1889,30,1
22624,1890,1,3
22625,1890,56,4
22626,1890,9,5
22627,1890,42,3
22628,1890,60,3
22629,1890,47,3
22630,1890,48,3
22631,1890,19,5
22632,1890,20,5
22633,1890,21,5
22634,1890,25,3
22635,1890,24,5
22636,1890,57,4
22637,1890,58,5
22638,1890,28,5
22639,1890,30,5
22640,1891,32,3
22641,1891,33,3
22642,1891,1,5
22643,1891,3,4
22644,1891,36,3
22645,1891,9,5
22646,1891,11,3
22647,1891,43,4
22648,1891,51,2
22649,1891,20,5
22650,1891,56,4
22651,1891,27,5
22652,1891,28,1
22653,1892,1,5
22654,1892,34,5
22655,1892,3,5
22656,1892,39,4
22657,1892,8,4
22658,1892,40,4
22659,1892,9,4
22660,1892,11,4
22661,1892,19,4
22662,1892,21,4
22663,1892,30,3
22664,1893,1,5
22665,1893,38,5
22666,1893,8,4
22667,1893,9,4
22668,1893,41,4
22669,1893,11,4
22670,1893,47,4
22671,1893,49,4
22672,1893,50,4
22673,1893,19,4
22674,1893,51,3
22675,1893,21,3
22676,1893,54,5
22677,1893,52,4
22678,1893,28,4
22679,1894,1,1
22680,1894,34,4
22681,1894,35,4
22682,1894,36,5
22683,1894,5,3
22684,1894,11,3
22685,1894,43,1
22686,1894,21,3
22687,1894,30,5
22688,1894,31,5
22689,1895,1,5
22690,1895,3,4
22691,1895,4,4
22692,1895,6,4
22693,1895,8,4
22694,1895,9,3
22695,1895,19,3
22696,1895,52,3
22697,1895,21,3
22698,1895,59,2
22699,1895,60,5
22700,1896,3,5
22701,1896,5,5
22702,1896,6,2
22703,1896,8,4
22704,1896,9,4
22705,1896,11,5
22706,1896,15,5
22707,1896,19,4
22708,1896,21,3
22709,1896,25,5
22710,1896,28,5
22711,1896,30,3
22712,1897,34,4
22713,1897,35,2
22714,1897,36,3
22715,1897,5,3
22716,1897,8,3
22717,1897,52,5
22718,1897,21,2
22719,1897,30,2
22720,1897,31,3
22721,1898,1,1
22722,1898,8,2
22723,1898,41,1
22724,1898,47,3
22725,1898,48,2
22726,1898,50,3
22727,1898,19,2
22728,1898,51,1
22729,1898,21,3
22730,1898,54,3
22731,1898,52,2
22732,1899,33,2
22733,1899,1,2
22734,1899,3,2
22735,1899,36,3
22736,1899,8,1
22737,1899,9,1
22738,1899,15,5
22739,1899,21,2
22740,1899,27,2
22741,1900,8,3
22742,1900,9,3
22743,1900,41,2
22744,1900,11,3
22745,1900,14,2
22746,1900,50,4
22747,1900,19,3
22748,1900,52,5
22749,1900,51,3
22750,1900,21,5
22751,1900,24,2
22752,1900,25,3
22753,1900,28,3
22754,1900,30,2
22755,1901,1,4
22756,1901,8,3
22757,1901,9,5
22758,1901,48,5
22759,1901,16,4
22760,1901,20,4
22761,1901,21,4
22762,1901,55,3
22763,1901,24,3
22764,1901,57,4
22765,1901,58,4
22766,1901,30,5
22767,1902,38,3
22768,1902,9,3
22769,1902,46,3
22770,1902,19,4
22771,1902,21,4
22772,1902,53,3
22773,1902,23,4
22774,1902,22,4
22775,1902,59,4
22776,1902,30,5
22777,1903,1,3
22778,1903,35,4
22779,1903,36,5
22780,1903,8,5
22781,1903,9,3
22782,1903,19,3
22783,1903,53,3
22784,1903,25,2
22785,1903,27,3
22786,1903,28,3
22787,1903,30,1
22788,1903,31,1
22789,1904,3,4
22790,1904,5,2
22791,1904,8,1
22792,1904,9,4
22793,1904,42,4
22794,1904,44,4
22795,1904,45,3
22796,1904,46,4
22797,1904,48,2
22798,1904,21,3
22799,1905,3,3
22800,1905,4,2
22801,1905,37,4
22802,1905,6,2
22803,1905,8,2
22804,1905,9,2
22805,1905,43,4
22806,1905,51,1
22807,1905,19,1
22808,1905,52,2
22809,1905,21,2
22810,1905,60,2
22811,1906,1,5
22812,1906,3,4
22813,1906,4,3
22814,1906,6,5
22815,1906,8,4
22816,1906,9,4
22817,1906,50,2
22818,1906,19,3
22819,1906,52,3
22820,1906,21,3
22821,1906,18,4
22822,1906,60,3
22823,1907,3,4
22824,1907,5,4
22825,1907,6,4
22826,1907,8,5
22827,1907,9,4
22828,1907,11,5
22829,1907,19,5
22830,1907,51,3
22831,1907,21,4
22832,1907,25,5
22833,1907,28,5
22834,1907,30,4
22835,1908,1,3
22836,1908,56,1
22837,1908,37,3
22838,1908,9,2
22839,1908,48,3
22840,1908,20,2
22841,1908,55,3
22842,1908,24,3
22843,1908,57,1
22844,1908,58,1
22845,1908,30,4
22846,1909,34,4
22847,1909,35,3
22848,1909,36,3
22849,1909,5,3
22850,1909,8,3
22851,1909,13,3
22852,1909,17,4
22853,1909,21,2
22854,1909,30,4
22855,1909,31,3
22856,1910,1,3
22857,1910,4,4
22858,1910,5,3
22859,1910,6,3
22860,1910,7,4
22861,1910,8,3
22862,1910,11,3
22863,1910,12,3
22864,1910,14,2
22865,1910,16,2
22866,1910,50,3
22867,1910,19,5
22868,1911,1,3
22869,1911,8,4
22870,1911,9,4
22871,1911,15,1
22872,1911,48,3
22873,1911,21,3
22874,1911,55,3
22875,1911,56,4
22876,1911,24,2
22877,1911,58,3
22878,1911,59,3
22879,1911,30,2
22880,1912,1,1
22881,1912,3,2
22882,1912,37,2
22883,1912,38,2
22884,1912,39,2
22885,1912,40,2
22886,1912,41,2
22887,1912,42,2
22888,1912,8,2
22889,1912,11,1
22890,1912,47,2
22891,1912,19,1
22892,1912,26,3
22893,1913,1,4
22894,1913,4,3
22895,1913,5,3
22896,1913,6,5
22897,1913,7,4
22898,1913,8,1
22899,1913,11,4
22900,1913,12,3
22901,1913,19,5
22902,1913,23,5
22903,1914,3,2
22904,1914,36,5
22905,1914,38,2
22906,1914,39,1
22907,1914,8,2
22908,1914,41,2
22909,1914,9,2
22910,1914,40,1
22911,1914,21,2
22912,1915,3,4
22913,1915,4,4
22914,1915,6,4
22915,1915,8,4
22916,1915,9,3
22917,1915,47,2
22918,1915,51,4
22919,1915,19,4
22920,1915,52,3
22921,1915,21,3
22922,1915,60,4
22923,1916,1,5
22924,1916,37,5
22925,1916,39,5
22926,1916,40,5
22927,1916,41,4
22928,1916,42,3
22929,1916,11,4
22930,1916,9,5
22931,1916,19,5
22932,1916,21,5
22933,1916,25,4
22934,1916,59,3
22935,1916,28,5
22936,1916,30,2
22937,1917,1,5
22938,1917,56,2
22939,1917,9,3
22940,1917,48,4
22941,1917,20,3
22942,1917,55,4
22943,1917,24,5
22944,1917,57,3
22945,1917,58,3
22946,1917,30,3
22947,1917,31,2
22948,1918,1,4
22949,1918,2,4
22950,1918,3,4
22951,1918,36,1
22952,1918,39,4
22953,1918,8,3
22954,1918,40,3
22955,1918,9,3
22956,1918,11,3
22957,1918,19,3
22958,1918,21,3
22959,1918,22,4
22960,1919,3,4
22961,1919,36,2
22962,1919,5,2
22963,1919,8,2
22964,1919,9,4
22965,1919,44,5
22966,1919,45,4
22967,1919,46,4
22968,1919,12,4
22969,1919,48,3
22970,1919,21,2
22971,1919,58,3
22972,1919,59,2
22973,1920,2,2
22974,1920,8,2
22975,1920,9,2
22976,1920,41,2
22977,1920,11,3
22978,1920,50,4
22979,1920,19,3
22980,1920,52,3
22981,1920,51,4
22982,1920,21,5
22983,1920,25,3
22984,1920,28,3
22985,1920,30,2
22986,1921,32,5
22987,1921,1,4
22988,1921,3,5
22989,1921,9,5
22990,1921,11,3
22991,1921,19,2
22992,1921,20,5
22993,1921,21,4
22994,1921,25,5
22995,1921,27,5
22996,1921,28,3
22997,1921,30,4
22998,1922,1,3
22999,1922,2,2
23000,1922,3,3
23001,1922,4,3
23002,1922,5,3
23003,1922,8,2
23004,1922,9,3
23005,1922,15,3
23006,1922,19,3
23007,1922,51,4
23008,1922,25,2
23009,1922,60,3
23010,1923,1,5
23011,1923,39,2
23012,1923,8,5
23013,1923,9,5
23014,1923,42,4
23015,1923,13,2
23016,1923,48,5
23017,1923,20,3
23018,1923,21,2
23019,1923,25,5
23020,1923,58,5
23021,1923,28,5
23022,1923,30,5
23023,1924,3,1
23024,1924,4,1
23025,1924,35,4
23026,1924,8,1
23027,1924,9,3
23028,1924,10,2
23029,1924,50,3
23030,1924,19,2
23031,1924,51,2
23032,1924,21,1
23033,1924,52,2
23034,1924,58,2
23035,1924,60,3
23036,1925,3,4
23037,1925,38,2
23038,1925,39,4
23039,1925,8,4
23040,1925,41,4
23041,1925,9,3
23042,1925,40,3
23043,1925,14,3
23044,1925,21,4
23045,1925,22,4
23046,1926,1,1
23047,1926,7,2
23048,1926,8,1
23049,1926,9,2
23050,1926,13,1
23051,1926,15,2
23052,1926,16,2
23053,1926,17,1
23054,1926,18,2
23055,1926,19,1
23056,1926,48,5
23057,1926,21,2
23058,1926,52,1
23059,1926,23,5
23060,1927,32,4
23061,1927,1,4
23062,1927,3,5
23063,1927,6,2
23064,1927,9,5
23065,1927,11,5
23066,1927,44,3
23067,1927,43,2
23068,1927,50,3
23069,1927,20,5
23070,1927,21,5
23071,1927,25,5
23072,1927,27,3
23073,1927,28,4
23074,1927,30,5
23075,1928,1,5
23076,1928,3,4
23077,1928,4,3
23078,1928,6,4
23079,1928,8,4
23080,1928,9,4
23081,1928,19,4
23082,1928,52,3
23083,1928,21,2
23084,1928,56,3
23085,1928,60,4
23086,1928,29,3
23087,1928,31,4
23088,1929,1,3
23089,1929,34,4
23090,1929,35,5
23091,1929,36,5
23092,1929,5,4
23093,1929,7,2
23094,1929,11,3
23095,1929,44,4
23096,1929,16,3
23097,1929,21,4
23098,1929,60,3
23099,1929,30,5
23100,1929,31,3
23101,1930,1,3
23102,1930,35,3
23103,1930,9,4
23104,1930,44,2
23105,1930,19,2
23106,1930,21,3
23107,1930,53,3
23108,1930,23,4
23109,1930,22,5
23110,1930,59,3
23111,1930,30,5
23112,1931,1,5
23113,1931,56,4
23114,1931,9,5
23115,1931,48,3
23116,1931,19,5
23117,1931,20,5
23118,1931,21,4
23119,1931,25,3
23120,1931,24,3
23121,1931,57,5
23122,1931,58,4
23123,1931,28,5
23124,1931,30,5
23125,1932,1,4
23126,1932,8,4
23127,1932,9,4
23128,1932,41,5
23129,1932,11,4
23130,1932,50,4
23131,1932,19,5
23132,1932,52,4
23133,1932,51,5
23134,1932,21,5
23135,1932,25,5
23136,1932,28,4
23137,1932,30,2
23138,1933,1,1
23139,1933,8,1
23140,1933,9,3
23141,1933,41,3
23142,1933,11,3
23143,1933,14,2
23144,1933,49,3
23145,1933,51,2
23146,1933,19,3
23147,1933,21,3
23148,1933,54,4
23149,1934,7,2
23150,1934,11,3
23151,1934,14,2
23152,1934,15,3
23153,1934,17,3
23154,1934,18,3
23155,1934,19,3
23156,1934,20,1
23157,1934,21,3
23158,1934,22,3
23159,1934,29,1
23160,1935,1,3
23161,1935,3,4
23162,1935,4,3
23163,1935,6,2
23164,1935,8,3
23165,1935,9,2
23166,1935,28,2
23167,1935,51,3
23168,1935,21,4
23169,1935,60,1
23170,1936,3,4
23171,1936,4,5
23172,1936,5,4
23173,1936,6,5
23174,1936,8,5
23175,1936,9,4
23176,1936,12,4
23177,1936,16,3
23178,1936,19,5
23179,1936,21,5
23180,1936,29,4
23181,1937,1,1
23182,1937,3,5
23183,1937,6,3
23184,1937,8,4
23185,1937,9,2
23186,1937,47,4
23187,1937,48,4
23188,1937,51,3
23189,1937,21,2
23190,1937,60,1
23191,1938,1,3
23192,1938,6,1
23193,1938,8,2
23194,1938,9,4
23195,1938,48,3
23196,1938,20,3
23197,1938,21,2
23198,1938,55,2
23199,1938,24,2
23200,1938,57,2
23201,1938,58,1
23202,1938,30,2
23203,1939,1,3
23204,1939,7,2
23205,1939,8,1
23206,1939,13,3
23207,1939,14,3
23208,1939,15,3
23209,1939,17,3
23210,1939,18,3
23211,1939,19,3
23212,1939,21,4
23213,1940,32,2
23214,1940,33,1
23215,1940,3,2
23216,1940,8,2
23217,1940,9,4
23218,1940,11,1
23219,1940,19,3
23220,1940,21,1
23221,1940,25,3
23222,1940,27,2
23223,1941,1,5
23224,1941,37,5
23225,1941,39,5
23226,1941,40,5
23227,1941,41,5
23228,1941,42,5
23229,1941,11,4
23230,1941,9,4
23231,1941,13,3
23232,1941,19,5
23233,1941,52,5
23234,1941,21,5
23235,1941,25,4
23236,1941,28,5
23237,1941,30,3
23238,1942,3,5
23239,1942,35,2
23240,1942,5,5
23241,1942,6,4
23242,1942,8,5
23243,1942,9,3
23244,1942,11,5
23245,1942,19,4
23246,1942,21,4
23247,1942,25,5
23248,1942,28,5
23249,1942,30,4
23250,1943,3,2
23251,1943,4,3
23252,1943,5,4
23253,1943,6,1
23254,1943,8,3
23255,1943,9,2
23256,1943,12,3
23257,1943,14,4
23258,1943,19,2
23259,1943,21,5
23260,1944,3,4
23261,1944,4,3
23262,1944,6,3
23263,1944,8,3
23264,1944,9,2
23265,1944,48,5
23266,1944,51,1
23267,1944,19,3
23268,1944,52,3
23269,1944,21,2
23270,1944,23,2
23271,1944,60,2
23272,1944,29,1
23273,1945,1,2
23274,1945,2,1
23275,1945,3,2
23276,1945,5,1
23277,1945,6,3
23278,1945,8,2
23279,1945,9,2
23280,1945,11,2
23281,1945,12,2
23282,1945,19,2
23283,1945,21,1
23284,1945,29,3
23285,1946,1,2
23286,1946,34,2
23287,1946,35,4
23288,1946,36,5
23289,1946,5,4
23290,1946,11,3
23291,1946,21,3
23292,1946,55,2
23293,1946,30,4
23294,1946,31,3
23295,1947,1,3
23296,1947,4,3
23297,1947,5,2
23298,1947,6,3
23299,1947,7,3
23300,1947,8,2
23301,1947,37,3
23302,1947,11,4
23303,1947,12,1
23304,1947,19,5
23305,1947,24,2
23306,1947,57,5
23307,1948,1,3
23308,1948,37,2
23309,1948,8,2
23310,1948,9,3
23311,1948,40,2
23312,1948,48,3
23313,1948,51,3
23314,1948,20,4
23315,1948,21,3
23316,1948,55,3
23317,1948,24,1
23318,1948,57,2
23319,1948,58,2
23320,1948,30,2
23321,1949,3,5
23322,1949,5,2
23323,1949,8,3
23324,1949,9,4
23325,1949,44,4
23326,1949,45,3
23327,1949,46,4
23328,1949,48,3
23329,1949,49,2
23330,1949,21,3
23331,1949,24,3
23332,1950,3,4
23333,1950,4,4
23334,1950,5,5
23335,1950,6,4
23336,1950,8,4
23337,1950,9,3
23338,1950,12,4
23339,1950,14,2
23340,1950,46,4
23341,1950,18,3
23342,1950,19,4
23343,1950,21,5
23344,1950,58,4
23345,1951,1,2
23346,1951,2,3
23347,1951,3,3
23348,1951,5,3
23349,1951,6,4
23350,1951,38,3
23351,1951,8,3
23352,1951,9,1
23353,1951,11,2
23354,1951,12,1
23355,1951,13,2
23356,1951,19,1
23357,1951,21,2
23358,1952,3,3
23359,1952,4,1
23360,1952,8,2
23361,1952,9,3
23362,1952,15,4
23363,1952,19,2
23364,1952,51,4
23365,1952,21,4
23366,1952,52,4
23367,1952,56,4
23368,1952,60,4
23369,1953,1,4
23370,1953,8,4
23371,1953,9,4
23372,1953,41,2
23373,1953,11,5
23374,1953,43,3
23375,1953,14,3
23376,1953,49,3
23377,1953,50,4
23378,1953,19,5
23379,1953,51,3
23380,1953,21,3
23381,1953,54,4
23382,1953,31,4
23383,1954,1,3
23384,1954,4,2
23385,1954,5,1
23386,1954,6,2
23387,1954,7,2
23388,1954,8,1
23389,1954,37,2
23390,1954,11,1
23391,1954,12,1
23392,1954,19,4
23393,1954,21,4
23394,1955,32,1
23395,1955,33,1
23396,1955,1,2
23397,1955,3,2
23398,1955,36,1
23399,1955,9,3
23400,1955,11,2
23401,1955,45,4
23402,1955,20,3
23403,1955,27,2
23404,1956,1,2
23405,1956,39,1
23406,1956,8,1
23407,1956,9,2
23408,1956,41,2
23409,1956,11,2
23410,1956,44,3
23411,1956,49,2
23412,1956,51,1
23413,1956,19,2
23414,1956,21,2
23415,1956,54,2
23416,1957,1,4
23417,1957,37,5
23418,1957,39,4
23419,1957,40,5
23420,1957,41,4
23421,1957,42,4
23422,1957,11,4
23423,1957,9,5
23424,1957,19,5
23425,1957,21,5
23426,1957,25,4
23427,1957,28,5
23428,1957,30,4
23429,1957,57,2
23430,1958,1,5
23431,1958,35,5
23432,1958,36,5
23433,1958,8,5
23434,1958,9,5
23435,1958,48,5
23436,1958,19,5
23437,1958,55,3
23438,1958,24,2
23439,1958,25,5
23440,1958,28,5
23441,1958,30,3
23442,1958,31,4
23443,1959,3,2
23444,1959,8,3
23445,1959,9,1
23446,1959,13,1
23447,1959,46,1
23448,1959,47,3
23449,1959,45,1
23450,1959,18,5
23451,1959,21,2
23452,1959,56,3
23453,1960,32,1
23454,1960,1,3
23455,1960,35,4
23456,1960,36,4
23457,1960,3,4
23458,1960,8,4
23459,1960,9,3
23460,1960,19,3
23461,1960,25,3
23462,1960,28,3
23463,1960,30,3
23464,1960,31,1
23465,1961,1,3
23466,1961,34,2
23467,1961,3,2
23468,1961,36,3
23469,1961,2,2
23470,1961,38,3
23471,1961,9,2
23472,1961,11,1
23473,1961,21,3
23474,1961,31,2
23475,1962,1,5
23476,1962,56,4
23477,1962,4,2
23478,1962,9,5
23479,1962,48,3
23480,1962,19,3
23481,1962,20,5
23482,1962,21,5
23483,1962,25,5
23484,1962,24,5
23485,1962,57,5
23486,1962,58,3
23487,1962,59,4
23488,1962,28,5
23489,1962,30,5
23490,1963,3,5
23491,1963,5,5
23492,1963,8,4
23493,1963,9,3
23494,1963,13,4
23495,1963,46,3
23496,1963,47,5
23497,1963,48,5
23498,1963,19,5
23499,1963,21,4
23500,1963,24,3
23501,1963,25,4
23502,1963,28,5
23503,1963,30,4
23504,1964,7,5
23505,1964,8,5
23506,1964,9,5
23507,1964,13,5
23508,1964,14,5
23509,1964,15,5
23510,1964,17,4
23511,1964,18,5
23512,1964,19,4
23513,1964,20,4
23514,1964,21,5
23515,1964,54,2
23516,1964,53,1
23517,1964,25,4
23518,1964,28,5
23519,1964,30,3
23520,1965,33,3
23521,1965,1,4
23522,1965,3,2
23523,1965,36,4
23524,1965,8,1
23525,1965,9,2
23526,1965,21,3
23527,1965,22,2
23528,1965,27,4
23529,1966,1,4
23530,1966,56,2
23531,1966,38,3
23532,1966,9,3
23533,1966,48,4
23534,1966,20,3
23535,1966,55,3
23536,1966,24,3
23537,1966,57,3
23538,1966,58,3
23539,1966,59,2
23540,1966,30,4
23541,1967,6,4
23542,1967,39,2
23543,1967,8,2
23544,1967,9,5
23545,1967,11,3
23546,1967,47,2
23547,1967,19,5
23548,1967,21,5
23549,1967,22,4
23550,1967,23,4
23551,1967,53,2
23552,1967,58,3
23553,1967,59,3
23554,1967,30,5
23555,1968,32,2
23556,1968,1,2
23557,1968,2,3
23558,1968,3,3
23559,1968,37,3
23560,1968,38,3
23561,1968,39,1
23562,1968,40,3
23563,1968,41,3
23564,1968,42,3
23565,1968,8,3
23566,1968,11,2
23567,1968,6,5
23568,1968,19,3
23569,1968,55,4
23570,1969,1,5
23571,1969,8,3
23572,1969,9,3
23573,1969,48,4
23574,1969,20,4
23575,1969,21,3
23576,1969,25,4
23577,1969,58,4
23578,1969,28,4
23579,1969,30,4
23580,1970,1,5
23581,1970,36,3
23582,1970,8,5
23583,1970,9,4
23584,1970,41,4
23585,1970,11,4
23586,1970,49,4
23587,1970,50,4
23588,1970,19,5
23589,1970,51,4
23590,1970,21,3
23591,1970,54,5
23592,1970,23,5
23593,1971,1,2
23594,1971,3,3
23595,1971,35,3
23596,1971,37,3
23597,1971,38,3
23598,1971,39,2
23599,1971,40,3
23600,1971,41,4
23601,1971,42,3
23602,1971,8,3
23603,1971,11,1
23604,1971,19,1
23605,1971,20,2
23606,1972,1,4
23607,1972,34,3
23608,1972,56,2
23609,1972,2,2
23610,1972,38,2
23611,1972,9,3
23612,1972,14,2
23613,1972,48,3
23614,1972,20,4
23615,1972,55,4
23616,1972,24,4
23617,1972,57,3
23618,1972,58,2
23619,1972,30,5
23620,1973,1,1
23621,1973,8,1
23622,1973,9,2
23623,1973,48,2
23624,1973,51,1
23625,1973,20,1
23626,1973,21,2
23627,1973,55,1
23628,1973,24,1
23629,1973,57,2
23630,1973,58,1
23631,1973,30,3
23632,1974,3,4
23633,1974,38,2
23634,1974,39,2
23635,1974,8,3
23636,1974,41,3
23637,1974,9,3
23638,1974,40,1
23639,1974,21,3
23640,1974,23,5
23641,1975,1,4
23642,1975,34,3
23643,1975,35,4
23644,1975,36,5
23645,1975,5,3
23646,1975,11,2
23647,1975,47,3
23648,1975,21,4
23649,1975,54,3
23650,1975,26,4
23651,1975,30,5
23652,1975,31,3
23653,1976,1,2
23654,1976,8,3
23655,1976,9,2
23656,1976,12,2
23657,1976,48,3
23658,1976,21,2
23659,1976,55,1
23660,1976,56,4
23661,1976,24,1
23662,1976,58,1
23663,1976,30,1
23664,1976,57,3
23665,1977,26,4
23666,1977,8,4
23667,1977,9,3
23668,1977,19,3
23669,1977,53,4
23670,1977,21,2
23671,1977,22,4
23672,1977,58,3
23673,1977,59,3
23674,1977,28,3
23675,1977,30,1
23676,1978,3,2
23677,1978,4,3
23678,1978,8,2
23679,1978,9,4
23680,1978,19,4
23681,1978,51,3
23682,1978,21,4
23683,1978,52,4
23684,1978,57,2
23685,1978,60,1
23686,1979,1,2
23687,1979,4,1
23688,1979,5,3
23689,1979,8,2
23690,1979,41,3
23691,1979,50,3
23692,1979,19,1
23693,1979,51,1
23694,1979,21,2
23695,1979,54,2
23696,1979,52,2
23697,1980,3,2
23698,1980,4,3
23699,1980,36,3
23700,1980,6,3
23701,1980,8,3
23702,1980,9,2
23703,1980,51,2
23704,1980,19,3
23705,1980,52,3
23706,1980,21,2
23707,1980,60,2
23708,1981,32,2
23709,1981,1,3
23710,1981,3,2
23711,1981,36,3
23712,1981,8,2
23713,1981,9,3
23714,1981,13,3
23715,1981,48,3
23716,1981,19,3
23717,1981,20,2
23718,1982,33,4
23719,1982,3,3
23720,1982,4,2
23721,1982,5,5
23722,1982,6,2
23723,1982,8,3
23724,1982,9,2
23725,1982,43,1
23726,1982,12,3
23727,1982,16,3
23728,1982,19,3
23729,1982,21,4
23730,1983,8,4
23731,1983,9,3
23732,1983,41,4
23733,1983,11,3
23734,1983,50,5
23735,1983,19,4
23736,1983,52,4
23737,1983,51,4
23738,1983,21,5
23739,1983,54,3
23740,1983,25,2
23741,1983,28,4
23742,1983,30,3
23743,1984,3,5
23744,1984,5,5
23745,1984,8,5
23746,1984,9,2
23747,1984,13,4
23748,1984,46,5
23749,1984,47,5
23750,1984,48,5
23751,1984,19,5
23752,1984,21,4
23753,1984,25,3
23754,1984,28,5
23755,1984,30,4
23756,1985,1,1
23757,1985,3,3
23758,1985,37,1
23759,1985,38,1
23760,1985,39,2
23761,1985,40,2
23762,1985,41,2
23763,1985,42,2
23764,1985,8,2
23765,1985,11,1
23766,1985,14,2
23767,1985,19,2
23768,1985,59,3
23769,1986,3,3
23770,1986,5,1
23771,1986,8,2
23772,1986,9,3
23773,1986,44,4
23774,1986,45,3
23775,1986,46,4
23776,1986,47,3
23777,1986,48,3
23778,1986,17,3
23779,1986,21,3
23780,1987,32,3
23781,1987,3,4
23782,1987,38,3
23783,1987,39,3
23784,1987,8,5
23785,1987,41,4
23786,1987,9,4
23787,1987,40,3
23788,1987,11,3
23789,1987,21,3
23790,1988,3,4
23791,1988,5,5
23792,1988,39,2
23793,1988,9,3
23794,1988,43,4
23795,1988,45,3
23796,1988,46,5
23797,1988,47,4
23798,1988,50,3
23799,1988,20,3
23800,1988,21,2
23801,1988,22,3
23802,1988,58,3
23803,1989,3,2
23804,1989,5,2
23805,1989,37,3
23806,1989,7,1
23807,1989,8,1
23808,1989,10,3
23809,1989,43,2
23810,1989,44,1
23811,1989,45,2
23812,1989,13,1
23813,1989,48,3
23814,1989,17,1
23815,1989,19,3
23816,1989,20,2
23817,1990,1,4
23818,1990,3,1
23819,1990,4,2
23820,1990,5,3
23821,1990,7,3
23822,1990,8,3
23823,1990,9,4
23824,1990,10,2
23825,1990,11,4
23826,1990,12,3
23827,1990,49,4
23828,1990,19,2
23829,1990,56,3
23830,1991,1,2
23831,1991,8,1
23832,1991,9,5
23833,1991,42,3
23834,1991,12,4
23835,1991,48,5
23836,1991,20,3
23837,1991,21,1
23838,1991,55,2
23839,1991,24,2
23840,1991,57,3
23841,1991,58,3
23842,1991,30,5
23843,1992,8,4
23844,1992,9,2
23845,1992,11,3
23846,1992,50,1
23847,1992,19,2
23848,1992,23,1
23849,1992,21,1
23850,1992,22,2
23851,1992,53,1
23852,1992,25,3
23853,1992,58,1
23854,1992,59,3
23855,1992,30,1
23856,1993,3,3
23857,1993,4,4
23858,1993,8,5
23859,1993,9,3
23860,1993,16,2
23861,1993,19,4
23862,1993,51,2
23863,1993,21,5
23864,1993,52,3
23865,1993,60,4
23866,1994,1,5
23867,1994,56,3
23868,1994,9,5
23869,1994,43,3
23870,1994,12,2
23871,1994,48,3
23872,1994,19,5
23873,1994,20,5
23874,1994,21,5
23875,1994,25,5
23876,1994,24,5
23877,1994,57,4
23878,1994,58,5
23879,1994,28,5
23880,1994,30,5
23881,1994,31,3
23882,1995,1,5
23883,1995,3,1
23884,1995,4,2
23885,1995,35,3
23886,1995,37,4
23887,1995,8,4
23888,1995,9,4
23889,1995,49,1
23890,1995,19,4
23891,1995,51,4
23892,1995,21,5
23893,1995,52,5
23894,1995,60,4
23895,1996,1,5
23896,1996,3,4
23897,1996,4,4
23898,1996,6,3
23899,1996,7,4
23900,1996,8,4
23901,1996,9,2
23902,1996,19,3
23903,1996,52,3
23904,1996,21,3
23905,1996,51,4
23906,1996,60,5
23907,1996,30,2
23908,1997,32,5
23909,1997,1,5
23910,1997,3,5
23911,1997,9,5
23912,1997,11,5
23913,1997,20,5
23914,1997,21,4
23915,1997,25,5
23916,1997,27,4
23917,1997,28,4
23918,1997,30,3
23919,1997,31,3
23920,1998,32,3
23921,1998,1,3
23922,1998,2,3
23923,1998,3,2
23924,1998,5,3
23925,1998,6,4
23926,1998,8,1
23927,1998,9,2
23928,1998,11,3
23929,1998,12,1
23930,1998,19,1
23931,1998,21,2
23932,1998,56,3
23933,1998,60,1
23934,1999,7,3
23935,1999,8,4
23936,1999,9,3
23937,1999,19,2
23938,1999,53,3
23939,1999,21,1
23940,1999,22,3
23941,1999,58,5
23942,1999,59,3
23943,1999,60,3
23944,1999,30,3
23945,2000,1,5
23946,2000,3,4
23947,2000,35,1
23948,2000,39,4
23949,2000,8,3
23950,2000,40,3
23951,2000,9,2
23952,2000,11,1
23953,2000,46,4
23954,2000,19,4
23955,2000,21,3
