feedback_id,enrollment_id,satisfaction_score,trainer_rating,content_rating,relevance_score,would_recommend,feedback_date
1,1,5,4,3,4,Yes,2024-06-23
2,3,5,3,4,4,Yes,2025-05-06
3,4,5,4,4,3,Yes,2024-07-04
4,6,4,3,5,4,Yes,2024-06-21
5,7,5,4,3,4,Yes,2025-10-23
6,9,4,4,3,5,Yes,2024-12-23
7,15,3,3,4,3,No,2024-04-03
8,16,3,3,3,5,Yes,2024-06-18
9,18,3,3,3,4,No,2025-10-31
10,19,4,4,4,5,Yes,2025-12-22
11,24,5,4,4,4,Yes,2024-08-08
12,25,5,3,5,4,Yes,2024-01-14
13,27,4,4,3,3,Yes,2024-06-29
14,28,3,3,3,3,No,2024-10-22
15,31,3,3,4,3,No,2024-11-17
16,32,3,5,3,5,Yes,2025-12-07
17,33,4,4,3,3,Yes,2024-02-27
18,34,3,3,3,3,No,2024-08-18
19,35,5,3,5,5,Yes,2026-05-17
20,38,4,2,5,4,Yes,2025-06-18
21,41,3,2,3,3,No,2026-08-27
22,46,5,3,3,4,Yes,2024-06-29
23,48,4,3,5,3,Yes,2025-03-23
24,49,3,3,3,4,No,2024-05-20
25,54,4,3,4,3,Yes,2025-08-27
26,55,4,4,4,4,Yes,2025-09-02
27,56,4,4,3,4,Yes,2024-03-26
28,58,3,4,4,4,Yes,2024-01-30
29,61,5,3,4,3,Yes,2026-07-10
30,62,5,5,4,2,Yes,2025-11-26
31,66,4,4,4,5,Yes,2024-07-06
32,67,3,2,3,5,No,2024-06-21
33,68,4,5,3,4,Yes,2025-09-06
34,70,5,4,3,4,Yes,2025-12-09
35,71,4,4,3,4,Yes,2025-09-18
36,72,2,5,3,4,Yes,2025-11-18
37,75,4,4,3,3,Yes,2025-08-06
38,76,4,4,3,4,Yes,2025-09-12
39,77,4,4,4,3,Yes,2025-03-06
40,78,5,5,5,3,Yes,2025-06-26
41,80,5,5,3,4,Yes,2026-02-25
42,81,4,4,5,3,Yes,2024-05-29
43,82,4,4,4,4,Yes,2025-02-25
44,83,5,5,3,5,Yes,2026-03-08
45,84,4,4,3,4,Yes,2025-11-24
46,85,4,4,5,3,Yes,2026-02-05
47,86,3,4,4,5,Yes,2024-05-01
48,88,4,4,4,4,Yes,2025-07-24
49,89,3,3,5,4,Yes,2024-11-13
50,90,3,4,5,4,Yes,2024-04-08
51,92,3,4,4,3,Yes,2024-12-28
52,94,3,3,3,3,No,2024-02-19
53,96,3,3,4,3,No,2026-02-20
54,102,4,5,3,4,Yes,2024-12-31
55,104,4,4,4,5,Yes,2025-09-27
56,105,2,5,4,5,Yes,2026-06-17
57,108,4,4,5,2,Yes,2024-03-02
58,112,4,4,4,4,Yes,2025-06-06
59,114,5,4,4,4,Yes,2024-11-22
60,115,4,3,4,2,No,2026-06-16
61,117,3,2,4,4,No,2025-10-02
62,118,4,4,4,5,Yes,2026-01-18
63,119,4,4,3,4,Yes,2025-01-19
64,120,3,3,4,5,Yes,2024-11-07
65,121,5,4,4,3,Yes,2024-05-02
66,123,4,4,4,3,Yes,2024-05-31
67,124,3,5,3,4,Yes,2025-12-10
68,125,3,3,3,2,No,2024-10-26
69,127,5,4,3,3,Yes,2024-12-04
70,128,4,3,5,5,Yes,2024-03-09
71,129,4,4,5,3,Yes,2024-10-07
72,130,4,5,5,2,Yes,2024-06-01
73,131,3,5,5,4,Yes,2024-08-27
74,134,2,4,3,5,Yes,2026-06-27
75,136,3,4,5,3,Yes,2026-05-24
76,138,5,5,4,4,Yes,2026-03-23
77,141,4,2,4,4,Yes,2026-04-08
78,142,4,5,4,4,Yes,2025-11-03
79,143,3,4,4,4,Yes,2026-04-01
80,144,3,5,3,3,Yes,2025-08-28
81,145,5,4,5,5,Yes,2024-03-04
82,147,3,3,5,3,Yes,2025-07-20
83,149,4,4,3,4,Yes,2025-09-24
84,150,4,5,4,3,Yes,2026-04-06
85,152,3,5,5,3,Yes,2025-11-03
86,153,5,3,4,4,Yes,2026-07-07
87,154,5,4,4,3,Yes,2026-07-28
88,155,4,4,5,4,Yes,2024-12-02
89,156,4,4,4,4,Yes,2024-11-04
90,157,4,3,4,2,No,2026-03-28
91,158,5,3,5,3,Yes,2026-01-03
92,159,5,4,4,3,Yes,2025-07-24
93,160,4,4,3,4,Yes,2025-07-19
94,162,4,3,3,4,Yes,2025-01-06
95,164,3,3,3,4,No,2025-04-26
96,165,3,3,4,3,No,2024-10-07
97,166,5,3,4,5,Yes,2025-02-20
98,167,5,4,4,3,Yes,2026-08-31
99,168,4,3,3,4,Yes,2025-06-23
100,169,5,4,4,4,Yes,2025-04-10
101,170,3,5,4,4,Yes,2025-04-05
102,173,4,4,5,4,Yes,2026-04-12
103,175,5,4,5,4,Yes,2024-05-24
104,176,3,4,3,3,No,2025-03-30
105,177,4,4,4,4,Yes,2026-03-06
106,178,3,4,4,4,Yes,2024-06-27
107,180,4,4,3,5,Yes,2025-07-17
108,182,3,3,4,4,Yes,2024-05-31
109,183,4,3,4,5,Yes,2025-09-29
110,184,5,3,4,5,Yes,2024-05-20
111,185,3,3,4,3,No,2026-06-21
112,189,5,5,5,3,Yes,2025-12-24
113,190,3,4,5,3,Yes,2024-12-17
114,191,5,4,4,5,Yes,2025-04-18
115,193,4,5,4,3,Yes,2026-03-30
116,194,3,4,5,4,Yes,2024-10-25
117,196,3,3,4,5,Yes,2026-09-15
118,198,4,5,3,3,Yes,2025-01-24
119,199,4,3,5,4,Yes,2026-08-10
120,200,4,4,4,4,Yes,2024-10-21
121,203,4,2,5,3,Yes,2025-02-24
122,204,5,3,5,3,Yes,2026-08-25
123,207,3,3,4,4,Yes,2024-07-22
124,210,4,5,3,5,Yes,2026-02-18
125,211,3,5,4,3,Yes,2026-07-11
126,212,4,5,4,4,Yes,2025-09-18
127,217,4,5,5,4,Yes,2026-05-08
128,218,4,4,5,4,Yes,2024-06-15
129,220,4,5,4,4,Yes,2026-03-26
130,222,3,4,4,4,Yes,2024-03-04
131,223,3,5,4,3,Yes,2025-05-07
132,224,5,5,4,3,Yes,2025-08-08
133,226,2,5,4,4,Yes,2025-09-15
134,228,4,4,4,4,Yes,2025-06-05
135,231,5,4,3,3,Yes,2025-05-21
136,234,3,4,4,5,Yes,2024-11-14
137,235,3,4,5,4,Yes,2026-08-02
138,236,2,4,3,3,No,2025-05-01
139,237,4,4,3,2,No,2024-03-12
140,238,2,4,4,3,No,2024-04-24
141,242,3,5,3,4,Yes,2025-01-13
142,244,5,3,3,4,Yes,2025-08-05
143,245,4,3,3,3,No,2025-07-14
144,246,4,3,4,4,Yes,2025-10-15
145,249,3,3,4,4,Yes,2024-03-04
146,250,5,4,4,4,Yes,2025-06-14
147,251,3,5,4,5,Yes,2024-12-26
148,252,4,4,4,3,Yes,2024-10-29
149,253,4,4,4,3,Yes,2025-10-15
150,254,4,4,4,4,Yes,2024-11-20
151,255,4,4,4,3,Yes,2024-07-30
152,257,4,5,4,3,Yes,2024-03-20
153,258,3,3,4,3,No,2026-04-04
154,259,3,5,4,4,Yes,2026-08-16
155,263,4,4,3,5,Yes,2024-12-27
156,264,4,4,4,4,Yes,2025-09-10
157,265,4,4,4,5,Yes,2026-07-16
158,269,4,3,4,4,Yes,2024-07-08
159,271,4,5,3,3,Yes,2025-08-05
160,272,4,3,4,3,Yes,2025-08-15
161,275,4,5,4,3,Yes,2026-05-04
162,278,5,3,3,3,Yes,2025-02-27
163,280,4,4,4,3,Yes,2025-09-25
164,281,4,3,4,2,No,2024-04-25
165,282,4,3,4,5,Yes,2025-03-27
166,283,3,4,3,4,Yes,2026-04-16
167,284,3,4,4,5,Yes,2024-07-19
168,288,3,4,4,4,Yes,2025-10-02
169,290,5,5,3,3,Yes,2025-09-30
170,291,3,5,4,4,Yes,2024-11-09
171,292,4,5,4,4,Yes,2024-07-13
172,293,3,4,4,5,Yes,2025-10-07
173,294,3,4,4,3,Yes,2025-01-08
174,298,4,4,3,4,Yes,2024-12-20
175,299,5,5,5,4,Yes,2024-03-07
176,301,4,3,5,5,Yes,2024-04-03
177,302,4,5,5,3,Yes,2024-09-24
178,303,5,4,5,5,Yes,2025-11-22
179,305,4,3,4,5,Yes,2025-11-14
180,306,4,3,3,4,Yes,2024-04-19
181,307,4,4,4,4,Yes,2026-05-09
182,311,5,5,5,5,Yes,2026-01-18
183,312,4,4,2,5,Yes,2025-03-16
184,313,4,4,5,5,Yes,2024-06-21
185,315,4,3,3,3,No,2024-02-10
186,316,4,4,4,5,Yes,2025-01-26
187,317,4,5,2,4,Yes,2025-06-13
188,320,4,3,3,4,Yes,2025-10-22
189,324,4,5,4,4,Yes,2024-03-24
190,325,4,3,5,4,Yes,2026-07-06
191,327,2,4,3,4,No,2026-06-03
192,328,4,5,5,4,Yes,2024-09-21
193,330,5,4,4,4,Yes,2024-01-14
194,332,3,4,4,4,Yes,2024-02-12
195,334,4,3,5,4,Yes,2025-09-15
196,337,4,4,2,3,No,2024-08-12
197,340,4,3,4,4,Yes,2024-11-24
198,342,4,3,4,5,Yes,2026-09-11
199,343,3,5,4,4,Yes,2024-03-20
200,348,4,2,5,5,Yes,2024-05-29
201,350,3,4,5,5,Yes,2026-04-25
202,351,4,5,5,4,Yes,2026-08-25
203,352,3,5,4,3,Yes,2024-03-29
204,359,4,3,3,4,Yes,2025-06-07
205,360,4,3,4,4,Yes,2025-01-21
206,361,4,3,5,3,Yes,2024-01-11
207,362,4,4,4,5,Yes,2025-11-23
208,364,4,4,5,4,Yes,2024-05-03
209,366,5,4,3,4,Yes,2025-01-14
210,367,4,4,4,3,Yes,2025-11-02
211,368,5,4,4,4,Yes,2024-11-10
212,370,4,4,4,4,Yes,2026-04-29
213,372,3,4,4,3,Yes,2024-04-17
214,377,4,4,3,4,Yes,2024-07-31
215,378,4,3,4,5,Yes,2024-03-24
216,380,4,4,4,5,Yes,2026-09-13
217,381,5,3,5,5,Yes,2025-07-28
218,384,4,3,3,5,Yes,2025-09-17
219,385,4,4,4,3,Yes,2025-01-15
220,387,4,4,4,4,Yes,2024-07-19
221,389,4,4,4,4,Yes,2026-01-26
222,390,3,5,4,4,Yes,2025-12-19
223,392,4,5,3,3,Yes,2024-07-28
224,393,5,4,4,5,Yes,2025-10-04
225,394,4,3,4,5,Yes,2025-01-14
226,395,4,4,4,4,Yes,2024-11-13
227,397,4,4,3,4,Yes,2024-05-09
228,398,3,5,4,4,Yes,2024-06-08
229,399,5,4,4,4,Yes,2025-12-23
230,401,5,4,4,3,Yes,2025-02-24
231,402,3,4,3,2,No,2025-08-21
232,403,4,4,3,5,Yes,2025-12-26
233,404,4,4,4,3,Yes,2024-06-24
234,405,5,3,5,5,Yes,2025-02-08
235,406,3,3,3,2,No,2025-12-24
236,409,5,4,3,3,Yes,2024-10-19
237,410,4,2,4,4,Yes,2024-06-18
238,414,4,3,5,4,Yes,2025-01-05
239,416,3,4,4,5,Yes,2024-07-04
240,417,5,3,4,5,Yes,2026-04-05
241,419,5,4,5,3,Yes,2025-02-15
242,420,4,2,5,5,Yes,2025-11-23
243,421,4,5,5,4,Yes,2024-03-17
244,423,3,4,4,4,Yes,2026-09-04
245,425,5,4,4,3,Yes,2025-06-29
246,426,4,3,4,3,Yes,2026-03-30
247,427,4,5,5,4,Yes,2024-08-15
248,428,4,3,4,4,Yes,2025-04-12
249,431,2,4,4,4,Yes,2024-12-14
250,432,4,5,5,3,Yes,2024-09-27
251,433,4,4,2,5,Yes,2025-08-07
252,434,4,4,3,4,Yes,2024-05-29
253,436,4,3,3,5,Yes,2025-07-31
254,437,5,4,4,5,Yes,2024-08-20
255,438,3,3,3,5,Yes,2025-09-11
256,442,4,4,4,4,Yes,2024-03-04
257,443,3,5,2,4,Yes,2026-02-27
258,445,3,5,4,3,Yes,2024-12-24
259,446,4,5,3,3,Yes,2025-09-04
260,450,5,3,4,3,Yes,2026-02-05
261,451,4,5,3,4,Yes,2024-08-16
262,452,3,5,5,3,Yes,2024-08-28
263,456,4,4,2,3,No,2024-01-18
264,458,4,4,4,5,Yes,2024-06-22
265,459,4,3,4,4,Yes,2024-09-08
266,460,5,4,4,3,Yes,2026-01-29
267,461,4,4,4,4,Yes,2026-09-05
268,463,4,5,4,4,Yes,2025-08-25
269,465,3,4,3,4,Yes,2025-10-14
270,466,4,4,4,4,Yes,2024-02-12
271,468,3,4,4,5,Yes,2026-04-01
272,471,5,4,4,3,Yes,2026-05-11
273,474,3,5,4,5,Yes,2024-09-12
274,475,3,4,4,4,Yes,2024-04-24
275,476,4,4,4,4,Yes,2024-07-22
276,478,4,3,3,4,Yes,2024-04-28
277,480,4,4,4,5,Yes,2025-05-06
278,482,4,4,4,5,Yes,2025-12-14
279,483,4,3,4,4,Yes,2024-12-30
280,484,4,5,4,4,Yes,2024-04-04
281,485,4,3,2,5,Yes,2024-05-04
282,486,3,3,3,4,No,2026-04-11
283,488,5,4,3,4,Yes,2025-06-30
284,490,4,5,5,3,Yes,2025-07-29
285,491,4,4,5,4,Yes,2024-04-18
286,492,3,4,4,4,Yes,2026-04-03
287,493,5,4,3,4,Yes,2025-04-02
288,495,5,4,4,4,Yes,2025-01-17
289,500,3,4,4,3,Yes,2025-08-19
290,502,3,4,3,5,Yes,2025-05-18
291,503,3,4,3,3,No,2026-04-05
292,504,5,3,5,4,Yes,2024-03-16
293,506,4,3,5,3,Yes,2026-08-02
294,508,5,5,4,5,Yes,2025-05-21
295,510,3,4,3,4,Yes,2025-02-27
296,511,4,4,4,4,Yes,2026-01-17
297,512,5,5,4,3,Yes,2025-07-19
298,513,4,4,3,4,Yes,2025-02-27
299,514,3,4,4,4,Yes,2026-03-03
300,516,4,3,4,3,Yes,2024-09-20
301,517,4,3,4,4,Yes,2025-10-27
302,518,3,4,3,5,Yes,2026-02-24
303,521,3,4,3,4,Yes,2026-01-25
304,524,4,5,4,5,Yes,2026-08-09
305,525,4,4,4,5,Yes,2024-10-04
306,526,4,5,4,3,Yes,2024-10-25
307,527,4,2,4,4,Yes,2026-01-10
308,528,5,3,3,3,Yes,2025-12-22
309,530,4,3,3,3,No,2026-05-27
310,531,4,3,3,3,No,2024-05-19
311,532,4,4,5,4,Yes,2024-05-12
312,534,4,5,4,4,Yes,2024-03-07
313,535,2,5,4,5,Yes,2025-10-30
314,536,4,3,3,5,Yes,2025-11-03
315,537,4,4,3,4,Yes,2026-06-03
316,538,3,4,4,4,Yes,2026-03-03
317,541,4,3,4,3,Yes,2026-06-06
318,543,5,5,4,4,Yes,2024-05-08
319,544,4,4,4,4,Yes,2026-05-14
320,548,4,4,2,3,No,2025-10-16
321,551,5,3,4,4,Yes,2026-03-13
322,554,5,4,5,4,Yes,2026-02-02
323,555,2,4,4,4,Yes,2024-06-22
324,556,4,5,4,3,Yes,2025-03-17
325,561,4,4,4,4,Yes,2026-01-12
326,562,3,4,4,5,Yes,2026-05-22
327,563,4,3,4,5,Yes,2024-03-17
328,564,4,4,4,3,Yes,2026-07-24
329,565,5,4,4,5,Yes,2025-12-19
330,568,3,3,4,4,Yes,2025-08-10
331,570,3,3,2,2,No,2024-06-16
332,572,5,5,4,3,Yes,2026-08-07
333,575,4,3,4,5,Yes,2024-05-27
334,577,4,5,4,3,Yes,2025-02-18
335,579,5,4,5,3,Yes,2026-04-28
336,581,4,4,4,4,Yes,2024-07-11
337,582,3,4,5,2,Yes,2025-10-27
338,584,3,3,4,4,Yes,2025-11-14
339,587,4,4,3,3,Yes,2025-09-13
340,588,4,3,4,4,Yes,2025-08-12
341,589,3,5,4,3,Yes,2024-12-14
342,594,4,5,4,3,Yes,2026-01-08
343,595,5,5,4,2,Yes,2025-11-18
344,598,5,4,5,4,Yes,2025-10-15
345,599,3,4,5,3,Yes,2025-01-28
346,606,5,3,4,4,Yes,2025-04-02
347,607,5,4,5,4,Yes,2025-08-29
348,609,4,3,5,3,Yes,2024-05-13
349,612,3,3,4,4,Yes,2026-03-29
350,616,3,4,3,4,Yes,2026-06-16
351,617,4,4,3,4,Yes,2025-02-06
352,621,4,3,3,3,No,2025-02-13
353,622,4,3,4,5,Yes,2024-11-05
354,623,4,3,4,2,No,2024-03-30
355,624,4,3,4,4,Yes,2025-07-15
356,625,4,3,3,3,No,2025-03-03
357,626,5,5,4,5,Yes,2025-10-24
358,629,5,4,3,3,Yes,2026-06-16
359,630,4,4,5,4,Yes,2024-01-30
360,631,4,3,4,4,Yes,2026-01-29
361,634,4,5,3,4,Yes,2025-07-09
362,635,5,3,4,3,Yes,2024-08-02
363,636,4,4,3,3,Yes,2026-09-06
364,640,4,3,5,3,Yes,2024-04-28
365,642,2,5,3,3,No,2025-12-07
366,643,4,4,3,5,Yes,2025-01-02
367,644,3,5,5,4,Yes,2026-07-20
368,646,2,5,3,4,Yes,2024-12-13
369,647,4,4,3,3,Yes,2026-05-02
370,648,4,4,5,4,Yes,2024-09-25
371,652,4,5,4,3,Yes,2024-07-10
372,654,5,4,3,4,Yes,2024-10-17
373,656,4,3,3,4,Yes,2025-12-20
374,657,5,4,4,5,Yes,2026-05-18
375,658,3,3,4,3,No,2026-06-07
376,659,3,3,5,3,Yes,2025-03-04
377,660,3,4,5,4,Yes,2026-03-01
378,661,3,5,3,3,Yes,2026-01-25
379,662,3,4,3,4,Yes,2024-05-26
380,663,4,3,4,4,Yes,2025-06-09
381,665,5,3,5,4,Yes,2024-01-18
382,666,4,3,5,3,Yes,2024-07-21
383,667,4,3,4,3,Yes,2024-06-29
384,668,4,4,2,3,No,2025-01-23
385,670,4,4,5,4,Yes,2024-04-14
386,671,4,4,4,5,Yes,2025-09-07
387,672,4,4,3,3,Yes,2026-02-18
388,673,3,5,5,2,Yes,2026-03-18
389,674,4,5,5,5,Yes,2025-07-31
390,675,4,4,4,5,Yes,2024-06-18
391,678,4,4,4,2,Yes,2025-09-15
392,680,5,4,2,5,Yes,2025-10-14
393,683,4,3,4,4,Yes,2025-04-11
394,684,4,4,3,2,No,2025-03-09
395,685,3,4,3,5,Yes,2025-11-29
396,686,5,4,5,5,Yes,2026-04-06
397,688,4,4,3,4,Yes,2025-05-30
398,689,5,3,3,4,Yes,2026-08-15
399,691,3,5,4,2,Yes,2024-08-17
400,692,4,5,2,2,No,2025-07-22
401,693,5,3,3,4,Yes,2024-08-12
402,694,4,4,3,4,Yes,2025-12-24
403,696,3,4,3,3,No,2025-10-15
404,699,3,4,2,3,No,2024-10-09
405,700,2,4,4,4,Yes,2025-02-26
406,701,5,4,5,4,Yes,2024-11-12
407,704,3,3,4,3,No,2024-08-08
408,705,5,4,4,4,Yes,2025-03-03
409,706,4,4,4,4,Yes,2025-01-05
410,707,4,4,4,3,Yes,2026-08-31
411,709,4,3,3,4,Yes,2024-09-06
412,710,3,4,3,4,Yes,2024-05-11
413,711,3,3,4,3,No,2025-02-07
414,712,4,5,5,3,Yes,2025-07-05
415,713,3,4,3,4,Yes,2024-12-17
416,718,5,5,4,2,Yes,2024-03-17
417,720,3,3,4,3,No,2024-08-10
418,721,4,4,5,4,Yes,2024-05-11
419,722,5,3,4,3,Yes,2026-02-17
420,723,5,5,5,4,Yes,2025-04-02
421,724,4,4,3,4,Yes,2025-03-30
422,725,4,4,5,4,Yes,2025-10-10
423,726,5,4,2,2,No,2026-04-28
424,727,5,4,3,3,Yes,2026-04-01
425,728,3,4,4,3,Yes,2024-05-29
426,731,5,4,5,4,Yes,2025-07-24
427,732,4,4,4,5,Yes,2026-07-18
428,737,3,4,4,5,Yes,2025-01-10
429,742,5,4,5,5,Yes,2026-01-02
430,743,4,4,5,4,Yes,2026-05-29
431,744,4,3,5,4,Yes,2024-11-27
432,745,4,3,4,4,Yes,2024-09-10
433,748,5,5,5,5,Yes,2024-12-06
434,749,4,4,2,4,Yes,2025-11-12
435,750,4,4,3,4,Yes,2024-11-13
436,752,5,3,3,4,Yes,2026-06-06
437,754,3,4,3,3,No,2025-11-18
438,755,4,3,4,4,Yes,2026-06-23
439,756,5,3,5,4,Yes,2025-01-27
440,757,2,3,2,3,No,2026-05-10
441,758,5,4,5,3,Yes,2026-02-04
442,760,4,4,3,5,Yes,2024-11-20
443,761,4,4,4,4,Yes,2026-07-10
444,762,4,3,4,3,Yes,2024-07-10
445,763,4,3,3,3,No,2025-07-23
446,764,4,4,2,5,Yes,2024-04-11
447,765,4,4,4,4,Yes,2025-01-17
448,766,3,4,4,4,Yes,2025-01-21
449,768,5,4,5,5,Yes,2024-06-17
450,770,2,5,3,4,Yes,2025-07-28
451,771,3,3,3,4,No,2026-07-05
452,772,5,4,4,3,Yes,2025-05-23
453,774,3,4,4,4,Yes,2025-08-17
454,775,4,4,5,5,Yes,2024-02-12
455,778,2,3,5,3,No,2024-12-25
456,779,5,5,4,5,Yes,2024-09-11
457,780,5,4,4,5,Yes,2024-12-24
458,787,5,4,5,4,Yes,2025-10-01
459,790,3,5,4,4,Yes,2024-03-31
460,791,3,3,5,3,Yes,2026-03-07
461,792,3,4,4,3,Yes,2025-06-11
462,794,3,4,4,5,Yes,2024-07-04
463,798,4,4,4,4,Yes,2025-06-15
464,800,4,3,4,4,Yes,2024-09-07
465,801,4,4,5,3,Yes,2025-11-21
466,805,3,3,4,3,No,2025-11-14
467,806,4,4,4,4,Yes,2024-12-03
468,809,3,5,4,4,Yes,2024-06-16
469,811,4,4,4,5,Yes,2024-11-21
470,812,4,4,4,2,Yes,2025-06-30
471,813,5,4,4,4,Yes,2024-01-29
472,814,4,3,4,3,Yes,2025-10-01
473,815,4,3,4,3,Yes,2025-02-26
474,816,2,3,4,4,No,2024-08-27
475,817,4,4,4,2,Yes,2025-05-19
476,819,4,4,4,3,Yes,2024-05-13
477,820,3,3,4,5,Yes,2024-03-13
478,821,4,4,4,4,Yes,2026-02-12
479,824,4,4,5,3,Yes,2024-08-01
480,827,5,5,3,4,Yes,2026-03-27
481,828,3,3,4,3,No,2026-04-11
482,829,4,5,3,3,Yes,2026-08-12
483,830,5,4,3,4,Yes,2024-06-05
484,834,3,3,5,3,Yes,2025-11-15
485,835,4,5,4,3,Yes,2025-10-07
486,836,4,3,5,5,Yes,2026-05-05
487,838,4,4,5,4,Yes,2025-07-29
488,839,5,3,5,5,Yes,2026-08-13
489,842,3,4,3,4,Yes,2025-10-12
490,843,4,3,3,4,Yes,2024-03-27
491,845,4,4,4,4,Yes,2025-09-08
492,846,4,4,3,4,Yes,2024-10-30
493,847,2,5,4,4,Yes,2026-07-03
494,848,4,4,4,2,Yes,2024-08-29
495,849,5,5,5,5,Yes,2024-05-27
496,850,4,4,4,4,Yes,2025-06-20
497,853,3,3,5,4,Yes,2025-01-25
498,855,3,4,5,4,Yes,2024-09-20
499,857,3,3,4,4,Yes,2024-05-14
500,858,3,4,4,4,Yes,2026-04-03
501,860,3,4,4,2,No,2025-04-02
502,862,4,3,3,4,Yes,2024-06-29
503,867,4,3,4,5,Yes,2024-11-23
504,868,4,4,4,3,Yes,2024-08-22
505,870,3,2,5,4,Yes,2025-04-06
506,871,4,3,4,4,Yes,2024-08-06
507,874,5,4,3,4,Yes,2026-08-19
508,877,5,5,3,4,Yes,2024-02-08
509,878,3,4,4,3,Yes,2024-04-26
510,879,5,2,4,5,Yes,2026-02-24
511,880,4,4,4,2,Yes,2025-05-21
512,883,3,5,5,3,Yes,2026-02-01
513,884,5,5,5,4,Yes,2025-12-23
514,888,3,4,4,3,Yes,2026-08-19
515,889,4,5,4,5,Yes,2025-10-22
516,890,4,4,4,5,Yes,2025-04-14
517,891,4,4,4,3,Yes,2026-02-24
518,892,5,3,3,3,Yes,2024-05-01
519,895,4,3,3,4,Yes,2026-02-22
520,897,4,3,3,3,No,2024-02-01
521,899,5,3,4,3,Yes,2024-08-31
522,902,5,5,5,4,Yes,2024-02-25
523,905,5,4,5,4,Yes,2025-10-20
524,906,3,3,4,4,Yes,2026-03-19
525,908,4,5,4,4,Yes,2025-06-13
526,911,4,5,4,3,Yes,2025-08-02
527,917,4,2,4,2,No,2026-06-08
528,918,4,4,4,4,Yes,2025-03-16
529,919,4,4,4,5,Yes,2024-07-07
530,922,4,3,4,5,Yes,2026-03-07
531,923,4,4,4,3,Yes,2025-11-25
532,924,3,4,5,3,Yes,2024-09-07
533,925,4,4,4,5,Yes,2026-03-31
534,927,3,4,3,4,Yes,2025-06-17
535,928,4,4,3,4,Yes,2024-09-05
536,930,4,4,4,3,Yes,2025-12-03
537,931,5,5,3,4,Yes,2026-07-15
538,932,4,4,5,4,Yes,2026-05-23
539,935,4,4,4,4,Yes,2024-06-16
540,936,5,4,5,5,Yes,2026-09-16
541,937,3,3,2,3,No,2025-03-20
542,939,4,3,4,4,Yes,2025-08-03
543,941,4,4,3,3,Yes,2025-03-12
544,942,2,4,3,3,No,2025-08-22
545,943,3,5,4,3,Yes,2024-04-13
546,947,5,4,4,3,Yes,2025-03-11
547,948,3,3,4,3,No,2026-07-15
548,952,2,3,3,3,No,2025-06-04
549,953,5,3,5,4,Yes,2024-12-08
550,955,5,4,4,4,Yes,2024-04-05
551,957,4,4,3,4,Yes,2026-01-12
552,958,4,4,3,5,Yes,2025-11-04
553,960,5,4,4,3,Yes,2024-06-06
554,962,2,3,4,4,No,2026-05-25
555,965,4,4,5,4,Yes,2025-09-12
556,966,3,5,4,2,Yes,2026-09-06
557,967,3,4,4,4,Yes,2026-06-24
558,969,4,4,4,5,Yes,2025-10-22
559,970,5,5,5,4,Yes,2026-06-15
560,971,3,4,4,4,Yes,2026-09-09
561,972,3,4,4,2,No,2024-04-04
562,975,4,4,3,4,Yes,2024-10-09
563,976,5,5,3,5,Yes,2025-07-05
564,977,3,4,3,4,Yes,2025-02-02
565,978,5,3,4,3,Yes,2025-11-27
566,979,3,4,5,3,Yes,2025-08-26
567,980,3,3,3,3,No,2025-02-01
568,981,3,5,4,5,Yes,2026-06-17
569,982,3,3,4,4,Yes,2024-03-14
570,984,4,5,3,3,Yes,2026-07-03
571,985,4,4,4,4,Yes,2026-07-25
572,986,3,3,4,3,No,2026-03-06
573,988,4,4,3,4,Yes,2026-04-14
574,989,3,3,4,3,No,2026-04-06
575,990,3,5,4,4,Yes,2024-12-20
576,991,2,5,4,3,Yes,2024-12-26
577,992,4,5,4,5,Yes,2024-02-02
578,995,3,4,3,3,No,2025-05-24
579,997,5,3,5,5,Yes,2024-04-23
580,999,5,4,3,5,Yes,2024-10-08
581,1001,3,4,4,2,No,2025-09-18
582,1004,5,4,4,3,Yes,2026-08-05
583,1005,4,4,5,3,Yes,2026-01-21
584,1006,4,3,5,3,Yes,2026-04-24
585,1007,4,4,3,4,Yes,2024-07-17
586,1010,4,3,3,3,No,2025-07-22
587,1012,5,4,2,3,Yes,2024-12-13
588,1013,4,3,4,4,Yes,2024-09-14
589,1015,4,4,4,3,Yes,2024-11-22
590,1016,4,5,3,5,Yes,2026-02-10
591,1017,3,4,4,3,Yes,2024-05-04
592,1018,3,4,4,3,Yes,2025-04-24
593,1022,4,4,5,5,Yes,2025-12-12
594,1024,4,2,3,4,No,2025-07-15
595,1025,3,3,5,4,Yes,2025-05-11
596,1029,3,3,3,3,No,2024-09-12
597,1030,4,4,3,4,Yes,2024-10-15
598,1031,4,5,4,4,Yes,2026-06-30
599,1034,3,3,4,3,No,2024-10-27
600,1035,4,4,4,5,Yes,2024-07-12
601,1036,3,4,4,4,Yes,2025-01-27
602,1038,4,5,4,4,Yes,2024-04-02
603,1041,4,5,5,2,Yes,2024-09-15
604,1042,4,4,5,5,Yes,2025-06-15
605,1044,3,5,4,4,Yes,2025-09-20
606,1045,4,5,4,3,Yes,2026-02-26
607,1046,3,3,4,3,No,2024-12-17
608,1047,3,4,4,3,Yes,2024-05-06
609,1049,4,4,3,3,Yes,2025-09-27
610,1050,5,4,4,5,Yes,2024-10-15
611,1051,4,4,4,4,Yes,2024-08-28
612,1054,4,3,4,5,Yes,2026-05-14
613,1056,4,2,5,4,Yes,2025-08-28
614,1059,4,3,4,5,Yes,2025-07-14
615,1062,3,4,5,5,Yes,2025-02-23
616,1063,5,3,4,4,Yes,2024-08-17
617,1065,5,3,3,4,Yes,2026-08-22
618,1068,4,2,4,4,Yes,2025-11-07
619,1069,2,3,4,3,No,2025-09-21
620,1071,3,4,3,5,Yes,2026-02-20
621,1072,4,5,4,4,Yes,2026-05-04
622,1073,3,4,3,3,No,2025-02-05
623,1074,5,4,4,4,Yes,2025-12-28
624,1075,5,5,3,4,Yes,2025-02-07
625,1077,2,5,4,3,Yes,2026-01-06
626,1078,4,3,4,4,Yes,2025-04-14
627,1080,5,5,4,4,Yes,2025-05-23
628,1082,4,4,3,5,Yes,2024-08-03
629,1083,3,4,4,3,Yes,2025-08-24
630,1085,3,4,3,4,Yes,2025-04-14
631,1086,5,4,4,5,Yes,2024-05-31
632,1087,5,3,4,3,Yes,2026-03-28
633,1088,3,4,4,3,Yes,2025-09-14
634,1089,5,4,4,4,Yes,2025-08-23
635,1092,3,2,3,3,No,2025-10-30
636,1093,2,4,4,4,Yes,2025-01-30
637,1095,3,4,4,4,Yes,2026-08-25
638,1097,3,3,4,4,Yes,2024-11-19
639,1098,4,3,3,4,Yes,2024-11-13
640,1099,5,4,4,4,Yes,2025-08-09
641,1100,5,4,4,3,Yes,2024-04-28
642,1101,4,2,3,3,No,2025-04-01
643,1102,4,5,4,2,Yes,2025-05-31
644,1103,4,5,4,3,Yes,2026-04-24
645,1105,4,2,4,3,No,2025-01-09
646,1106,5,4,4,5,Yes,2024-03-16
647,1107,5,4,3,3,Yes,2026-06-01
648,1111,3,3,4,5,Yes,2024-03-10
649,1113,4,5,5,4,Yes,2026-08-13
650,1116,3,3,5,4,Yes,2024-07-12
651,1118,2,3,3,4,No,2026-09-13
652,1119,4,5,4,3,Yes,2025-06-11
653,1120,4,5,4,3,Yes,2025-10-21
654,1124,3,4,3,5,Yes,2026-07-12
655,1126,4,3,3,5,Yes,2024-05-29
656,1127,5,4,4,4,Yes,2025-04-19
657,1128,4,5,4,4,Yes,2025-06-08
658,1130,5,2,4,3,Yes,2025-08-30
659,1132,4,3,3,3,No,2025-09-09
660,1133,5,3,4,5,Yes,2025-01-03
661,1134,3,2,3,3,No,2026-03-25
662,1138,3,3,4,3,No,2024-02-20
663,1139,3,3,3,2,No,2025-08-16
664,1140,3,3,3,2,No,2024-03-28
665,1147,3,4,4,5,Yes,2025-08-04
666,1151,4,4,5,4,Yes,2024-12-31
667,1152,3,4,4,4,Yes,2024-03-16
668,1153,4,3,3,5,Yes,2024-04-10
669,1156,3,4,3,5,Yes,2024-05-18
670,1157,3,4,2,5,Yes,2024-02-25
671,1161,5,4,4,5,Yes,2025-04-09
672,1162,4,3,4,4,Yes,2024-07-10
673,1164,4,4,5,4,Yes,2025-12-06
674,1165,4,5,4,5,Yes,2024-06-05
675,1166,3,4,4,4,Yes,2025-08-11
676,1168,4,4,4,5,Yes,2024-04-02
677,1169,3,3,4,5,Yes,2026-08-31
678,1170,4,4,4,4,Yes,2025-12-18
679,1172,5,4,5,3,Yes,2026-06-08
680,1173,3,4,3,3,No,2026-06-08
681,1174,3,4,4,5,Yes,2025-01-28
682,1176,3,2,4,4,No,2024-03-30
683,1177,5,3,4,3,Yes,2025-10-10
684,1178,4,3,4,5,Yes,2024-08-20
685,1179,4,4,4,5,Yes,2025-01-02
686,1180,4,3,3,4,Yes,2024-03-17
687,1181,5,3,4,4,Yes,2024-03-23
688,1183,4,4,3,4,Yes,2025-10-06
689,1185,4,5,3,2,Yes,2025-12-11
690,1186,4,3,4,3,Yes,2024-04-04
691,1187,5,4,3,2,Yes,2025-08-23
692,1189,4,5,5,4,Yes,2025-08-06
693,1190,3,4,3,4,Yes,2026-03-24
694,1192,3,1,4,4,No,2025-11-23
695,1194,5,4,4,4,Yes,2025-06-17
696,1195,5,4,4,3,Yes,2024-12-22
697,1196,3,4,4,4,Yes,2026-05-23
698,1197,4,3,4,3,Yes,2024-12-04
699,1198,4,5,5,4,Yes,2025-04-27
700,1199,4,4,4,4,Yes,2024-08-10
701,1201,3,5,5,3,Yes,2024-05-06
702,1202,4,3,4,5,Yes,2024-03-01
703,1203,5,4,4,5,Yes,2025-01-27
704,1205,3,4,4,4,Yes,2024-01-29
705,1206,5,3,4,5,Yes,2025-04-11
706,1209,4,3,5,4,Yes,2025-08-25
707,1211,4,4,4,4,Yes,2026-02-22
708,1212,5,4,4,4,Yes,2024-03-10
709,1213,3,4,3,4,Yes,2026-06-28
710,1214,3,3,2,4,No,2025-05-08
711,1216,5,3,3,4,Yes,2025-09-26
712,1219,5,3,5,5,Yes,2024-07-25
713,1220,4,4,5,3,Yes,2024-07-17
714,1222,4,3,4,4,Yes,2025-02-02
715,1224,3,5,3,3,Yes,2025-08-13
716,1225,5,3,4,3,Yes,2026-03-02
717,1226,4,5,3,5,Yes,2024-04-30
718,1228,3,4,4,4,Yes,2025-06-01
719,1231,5,5,4,5,Yes,2026-04-14
720,1232,4,4,3,5,Yes,2026-06-14
721,1234,3,3,5,5,Yes,2024-07-28
722,1236,4,3,4,4,Yes,2024-06-19
723,1237,5,4,4,5,Yes,2024-11-13
724,1238,5,4,4,3,Yes,2026-06-07
725,1240,5,3,4,4,Yes,2025-12-20
726,1241,4,3,5,5,Yes,2024-02-13
727,1242,3,3,4,4,Yes,2025-12-20
728,1243,5,5,4,4,Yes,2025-06-04
729,1244,3,3,4,3,No,2024-09-16
730,1245,4,3,3,4,Yes,2026-02-24
731,1246,4,5,4,4,Yes,2024-03-11
732,1247,2,4,4,5,Yes,2026-05-27
733,1250,4,5,4,4,Yes,2024-08-27
734,1253,3,4,4,4,Yes,2024-12-02
735,1254,5,4,4,4,Yes,2024-07-07
736,1255,3,4,4,4,Yes,2026-04-06
737,1257,3,5,4,4,Yes,2025-03-02
738,1260,3,5,3,4,Yes,2026-05-25
739,1263,4,3,3,4,Yes,2026-04-21
740,1265,4,4,5,3,Yes,2025-11-24
741,1268,5,4,3,3,Yes,2025-02-01
742,1269,4,4,4,3,Yes,2025-02-07
743,1272,3,4,4,3,Yes,2025-08-04
744,1273,3,4,4,3,Yes,2025-12-23
745,1275,4,4,3,5,Yes,2025-12-30
746,1276,4,4,4,4,Yes,2024-06-28
747,1278,3,3,4,3,No,2024-10-20
748,1279,4,3,2,3,No,2026-07-13
749,1281,3,5,4,3,Yes,2025-07-14
750,1284,5,4,4,4,Yes,2025-06-17
751,1285,4,3,5,4,Yes,2026-07-02
752,1286,5,4,4,3,Yes,2025-08-21
753,1290,3,4,2,5,Yes,2025-04-13
754,1293,4,4,4,5,Yes,2026-07-23
755,1294,3,4,3,5,Yes,2025-02-16
756,1296,3,5,3,3,Yes,2024-11-25
757,1297,4,5,4,4,Yes,2025-10-06
758,1298,2,3,2,3,No,2025-02-14
759,1300,3,2,2,4,No,2024-06-18
760,1301,4,3,4,5,Yes,2024-05-20
761,1302,3,3,3,5,Yes,2024-11-13
762,1303,4,4,5,3,Yes,2025-07-29
763,1305,5,4,2,3,Yes,2026-07-28
764,1308,5,5,4,5,Yes,2024-02-26
765,1312,5,4,3,4,Yes,2024-07-05
766,1313,4,3,2,3,No,2024-07-25
767,1319,2,5,5,3,Yes,2025-05-12
768,1326,4,4,3,5,Yes,2024-07-02
769,1327,4,3,2,4,No,2024-03-29
770,1328,4,3,4,3,Yes,2024-07-24
771,1329,5,3,5,3,Yes,2025-08-24
772,1332,3,3,5,3,Yes,2024-05-30
773,1333,3,4,4,4,Yes,2024-06-28
774,1335,4,5,3,5,Yes,2026-06-09
775,1337,5,3,4,4,Yes,2026-06-15
776,1338,5,4,4,5,Yes,2024-07-24
777,1340,4,5,3,4,Yes,2025-10-02
778,1341,5,4,3,3,Yes,2026-01-13
779,1343,4,3,5,4,Yes,2025-06-08
780,1344,4,4,5,4,Yes,2026-08-06
781,1345,4,5,4,4,Yes,2025-03-07
782,1348,5,3,5,3,Yes,2025-03-14
783,1349,4,4,3,3,Yes,2025-08-11
784,1351,4,3,5,3,Yes,2025-11-04
785,1352,5,3,4,3,Yes,2026-06-19
786,1357,5,3,3,3,Yes,2024-07-05
787,1358,3,3,4,4,Yes,2024-07-08
788,1359,4,4,4,3,Yes,2024-07-25
789,1361,3,3,4,3,No,2025-01-04
790,1364,4,4,4,4,Yes,2025-11-08
791,1365,3,4,4,4,Yes,2026-04-05
792,1366,5,5,4,5,Yes,2025-05-26
793,1368,5,4,4,5,Yes,2024-06-28
794,1369,5,2,4,5,Yes,2025-03-03
795,1374,4,3,3,3,No,2025-11-13
796,1375,4,4,3,5,Yes,2024-10-27
797,1376,3,3,5,4,Yes,2024-12-31
798,1377,4,3,4,3,Yes,2025-12-16
799,1378,4,3,3,4,Yes,2024-08-23
800,1379,4,3,4,4,Yes,2026-04-23
801,1380,5,4,4,4,Yes,2024-06-02
802,1382,4,3,4,4,Yes,2024-05-07
803,1384,4,4,5,5,Yes,2026-01-31
804,1385,4,5,4,4,Yes,2025-08-25
805,1387,4,5,2,3,Yes,2026-07-11
806,1388,2,4,3,4,No,2026-03-22
807,1389,3,5,4,4,Yes,2026-03-10
808,1391,5,5,4,5,Yes,2025-01-23
809,1392,5,4,4,3,Yes,2025-11-08
810,1393,4,3,5,3,Yes,2024-05-23
811,1394,3,3,4,4,Yes,2024-12-03
812,1395,3,5,3,5,Yes,2025-08-27
813,1396,3,4,3,4,Yes,2024-03-20
814,1400,4,4,4,5,Yes,2024-03-13
815,1401,3,4,4,4,Yes,2025-03-01
816,1402,4,3,5,4,Yes,2025-06-18
817,1403,3,4,4,3,Yes,2026-08-12
818,1405,4,4,4,5,Yes,2024-02-22
819,1406,4,5,5,3,Yes,2024-10-08
820,1407,4,4,5,3,Yes,2024-02-24
821,1408,3,5,4,4,Yes,2025-04-04
822,1410,4,4,4,2,Yes,2025-12-30
823,1411,4,4,4,4,Yes,2025-02-16
824,1413,3,3,3,4,No,2025-12-07
825,1414,3,3,3,3,No,2026-06-06
826,1416,4,3,4,3,Yes,2025-02-22
827,1417,4,5,5,3,Yes,2024-09-30
828,1419,2,4,3,2,No,2024-12-14
829,1420,4,3,5,4,Yes,2024-12-01
830,1421,3,4,3,4,Yes,2025-09-18
831,1422,3,4,3,4,Yes,2026-06-22
832,1424,2,2,4,4,No,2024-02-16
833,1425,4,4,5,3,Yes,2025-08-11
834,1426,4,5,4,4,Yes,2025-06-22
835,1427,2,4,3,4,No,2026-09-11
836,1429,4,4,4,3,Yes,2026-08-25
837,1431,3,2,3,5,No,2024-05-21
838,1433,4,4,2,3,No,2025-06-29
839,1434,5,4,4,4,Yes,2025-03-23
840,1436,4,4,3,3,Yes,2024-03-11
841,1439,4,4,4,4,Yes,2026-06-20
842,1441,4,3,3,4,Yes,2026-07-04
843,1442,3,5,4,5,Yes,2025-01-01
844,1443,4,4,4,3,Yes,2024-01-24
845,1444,4,5,3,4,Yes,2026-08-18
846,1445,5,3,4,5,Yes,2026-01-10
847,1446,3,4,4,3,Yes,2024-12-15
848,1447,5,4,3,5,Yes,2026-09-06
849,1450,4,3,3,3,No,2026-06-13
850,1451,4,4,4,5,Yes,2024-10-28
851,1452,5,2,5,4,Yes,2024-09-27
852,1453,4,3,4,4,Yes,2026-03-04
853,1454,5,2,3,5,Yes,2026-04-29
854,1459,2,4,3,4,No,2025-05-29
855,1461,5,3,4,3,Yes,2024-12-12
856,1463,4,4,3,5,Yes,2025-08-14
857,1464,3,5,3,5,Yes,2024-07-22
858,1467,3,4,3,4,Yes,2024-01-20
859,1468,5,4,4,4,Yes,2024-04-25
860,1469,4,5,5,4,Yes,2024-08-15
861,1470,5,4,4,4,Yes,2026-01-03
862,1474,4,4,3,2,No,2024-03-26
863,1476,4,3,3,3,No,2026-02-17
864,1478,4,4,4,4,Yes,2026-04-01
865,1481,5,4,4,3,Yes,2024-04-20
866,1482,5,3,5,3,Yes,2026-04-07
867,1484,4,4,5,5,Yes,2026-05-26
868,1486,4,4,4,3,Yes,2025-12-24
869,1488,3,5,4,4,Yes,2026-08-26
870,1489,3,4,4,4,Yes,2024-09-09
871,1490,3,4,4,2,No,2025-05-15
872,1491,5,5,5,4,Yes,2024-03-18
873,1495,3,2,4,3,No,2024-10-06
874,1498,4,3,4,3,Yes,2025-07-10
875,1499,2,4,4,3,No,2025-08-19
876,1501,3,4,4,4,Yes,2026-06-19
877,1502,5,3,4,4,Yes,2026-04-13
878,1506,4,4,4,4,Yes,2026-08-11
879,1507,4,4,3,1,No,2024-08-27
880,1508,3,3,4,2,No,2026-06-10
881,1509,3,4,4,4,Yes,2025-02-15
882,1510,4,3,4,4,Yes,2026-07-06
883,1511,5,4,4,3,Yes,2026-02-22
884,1512,4,4,5,4,Yes,2024-11-18
885,1513,3,4,4,3,Yes,2024-02-09
886,1516,3,3,2,3,No,2025-10-20
887,1517,3,4,4,3,Yes,2024-04-01
888,1518,4,3,4,4,Yes,2025-05-03
889,1521,3,3,4,3,No,2024-08-02
890,1522,4,5,4,5,Yes,2024-07-13
891,1523,4,5,5,4,Yes,2025-03-24
892,1526,5,3,4,3,Yes,2024-05-28
893,1528,3,4,5,3,Yes,2025-09-07
894,1532,3,4,3,4,Yes,2024-10-01
895,1533,5,4,4,2,Yes,2024-12-30
896,1534,4,3,4,4,Yes,2025-11-12
897,1536,5,3,4,4,Yes,2024-07-09
898,1538,5,4,5,3,Yes,2026-03-12
899,1540,4,5,4,4,Yes,2025-03-23
900,1542,3,3,5,4,Yes,2024-10-03
901,1544,4,3,4,3,Yes,2024-01-22
902,1549,4,4,3,3,Yes,2025-09-18
903,1550,4,3,3,4,Yes,2024-07-17
904,1552,3,3,5,4,Yes,2024-11-26
905,1553,4,5,4,5,Yes,2024-10-20
906,1554,5,4,4,3,Yes,2026-02-17
907,1557,4,4,4,4,Yes,2026-03-16
908,1559,5,4,5,5,Yes,2025-06-19
909,1560,4,3,4,5,Yes,2024-03-20
910,1561,3,3,4,5,Yes,2026-02-06
911,1562,4,3,4,5,Yes,2024-01-19
912,1564,4,3,4,4,Yes,2024-01-07
913,1565,3,3,4,4,Yes,2024-10-31
914,1566,4,5,4,3,Yes,2026-01-14
915,1567,2,4,3,3,No,2026-09-05
916,1568,4,4,3,3,Yes,2026-04-12
917,1569,3,3,4,4,Yes,2025-03-07
918,1570,3,4,4,3,Yes,2026-02-28
919,1571,3,4,4,2,No,2026-05-27
920,1576,3,5,4,4,Yes,2025-03-12
921,1577,5,4,5,4,Yes,2025-08-20
922,1580,4,4,3,4,Yes,2024-05-04
923,1585,5,4,3,5,Yes,2025-11-25
924,1588,4,4,3,4,Yes,2026-03-12
925,1591,2,3,4,3,No,2026-01-09
926,1592,3,3,4,4,Yes,2025-12-28
927,1593,4,3,4,4,Yes,2026-01-07
928,1594,4,5,4,3,Yes,2025-03-13
929,1595,2,2,3,5,No,2025-01-08
930,1596,5,4,3,5,Yes,2024-08-23
931,1597,2,3,4,4,No,2024-06-25
932,1601,4,4,3,4,Yes,2025-10-19
933,1602,4,3,4,4,Yes,2025-04-18
934,1604,4,5,4,4,Yes,2025-12-24
935,1606,4,3,4,4,Yes,2025-07-02
936,1607,3,4,3,5,Yes,2024-11-23
937,1608,4,3,4,4,Yes,2025-05-15
938,1610,3,4,3,3,No,2025-02-26
939,1611,4,3,5,4,Yes,2024-11-23
940,1613,5,4,4,4,Yes,2024-07-02
941,1614,3,4,3,4,Yes,2025-05-03
942,1615,3,4,4,5,Yes,2026-08-05
943,1616,4,4,4,5,Yes,2026-05-28
944,1617,3,4,4,4,Yes,2024-01-31
945,1618,3,4,5,4,Yes,2026-06-19
946,1623,4,2,3,3,No,2026-03-22
947,1624,5,5,4,4,Yes,2024-03-19
948,1625,4,4,3,4,Yes,2025-03-19
949,1626,4,3,3,3,No,2024-08-14
950,1627,4,3,5,5,Yes,2025-08-20
951,1628,4,4,3,3,Yes,2025-07-25
952,1629,3,4,3,4,Yes,2024-03-19
953,1631,5,4,4,4,Yes,2026-06-29
954,1632,3,4,4,3,Yes,2026-03-04
955,1633,5,4,4,4,Yes,2024-03-09
956,1634,4,3,3,3,No,2024-10-08
957,1637,4,3,5,4,Yes,2024-06-23
958,1639,3,3,4,4,Yes,2025-09-27
959,1641,5,3,3,3,Yes,2024-07-08
960,1643,3,3,3,4,No,2024-02-17
961,1644,3,4,4,3,Yes,2024-11-30
962,1645,5,4,3,3,Yes,2025-09-24
963,1647,4,4,3,5,Yes,2024-11-23
964,1652,3,3,3,4,No,2026-08-31
965,1653,5,5,4,4,Yes,2025-11-05
966,1654,5,3,5,4,Yes,2026-03-27
967,1655,3,4,5,4,Yes,2025-10-11
968,1656,5,3,4,4,Yes,2025-08-01
969,1657,5,3,3,4,Yes,2024-07-15
970,1658,2,5,4,2,No,2024-11-28
971,1659,4,4,3,3,Yes,2025-02-01
972,1660,4,4,4,4,Yes,2026-08-25
973,1661,4,3,4,4,Yes,2025-09-30
974,1662,4,3,3,2,No,2025-05-15
975,1666,3,5,3,4,Yes,2024-12-01
976,1668,5,5,4,4,Yes,2025-01-04
977,1669,5,4,5,5,Yes,2024-07-31
978,1670,5,3,5,4,Yes,2026-04-05
979,1674,4,5,4,3,Yes,2024-07-19
980,1675,3,4,3,3,No,2026-05-08
981,1676,5,4,4,2,Yes,2024-12-06
982,1678,3,3,4,3,No,2026-02-12
983,1679,3,3,4,2,No,2024-03-18
984,1680,4,4,3,5,Yes,2025-03-29
985,1681,4,4,4,3,Yes,2025-02-23
986,1684,4,5,4,4,Yes,2026-05-10
987,1685,4,4,3,3,Yes,2026-07-29
988,1686,5,4,4,3,Yes,2026-08-13
989,1687,4,4,4,4,Yes,2026-03-27
990,1688,3,4,5,4,Yes,2025-09-28
991,1691,4,4,3,4,Yes,2025-09-25
992,1692,3,3,4,3,No,2024-07-11
993,1695,3,4,3,3,No,2025-09-01
994,1697,3,4,5,4,Yes,2025-10-27
995,1700,3,4,4,4,Yes,2026-02-14
996,1708,2,4,2,5,No,2025-06-29
997,1709,2,3,4,3,No,2024-02-29
998,1710,3,4,5,4,Yes,2026-06-20
999,1715,2,3,4,3,No,2026-05-25
1000,1716,5,3,3,4,Yes,2024-02-26
1001,1717,4,3,5,4,Yes,2026-08-21
1002,1720,3,3,3,5,Yes,2026-03-06
1003,1721,3,5,4,3,Yes,2025-12-26
1004,1722,4,3,5,2,Yes,2025-09-09
1005,1723,4,4,4,4,Yes,2026-06-22
1006,1725,3,2,3,2,No,2026-02-08
1007,1728,2,3,4,4,No,2026-06-30
1008,1729,4,4,3,4,Yes,2025-03-06
1009,1730,3,4,3,5,Yes,2026-03-29
1010,1732,5,4,4,4,Yes,2025-01-19
1011,1733,3,2,4,4,No,2024-09-03
1012,1734,5,3,5,4,Yes,2024-02-06
1013,1737,4,4,4,4,Yes,2024-04-21
1014,1738,3,3,3,3,No,2025-08-30
1015,1740,4,4,3,5,Yes,2025-12-24
1016,1741,2,3,4,3,No,2026-08-14
1017,1742,5,3,4,4,Yes,2026-06-18
1018,1743,4,4,2,5,Yes,2025-11-04
1019,1744,4,5,4,4,Yes,2024-11-06
1020,1748,3,4,3,2,No,2024-08-25
1021,1749,5,4,4,4,Yes,2026-05-18
1022,1750,4,5,3,4,Yes,2024-08-09
1023,1751,4,4,4,4,Yes,2024-08-19
1024,1752,5,3,5,3,Yes,2025-04-01
1025,1755,4,4,4,4,Yes,2026-08-27
1026,1756,5,3,4,5,Yes,2025-03-23
1027,1757,5,5,3,3,Yes,2026-08-27
1028,1758,3,5,2,2,No,2026-08-10
1029,1762,4,3,5,5,Yes,2026-03-25
1030,1764,3,3,2,3,No,2024-02-06
1031,1768,3,5,4,3,Yes,2024-09-05
1032,1769,4,4,3,4,Yes,2025-06-24
1033,1770,4,5,4,3,Yes,2026-03-02
1034,1772,3,4,5,4,Yes,2026-05-11
1035,1773,5,4,4,4,Yes,2024-01-27
1036,1774,3,5,3,4,Yes,2024-08-09
1037,1775,3,2,5,2,No,2024-02-03
1038,1777,4,3,4,4,Yes,2024-10-06
1039,1778,4,4,2,3,No,2026-07-07
1040,1780,4,5,5,3,Yes,2024-04-06
1041,1782,5,5,2,4,Yes,2024-09-01
1042,1783,4,3,4,4,Yes,2025-07-26
1043,1784,3,4,4,3,Yes,2025-10-17
1044,1785,5,5,4,4,Yes,2026-02-27
1045,1788,4,3,4,3,Yes,2024-07-13
1046,1790,3,5,5,4,Yes,2026-08-01
1047,1791,4,3,3,4,Yes,2024-05-14
1048,1792,4,4,3,3,Yes,2024-11-29
1049,1793,3,4,4,4,Yes,2024-08-17
1050,1798,3,5,3,3,Yes,2024-08-11
1051,1799,4,4,3,4,Yes,2025-01-07
1052,1800,5,3,5,4,Yes,2024-04-21
1053,1802,5,4,3,5,Yes,2024-08-18
1054,1803,2,4,2,4,No,2024-02-19
1055,1804,4,3,4,4,Yes,2024-08-23
1056,1805,4,3,4,4,Yes,2025-06-15
1057,1806,4,4,4,3,Yes,2024-06-02
1058,1809,3,4,3,3,No,2024-07-06
1059,1813,5,4,5,4,Yes,2025-02-03
1060,1814,4,4,4,3,Yes,2025-01-14
1061,1816,4,3,5,3,Yes,2026-01-30
1062,1818,4,4,4,3,Yes,2025-01-31
1063,1820,4,5,5,3,Yes,2024-05-25
1064,1821,2,4,3,4,No,2026-05-09
1065,1823,4,5,4,4,Yes,2025-09-03
1066,1824,5,5,4,4,Yes,2024-05-17
1067,1825,4,3,4,4,Yes,2026-08-19
1068,1828,4,3,4,5,Yes,2025-06-07
1069,1829,3,3,4,5,Yes,2025-06-18
1070,1831,3,5,5,3,Yes,2024-11-25
1071,1833,4,4,2,3,No,2025-08-08
1072,1834,4,4,2,4,Yes,2026-05-25
1073,1835,5,4,3,3,Yes,2024-03-22
1074,1837,4,4,3,5,Yes,2024-08-20
1075,1839,2,2,4,4,No,2024-10-16
1076,1840,3,4,3,3,No,2024-02-18
1077,1841,4,3,3,3,No,2025-07-10
1078,1843,5,4,5,4,Yes,2024-07-20
1079,1847,4,3,2,4,No,2026-04-20
1080,1848,4,3,3,2,No,2025-09-07
1081,1850,5,4,4,4,Yes,2024-05-20
1082,1853,3,3,3,4,No,2024-09-21
1083,1855,4,3,3,5,Yes,2026-03-22
1084,1856,4,3,5,4,Yes,2024-03-11
1085,1857,4,4,2,4,Yes,2024-11-15
1086,1858,4,3,4,4,Yes,2026-08-12
1087,1859,3,5,3,4,Yes,2024-03-06
1088,1860,3,4,3,4,Yes,2025-09-26
1089,1862,4,3,3,4,Yes,2025-04-14
1090,1863,3,3,5,4,Yes,2024-12-16
1091,1864,3,4,4,5,Yes,2026-01-05
1092,1865,5,4,4,5,Yes,2026-04-13
1093,1867,5,5,4,3,Yes,2024-08-11
1094,1868,4,4,4,4,Yes,2024-02-16
1095,1869,4,4,3,4,Yes,2025-09-30
1096,1870,4,4,4,4,Yes,2026-06-24
1097,1872,3,3,5,4,Yes,2026-01-17
1098,1876,3,3,3,3,No,2025-02-24
1099,1877,5,4,4,3,Yes,2024-04-07
1100,1878,4,4,3,4,Yes,2025-05-06
1101,1879,4,4,3,2,No,2025-03-11
1102,1880,3,4,4,4,Yes,2024-01-26
1103,1881,3,4,3,4,Yes,2026-03-13
1104,1882,3,4,5,4,Yes,2024-05-16
1105,1884,4,4,4,5,Yes,2025-08-31
1106,1886,3,4,2,4,No,2024-07-11
1107,1887,3,3,4,3,No,2024-03-17
1108,1888,4,4,5,4,Yes,2025-04-23
1109,1889,3,1,4,3,No,2026-07-27
1110,1891,2,5,5,4,Yes,2024-02-20
1111,1892,4,3,5,5,Yes,2025-02-20
1112,1893,4,4,3,4,Yes,2024-12-26
1113,1894,4,1,3,4,No,2026-03-02
1114,1895,4,5,4,4,Yes,2026-06-29
1115,1896,5,4,5,5,Yes,2025-04-12
1116,1900,3,4,3,3,No,2024-11-21
1117,1902,2,4,3,3,No,2025-03-07
1118,1906,4,5,3,4,Yes,2026-09-14
1119,1909,4,3,5,5,Yes,2026-06-15
1120,1910,4,4,4,3,Yes,2026-04-10
1121,1911,4,2,4,4,Yes,2025-11-16
1122,1912,4,3,2,3,No,2024-01-28
1123,1913,4,5,5,5,Yes,2025-06-09
1124,1914,3,5,4,3,Yes,2024-09-15
1125,1915,5,4,4,3,Yes,2024-03-19
1126,1917,5,4,4,5,Yes,2026-04-09
1127,1918,4,4,3,5,Yes,2025-01-13
1128,1920,4,3,3,4,Yes,2026-04-08
1129,1921,3,5,3,4,Yes,2025-12-13
1130,1922,3,2,4,4,No,2025-08-02
1131,1923,2,4,3,4,No,2026-06-13
1132,1924,4,3,4,3,Yes,2025-12-15
1133,1926,5,4,4,4,Yes,2025-07-19
1134,1927,2,5,5,4,Yes,2025-03-20
1135,1931,4,3,5,4,Yes,2024-07-15
1136,1932,2,3,5,4,Yes,2024-03-24
1137,1934,3,5,4,3,Yes,2024-05-11
1138,1936,4,4,5,3,Yes,2026-01-14
1139,1937,3,4,4,3,Yes,2025-09-04
1140,1938,4,4,4,5,Yes,2024-10-21
1141,1940,4,4,5,3,Yes,2025-12-20
1142,1943,3,5,4,4,Yes,2026-08-26
1143,1945,5,4,3,4,Yes,2024-04-26
1144,1947,4,4,5,3,Yes,2026-08-08
1145,1948,5,4,4,4,Yes,2025-04-15
1146,1949,4,3,4,4,Yes,2024-05-21
1147,1951,5,3,3,2,No,2025-05-21
1148,1952,3,4,4,4,Yes,2026-01-13
1149,1953,4,2,4,4,Yes,2025-04-11
1150,1955,3,4,4,4,Yes,2025-12-22
1151,1956,3,4,3,2,No,2025-02-20
1152,1957,4,4,4,3,Yes,2024-08-11
1153,1958,4,3,3,4,Yes,2025-03-15
1154,1960,3,4,4,3,Yes,2026-01-27
1155,1962,4,4,3,4,Yes,2025-11-12
1156,1963,4,4,3,3,Yes,2024-06-09
1157,1964,3,4,4,4,Yes,2026-05-28
1158,1965,3,4,5,5,Yes,2025-02-27
1159,1966,5,4,4,3,Yes,2026-06-03
1160,1968,4,3,5,5,Yes,2024-04-06
1161,1971,4,5,4,4,Yes,2024-12-04
1162,1977,4,4,3,5,Yes,2024-05-12
1163,1981,3,3,4,4,Yes,2026-06-07
1164,1982,4,4,3,3,Yes,2024-04-16
1165,1983,4,4,5,4,Yes,2026-01-21
1166,1986,4,4,4,5,Yes,2024-04-21
1167,1993,3,4,3,2,No,2025-05-27
1168,1995,5,3,3,4,Yes,2024-12-24
1169,1996,4,4,4,4,Yes,2025-11-13
1170,1997,4,4,3,2,No,2024-07-04
1171,2000,4,4,4,3,Yes,2025-05-18
1172,2001,3,4,4,4,Yes,2024-02-04
1173,2002,3,4,4,3,Yes,2024-06-03
1174,2005,4,4,3,4,Yes,2024-12-11
1175,2008,4,3,3,4,Yes,2024-07-17
1176,2011,4,3,3,5,Yes,2025-08-05
1177,2012,3,3,3,3,No,2025-03-21
1178,2016,3,5,4,4,Yes,2025-05-09
1179,2019,5,3,3,5,Yes,2025-12-25
1180,2021,3,5,4,4,Yes,2024-07-18
1181,2026,4,5,3,4,Yes,2026-03-15
1182,2027,4,4,5,2,Yes,2024-12-06
1183,2031,5,2,5,2,Yes,2025-07-03
1184,2033,3,4,4,4,Yes,2024-08-30
1185,2034,4,4,4,2,Yes,2025-11-05
1186,2035,5,4,3,4,Yes,2026-05-27
1187,2039,3,3,5,4,Yes,2025-03-04
1188,2041,4,3,4,3,Yes,2024-08-30
1189,2043,4,4,4,4,Yes,2026-04-04
1190,2044,5,3,3,5,Yes,2025-12-19
1191,2045,5,2,5,5,Yes,2025-03-20
1192,2047,5,3,3,4,Yes,2024-04-09
1193,2049,3,3,4,4,Yes,2024-02-15
1194,2051,3,3,4,3,No,2025-08-24
1195,2052,5,4,5,4,Yes,2024-07-14
1196,2054,3,5,3,3,Yes,2025-08-14
1197,2055,2,3,3,3,No,2024-10-07
1198,2057,4,4,3,3,Yes,2025-10-12
1199,2058,2,4,4,3,No,2026-01-24
1200,2059,5,3,5,4,Yes,2026-07-05
1201,2060,4,4,4,4,Yes,2024-08-23
1202,2063,5,3,5,4,Yes,2026-05-08
1203,2067,5,3,4,5,Yes,2025-03-28
1204,2069,4,4,4,3,Yes,2024-06-24
1205,2070,4,5,4,4,Yes,2024-04-26
1206,2073,4,4,4,5,Yes,2025-10-14
1207,2075,4,4,4,4,Yes,2024-08-01
1208,2077,4,5,4,2,Yes,2026-08-03
1209,2079,4,4,4,3,Yes,2024-11-15
1210,2082,5,5,3,4,Yes,2024-09-04
1211,2083,4,5,4,4,Yes,2026-06-28
1212,2084,5,4,4,5,Yes,2025-09-04
1213,2087,4,4,4,4,Yes,2024-04-28
1214,2090,3,5,3,3,Yes,2024-05-17
1215,2091,4,4,3,4,Yes,2025-06-03
1216,2095,3,4,4,3,Yes,2026-04-09
1217,2097,3,4,3,4,Yes,2026-01-26
1218,2098,3,4,3,4,Yes,2025-05-22
1219,2099,3,4,3,4,Yes,2026-08-15
1220,2100,5,4,4,4,Yes,2024-06-16
1221,2102,3,5,3,5,Yes,2025-09-29
1222,2104,5,5,4,3,Yes,2024-06-30
1223,2105,5,4,4,5,Yes,2026-06-08
1224,2106,3,3,4,4,Yes,2024-08-21
1225,2107,3,2,2,2,No,2024-05-16
1226,2108,5,4,4,5,Yes,2026-06-16
1227,2109,4,3,4,5,Yes,2024-10-07
1228,2111,3,4,4,4,Yes,2025-06-21
1229,2113,3,3,4,3,No,2024-05-24
1230,2115,2,5,3,3,No,2025-04-03
1231,2119,4,3,4,3,Yes,2025-01-13
1232,2120,4,4,3,4,Yes,2025-04-15
1233,2123,5,4,5,4,Yes,2026-03-31
1234,2124,3,4,3,3,No,2024-06-01
1235,2125,5,5,3,4,Yes,2024-10-11
1236,2126,4,3,5,5,Yes,2024-07-05
1237,2127,3,3,3,4,No,2026-07-07
1238,2128,4,4,4,5,Yes,2025-02-17
1239,2129,4,4,4,4,Yes,2025-01-09
1240,2132,2,3,4,4,No,2025-08-11
1241,2133,3,4,4,4,Yes,2024-07-12
1242,2134,4,5,4,4,Yes,2026-04-05
1243,2135,5,3,5,5,Yes,2025-08-17
1244,2136,2,4,5,4,Yes,2026-01-09
1245,2137,4,3,4,3,Yes,2025-04-20
1246,2141,5,4,3,3,Yes,2026-01-14
1247,2142,5,3,4,4,Yes,2024-04-12
1248,2144,3,4,5,3,Yes,2025-05-14
1249,2147,4,2,3,4,No,2025-02-22
1250,2150,5,5,5,5,Yes,2026-01-16
1251,2152,3,3,4,4,Yes,2024-04-25
1252,2153,4,3,5,4,Yes,2024-08-29
1253,2154,3,4,4,4,Yes,2026-03-23
1254,2155,4,4,4,4,Yes,2025-10-18
1255,2156,4,3,4,3,Yes,2024-11-14
1256,2157,4,4,5,3,Yes,2025-01-12
1257,2158,4,5,3,3,Yes,2024-08-08
1258,2159,5,4,4,3,Yes,2025-02-22
1259,2164,4,5,4,4,Yes,2025-01-06
1260,2166,3,3,2,3,No,2025-08-16
1261,2167,4,4,3,3,Yes,2026-07-22
1262,2169,2,3,4,4,No,2024-07-13
1263,2172,5,4,3,5,Yes,2026-07-17
1264,2174,4,4,3,3,Yes,2025-09-02
1265,2175,4,4,4,4,Yes,2025-07-20
1266,2177,5,3,4,3,Yes,2024-09-06
1267,2180,4,3,4,4,Yes,2025-09-28
1268,2181,5,4,4,4,Yes,2024-08-21
1269,2183,3,5,4,3,Yes,2024-04-24
1270,2184,5,3,3,4,Yes,2025-06-29
1271,2190,5,4,3,4,Yes,2024-03-22
1272,2191,3,4,4,5,Yes,2025-07-12
1273,2194,4,4,3,3,Yes,2026-03-27
1274,2197,3,5,2,2,No,2026-07-11
1275,2198,3,5,4,4,Yes,2026-01-10
1276,2200,3,4,4,4,Yes,2025-04-01
1277,2205,3,3,5,4,Yes,2025-07-04
1278,2206,4,4,4,4,Yes,2024-08-29
1279,2207,4,3,5,3,Yes,2026-05-17
1280,2208,4,4,4,5,Yes,2025-04-03
1281,2209,4,4,5,5,Yes,2025-07-13
1282,2210,5,3,5,3,Yes,2025-03-02
1283,2212,5,3,5,4,Yes,2024-11-18
1284,2214,4,3,4,5,Yes,2026-03-01
1285,2216,3,5,4,5,Yes,2024-08-04
1286,2217,4,4,4,4,Yes,2026-03-24
1287,2218,4,4,4,3,Yes,2025-05-30
1288,2221,4,4,3,4,Yes,2024-07-04
1289,2223,5,4,5,4,Yes,2026-04-18
1290,2224,2,4,4,3,No,2026-08-21
1291,2227,3,5,3,4,Yes,2025-11-23
1292,2228,3,4,4,4,Yes,2025-01-01
1293,2229,2,4,3,3,No,2024-05-29
1294,2230,5,4,4,4,Yes,2025-03-24
1295,2231,4,5,4,5,Yes,2025-10-23
1296,2232,3,5,5,3,Yes,2025-02-16
1297,2233,5,5,4,5,Yes,2024-10-27
1298,2236,4,4,4,4,Yes,2026-02-27
1299,2238,5,4,3,3,Yes,2025-11-01
1300,2239,3,3,4,4,Yes,2026-07-21
1301,2241,4,4,4,3,Yes,2026-06-21
1302,2242,4,3,5,4,Yes,2025-11-26
1303,2243,5,2,2,3,No,2024-01-29
1304,2244,5,3,4,4,Yes,2025-06-03
1305,2245,4,4,5,4,Yes,2024-11-08
1306,2246,4,4,3,4,Yes,2025-11-01
1307,2248,3,4,3,4,Yes,2024-07-07
1308,2251,3,3,4,3,No,2025-05-09
1309,2253,4,2,5,4,Yes,2025-05-04
1310,2254,5,5,4,2,Yes,2024-01-27
1311,2257,4,5,4,4,Yes,2024-02-08
1312,2258,3,5,3,5,Yes,2024-09-22
1313,2259,2,5,4,2,No,2026-04-24
1314,2260,5,4,3,3,Yes,2026-07-06
1315,2261,5,5,5,4,Yes,2025-09-29
1316,2268,3,3,4,4,Yes,2024-01-26
1317,2274,3,4,4,5,Yes,2024-10-01
1318,2276,2,4,4,5,Yes,2025-12-07
1319,2277,4,4,4,2,Yes,2026-01-14
1320,2279,3,4,4,3,Yes,2025-06-12
1321,2281,4,3,4,4,Yes,2025-04-10
1322,2282,4,3,4,5,Yes,2026-03-27
1323,2283,5,3,4,4,Yes,2024-04-12
1324,2285,4,5,3,3,Yes,2026-08-12
1325,2286,4,4,5,3,Yes,2024-07-28
1326,2287,4,3,4,4,Yes,2025-03-14
1327,2288,2,2,4,3,No,2025-03-02
1328,2289,3,4,4,5,Yes,2025-08-29
1329,2291,2,3,3,4,No,2025-09-18
1330,2293,4,3,3,5,Yes,2024-09-01
1331,2294,3,3,4,4,Yes,2025-03-05
1332,2295,5,4,4,3,Yes,2025-10-18
1333,2296,3,5,3,4,Yes,2024-05-26
1334,2298,4,3,4,4,Yes,2024-09-22
1335,2300,4,5,3,3,Yes,2024-05-18
1336,2301,4,4,4,3,Yes,2024-11-14
1337,2302,3,4,4,4,Yes,2026-09-09
1338,2304,4,4,3,4,Yes,2025-11-16
1339,2305,5,4,4,4,Yes,2025-08-20
1340,2308,5,3,5,4,Yes,2025-09-16
1341,2310,5,4,5,5,Yes,2025-12-22
1342,2314,3,4,3,3,No,2026-04-13
1343,2315,3,3,3,3,No,2025-03-08
1344,2316,3,5,2,3,No,2026-03-10
1345,2317,4,4,4,4,Yes,2025-01-23
1346,2319,4,3,3,4,Yes,2025-04-21
1347,2320,3,4,3,4,Yes,2025-04-07
1348,2324,3,4,3,3,No,2026-01-13
1349,2325,3,3,4,5,Yes,2024-08-14
1350,2326,5,4,4,4,Yes,2024-05-05
1351,2327,5,4,4,4,Yes,2025-11-09
1352,2330,3,3,3,4,No,2026-05-29
1353,2332,3,3,4,4,Yes,2024-03-13
1354,2334,3,4,5,3,Yes,2024-10-26
1355,2335,4,4,3,4,Yes,2025-04-14
1356,2338,3,4,4,5,Yes,2025-05-06
1357,2340,4,3,4,5,Yes,2026-08-28
1358,2342,5,5,4,5,Yes,2025-09-12
1359,2343,4,5,2,3,Yes,2024-09-28
1360,2344,5,5,4,4,Yes,2025-06-25
1361,2346,5,3,3,5,Yes,2026-05-19
1362,2347,5,3,5,5,Yes,2025-02-18
1363,2348,2,5,4,4,Yes,2026-09-01
1364,2349,4,3,4,4,Yes,2024-01-13
1365,2351,5,4,5,3,Yes,2026-07-30
1366,2352,5,2,4,4,Yes,2026-03-20
1367,2353,3,4,5,4,Yes,2024-07-23
1368,2354,4,4,5,4,Yes,2025-09-26
1369,2357,4,3,3,4,Yes,2024-11-11
1370,2358,5,3,4,4,Yes,2025-04-09
1371,2359,4,3,4,4,Yes,2024-06-25
1372,2360,3,4,3,4,Yes,2025-02-10
1373,2361,3,4,4,5,Yes,2026-06-19
1374,2362,3,4,3,4,Yes,2024-05-28
1375,2363,4,4,4,5,Yes,2024-11-06
1376,2364,2,4,3,3,No,2026-08-08
1377,2365,4,3,4,4,Yes,2024-03-08
1378,2367,3,5,5,4,Yes,2025-09-17
1379,2368,4,4,3,4,Yes,2026-05-06
1380,2369,5,4,5,5,Yes,2024-04-18
1381,2370,4,3,4,4,Yes,2024-05-05
1382,2371,3,4,5,3,Yes,2025-08-06
1383,2372,4,3,3,3,No,2024-07-21
1384,2373,4,5,4,5,Yes,2024-02-23
1385,2374,3,5,3,2,No,2024-07-01
1386,2375,4,4,3,3,Yes,2025-05-21
1387,2376,5,4,5,3,Yes,2025-01-19
1388,2377,3,4,3,3,No,2026-04-11
1389,2381,3,4,3,4,Yes,2024-09-30
1390,2382,4,3,4,4,Yes,2026-04-26
1391,2384,3,3,3,3,No,2026-08-14
1392,2385,4,4,4,5,Yes,2026-03-08
1393,2386,4,3,4,3,Yes,2024-06-08
1394,2389,3,5,3,3,Yes,2024-02-27
1395,2390,4,4,3,3,Yes,2025-02-17
1396,2391,4,4,3,3,Yes,2024-04-18
1397,2397,4,5,3,4,Yes,2025-05-09
1398,2398,5,4,4,4,Yes,2025-08-25
1399,2399,5,4,5,2,Yes,2024-03-14
1400,2402,5,3,5,4,Yes,2026-05-09
1401,2403,3,4,3,4,Yes,2024-03-14
1402,2404,3,3,4,3,No,2024-11-01
1403,2406,4,3,5,4,Yes,2025-08-07
1404,2407,4,4,4,4,Yes,2024-08-25
1405,2408,4,4,4,3,Yes,2025-03-02
1406,2409,5,3,3,4,Yes,2025-02-04
1407,2410,5,4,4,5,Yes,2024-12-05
1408,2417,4,4,4,4,Yes,2024-01-23
1409,2418,3,4,3,3,No,2024-05-02
1410,2419,4,3,3,4,Yes,2024-03-19
1411,2420,5,3,4,4,Yes,2024-05-31
1412,2421,4,4,4,3,Yes,2025-09-18
1413,2422,4,4,4,3,Yes,2026-01-12
1414,2424,5,4,4,4,Yes,2026-08-04
1415,2426,3,4,4,4,Yes,2026-09-10
1416,2428,4,5,3,3,Yes,2025-09-02
1417,2430,5,3,3,4,Yes,2024-10-23
1418,2431,3,4,5,5,Yes,2024-01-29
1419,2435,4,5,3,4,Yes,2025-08-09
1420,2436,4,4,2,3,No,2025-05-31
1421,2437,3,4,4,5,Yes,2026-01-09
1422,2438,5,4,3,3,Yes,2025-12-25
1423,2439,5,4,4,3,Yes,2024-10-15
1424,2442,3,4,4,3,Yes,2026-06-13
1425,2444,5,4,4,3,Yes,2024-07-04
1426,2445,4,3,4,4,Yes,2024-06-08
1427,2446,4,4,4,2,Yes,2025-09-16
1428,2448,4,3,5,4,Yes,2024-11-03
1429,2449,4,4,4,5,Yes,2025-11-30
1430,2450,4,5,4,4,Yes,2025-10-14
1431,2452,4,3,4,4,Yes,2025-12-29
1432,2454,3,4,4,3,Yes,2024-03-26
1433,2456,4,3,3,5,Yes,2024-09-21
1434,2460,5,3,4,5,Yes,2025-06-10
1435,2461,4,3,4,3,Yes,2026-09-01
1436,2462,3,5,3,5,Yes,2025-04-21
1437,2464,3,3,3,4,No,2024-07-23
1438,2465,5,3,4,3,Yes,2024-10-29
1439,2466,3,3,3,4,No,2026-01-04
1440,2467,4,2,4,4,Yes,2024-10-25
1441,2472,4,2,3,4,No,2025-06-28
1442,2475,5,4,4,4,Yes,2025-09-01
1443,2476,5,3,5,4,Yes,2025-09-15
1444,2477,5,5,3,4,Yes,2025-09-20
1445,2482,3,4,4,3,Yes,2025-09-30
1446,2484,5,3,5,4,Yes,2024-05-25
1447,2485,3,3,4,3,No,2026-07-13
1448,2486,4,3,4,5,Yes,2025-08-12
1449,2488,4,3,3,3,No,2024-11-08
1450,2489,5,5,4,2,Yes,2024-01-20
1451,2490,4,4,4,3,Yes,2026-02-08
1452,2491,4,4,4,3,Yes,2026-05-05
1453,2492,4,4,4,4,Yes,2025-06-19
1454,2493,3,3,2,4,No,2026-01-29
1455,2494,4,4,3,4,Yes,2026-06-11
1456,2495,5,3,4,4,Yes,2024-06-07
1457,2496,4,4,4,5,Yes,2025-06-07
1458,2497,5,4,4,4,Yes,2024-11-16
1459,2499,5,3,4,4,Yes,2024-10-08
1460,2502,5,4,5,4,Yes,2025-12-17
1461,2503,2,4,3,4,No,2024-11-04
1462,2504,4,4,5,4,Yes,2025-12-08
1463,2507,5,4,4,4,Yes,2024-06-09
1464,2508,4,5,3,4,Yes,2024-04-29
1465,2509,4,3,4,4,Yes,2025-04-27
1466,2512,4,4,3,4,Yes,2025-01-02
1467,2513,5,5,5,5,Yes,2024-10-15
1468,2514,4,3,3,3,No,2025-01-11
1469,2515,4,5,2,3,Yes,2026-06-26
1470,2516,4,4,3,4,Yes,2025-03-16
1471,2520,4,4,3,5,Yes,2024-08-18
1472,2521,2,4,5,4,Yes,2025-04-11
1473,2522,5,3,4,4,Yes,2026-05-01
1474,2525,5,4,5,4,Yes,2026-08-24
1475,2527,5,4,3,5,Yes,2025-08-02
1476,2529,3,4,3,4,Yes,2024-09-02
1477,2530,3,3,3,4,No,2025-04-15
1478,2532,3,4,4,3,Yes,2026-06-28
1479,2533,4,4,5,3,Yes,2025-08-04
1480,2534,4,5,4,3,Yes,2024-10-20
1481,2535,4,5,4,4,Yes,2025-05-21
1482,2536,3,4,5,3,Yes,2025-12-28
1483,2537,5,3,4,4,Yes,2025-09-04
1484,2538,3,4,4,4,Yes,2025-08-16
1485,2539,4,2,4,4,Yes,2026-05-23
1486,2541,3,3,4,4,Yes,2024-07-03
1487,2544,4,5,3,3,Yes,2024-10-22
1488,2545,4,3,4,3,Yes,2024-12-04
1489,2546,5,4,2,3,Yes,2025-04-13
1490,2547,3,4,3,4,Yes,2025-05-05
1491,2548,3,4,4,3,Yes,2025-11-25
1492,2550,5,4,4,4,Yes,2024-07-03
1493,2553,4,5,4,3,Yes,2024-10-28
1494,2556,3,4,3,3,No,2026-03-09
1495,2558,3,3,4,4,Yes,2025-04-10
1496,2560,4,3,4,4,Yes,2025-12-10
1497,2562,4,4,4,3,Yes,2025-06-25
1498,2564,3,4,3,2,No,2025-10-09
1499,2565,3,4,4,4,Yes,2024-06-26
1500,2566,3,5,4,4,Yes,2025-11-24
1501,2567,4,4,5,5,Yes,2025-08-28
1502,2568,3,4,4,5,Yes,2025-05-30
1503,2571,4,5,4,5,Yes,2025-11-10
1504,2572,3,4,3,4,Yes,2026-04-26
1505,2573,3,3,4,4,Yes,2024-10-26
1506,2576,4,3,4,4,Yes,2025-12-20
1507,2577,3,5,5,4,Yes,2025-07-08
1508,2578,3,4,5,5,Yes,2025-10-04
1509,2581,4,4,4,4,Yes,2025-08-08
1510,2582,4,3,4,4,Yes,2026-06-10
1511,2583,3,3,2,3,No,2024-04-14
1512,2585,4,3,4,5,Yes,2024-02-17
1513,2587,5,4,4,4,Yes,2025-08-27
1514,2588,3,4,4,5,Yes,2026-06-17
1515,2592,5,4,4,5,Yes,2024-02-27
1516,2593,4,3,5,3,Yes,2024-06-07
1517,2597,4,4,3,3,Yes,2026-01-26
1518,2598,5,5,4,4,Yes,2025-06-29
1519,2600,4,3,4,5,Yes,2026-01-14
1520,2603,4,4,3,3,Yes,2025-01-12
1521,2605,4,4,4,4,Yes,2024-05-08
1522,2606,3,4,4,3,Yes,2026-02-14
1523,2607,5,4,4,5,Yes,2024-10-14
1524,2609,5,4,5,4,Yes,2026-07-10
1525,2612,5,5,4,3,Yes,2025-03-10
1526,2614,3,4,3,3,No,2026-02-27
1527,2615,3,3,3,3,No,2025-04-26
1528,2616,5,4,3,3,Yes,2024-06-09
1529,2621,4,5,4,3,Yes,2025-04-01
1530,2623,3,4,4,3,Yes,2026-07-04
1531,2624,4,5,3,4,Yes,2025-04-20
1532,2625,4,4,4,4,Yes,2025-12-05
1533,2628,4,4,4,5,Yes,2025-08-30
1534,2631,5,3,4,4,Yes,2025-01-06
1535,2633,4,3,3,5,Yes,2026-08-05
1536,2634,5,5,4,4,Yes,2025-05-13
1537,2639,3,4,3,3,No,2026-07-30
1538,2644,3,4,4,4,Yes,2026-05-14
1539,2645,4,3,5,3,Yes,2024-11-05
1540,2646,4,5,3,3,Yes,2026-06-19
1541,2648,3,4,4,4,Yes,2026-05-04
1542,2651,3,2,4,4,No,2024-07-30
1543,2652,3,4,4,4,Yes,2026-03-02
1544,2653,3,5,4,4,Yes,2024-04-08
1545,2656,4,5,4,4,Yes,2025-12-14
1546,2657,5,3,4,3,Yes,2025-07-23
1547,2658,4,5,5,5,Yes,2025-03-27
1548,2659,4,4,4,4,Yes,2026-02-18
1549,2660,4,4,4,5,Yes,2024-04-10
1550,2661,5,2,4,4,Yes,2025-03-03
1551,2663,4,4,2,5,Yes,2026-06-07
1552,2665,4,4,3,4,Yes,2024-05-06
1553,2666,5,4,5,3,Yes,2025-02-20
1554,2668,4,4,4,4,Yes,2025-10-06
1555,2671,3,3,4,5,Yes,2024-02-28
1556,2672,4,4,4,4,Yes,2024-12-12
1557,2675,3,4,3,5,Yes,2025-12-23
1558,2681,3,4,3,3,No,2024-05-28
1559,2682,4,3,3,4,Yes,2025-07-03
1560,2683,2,4,5,3,Yes,2026-07-05
1561,2684,4,5,5,4,Yes,2024-11-08
1562,2685,4,3,4,3,Yes,2024-04-14
1563,2686,3,4,4,5,Yes,2025-01-28
1564,2687,3,3,4,4,Yes,2025-07-17
1565,2688,3,4,5,4,Yes,2025-08-27
1566,2689,4,4,4,3,Yes,2024-09-21
1567,2692,4,5,3,4,Yes,2025-12-14
1568,2693,3,3,3,3,No,2024-06-01
1569,2694,5,4,4,5,Yes,2025-11-01
1570,2695,4,4,4,4,Yes,2026-05-01
1571,2697,3,5,4,4,Yes,2024-07-26
1572,2698,3,5,4,5,Yes,2024-03-24
1573,2699,2,3,4,5,Yes,2025-11-05
1574,2700,3,3,5,3,Yes,2025-12-07
1575,2702,3,5,5,4,Yes,2025-03-08
1576,2707,4,4,4,4,Yes,2024-12-20
1577,2708,4,4,5,4,Yes,2024-07-27
1578,2711,4,3,3,4,Yes,2024-10-02
1579,2715,5,4,4,3,Yes,2026-06-20
1580,2716,4,4,5,4,Yes,2024-12-03
1581,2718,4,4,4,5,Yes,2024-10-20
1582,2720,4,4,4,5,Yes,2025-02-05
1583,2721,3,4,4,4,Yes,2025-05-12
1584,2722,3,4,4,4,Yes,2025-08-05
1585,2724,4,5,2,4,Yes,2025-01-02
1586,2725,4,3,5,3,Yes,2026-04-24
1587,2726,4,5,5,2,Yes,2026-07-18
1588,2727,3,4,4,3,Yes,2026-06-24
1589,2729,3,4,5,5,Yes,2025-02-02
1590,2730,3,5,4,3,Yes,2025-02-01
1591,2732,3,2,5,4,Yes,2024-12-10
1592,2735,3,3,3,4,No,2026-02-15
1593,2737,4,3,5,4,Yes,2025-09-06
1594,2738,2,5,4,3,Yes,2024-07-08
1595,2740,5,3,3,5,Yes,2024-12-25
1596,2743,2,2,3,3,No,2024-06-20
1597,2744,4,5,4,3,Yes,2025-10-23
1598,2745,4,3,3,3,No,2024-04-07
1599,2746,5,4,5,4,Yes,2025-06-15
1600,2747,4,4,4,4,Yes,2025-11-28
1601,2748,5,3,3,3,Yes,2024-02-07
1602,2749,5,2,3,4,Yes,2024-03-12
1603,2757,4,5,4,4,Yes,2026-05-21
1604,2759,3,4,3,3,No,2024-08-04
1605,2761,2,3,3,4,No,2024-11-22
1606,2764,4,4,5,5,Yes,2026-01-22
1607,2766,3,5,2,4,Yes,2026-07-11
1608,2769,4,5,4,5,Yes,2026-04-03
1609,2770,5,3,4,4,Yes,2025-09-25
1610,2771,5,3,4,5,Yes,2024-09-13
1611,2772,4,3,5,3,Yes,2025-12-03
1612,2773,3,4,3,3,No,2026-01-03
1613,2774,4,4,4,5,Yes,2026-05-25
1614,2775,4,4,4,3,Yes,2026-01-24
1615,2776,5,5,5,5,Yes,2025-09-14
1616,2777,4,4,5,5,Yes,2024-04-05
1617,2787,4,5,4,5,Yes,2024-08-02
1618,2788,5,4,4,3,Yes,2025-12-12
1619,2789,3,4,4,2,No,2025-07-20
1620,2791,3,3,3,4,No,2025-06-07
1621,2793,3,4,4,4,Yes,2025-04-26
1622,2795,5,3,4,3,Yes,2024-05-29
1623,2801,5,3,4,4,Yes,2025-05-31
1624,2805,4,3,3,3,No,2024-12-31
1625,2806,3,4,2,4,No,2025-11-19
1626,2807,3,4,5,4,Yes,2026-04-26
1627,2808,3,4,5,4,Yes,2025-11-28
1628,2809,4,5,4,4,Yes,2024-06-09
1629,2811,4,1,3,4,No,2025-09-17
1630,2812,3,3,4,3,No,2026-08-11
1631,2814,4,5,3,3,Yes,2024-03-13
1632,2817,5,5,4,3,Yes,2026-03-17
1633,2818,3,4,4,3,Yes,2025-04-10
1634,2819,4,5,5,2,Yes,2025-03-18
1635,2820,5,4,4,4,Yes,2024-01-31
1636,2821,3,5,5,5,Yes,2024-03-13
1637,2822,4,4,3,4,Yes,2026-05-28
1638,2825,3,4,3,4,Yes,2024-02-07
1639,2828,5,3,4,4,Yes,2024-06-13
1640,2829,5,5,4,5,Yes,2026-02-03
1641,2831,4,4,5,3,Yes,2024-07-15
1642,2833,4,3,3,5,Yes,2025-10-04
1643,2834,4,4,4,4,Yes,2024-05-06
1644,2836,5,4,5,4,Yes,2026-03-20
1645,2843,3,4,3,3,No,2025-07-02
1646,2844,4,5,5,5,Yes,2026-06-03
1647,2848,3,4,3,3,No,2026-08-22
1648,2849,4,4,4,4,Yes,2026-04-29
1649,2850,3,5,3,4,Yes,2025-07-26
1650,2854,3,4,3,4,Yes,2025-05-20
1651,2855,3,4,4,5,Yes,2024-05-08
1652,2856,3,3,3,4,No,2026-01-22
1653,2857,4,3,4,5,Yes,2025-09-18
1654,2859,4,2,4,3,No,2025-01-30
1655,2861,4,3,3,3,No,2026-02-12
1656,2862,3,2,4,5,Yes,2025-08-27
1657,2864,3,4,4,3,Yes,2025-01-28
1658,2865,4,5,4,3,Yes,2025-05-05
1659,2867,4,2,4,5,Yes,2024-06-04
1660,2868,3,5,4,5,Yes,2025-11-26
1661,2870,3,5,4,3,Yes,2024-11-16
1662,2871,4,5,3,4,Yes,2024-07-05
1663,2874,3,3,3,3,No,2025-12-23
1664,2875,4,4,4,4,Yes,2024-07-19
1665,2876,4,3,4,5,Yes,2024-11-06
1666,2878,5,4,3,3,Yes,2025-09-30
1667,2881,2,4,4,5,Yes,2024-01-31
1668,2883,5,3,3,4,Yes,2024-06-17
1669,2884,5,5,4,4,Yes,2025-01-15
1670,2885,5,4,4,4,Yes,2025-11-22
1671,2886,4,3,4,4,Yes,2024-08-26
1672,2887,5,4,3,4,Yes,2025-09-25
1673,2888,4,2,5,4,Yes,2025-10-10
1674,2890,5,4,3,4,Yes,2024-05-23
1675,2892,3,3,5,4,Yes,2025-12-18
1676,2893,3,3,4,3,No,2025-09-17
1677,2895,4,4,5,5,Yes,2024-08-22
1678,2896,3,3,4,3,No,2024-03-22
1679,2897,4,3,3,4,Yes,2024-01-17
1680,2899,4,3,4,5,Yes,2024-08-18
1681,2900,5,5,4,4,Yes,2024-04-01
1682,2902,3,4,5,3,Yes,2025-02-03
1683,2904,3,4,4,4,Yes,2025-02-09
1684,2905,4,4,3,4,Yes,2025-05-02
1685,2906,3,3,3,2,No,2024-09-17
1686,2910,4,4,4,3,Yes,2024-11-06
1687,2911,4,3,3,3,No,2026-05-15
1688,2912,4,4,5,5,Yes,2025-10-25
1689,2913,5,4,4,4,Yes,2025-10-07
1690,2918,4,3,5,4,Yes,2026-05-08
1691,2919,5,4,4,4,Yes,2025-03-20
1692,2920,3,5,2,3,No,2024-06-17
1693,2923,2,3,4,3,No,2024-12-18
1694,2924,4,5,3,4,Yes,2024-05-31
1695,2925,4,4,5,3,Yes,2024-06-23
1696,2926,4,5,5,4,Yes,2025-11-12
1697,2927,5,3,3,3,Yes,2024-04-04
1698,2928,5,3,3,4,Yes,2024-02-24
1699,2930,3,3,3,3,No,2025-08-01
1700,2931,3,4,5,3,Yes,2026-01-01
1701,2932,4,2,4,5,Yes,2025-01-14
1702,2933,3,5,3,2,No,2025-02-03
1703,2934,4,5,4,4,Yes,2025-07-10
1704,2936,4,4,4,4,Yes,2025-08-24
1705,2937,4,4,5,5,Yes,2025-07-01
1706,2939,2,4,5,4,Yes,2025-01-18
1707,2940,3,5,4,4,Yes,2025-04-20
1708,2942,3,3,5,5,Yes,2024-10-29
1709,2945,3,3,4,5,Yes,2025-03-18
1710,2946,5,4,4,5,Yes,2025-03-29
1711,2951,4,4,4,4,Yes,2026-05-11
1712,2954,4,4,4,5,Yes,2024-02-16
1713,2956,5,3,4,3,Yes,2024-06-03
1714,2957,5,2,3,3,No,2025-11-07
1715,2958,4,5,3,4,Yes,2024-08-14
1716,2959,4,4,3,4,Yes,2026-06-23
1717,2961,4,5,5,4,Yes,2025-08-15
1718,2962,5,2,4,4,Yes,2025-07-20
1719,2963,2,4,3,4,No,2024-08-25
1720,2964,5,3,5,4,Yes,2024-11-22
1721,2967,4,5,5,3,Yes,2025-08-22
1722,2968,4,4,2,3,No,2026-08-22
1723,2969,3,3,3,3,No,2024-02-01
1724,2971,2,3,5,3,No,2025-06-23
1725,2974,5,4,5,2,Yes,2026-01-19
1726,2975,4,4,3,4,Yes,2024-05-20
1727,2977,5,5,4,5,Yes,2025-04-24
1728,2982,4,4,5,5,Yes,2026-08-03
1729,2983,4,5,4,5,Yes,2026-08-21
1730,2986,2,4,4,5,Yes,2026-08-18
1731,2988,4,5,3,4,Yes,2024-12-22
1732,2989,4,3,2,3,No,2026-08-13
1733,2990,4,3,5,3,Yes,2024-03-08
1734,2991,4,4,4,3,Yes,2026-02-15
1735,2992,3,4,3,5,Yes,2024-03-06
1736,2993,4,4,4,5,Yes,2024-03-16
1737,2994,3,4,4,3,Yes,2026-07-13
1738,2995,4,4,4,4,Yes,2025-01-01
1739,2996,5,4,3,5,Yes,2025-07-09
1740,2998,3,4,4,3,Yes,2024-02-02
1741,2999,3,2,4,3,No,2025-02-02
1742,3000,3,4,4,4,Yes,2025-04-13
1743,3001,5,4,4,3,Yes,2025-10-05
1744,3002,4,4,3,4,Yes,2024-05-10
1745,3003,4,4,4,2,Yes,2025-11-16
1746,3004,3,4,4,5,Yes,2024-05-04
1747,3005,4,4,4,4,Yes,2026-04-20
1748,3006,5,5,5,5,Yes,2025-08-31
1749,3007,4,2,3,4,No,2026-02-09
1750,3008,5,4,5,4,Yes,2025-03-10
1751,3009,4,5,3,3,Yes,2024-02-24
1752,3010,4,4,4,4,Yes,2024-10-10
1753,3011,4,3,4,3,Yes,2025-04-08
1754,3012,3,3,4,3,No,2024-09-24
1755,3014,4,3,3,4,Yes,2024-07-12
1756,3016,4,3,3,5,Yes,2024-03-01
1757,3017,3,4,3,4,Yes,2026-09-05
1758,3019,3,4,4,5,Yes,2026-04-03
1759,3020,3,5,3,4,Yes,2025-05-15
1760,3022,4,5,5,4,Yes,2024-04-14
1761,3024,3,4,5,5,Yes,2025-03-23
1762,3032,5,2,5,4,Yes,2024-12-25
1763,3033,4,3,5,5,Yes,2026-08-10
1764,3034,4,4,4,4,Yes,2024-01-20
1765,3035,5,3,3,4,Yes,2026-05-17
1766,3037,4,4,3,3,Yes,2024-03-22
1767,3038,3,3,5,5,Yes,2026-01-03
1768,3040,3,4,4,3,Yes,2026-09-09
1769,3042,2,3,4,4,No,2026-03-31
1770,3045,4,3,5,4,Yes,2024-02-05
1771,3047,3,3,5,5,Yes,2025-12-20
1772,3048,5,3,5,2,Yes,2025-05-18
1773,3049,4,3,3,4,Yes,2024-05-09
1774,3052,4,4,4,5,Yes,2024-06-02
1775,3054,4,3,3,3,No,2025-12-27
1776,3055,4,4,5,4,Yes,2026-07-27
1777,3056,4,4,3,2,No,2024-06-08
1778,3057,5,3,4,5,Yes,2025-12-05
1779,3059,4,2,4,3,No,2024-09-04
1780,3060,5,4,5,4,Yes,2025-01-12
1781,3061,4,3,3,3,No,2024-11-14
1782,3063,3,3,4,4,Yes,2025-10-23
1783,3064,4,4,4,3,Yes,2026-04-22
1784,3065,3,5,4,3,Yes,2025-06-16
1785,3067,4,4,3,3,Yes,2025-07-30
1786,3068,4,3,3,4,Yes,2026-01-26
1787,3069,4,5,4,4,Yes,2026-05-10
1788,3070,4,5,5,4,Yes,2024-02-17
1789,3072,4,5,4,5,Yes,2024-04-24
1790,3077,4,4,5,4,Yes,2024-09-06
1791,3080,4,3,4,4,Yes,2026-05-07
1792,3083,4,3,4,4,Yes,2025-07-13
1793,3085,4,5,3,4,Yes,2026-03-09
1794,3087,3,5,4,3,Yes,2025-04-13
1795,3088,2,4,4,3,No,2025-03-10
1796,3089,4,4,4,2,Yes,2026-04-18
1797,3090,2,4,3,3,No,2025-07-16
1798,3092,3,4,4,4,Yes,2026-06-09
1799,3095,3,4,5,3,Yes,2024-09-05
1800,3096,4,4,5,5,Yes,2025-10-05
1801,3097,4,4,5,5,Yes,2025-06-09
1802,3099,4,3,3,3,No,2025-10-06
1803,3101,5,2,4,4,Yes,2025-06-08
1804,3102,4,4,3,4,Yes,2025-06-05
1805,3104,3,4,3,4,Yes,2025-04-11
1806,3106,3,3,3,4,No,2026-03-29
1807,3107,4,3,3,4,Yes,2025-09-18
1808,3109,5,5,4,4,Yes,2026-01-09
1809,3112,4,5,4,3,Yes,2026-01-28
1810,3113,2,4,4,3,No,2025-09-18
1811,3114,3,5,3,4,Yes,2024-05-05
1812,3115,3,4,5,4,Yes,2025-05-07
1813,3116,4,3,5,3,Yes,2025-05-27
1814,3117,4,3,3,4,Yes,2026-08-21
1815,3119,4,4,4,4,Yes,2026-09-18
1816,3120,4,4,3,3,Yes,2026-04-06
1817,3121,4,3,4,3,Yes,2025-08-17
1818,3122,2,4,3,4,No,2026-06-21
1819,3123,4,3,3,5,Yes,2025-07-13
1820,3124,2,4,4,4,Yes,2024-11-23
1821,3126,4,4,4,5,Yes,2024-08-05
1822,3128,2,3,4,3,No,2025-06-11
1823,3129,4,3,4,5,Yes,2025-11-01
1824,3130,3,4,3,3,No,2024-05-20
1825,3131,4,3,5,4,Yes,2024-03-28
1826,3132,4,4,4,4,Yes,2025-06-12
1827,3133,4,5,4,3,Yes,2025-03-12
1828,3134,4,2,5,5,Yes,2024-07-18
1829,3135,4,4,4,5,Yes,2026-05-12
1830,3136,4,4,3,3,Yes,2026-07-27
1831,3137,4,5,4,5,Yes,2024-07-28
1832,3139,4,4,5,4,Yes,2024-06-24
1833,3140,4,3,4,3,Yes,2024-10-05
1834,3141,4,5,4,5,Yes,2024-02-12
1835,3142,5,3,5,4,Yes,2026-01-02
1836,3144,5,4,3,4,Yes,2026-08-11
1837,3146,3,4,4,3,Yes,2026-04-11
1838,3147,4,4,5,3,Yes,2025-02-05
1839,3148,4,4,5,4,Yes,2025-02-22
1840,3149,4,4,3,4,Yes,2026-05-13
1841,3150,5,4,5,3,Yes,2026-06-26
1842,3155,5,2,5,2,Yes,2024-07-03
1843,3156,3,4,2,3,No,2025-01-18
1844,3157,3,3,5,4,Yes,2025-09-29
1845,3161,3,5,4,3,Yes,2025-12-28
1846,3163,5,5,4,4,Yes,2024-03-31
1847,3164,3,3,3,2,No,2025-07-17
1848,3165,4,5,4,3,Yes,2024-01-26
1849,3166,2,3,2,3,No,2026-03-10
1850,3167,4,3,5,4,Yes,2025-05-29
1851,3170,4,5,3,4,Yes,2025-12-29
1852,3171,4,4,4,4,Yes,2025-04-02
1853,3174,3,3,4,5,Yes,2025-08-10
1854,3175,4,3,4,3,Yes,2024-03-29
1855,3176,4,5,4,4,Yes,2025-12-30
1856,3180,4,5,4,5,Yes,2026-06-25
1857,3181,5,4,3,4,Yes,2026-05-06
1858,3183,3,3,4,5,Yes,2024-05-15
1859,3184,5,3,3,4,Yes,2025-07-21
1860,3187,5,4,4,3,Yes,2026-08-16
1861,3188,4,3,3,4,Yes,2024-04-08
1862,3190,4,2,3,5,Yes,2026-01-19
1863,3192,3,3,4,3,No,2024-09-28
1864,3194,4,3,3,4,Yes,2025-05-21
1865,3196,4,5,4,4,Yes,2026-07-26
1866,3198,4,5,4,3,Yes,2025-04-05
1867,3199,4,5,4,4,Yes,2024-03-17
1868,3200,4,3,3,4,Yes,2025-04-16
1869,3201,2,4,3,5,Yes,2025-10-09
1870,3202,5,4,5,4,Yes,2024-03-14
1871,3204,4,3,5,3,Yes,2026-05-18
1872,3205,4,4,5,3,Yes,2025-04-30
1873,3206,4,4,3,2,No,2026-03-21
1874,3209,4,2,3,4,No,2024-06-25
1875,3210,4,5,5,3,Yes,2025-02-24
1876,3212,4,4,5,4,Yes,2024-10-14
1877,3213,4,2,4,4,Yes,2025-02-15
1878,3214,4,5,3,5,Yes,2026-02-04
1879,3216,4,2,3,4,No,2024-08-08
1880,3218,3,4,5,3,Yes,2025-12-15
1881,3219,3,3,3,4,No,2025-06-03
1882,3220,4,3,3,4,Yes,2024-02-22
1883,3225,5,4,4,5,Yes,2026-01-31
1884,3227,2,3,4,5,Yes,2026-07-28
1885,3228,3,4,4,3,Yes,2025-05-10
1886,3229,4,5,3,4,Yes,2025-01-29
1887,3230,4,5,4,5,Yes,2024-01-21
1888,3231,3,4,5,4,Yes,2026-03-03
1889,3232,3,4,4,5,Yes,2024-08-05
1890,3234,3,4,5,3,Yes,2025-11-28
1891,3235,4,3,3,4,Yes,2025-06-02
1892,3236,5,4,4,4,Yes,2024-11-24
1893,3237,4,3,4,3,Yes,2025-06-27
1894,3240,4,4,3,5,Yes,2025-12-23
1895,3241,5,4,4,4,Yes,2025-07-12
1896,3242,5,5,2,3,Yes,2025-07-19
1897,3243,4,2,4,2,No,2026-05-11
1898,3248,4,4,5,5,Yes,2026-03-19
1899,3251,4,5,5,4,Yes,2026-06-05
1900,3253,3,3,4,3,No,2026-01-28
1901,3254,4,4,4,5,Yes,2025-09-28
1902,3255,5,4,4,3,Yes,2024-07-11
1903,3256,5,4,3,4,Yes,2024-10-06
1904,3258,4,3,4,4,Yes,2024-09-30
1905,3259,4,4,5,5,Yes,2026-04-21
1906,3260,4,5,5,3,Yes,2024-05-05
1907,3262,3,4,4,3,Yes,2026-02-28
1908,3263,3,4,5,4,Yes,2025-01-24
1909,3264,3,3,5,5,Yes,2024-06-12
1910,3265,4,3,5,4,Yes,2024-05-16
1911,3266,4,3,4,4,Yes,2024-09-27
1912,3268,2,3,3,3,No,2026-03-01
1913,3269,3,3,3,4,No,2025-03-15
1914,3271,3,5,4,4,Yes,2024-02-15
1915,3274,3,4,4,4,Yes,2024-09-08
1916,3275,4,3,4,3,Yes,2025-11-22
1917,3278,5,3,3,4,Yes,2025-12-28
1918,3279,5,4,5,3,Yes,2024-04-19
1919,3280,5,3,4,4,Yes,2025-02-12
1920,3283,4,4,4,4,Yes,2026-05-30
1921,3285,4,5,4,3,Yes,2024-02-14
1922,3286,5,4,3,4,Yes,2024-09-12
1923,3287,4,3,3,3,No,2026-01-02
1924,3288,4,5,4,4,Yes,2024-09-01
1925,3292,2,3,4,4,No,2024-08-25
1926,3294,4,3,4,4,Yes,2024-05-01
1927,3295,4,4,5,4,Yes,2024-06-27
1928,3296,3,2,4,4,No,2024-04-25
1929,3297,4,4,5,3,Yes,2025-03-09
1930,3298,4,3,3,4,Yes,2025-07-25
1931,3299,4,4,5,4,Yes,2025-11-27
1932,3304,2,3,4,4,No,2024-04-30
1933,3306,3,5,4,4,Yes,2024-09-02
1934,3311,3,3,4,5,Yes,2025-09-29
1935,3312,5,5,4,3,Yes,2025-08-07
1936,3313,4,3,5,5,Yes,2024-09-04
1937,3316,4,3,4,5,Yes,2026-05-08
1938,3317,4,4,4,4,Yes,2025-01-15
1939,3318,4,3,4,4,Yes,2025-03-09
1940,3327,4,4,4,3,Yes,2024-05-26
1941,3328,4,3,4,4,Yes,2025-10-29
1942,3329,4,4,3,3,Yes,2025-01-14
1943,3330,4,5,3,3,Yes,2025-09-20
1944,3331,4,4,4,3,Yes,2026-07-18
1945,3332,4,5,4,4,Yes,2026-05-21
1946,3334,4,3,3,5,Yes,2024-07-26
1947,3335,3,4,3,4,Yes,2025-12-31
1948,3336,3,4,3,4,Yes,2025-01-12
1949,3337,3,4,5,4,Yes,2024-09-29
1950,3341,4,5,4,4,Yes,2025-09-24
1951,3342,2,3,5,5,Yes,2026-04-11
1952,3344,3,4,2,5,Yes,2025-09-25
1953,3345,3,3,4,5,Yes,2025-05-27
1954,3347,4,5,4,3,Yes,2024-03-18
1955,3348,4,3,3,4,Yes,2025-05-11
1956,3349,4,4,3,3,Yes,2026-01-04
1957,3351,4,5,5,5,Yes,2024-11-17
1958,3355,5,3,4,3,Yes,2024-09-26
1959,3359,5,3,4,4,Yes,2025-12-17
1960,3361,5,5,2,3,Yes,2024-11-30
1961,3362,2,4,4,5,Yes,2024-04-28
1962,3364,5,5,4,5,Yes,2024-02-01
1963,3365,5,3,3,5,Yes,2025-06-24
1964,3369,4,5,4,4,Yes,2024-03-11
1965,3371,4,4,5,4,Yes,2025-11-12
1966,3373,3,4,5,4,Yes,2024-02-18
1967,3374,3,3,4,2,No,2026-01-23
1968,3375,4,3,3,4,Yes,2025-04-07
1969,3376,5,3,4,3,Yes,2024-09-12
1970,3379,4,4,4,3,Yes,2026-05-18
1971,3380,4,5,4,5,Yes,2024-06-08
1972,3381,4,3,5,3,Yes,2024-02-01
1973,3382,4,3,4,3,Yes,2024-07-21
1974,3383,4,4,4,5,Yes,2025-12-18
1975,3384,4,4,3,5,Yes,2024-10-07
1976,3386,4,4,5,4,Yes,2026-02-09
1977,3387,5,4,4,5,Yes,2026-04-30
1978,3389,4,3,4,4,Yes,2024-12-26
1979,3393,4,4,4,5,Yes,2025-02-09
1980,3394,3,5,3,4,Yes,2024-02-01
1981,3396,5,4,4,3,Yes,2024-12-16
1982,3397,4,4,4,5,Yes,2024-10-22
1983,3398,4,4,4,3,Yes,2024-01-31
1984,3400,4,4,3,4,Yes,2026-08-28
1985,3401,4,3,4,5,Yes,2025-11-14
1986,3403,4,4,4,4,Yes,2025-05-12
1987,3409,3,4,4,4,Yes,2025-04-24
1988,3412,2,4,2,3,No,2025-12-23
1989,3420,4,3,3,3,No,2026-08-04
1990,3421,4,4,5,5,Yes,2026-05-28
1991,3422,3,4,5,4,Yes,2026-04-15
1992,3423,4,4,4,5,Yes,2024-06-14
1993,3429,4,3,3,5,Yes,2026-06-30
1994,3432,3,3,4,2,No,2025-09-01
1995,3434,5,4,4,3,Yes,2026-08-21
1996,3435,5,4,4,3,Yes,2026-08-03
1997,3436,4,5,3,4,Yes,2026-03-01
1998,3437,5,5,4,3,Yes,2024-06-12
1999,3438,4,3,3,4,Yes,2024-10-02
2000,3439,4,4,4,4,Yes,2024-10-22
2001,3440,4,4,4,3,Yes,2026-02-09
2002,3442,3,4,4,4,Yes,2025-04-07
2003,3444,4,4,3,3,Yes,2026-05-26
2004,3446,3,3,4,2,No,2026-07-13
2005,3447,3,4,5,4,Yes,2025-07-11
2006,3448,4,4,3,3,Yes,2026-08-16
2007,3450,4,3,3,4,Yes,2025-02-21
2008,3452,4,5,4,5,Yes,2025-09-08
2009,3454,5,4,3,4,Yes,2024-09-25
2010,3455,3,4,4,3,Yes,2024-10-27
2011,3456,5,3,4,3,Yes,2025-05-21
2012,3457,4,4,5,3,Yes,2025-04-19
2013,3458,3,5,5,4,Yes,2026-02-26
2014,3460,3,5,3,5,Yes,2026-01-21
2015,3463,3,4,4,3,Yes,2024-10-12
2016,3464,5,2,5,4,Yes,2025-03-26
2017,3467,3,5,4,4,Yes,2026-08-04
2018,3468,3,4,3,2,No,2024-10-18
2019,3470,4,5,3,3,Yes,2026-02-28
2020,3472,4,3,4,4,Yes,2026-02-05
2021,3473,4,4,4,5,Yes,2024-05-09
2022,3475,3,3,3,3,No,2024-04-06
2023,3477,2,4,4,3,No,2025-06-16
2024,3480,2,5,4,4,Yes,2026-01-22
2025,3482,4,4,5,4,Yes,2025-07-02
2026,3483,5,4,4,3,Yes,2026-01-02
2027,3484,5,3,5,4,Yes,2025-09-02
2028,3485,3,3,4,3,No,2026-06-04
2029,3486,4,3,2,4,No,2024-09-26
2030,3487,3,3,5,3,Yes,2024-03-25
2031,3490,3,4,3,4,Yes,2026-05-28
2032,3492,2,2,5,2,No,2026-05-08
2033,3495,5,3,4,4,Yes,2025-11-11
2034,3496,3,5,4,5,Yes,2026-03-06
2035,3498,3,3,3,4,No,2024-11-13
2036,3500,5,4,3,5,Yes,2025-01-12
2037,3502,4,4,5,4,Yes,2025-01-19
2038,3505,3,3,5,3,Yes,2025-10-23
2039,3506,4,5,4,4,Yes,2026-07-07
2040,3509,4,2,3,3,No,2025-02-19
2041,3510,4,4,4,2,Yes,2025-07-24
2042,3512,2,3,4,5,Yes,2026-07-13
2043,3514,4,4,5,5,Yes,2026-06-22
2044,3515,3,3,4,4,Yes,2026-05-01
2045,3518,3,4,3,3,No,2026-08-14
2046,3520,3,3,5,4,Yes,2024-04-21
2047,3521,5,3,4,3,Yes,2024-04-27
2048,3522,4,5,4,4,Yes,2026-05-30
2049,3523,4,5,4,2,Yes,2024-08-03
2050,3524,4,5,3,4,Yes,2025-04-24
2051,3525,4,3,4,3,Yes,2024-03-22
2052,3526,4,5,3,3,Yes,2025-08-18
2053,3529,5,4,3,4,Yes,2024-12-01
2054,3530,4,4,4,3,Yes,2025-09-13
2055,3532,5,4,4,4,Yes,2024-03-26
2056,3535,4,4,4,3,Yes,2025-11-12
2057,3537,4,3,5,4,Yes,2026-01-26
2058,3540,4,4,4,4,Yes,2026-01-10
2059,3541,4,2,4,4,Yes,2025-11-13
2060,3542,4,2,3,3,No,2025-10-14
2061,3543,4,2,5,3,Yes,2025-07-10
2062,3544,4,3,4,5,Yes,2026-09-08
2063,3548,2,3,3,3,No,2024-03-04
2064,3549,4,3,4,4,Yes,2025-11-07
2065,3551,4,4,4,4,Yes,2025-08-06
2066,3552,3,2,5,4,Yes,2024-04-12
2067,3553,3,4,2,4,No,2024-03-11
2068,3554,3,4,3,4,Yes,2025-10-29
2069,3555,4,4,3,4,Yes,2025-07-15
2070,3556,4,4,3,4,Yes,2025-08-22
2071,3558,4,3,4,5,Yes,2026-07-19
2072,3560,3,5,4,4,Yes,2026-01-24
2073,3562,4,5,4,5,Yes,2025-04-21
2074,3565,4,5,5,3,Yes,2025-06-09
2075,3566,4,3,5,4,Yes,2025-02-23
2076,3570,4,3,4,5,Yes,2026-07-01
2077,3572,4,4,3,3,Yes,2026-05-30
2078,3573,5,4,4,5,Yes,2026-07-18
2079,3574,5,4,3,4,Yes,2025-06-25
2080,3575,4,5,4,3,Yes,2026-02-09
2081,3576,4,4,3,5,Yes,2026-03-07
2082,3577,5,4,3,5,Yes,2026-01-26
2083,3578,3,4,3,3,No,2026-03-01
2084,3580,3,2,4,3,No,2024-06-04
2085,3581,3,4,4,3,Yes,2026-02-01
2086,3582,5,4,5,3,Yes,2025-08-20
2087,3583,4,4,4,3,Yes,2025-03-14
2088,3586,2,4,5,3,Yes,2025-01-01
2089,3587,5,3,2,3,No,2024-07-17
2090,3588,4,4,4,5,Yes,2025-11-25
2091,3589,4,4,3,3,Yes,2026-01-06
2092,3590,3,4,3,3,No,2025-07-08
2093,3593,5,5,5,4,Yes,2025-03-26
2094,3594,3,5,3,3,Yes,2024-02-04
2095,3595,2,3,4,4,No,2025-08-02
2096,3597,5,4,4,5,Yes,2024-04-20
2097,3598,3,3,5,3,Yes,2025-05-23
2098,3601,4,3,4,4,Yes,2024-11-05
2099,3603,2,3,4,3,No,2026-08-29
2100,3605,4,4,3,4,Yes,2025-10-13
2101,3606,4,2,4,4,Yes,2025-10-22
2102,3610,3,4,5,4,Yes,2024-03-04
2103,3611,5,4,4,3,Yes,2026-04-28
2104,3612,2,4,3,5,Yes,2026-06-07
2105,3613,4,5,4,4,Yes,2025-05-10
2106,3614,4,4,3,2,No,2024-06-12
2107,3615,4,4,4,3,Yes,2026-03-03
2108,3616,4,4,5,3,Yes,2025-05-30
2109,3620,5,4,5,5,Yes,2024-08-11
2110,3622,5,4,4,4,Yes,2026-03-14
2111,3624,4,3,4,5,Yes,2025-01-11
2112,3625,5,2,4,3,Yes,2024-12-26
2113,3628,2,5,4,2,No,2024-05-27
2114,3629,3,4,4,4,Yes,2024-08-26
2115,3630,4,4,3,5,Yes,2025-10-10
2116,3637,3,3,5,4,Yes,2025-06-12
2117,3638,5,5,4,4,Yes,2026-08-10
2118,3639,2,3,5,3,No,2025-10-09
2119,3647,3,4,2,3,No,2024-04-29
2120,3649,3,4,5,3,Yes,2026-04-09
2121,3650,4,4,4,4,Yes,2025-04-15
2122,3652,4,4,5,5,Yes,2024-12-25
2123,3653,4,5,3,5,Yes,2026-01-12
2124,3655,3,4,4,3,Yes,2026-07-01
2125,3656,5,4,2,4,Yes,2026-02-06
2126,3658,5,4,3,3,Yes,2025-12-21
2127,3659,4,4,3,3,Yes,2025-09-11
2128,3660,3,3,4,3,No,2024-05-09
2129,3662,3,5,4,5,Yes,2024-10-09
2130,3663,3,3,2,4,No,2024-10-13
2131,3664,4,4,4,2,Yes,2025-02-08
2132,3665,4,4,4,5,Yes,2024-04-30
2133,3666,3,4,4,4,Yes,2025-10-18
2134,3667,3,4,4,4,Yes,2026-07-04
2135,3670,4,4,5,4,Yes,2026-02-27
2136,3672,3,5,4,3,Yes,2024-04-26
2137,3674,3,4,3,4,Yes,2025-11-03
2138,3675,3,5,4,2,Yes,2024-10-02
2139,3676,4,4,3,3,Yes,2025-10-22
2140,3677,3,4,4,2,No,2024-05-20
2141,3678,4,4,4,4,Yes,2025-04-08
2142,3679,3,5,5,3,Yes,2025-06-13
2143,3680,4,4,5,3,Yes,2026-05-11
2144,3681,5,5,4,4,Yes,2026-01-14
2145,3682,4,4,5,3,Yes,2024-08-27
2146,3683,5,4,4,5,Yes,2025-03-07
2147,3685,3,4,4,4,Yes,2025-10-19
2148,3686,3,4,4,4,Yes,2024-04-28
2149,3688,5,3,4,4,Yes,2025-06-14
2150,3689,4,5,4,3,Yes,2025-07-31
2151,3690,5,5,4,3,Yes,2026-01-22
2152,3693,5,4,4,4,Yes,2025-12-05
2153,3695,4,4,4,4,Yes,2025-06-30
2154,3696,4,5,4,2,Yes,2024-06-05
2155,3698,4,3,3,3,No,2026-05-03
2156,3699,4,3,5,2,Yes,2024-11-02
2157,3700,4,4,4,2,Yes,2024-12-05
2158,3701,4,4,3,5,Yes,2024-09-14
2159,3704,4,3,3,3,No,2024-10-03
2160,3707,4,4,4,5,Yes,2026-05-01
2161,3709,4,4,3,5,Yes,2025-06-28
2162,3710,4,4,4,3,Yes,2025-12-11
2163,3711,3,3,3,5,Yes,2024-10-30
2164,3713,4,3,4,3,Yes,2025-09-23
2165,3716,5,4,4,4,Yes,2025-02-04
2166,3717,4,4,3,3,Yes,2025-11-22
2167,3718,5,3,4,4,Yes,2026-04-24
2168,3719,4,3,4,4,Yes,2026-03-01
2169,3721,4,5,4,5,Yes,2025-02-10
2170,3722,5,3,3,5,Yes,2024-04-02
2171,3723,4,3,4,5,Yes,2025-08-01
2172,3724,4,4,5,3,Yes,2024-04-18
2173,3725,2,4,3,3,No,2024-01-27
2174,3726,3,4,4,3,Yes,2026-05-24
2175,3727,5,4,4,4,Yes,2024-09-09
2176,3728,3,2,5,4,Yes,2026-04-10
2177,3730,3,3,3,3,No,2024-05-28
2178,3732,3,3,5,3,Yes,2026-07-19
2179,3734,4,4,3,4,Yes,2025-07-07
2180,3737,4,4,3,4,Yes,2025-04-16
2181,3738,5,4,5,3,Yes,2025-02-20
2182,3739,5,3,4,3,Yes,2025-04-09
2183,3740,3,3,4,3,No,2025-03-16
2184,3741,5,5,4,5,Yes,2024-11-11
2185,3742,4,3,4,4,Yes,2025-11-25
2186,3743,3,4,3,4,Yes,2024-09-17
2187,3744,3,3,4,3,No,2024-12-05
2188,3747,4,4,5,3,Yes,2024-09-03
2189,3749,4,4,3,3,Yes,2025-09-04
2190,3750,3,5,3,3,Yes,2024-09-07
2191,3751,5,5,5,3,Yes,2024-05-24
2192,3752,5,3,4,2,Yes,2024-06-08
2193,3753,4,3,4,4,Yes,2025-08-29
2194,3754,2,4,4,3,No,2025-02-15
2195,3756,4,3,3,5,Yes,2025-09-22
2196,3757,4,5,3,3,Yes,2026-06-25
2197,3759,4,3,4,4,Yes,2026-03-14
2198,3760,3,4,4,4,Yes,2026-04-01
2199,3764,4,5,4,5,Yes,2025-03-14
2200,3769,3,4,3,3,No,2026-08-09
2201,3772,5,3,4,3,Yes,2026-06-16
2202,3774,4,5,3,5,Yes,2024-02-27
2203,3775,5,4,4,4,Yes,2026-07-08
2204,3776,4,3,4,4,Yes,2026-08-19
2205,3777,4,3,5,4,Yes,2025-03-14
2206,3778,3,4,4,3,Yes,2025-10-25
2207,3785,3,5,5,4,Yes,2026-03-11
2208,3789,2,4,4,2,No,2024-12-18
2209,3790,4,4,5,5,Yes,2026-07-13
2210,3792,4,5,3,2,Yes,2026-05-23
2211,3793,4,3,5,4,Yes,2026-06-10
2212,3795,3,5,3,3,Yes,2026-04-29
2213,3796,4,3,4,4,Yes,2026-05-08
2214,3797,3,3,3,3,No,2025-08-27
2215,3798,5,4,5,5,Yes,2024-11-13
2216,3799,3,4,2,4,No,2024-07-08
2217,3800,5,5,4,3,Yes,2025-02-16
2218,3802,5,3,5,3,Yes,2024-08-26
2219,3803,5,4,4,3,Yes,2025-12-23
2220,3804,4,4,4,3,Yes,2026-06-12
2221,3806,2,3,3,5,No,2026-06-13
2222,3809,4,5,4,3,Yes,2025-04-28
2223,3810,5,5,4,4,Yes,2025-11-27
2224,3811,4,4,4,3,Yes,2024-06-23
2225,3813,4,4,5,4,Yes,2024-03-20
2226,3814,4,5,4,4,Yes,2026-03-04
2227,3815,3,4,4,5,Yes,2025-09-19
2228,3816,4,5,4,3,Yes,2025-03-23
2229,3818,3,3,4,4,Yes,2024-09-11
2230,3819,4,3,4,3,Yes,2026-08-22
2231,3822,2,3,4,2,No,2024-10-16
2232,3823,4,5,4,4,Yes,2025-10-02
2233,3825,3,3,4,4,Yes,2025-09-22
2234,3826,4,5,5,4,Yes,2025-05-20
2235,3828,4,4,3,3,Yes,2026-05-16
2236,3829,4,5,4,4,Yes,2024-12-21
2237,3831,3,4,3,4,Yes,2024-10-10
2238,3832,4,3,3,4,Yes,2024-06-05
2239,3833,5,5,4,3,Yes,2025-04-17
2240,3835,4,4,3,4,Yes,2025-04-02
2241,3838,4,4,4,5,Yes,2026-07-25
2242,3839,5,2,4,4,Yes,2024-05-02
2243,3842,5,3,4,4,Yes,2026-05-02
2244,3845,4,5,4,5,Yes,2024-12-17
2245,3846,4,4,4,3,Yes,2026-05-24
2246,3847,3,3,3,3,No,2024-11-08
2247,3848,5,4,3,3,Yes,2024-07-31
2248,3850,3,3,4,4,Yes,2025-06-17
2249,3851,5,4,3,3,Yes,2024-02-03
2250,3852,3,4,4,4,Yes,2026-03-12
2251,3854,3,3,4,4,Yes,2025-07-05
2252,3855,5,5,4,2,Yes,2024-03-22
2253,3856,3,3,3,5,Yes,2026-07-09
2254,3857,4,5,4,4,Yes,2024-04-28
2255,3864,4,4,5,4,Yes,2025-03-08
2256,3866,4,3,5,3,Yes,2025-09-10
2257,3868,4,4,5,4,Yes,2026-01-19
2258,3871,5,5,4,4,Yes,2024-05-23
2259,3872,4,4,4,5,Yes,2024-06-09
2260,3873,5,3,5,5,Yes,2026-01-19
2261,3874,4,4,3,4,Yes,2025-08-08
2262,3876,4,5,4,5,Yes,2025-01-07
2263,3878,3,3,4,3,No,2026-08-04
2264,3880,4,3,4,4,Yes,2024-10-22
2265,3882,4,3,4,4,Yes,2026-07-01
2266,3883,3,4,4,3,Yes,2024-08-08
2267,3884,3,4,3,3,No,2025-09-12
2268,3885,4,3,4,3,Yes,2024-04-15
2269,3886,4,4,4,4,Yes,2024-07-28
2270,3889,5,4,5,4,Yes,2025-05-21
2271,3890,4,5,4,4,Yes,2025-11-12
2272,3894,5,2,4,4,Yes,2024-12-04
2273,3897,5,4,3,4,Yes,2025-07-29
2274,3898,4,4,4,3,Yes,2025-05-24
2275,3900,5,5,4,3,Yes,2025-10-10
2276,3901,3,4,3,4,Yes,2025-05-19
2277,3902,4,3,4,4,Yes,2025-03-05
2278,3903,4,4,3,4,Yes,2025-01-21
2279,3905,5,4,5,5,Yes,2026-03-05
2280,3907,4,4,4,4,Yes,2025-05-22
2281,3909,3,2,5,5,Yes,2024-03-26
2282,3910,4,3,4,5,Yes,2026-03-22
2283,3912,4,5,4,4,Yes,2025-01-06
2284,3915,5,3,4,5,Yes,2024-12-22
2285,3917,4,3,4,4,Yes,2025-01-17
2286,3918,3,3,2,3,No,2024-07-02
2287,3920,4,4,4,3,Yes,2024-02-24
2288,3921,5,3,4,4,Yes,2025-09-05
2289,3922,4,4,3,5,Yes,2026-05-22
2290,3923,3,5,4,3,Yes,2024-12-06
2291,3926,4,4,4,3,Yes,2024-07-07
2292,3928,4,3,3,5,Yes,2025-04-11
2293,3929,4,2,4,5,Yes,2025-08-22
2294,3930,4,4,4,4,Yes,2025-12-22
2295,3933,4,4,3,5,Yes,2025-07-12
2296,3934,3,4,4,4,Yes,2024-08-23
2297,3935,4,5,4,3,Yes,2026-07-10
2298,3936,3,3,3,3,No,2024-11-07
2299,3937,3,2,3,4,No,2024-08-17
2300,3939,4,4,4,4,Yes,2024-10-12
2301,3941,4,3,4,4,Yes,2024-09-15
2302,3942,5,4,3,4,Yes,2024-03-03
2303,3943,4,3,4,5,Yes,2024-02-12
2304,3944,3,4,3,4,Yes,2024-12-19
2305,3948,5,4,4,5,Yes,2024-04-01
2306,3949,4,5,5,5,Yes,2026-06-16
2307,3950,4,4,4,4,Yes,2026-05-06
2308,3951,5,4,4,4,Yes,2025-09-07
2309,3952,5,4,4,3,Yes,2026-07-01
2310,3958,3,2,4,4,No,2024-09-18
2311,3959,4,4,4,4,Yes,2024-10-17
2312,3962,4,4,4,2,Yes,2026-01-19
2313,3963,4,4,4,4,Yes,2026-04-01
2314,3964,4,5,4,4,Yes,2024-02-24
2315,3965,3,4,5,2,Yes,2025-12-08
2316,3966,5,3,4,3,Yes,2025-03-29
2317,3967,3,3,5,5,Yes,2024-08-14
2318,3973,4,2,5,4,Yes,2025-09-22
2319,3975,3,4,4,3,Yes,2025-07-16
2320,3976,4,4,3,4,Yes,2026-02-11
2321,3977,4,5,3,3,Yes,2026-09-08
2322,3981,2,4,4,4,Yes,2024-06-19
2323,3983,4,3,4,5,Yes,2026-06-16
2324,3984,5,3,5,4,Yes,2024-08-28
2325,3986,4,3,5,5,Yes,2025-08-03
2326,3987,4,5,4,3,Yes,2026-07-20
2327,3988,2,4,4,4,Yes,2025-09-01
2328,3989,3,4,2,3,No,2024-10-30
2329,3990,3,4,5,4,Yes,2024-04-13
2330,3991,4,2,4,4,Yes,2025-04-10
2331,3992,3,3,4,4,Yes,2025-02-11
2332,3993,4,4,3,4,Yes,2026-07-25
2333,3994,4,4,4,4,Yes,2024-03-15
2334,3995,4,3,3,5,Yes,2025-03-02
2335,3996,3,3,4,3,No,2024-04-26
2336,3999,4,2,4,5,Yes,2026-04-23
2337,4001,3,2,5,4,Yes,2024-05-12
2338,4003,3,5,3,4,Yes,2025-02-07
2339,4006,3,3,3,3,No,2024-02-13
2340,4007,5,3,4,5,Yes,2024-03-04
2341,4008,4,4,3,4,Yes,2025-08-27
2342,4009,5,4,4,4,Yes,2026-06-13
2343,4011,3,3,3,3,No,2024-09-13
2344,4012,4,4,5,4,Yes,2024-10-15
2345,4013,5,4,5,5,Yes,2024-02-19
2346,4016,4,4,4,5,Yes,2025-11-02
2347,4017,4,4,4,4,Yes,2024-06-29
2348,4018,5,4,4,3,Yes,2024-05-16
2349,4019,5,4,4,3,Yes,2025-01-10
2350,4023,3,4,4,4,Yes,2024-04-25
2351,4027,4,3,4,4,Yes,2025-03-09
2352,4029,2,4,3,3,No,2025-05-30
2353,4030,2,3,3,4,No,2025-11-09
2354,4031,3,4,5,3,Yes,2024-08-02
2355,4032,4,3,4,4,Yes,2025-10-09
2356,4033,2,3,3,4,No,2026-06-13
2357,4035,5,2,4,3,Yes,2024-06-29
2358,4037,5,4,3,4,Yes,2024-11-20
2359,4039,5,5,4,4,Yes,2026-01-08
2360,4040,4,3,3,4,Yes,2026-04-26
2361,4041,5,4,4,4,Yes,2026-03-21
2362,4042,4,4,5,4,Yes,2024-04-17
2363,4045,5,4,4,5,Yes,2026-04-26
2364,4047,4,5,4,5,Yes,2026-07-22
2365,4049,5,4,4,4,Yes,2024-03-01
2366,4050,4,3,4,5,Yes,2026-02-28
2367,4051,3,5,4,3,Yes,2026-05-30
2368,4053,4,3,4,5,Yes,2024-06-18
2369,4057,4,4,3,4,Yes,2024-05-03
2370,4058,4,4,3,2,No,2024-03-24
2371,4064,4,4,5,4,Yes,2025-10-23
2372,4065,3,5,4,3,Yes,2025-04-16
2373,4066,3,4,4,4,Yes,2026-01-23
2374,4067,4,3,5,4,Yes,2024-11-16
2375,4068,4,4,3,5,Yes,2024-03-28
2376,4070,3,4,4,3,Yes,2024-04-01
2377,4072,4,3,4,3,Yes,2026-05-19
2378,4074,3,3,4,3,No,2024-12-11
2379,4075,4,2,4,3,No,2024-02-11
2380,4076,2,4,3,4,No,2025-02-28
2381,4077,4,3,5,4,Yes,2026-03-28
2382,4078,5,4,3,3,Yes,2024-10-27
2383,4079,3,4,4,4,Yes,2026-07-29
2384,4085,5,5,4,4,Yes,2025-07-05
2385,4087,4,4,3,5,Yes,2024-02-19
2386,4088,3,4,5,4,Yes,2024-10-09
2387,4089,3,4,3,4,Yes,2025-01-21
2388,4091,4,4,4,3,Yes,2025-11-28
2389,4093,3,4,5,3,Yes,2024-05-16
2390,4094,5,4,5,4,Yes,2026-01-30
2391,4095,5,4,4,4,Yes,2026-03-13
2392,4096,3,4,4,4,Yes,2025-09-15
2393,4097,4,3,4,4,Yes,2024-09-01
2394,4098,4,4,4,4,Yes,2025-10-11
2395,4100,4,4,3,4,Yes,2025-03-23
2396,4103,5,4,3,5,Yes,2026-06-05
2397,4104,3,5,5,2,Yes,2026-05-29
2398,4105,4,5,4,3,Yes,2025-07-30
2399,4107,4,4,2,4,Yes,2026-04-21
2400,4108,3,5,3,3,Yes,2025-02-06
2401,4109,3,5,2,4,Yes,2025-01-21
2402,4110,3,4,3,4,Yes,2026-05-17
2403,4111,4,5,4,4,Yes,2026-01-18
2404,4114,4,4,4,5,Yes,2024-12-02
2405,4115,4,4,5,3,Yes,2025-04-18
2406,4116,4,4,3,3,Yes,2025-11-14
2407,4117,4,5,4,5,Yes,2024-09-06
2408,4118,3,4,4,2,No,2025-05-12
2409,4119,4,4,5,4,Yes,2025-03-08
2410,4121,4,3,3,3,No,2024-03-26
2411,4122,3,4,4,3,Yes,2024-03-31
2412,4124,5,3,4,5,Yes,2024-03-19
2413,4127,4,3,4,4,Yes,2025-10-11
2414,4128,5,5,4,3,Yes,2026-06-02
2415,4129,4,5,4,5,Yes,2025-07-12
2416,4133,3,3,4,5,Yes,2024-05-20
2417,4134,4,5,4,5,Yes,2025-11-27
2418,4139,5,4,4,3,Yes,2025-07-24
2419,4140,4,2,4,3,No,2026-03-06
2420,4142,4,3,4,3,Yes,2026-01-15
2421,4144,5,4,4,5,Yes,2025-10-05
2422,4145,3,4,4,3,Yes,2025-10-11
2423,4146,2,3,3,2,No,2025-04-07
2424,4147,4,4,4,5,Yes,2025-09-17
2425,4148,3,4,3,2,No,2025-11-21
2426,4149,3,5,5,4,Yes,2025-07-30
2427,4151,4,3,5,5,Yes,2025-10-05
2428,4152,4,4,5,2,Yes,2025-10-12
2429,4154,4,3,4,4,Yes,2024-10-18
2430,4156,4,5,5,3,Yes,2026-03-22
2431,4159,5,5,4,4,Yes,2024-10-20
2432,4160,5,4,3,3,Yes,2025-08-08
2433,4161,4,4,4,3,Yes,2026-01-18
2434,4163,4,2,3,3,No,2026-07-21
2435,4164,2,3,5,4,Yes,2025-10-05
2436,4166,3,4,4,3,Yes,2024-09-04
2437,4168,4,4,4,3,Yes,2024-08-25
2438,4170,4,3,4,2,No,2025-01-12
2439,4174,3,4,3,4,Yes,2026-03-17
2440,4175,4,4,4,4,Yes,2024-06-22
2441,4176,4,5,4,4,Yes,2024-04-14
2442,4181,5,4,3,4,Yes,2024-06-24
2443,4183,4,4,4,3,Yes,2025-06-28
2444,4185,4,5,4,4,Yes,2025-05-06
2445,4186,4,4,5,3,Yes,2026-07-31
2446,4187,5,3,4,5,Yes,2024-04-15
2447,4189,4,4,3,3,Yes,2024-06-19
2448,4190,4,5,4,4,Yes,2025-09-30
2449,4191,4,4,3,4,Yes,2025-08-11
2450,4192,3,4,4,3,Yes,2026-01-28
2451,4193,3,4,4,4,Yes,2026-07-17
2452,4195,4,3,3,3,No,2024-04-09
2453,4196,3,2,3,3,No,2026-07-17
2454,4197,3,4,4,3,Yes,2025-12-21
2455,4199,4,4,5,4,Yes,2024-01-25
2456,4200,3,3,4,5,Yes,2024-09-17
2457,4201,4,4,4,4,Yes,2024-09-09
2458,4203,5,3,4,5,Yes,2025-04-26
2459,4207,4,4,4,4,Yes,2026-04-02
2460,4208,3,4,3,4,Yes,2026-01-20
2461,4209,5,5,5,5,Yes,2024-01-20
2462,4210,4,4,4,5,Yes,2024-02-10
2463,4211,4,4,4,3,Yes,2025-05-17
2464,4214,3,3,4,3,No,2024-11-19
2465,4215,3,4,3,2,No,2025-06-22
2466,4216,3,3,5,4,Yes,2025-01-13
2467,4218,3,3,4,4,Yes,2026-02-01
2468,4219,4,3,5,4,Yes,2024-07-06
2469,4221,3,3,4,5,Yes,2026-09-04
2470,4222,4,2,3,4,No,2025-05-05
2471,4223,5,3,5,4,Yes,2026-08-14
2472,4224,4,5,5,4,Yes,2026-01-21
2473,4228,5,4,4,4,Yes,2025-06-13
2474,4233,4,5,3,4,Yes,2025-06-30
2475,4234,3,4,3,2,No,2026-05-13
2476,4235,5,4,4,4,Yes,2026-05-20
2477,4236,4,4,4,3,Yes,2026-08-04
2478,4237,3,3,5,3,Yes,2026-03-22
2479,4239,4,5,4,4,Yes,2025-03-12
2480,4240,4,3,3,4,Yes,2026-06-20
2481,4243,3,5,2,4,Yes,2024-06-12
2482,4244,3,4,4,4,Yes,2025-12-25
2483,4250,4,3,5,5,Yes,2026-08-14
2484,4252,3,5,4,3,Yes,2026-07-22
2485,4254,3,5,4,4,Yes,2026-07-25
2486,4255,4,5,4,5,Yes,2026-06-09
2487,4257,3,5,5,3,Yes,2024-05-07
2488,4259,4,3,3,5,Yes,2024-08-25
2489,4260,2,4,3,5,Yes,2025-06-24
2490,4262,3,3,4,3,No,2025-07-07
2491,4263,4,5,2,3,Yes,2026-03-11
2492,4265,4,5,2,2,No,2025-08-09
2493,4266,5,3,3,4,Yes,2025-09-23
2494,4267,4,4,4,5,Yes,2026-02-03
2495,4270,5,4,5,5,Yes,2025-04-14
2496,4271,5,4,3,5,Yes,2025-02-16
2497,4273,5,4,4,4,Yes,2025-08-25
2498,4275,4,5,4,4,Yes,2025-07-08
2499,4281,3,5,4,3,Yes,2025-05-20
2500,4283,4,4,4,4,Yes,2025-04-14
2501,4285,3,4,3,4,Yes,2025-12-13
2502,4286,5,4,4,4,Yes,2025-11-08
2503,4287,2,5,4,3,Yes,2025-02-14
2504,4288,3,4,3,4,Yes,2026-01-15
2505,4289,4,3,4,4,Yes,2024-08-10
2506,4290,4,4,4,5,Yes,2025-08-24
2507,4293,4,2,5,4,Yes,2024-12-14
2508,4296,4,3,5,4,Yes,2025-06-03
2509,4297,2,4,4,3,No,2026-07-11
2510,4298,5,4,2,4,Yes,2025-01-31
2511,4300,3,4,5,4,Yes,2024-04-02
2512,4301,3,2,4,4,No,2026-04-06
2513,4302,3,5,3,3,Yes,2025-02-15
2514,4304,5,3,5,3,Yes,2025-11-17
2515,4306,5,5,3,4,Yes,2026-02-05
2516,4308,5,4,3,5,Yes,2026-01-17
2517,4309,4,3,5,4,Yes,2025-03-27
2518,4310,3,2,4,4,No,2024-10-06
2519,4311,4,5,2,3,Yes,2025-08-24
2520,4312,2,2,4,4,No,2025-12-28
2521,4313,3,3,5,3,Yes,2026-03-30
2522,4314,5,4,4,4,Yes,2026-04-22
2523,4316,4,4,4,4,Yes,2024-03-25
2524,4317,3,3,4,4,Yes,2024-07-16
2525,4318,3,5,3,3,Yes,2026-01-19
2526,4320,4,4,3,4,Yes,2025-12-19
2527,4321,4,3,3,3,No,2024-12-31
2528,4322,3,3,3,4,No,2025-10-07
2529,4324,3,3,3,3,No,2025-11-28
2530,4325,4,4,3,3,Yes,2026-06-08
2531,4329,3,3,3,4,No,2026-02-05
2532,4331,4,4,4,4,Yes,2024-06-18
2533,4332,3,4,3,4,Yes,2024-04-19
2534,4333,4,4,4,3,Yes,2026-07-15
2535,4334,4,3,5,4,Yes,2025-05-08
2536,4336,3,3,3,4,No,2026-02-14
2537,4338,5,4,4,4,Yes,2024-07-04
2538,4341,3,4,3,4,Yes,2024-11-28
2539,4342,3,4,3,3,No,2025-09-17
2540,4343,4,3,4,5,Yes,2025-03-20
2541,4344,4,2,3,3,No,2026-05-11
2542,4345,2,4,5,4,Yes,2024-10-29
2543,4347,4,5,5,2,Yes,2024-09-02
2544,4348,4,4,3,4,Yes,2025-06-16
2545,4350,4,4,2,4,Yes,2025-03-26
2546,4352,4,3,4,3,Yes,2025-10-16
2547,4353,2,3,4,3,No,2024-06-13
2548,4354,4,4,4,4,Yes,2026-04-19
2549,4355,4,4,4,2,Yes,2026-08-03
2550,4356,3,3,4,4,Yes,2026-02-26
2551,4357,5,4,4,4,Yes,2025-01-10
2552,4359,5,5,5,3,Yes,2025-08-11
2553,4362,4,4,4,5,Yes,2025-11-03
2554,4363,3,4,4,3,Yes,2026-07-23
2555,4366,5,3,5,3,Yes,2026-04-13
2556,4367,5,3,5,4,Yes,2025-10-13
2557,4368,2,5,3,5,Yes,2025-04-26
2558,4369,4,4,5,4,Yes,2026-01-05
2559,4371,4,4,3,4,Yes,2025-05-21
2560,4373,4,4,3,3,Yes,2024-09-15
2561,4374,4,4,4,3,Yes,2025-04-17
2562,4375,5,3,4,4,Yes,2026-07-30
2563,4376,5,4,3,5,Yes,2024-04-08
2564,4377,3,4,3,3,No,2025-12-07
2565,4378,4,4,4,4,Yes,2025-01-16
2566,4381,5,3,4,5,Yes,2025-12-08
2567,4382,3,3,4,4,Yes,2025-12-14
2568,4385,3,4,4,4,Yes,2025-10-05
2569,4387,3,4,2,5,Yes,2024-07-09
2570,4389,4,4,4,5,Yes,2024-06-28
2571,4392,5,4,4,3,Yes,2025-01-27
2572,4395,5,4,4,2,Yes,2026-03-03
2573,4396,4,3,4,4,Yes,2025-02-25
2574,4398,3,5,5,4,Yes,2024-12-24
2575,4399,3,5,4,4,Yes,2024-11-11
2576,4400,5,3,3,4,Yes,2024-11-20
2577,4401,3,3,2,3,No,2024-11-03
2578,4404,4,4,3,3,Yes,2025-04-20
2579,4405,4,4,4,4,Yes,2025-08-26
2580,4410,5,5,3,4,Yes,2025-03-18
2581,4411,3,4,2,4,No,2026-01-26
2582,4412,5,3,4,4,Yes,2024-10-06
2583,4413,4,3,3,4,Yes,2025-12-18
2584,4414,3,4,4,3,Yes,2024-08-19
2585,4420,4,3,3,4,Yes,2026-09-05
2586,4421,3,3,3,3,No,2026-01-12
2587,4422,4,4,4,4,Yes,2024-11-14
2588,4423,4,5,2,5,Yes,2025-07-22
2589,4424,5,3,4,3,Yes,2024-07-21
2590,4425,3,4,5,3,Yes,2026-01-30
2591,4427,4,4,4,3,Yes,2024-04-15
2592,4428,3,4,4,4,Yes,2026-05-10
2593,4429,3,3,4,3,No,2026-07-26
2594,4431,5,4,4,4,Yes,2025-05-02
2595,4433,4,3,4,4,Yes,2026-07-08
2596,4434,4,2,4,3,No,2024-11-07
2597,4438,4,4,4,4,Yes,2025-04-26
2598,4439,3,4,3,4,Yes,2024-09-30
2599,4440,4,4,5,4,Yes,2024-05-06
2600,4446,4,5,3,3,Yes,2026-05-05
2601,4447,4,5,4,2,Yes,2024-10-02
2602,4448,4,3,3,5,Yes,2025-02-22
2603,4449,4,3,4,4,Yes,2026-08-18
2604,4451,3,3,2,5,No,2026-08-26
2605,4454,4,2,4,4,Yes,2026-06-30
2606,4455,4,3,4,3,Yes,2024-04-22
2607,4456,5,4,5,3,Yes,2026-06-05
2608,4460,5,5,5,5,Yes,2025-04-09
2609,4461,4,4,4,4,Yes,2024-02-22
2610,4462,5,3,3,3,Yes,2024-12-26
2611,4463,4,4,4,4,Yes,2026-01-10
2612,4464,4,4,4,4,Yes,2026-09-01
2613,4465,5,4,3,4,Yes,2026-08-26
2614,4466,4,5,5,5,Yes,2025-07-17
2615,4467,3,3,4,3,No,2024-10-31
2616,4468,5,4,4,4,Yes,2024-09-23
2617,4469,4,3,4,2,No,2026-05-10
2618,4472,4,4,3,3,Yes,2026-06-26
2619,4473,5,3,5,4,Yes,2024-11-14
2620,4475,4,5,3,5,Yes,2026-01-06
2621,4476,2,5,3,3,No,2025-07-12
2622,4477,4,5,3,5,Yes,2024-06-24
2623,4479,4,5,5,4,Yes,2025-03-16
2624,4480,5,4,4,4,Yes,2024-10-18
2625,4483,5,4,4,4,Yes,2025-12-05
2626,4484,4,3,2,3,No,2025-06-26
2627,4485,3,4,3,4,Yes,2024-12-30
2628,4486,4,4,3,4,Yes,2025-05-08
2629,4487,3,4,4,4,Yes,2026-02-14
2630,4489,3,4,4,3,Yes,2024-02-01
2631,4491,5,5,4,4,Yes,2025-01-03
2632,4492,4,5,4,4,Yes,2026-04-03
2633,4494,3,4,3,3,No,2024-11-15
2634,4496,4,4,4,4,Yes,2025-09-22
2635,4497,4,5,5,4,Yes,2026-06-27
2636,4500,2,5,3,5,Yes,2026-08-09
2637,4501,5,4,5,4,Yes,2024-09-21
2638,4503,5,4,4,4,Yes,2025-10-04
2639,4505,3,4,4,4,Yes,2024-07-09
2640,4507,4,2,4,3,No,2024-06-19
2641,4508,3,4,4,4,Yes,2025-10-30
2642,4510,5,4,5,3,Yes,2024-09-14
2643,4512,3,4,5,3,Yes,2026-03-15
2644,4513,5,3,4,4,Yes,2025-03-18
2645,4515,5,4,4,4,Yes,2025-11-30
2646,4516,4,3,3,4,Yes,2024-08-31
2647,4518,4,3,3,4,Yes,2024-07-09
2648,4519,5,3,4,2,Yes,2026-09-01
2649,4520,3,4,4,5,Yes,2025-02-09
2650,4524,2,3,4,4,No,2025-03-03
2651,4525,4,4,5,3,Yes,2024-05-17
2652,4526,5,3,4,3,Yes,2026-05-16
2653,4532,3,3,4,1,No,2024-11-26
2654,4537,4,5,4,3,Yes,2024-08-27
2655,4542,4,5,3,5,Yes,2024-07-27
2656,4544,5,5,5,4,Yes,2024-10-15
2657,4547,4,3,3,3,No,2025-08-11
2658,4548,3,4,5,3,Yes,2025-05-19
2659,4549,3,4,4,3,Yes,2026-08-03
2660,4550,4,2,5,4,Yes,2024-02-03
2661,4551,3,4,3,5,Yes,2026-04-07
2662,4553,2,3,5,3,No,2026-01-08
2663,4554,5,4,4,4,Yes,2026-03-22
2664,4555,4,3,3,3,No,2025-05-13
2665,4556,4,3,4,3,Yes,2024-09-17
2666,4558,3,2,4,5,Yes,2026-01-13
2667,4559,2,3,4,4,No,2024-03-07
2668,4561,4,3,3,3,No,2025-08-17
2669,4562,4,4,4,5,Yes,2025-02-10
2670,4563,4,4,5,3,Yes,2024-08-05
2671,4565,3,5,4,4,Yes,2024-08-30
2672,4566,5,2,4,4,Yes,2026-04-25
2673,4569,3,4,3,4,Yes,2026-06-27
2674,4571,3,5,3,3,Yes,2026-08-11
2675,4575,3,3,3,4,No,2024-10-18
2676,4577,3,3,3,4,No,2025-07-07
2677,4578,4,4,5,4,Yes,2026-01-25
2678,4581,3,4,5,4,Yes,2024-05-18
2679,4582,5,5,3,3,Yes,2025-10-30
2680,4584,4,4,3,4,Yes,2026-07-21
2681,4586,3,3,4,4,Yes,2025-10-20
2682,4588,3,5,5,4,Yes,2025-09-18
2683,4591,4,5,4,3,Yes,2024-09-29
2684,4594,4,3,4,4,Yes,2026-08-16
2685,4595,5,3,5,4,Yes,2024-07-30
2686,4600,3,3,4,3,No,2026-02-15
2687,4602,4,4,5,4,Yes,2026-06-05
2688,4604,4,4,4,5,Yes,2026-07-04
2689,4613,3,3,4,3,No,2025-07-08
2690,4616,5,3,5,4,Yes,2026-07-22
2691,4617,2,4,3,3,No,2024-05-27
2692,4618,3,5,5,3,Yes,2024-05-18
2693,4619,3,2,4,2,No,2024-04-07
2694,4620,3,3,5,2,No,2024-12-20
2695,4623,3,4,3,3,No,2025-02-13
2696,4625,4,3,3,2,No,2024-12-28
2697,4626,3,4,3,5,Yes,2026-08-19
2698,4627,4,4,5,3,Yes,2024-10-07
2699,4631,4,4,4,4,Yes,2025-12-19
2700,4632,4,4,4,4,Yes,2025-12-11
2701,4636,4,5,4,4,Yes,2026-04-14
2702,4637,3,3,4,5,Yes,2024-05-18
2703,4641,3,3,4,4,Yes,2025-11-11
2704,4644,4,5,3,4,Yes,2024-04-14
2705,4646,4,3,3,4,Yes,2024-09-21
2706,4647,3,3,4,3,No,2024-11-06
2707,4648,5,4,5,4,Yes,2025-05-19
2708,4650,4,2,3,3,No,2025-09-12
2709,4651,4,3,5,3,Yes,2024-07-25
2710,4653,5,3,4,5,Yes,2026-06-04
2711,4655,3,4,5,3,Yes,2025-05-26
2712,4656,3,5,4,3,Yes,2024-05-23
2713,4657,5,2,4,3,Yes,2026-08-17
2714,4658,3,4,4,4,Yes,2024-08-16
2715,4660,3,3,4,4,Yes,2024-12-13
2716,4662,5,4,4,4,Yes,2026-02-08
2717,4664,4,3,3,3,No,2024-02-01
2718,4665,3,4,4,4,Yes,2025-10-26
2719,4668,3,3,4,4,Yes,2025-08-16
2720,4669,3,3,3,3,No,2026-06-20
2721,4673,5,4,4,2,Yes,2025-06-01
2722,4675,5,4,5,4,Yes,2025-08-04
2723,4678,5,2,4,4,Yes,2024-04-22
2724,4681,3,3,2,4,No,2026-03-24
2725,4682,5,4,4,4,Yes,2024-01-30
2726,4683,4,4,4,5,Yes,2025-03-21
2727,4684,5,3,4,3,Yes,2024-10-13
2728,4686,5,3,4,3,Yes,2025-09-20
2729,4687,3,5,4,3,Yes,2026-03-27
2730,4689,4,4,4,4,Yes,2026-06-13
2731,4690,4,4,4,4,Yes,2024-10-04
2732,4691,4,4,3,4,Yes,2024-11-25
2733,4692,5,4,4,3,Yes,2024-03-25
2734,4693,4,4,3,4,Yes,2024-06-14
2735,4695,5,4,2,4,Yes,2026-05-16
2736,4696,5,1,4,3,No,2025-06-13
2737,4697,4,3,5,4,Yes,2025-12-11
2738,4698,5,4,4,3,Yes,2025-04-14
2739,4700,4,3,4,5,Yes,2025-04-30
2740,4701,4,4,4,4,Yes,2025-11-25
2741,4702,3,3,4,4,Yes,2026-05-29
2742,4704,5,4,4,3,Yes,2024-02-25
2743,4708,4,3,5,4,Yes,2024-03-12
2744,4710,5,3,4,4,Yes,2024-10-31
2745,4711,4,2,5,4,Yes,2026-01-11
2746,4712,4,3,5,3,Yes,2026-06-29
2747,4714,4,3,4,3,Yes,2026-06-20
2748,4715,4,4,4,3,Yes,2024-06-06
2749,4717,4,4,4,3,Yes,2024-05-10
2750,4718,5,4,4,3,Yes,2025-09-16
2751,4720,3,4,4,4,Yes,2024-07-22
2752,4723,4,5,4,2,Yes,2026-08-31
2753,4726,4,4,5,4,Yes,2026-03-09
2754,4727,4,3,4,3,Yes,2025-03-29
2755,4729,5,4,5,3,Yes,2025-01-02
2756,4733,4,3,4,4,Yes,2024-08-25
2757,4734,5,5,5,3,Yes,2024-10-20
2758,4735,3,3,4,4,Yes,2025-03-18
2759,4738,4,4,5,5,Yes,2025-08-29
2760,4739,3,3,5,4,Yes,2026-02-08
2761,4740,5,4,4,3,Yes,2026-07-21
2762,4743,3,3,3,4,No,2024-08-13
2763,4744,3,3,5,5,Yes,2025-11-10
2764,4745,5,4,4,4,Yes,2024-11-13
2765,4746,3,5,3,2,No,2024-05-27
2766,4747,4,3,4,4,Yes,2026-08-22
2767,4748,3,3,5,3,Yes,2025-09-26
2768,4750,3,3,2,3,No,2025-04-01
2769,4751,3,3,4,4,Yes,2025-11-17
2770,4752,4,2,5,4,Yes,2025-01-28
2771,4753,5,3,2,2,No,2024-05-08
2772,4754,4,4,4,4,Yes,2024-09-13
2773,4755,4,4,4,4,Yes,2024-02-27
2774,4757,4,3,4,3,Yes,2025-01-22
2775,4759,3,3,3,3,No,2025-09-03
2776,4760,3,4,4,4,Yes,2025-10-10
2777,4762,5,3,4,5,Yes,2024-09-26
2778,4764,5,3,4,4,Yes,2026-04-02
2779,4765,5,4,4,5,Yes,2024-02-07
2780,4770,4,4,4,4,Yes,2025-12-09
2781,4772,4,4,4,3,Yes,2024-01-18
2782,4773,5,4,3,3,Yes,2026-06-07
2783,4774,4,3,3,5,Yes,2025-01-17
2784,4775,4,4,4,5,Yes,2025-04-18
2785,4777,4,5,4,4,Yes,2025-09-20
2786,4780,4,3,4,4,Yes,2024-04-13
2787,4781,5,3,5,5,Yes,2024-03-06
2788,4783,4,4,4,4,Yes,2025-02-03
2789,4785,3,4,4,4,Yes,2024-08-11
2790,4786,4,4,4,3,Yes,2024-08-18
2791,4787,3,4,3,4,Yes,2024-08-14
2792,4789,5,2,4,5,Yes,2025-10-06
2793,4792,2,4,4,4,Yes,2024-12-15
2794,4794,3,4,3,3,No,2025-11-28
2795,4795,5,4,4,5,Yes,2024-11-03
2796,4796,5,4,2,5,Yes,2026-04-24
2797,4798,3,2,4,3,No,2026-03-24
2798,4799,4,3,4,4,Yes,2025-08-09
2799,4800,5,4,3,4,Yes,2026-04-30
2800,4808,4,5,4,4,Yes,2025-04-24
2801,4809,4,4,4,3,Yes,2025-06-22
2802,4811,4,4,2,5,Yes,2024-12-18
2803,4812,3,4,5,4,Yes,2026-02-16
2804,4813,5,5,4,4,Yes,2026-07-01
2805,4814,5,4,4,4,Yes,2024-11-10
2806,4816,5,3,4,4,Yes,2024-09-18
2807,4818,5,5,4,3,Yes,2025-12-14
2808,4819,4,4,4,3,Yes,2025-05-02
2809,4825,5,3,5,3,Yes,2024-07-19
2810,4827,4,5,4,4,Yes,2026-01-02
2811,4831,4,4,5,3,Yes,2025-02-11
2812,4832,5,4,4,3,Yes,2025-11-21
2813,4833,4,3,3,5,Yes,2024-11-25
2814,4834,3,4,5,4,Yes,2024-07-24
2815,4835,3,5,4,5,Yes,2026-03-28
2816,4836,3,4,5,4,Yes,2024-03-23
2817,4837,4,4,3,3,Yes,2025-05-17
2818,4839,3,3,4,5,Yes,2024-04-28
2819,4840,3,3,3,1,No,2024-05-20
2820,4841,4,2,5,4,Yes,2025-02-05
2821,4842,4,4,5,4,Yes,2024-05-13
2822,4846,4,5,4,2,Yes,2024-06-16
2823,4849,4,4,3,4,Yes,2025-02-06
2824,4851,4,4,4,5,Yes,2024-06-11
2825,4855,3,4,4,4,Yes,2026-07-09
2826,4856,3,4,4,3,Yes,2025-08-04
2827,4857,3,4,4,4,Yes,2025-07-26
2828,4860,4,4,4,5,Yes,2025-11-04
2829,4861,4,4,3,3,Yes,2026-05-07
2830,4862,2,3,2,3,No,2025-12-02
2831,4864,2,5,4,4,Yes,2026-08-06
2832,4865,5,3,5,4,Yes,2026-01-10
2833,4866,2,4,4,3,No,2026-05-27
2834,4869,3,4,5,5,Yes,2026-03-31
2835,4870,4,5,5,3,Yes,2025-11-29
2836,4871,4,2,4,4,Yes,2025-06-10
2837,4872,4,5,4,4,Yes,2025-09-16
2838,4874,5,4,4,5,Yes,2025-01-12
2839,4875,4,3,4,5,Yes,2026-02-26
2840,4876,4,4,4,4,Yes,2025-07-18
2841,4882,4,4,4,4,Yes,2024-12-25
2842,4883,4,4,4,4,Yes,2026-05-18
2843,4884,4,5,3,3,Yes,2026-02-20
2844,4885,3,4,4,5,Yes,2024-06-05
2845,4886,3,3,3,3,No,2025-04-04
2846,4888,4,4,4,2,Yes,2024-02-19
2847,4889,3,3,4,4,Yes,2024-04-19
2848,4891,4,3,5,4,Yes,2025-11-16
2849,4892,4,3,3,5,Yes,2024-08-11
2850,4897,2,4,3,5,Yes,2024-11-21
2851,4900,2,3,3,2,No,2025-03-04
2852,4902,5,4,4,5,Yes,2024-08-07
2853,4904,4,3,4,4,Yes,2026-04-01
2854,4905,3,3,5,3,Yes,2025-02-24
2855,4909,3,3,4,3,No,2024-06-17
2856,4912,4,4,5,4,Yes,2025-09-13
2857,4914,4,4,4,5,Yes,2024-06-24
2858,4915,3,4,4,3,Yes,2024-09-24
2859,4916,3,4,5,5,Yes,2024-05-29
2860,4917,4,2,3,4,No,2024-12-30
2861,4919,4,4,4,4,Yes,2024-05-18
2862,4920,4,5,3,4,Yes,2026-07-02
2863,4921,4,5,5,2,Yes,2026-01-27
2864,4922,5,3,5,4,Yes,2026-04-04
2865,4925,3,3,4,3,No,2026-06-09
2866,4926,4,5,5,4,Yes,2024-06-25
2867,4928,3,3,4,3,No,2024-06-11
2868,4930,4,3,4,3,Yes,2024-04-24
2869,4931,4,3,4,4,Yes,2026-04-17
2870,4934,4,5,4,3,Yes,2026-04-27
2871,4937,5,3,4,5,Yes,2026-01-13
2872,4939,3,3,4,3,No,2024-06-19
2873,4940,4,3,4,4,Yes,2025-11-12
2874,4942,5,3,5,5,Yes,2024-07-27
2875,4944,4,4,3,3,Yes,2024-08-02
2876,4945,4,4,5,4,Yes,2024-10-16
2877,4946,5,3,5,5,Yes,2025-02-15
2878,4947,5,5,4,5,Yes,2025-06-19
2879,4948,4,3,3,4,Yes,2025-05-01
2880,4949,2,4,4,4,Yes,2025-05-13
2881,4951,3,4,4,4,Yes,2024-08-14
2882,4952,4,3,3,4,Yes,2025-03-12
2883,4953,4,4,4,4,Yes,2026-05-21
2884,4954,4,4,4,4,Yes,2024-10-24
2885,4956,3,4,4,4,Yes,2024-06-19
2886,4957,4,5,4,5,Yes,2025-01-10
2887,4958,4,4,4,4,Yes,2024-09-03
2888,4960,3,4,4,5,Yes,2024-09-07
2889,4964,4,4,4,4,Yes,2024-09-12
2890,4965,3,3,4,4,Yes,2026-02-25
2891,4966,4,3,3,3,No,2026-01-17
2892,4967,4,3,3,4,Yes,2025-06-24
2893,4969,4,4,4,3,Yes,2024-05-20
2894,4970,5,3,3,5,Yes,2024-10-07
2895,4971,4,5,4,4,Yes,2024-05-27
2896,4977,4,4,3,2,No,2026-04-16
2897,4979,3,4,5,5,Yes,2024-02-07
2898,4981,4,4,4,5,Yes,2025-05-06
2899,4984,3,3,5,4,Yes,2024-05-15
2900,4987,4,5,4,4,Yes,2025-04-13
2901,4989,5,5,5,4,Yes,2026-04-02
2902,4990,4,3,5,3,Yes,2024-06-27
2903,4992,3,4,5,3,Yes,2025-07-20
2904,4993,4,4,3,3,Yes,2024-10-07
2905,4995,3,5,3,4,Yes,2025-08-22
2906,4997,5,3,3,5,Yes,2024-10-06
2907,4998,5,4,3,4,Yes,2024-09-27
2908,4999,3,4,5,4,Yes,2026-01-15
2909,5001,4,4,2,5,Yes,2025-07-27
2910,5002,4,5,5,4,Yes,2025-09-03
2911,5004,3,4,4,3,Yes,2026-08-22
2912,5007,4,4,4,3,Yes,2025-03-01
2913,5009,4,4,5,4,Yes,2025-09-03
2914,5013,4,4,4,4,Yes,2025-08-15
2915,5014,4,3,4,5,Yes,2026-04-02
2916,5015,3,4,5,5,Yes,2025-10-18
2917,5016,4,3,4,4,Yes,2024-05-05
2918,5017,5,4,5,3,Yes,2024-04-10
2919,5018,2,3,4,5,Yes,2024-01-12
2920,5019,5,4,3,4,Yes,2024-09-27
2921,5020,5,4,5,3,Yes,2025-09-04
2922,5025,5,3,5,5,Yes,2024-04-22
2923,5027,4,5,5,2,Yes,2025-02-03
2924,5028,3,4,4,4,Yes,2024-02-27
2925,5030,3,4,5,4,Yes,2024-11-27
2926,5031,3,3,4,3,No,2026-04-23
2927,5033,5,1,4,5,Yes,2024-05-15
2928,5034,3,4,3,3,No,2026-08-22
2929,5036,2,4,3,2,No,2025-01-10
2930,5037,3,3,5,4,Yes,2025-05-07
2931,5039,4,5,3,3,Yes,2025-09-12
2932,5040,3,5,4,3,Yes,2025-12-29
2933,5041,3,3,4,4,Yes,2026-03-12
2934,5042,5,4,3,4,Yes,2025-10-04
2935,5044,4,5,4,5,Yes,2025-09-09
2936,5046,3,4,3,4,Yes,2026-07-04
2937,5047,5,3,4,4,Yes,2025-06-09
2938,5050,3,5,4,4,Yes,2025-07-13
2939,5055,4,3,3,3,No,2024-02-18
2940,5056,5,4,3,4,Yes,2025-01-31
2941,5057,4,4,3,4,Yes,2024-01-19
2942,5058,4,4,2,4,Yes,2025-07-07
2943,5059,5,4,3,5,Yes,2025-10-12
2944,5060,5,5,4,5,Yes,2026-05-09
2945,5062,4,4,3,4,Yes,2024-09-09
2946,5063,3,3,4,5,Yes,2026-08-21
2947,5064,4,4,4,5,Yes,2024-05-28
2948,5066,3,3,4,4,Yes,2026-03-24
2949,5069,3,5,3,3,Yes,2026-01-09
2950,5071,4,5,3,4,Yes,2025-07-03
2951,5072,5,3,4,4,Yes,2025-04-01
2952,5073,3,4,3,2,No,2024-10-31
2953,5075,4,3,5,3,Yes,2026-02-15
2954,5079,5,4,3,3,Yes,2025-08-20
2955,5080,3,4,2,4,No,2024-02-10
2956,5081,4,4,5,5,Yes,2026-05-03
2957,5082,4,4,5,4,Yes,2024-05-18
2958,5083,3,4,3,4,Yes,2025-05-11
2959,5085,4,3,4,3,Yes,2025-03-30
2960,5087,3,4,4,3,Yes,2025-05-11
2961,5089,4,4,3,2,No,2025-11-09
2962,5091,3,2,3,2,No,2024-12-28
2963,5094,4,4,4,4,Yes,2026-07-08
2964,5096,2,4,3,4,No,2025-09-29
2965,5098,5,4,4,4,Yes,2026-08-19
2966,5099,4,5,4,4,Yes,2024-02-08
2967,5100,4,4,3,4,Yes,2024-01-22
2968,5103,5,3,3,3,Yes,2024-03-01
2969,5104,4,5,4,4,Yes,2025-07-25
2970,5105,5,4,4,4,Yes,2024-10-14
2971,5106,5,4,4,5,Yes,2024-10-21
2972,5108,5,4,4,4,Yes,2025-12-26
2973,5112,3,4,4,3,Yes,2024-09-29
2974,5113,3,4,4,4,Yes,2025-07-10
2975,5115,3,3,3,4,No,2025-08-19
2976,5116,3,4,4,4,Yes,2024-02-08
2977,5117,5,2,3,3,No,2025-05-03
2978,5120,4,5,4,4,Yes,2024-07-08
2979,5122,3,3,4,3,No,2025-01-31
2980,5123,3,4,3,4,Yes,2026-07-16
2981,5124,5,5,5,3,Yes,2025-02-22
2982,5125,4,4,3,4,Yes,2025-09-16
2983,5127,4,5,3,4,Yes,2025-12-15
2984,5129,4,4,5,4,Yes,2024-04-24
2985,5130,5,4,5,4,Yes,2024-06-07
2986,5131,4,4,4,4,Yes,2026-01-15
2987,5132,3,4,3,5,Yes,2025-06-23
2988,5136,3,5,5,5,Yes,2025-07-17
2989,5138,5,3,4,4,Yes,2026-03-06
2990,5140,4,4,4,4,Yes,2025-07-16
2991,5141,3,4,4,3,Yes,2026-03-06
2992,5142,5,4,3,5,Yes,2026-06-07
2993,5143,3,5,4,4,Yes,2025-06-15
2994,5144,3,3,3,2,No,2025-12-26
2995,5145,3,3,4,4,Yes,2026-01-26
2996,5150,4,4,5,4,Yes,2026-03-15
2997,5152,4,5,3,2,Yes,2024-02-14
2998,5154,3,4,3,4,Yes,2024-02-12
2999,5157,3,5,4,4,Yes,2025-06-15
3000,5158,2,5,3,2,No,2024-06-10
3001,5159,4,4,4,4,Yes,2024-11-28
3002,5160,3,4,4,3,Yes,2025-06-13
3003,5163,4,5,4,4,Yes,2026-05-03
3004,5164,3,5,2,3,No,2024-02-18
3005,5165,3,4,4,4,Yes,2026-07-14
3006,5166,4,3,4,4,Yes,2025-08-24
3007,5168,4,4,4,4,Yes,2024-08-07
3008,5169,4,2,4,3,No,2026-05-26
3009,5170,4,4,5,4,Yes,2024-08-24
3010,5171,4,4,5,4,Yes,2025-04-30
3011,5172,4,4,3,4,Yes,2024-01-31
3012,5174,4,5,3,5,Yes,2025-05-23
3013,5176,5,4,4,4,Yes,2025-10-21
3014,5178,4,4,5,3,Yes,2025-01-26
3015,5179,5,4,3,3,Yes,2025-01-20
3016,5184,3,3,4,4,Yes,2025-07-06
3017,5185,4,3,4,4,Yes,2024-02-08
3018,5186,4,3,5,3,Yes,2024-03-02
3019,5187,4,4,3,5,Yes,2024-08-08
3020,5190,5,4,4,3,Yes,2025-02-16
3021,5192,5,4,5,4,Yes,2025-12-23
3022,5193,4,3,4,4,Yes,2026-07-15
3023,5194,3,4,4,3,Yes,2025-12-10
3024,5196,5,4,3,3,Yes,2024-04-21
3025,5197,5,4,4,4,Yes,2025-02-28
3026,5198,4,3,5,5,Yes,2025-12-19
3027,5201,4,3,4,3,Yes,2025-08-21
3028,5202,4,3,3,3,No,2024-03-29
3029,5205,4,4,3,5,Yes,2025-03-03
3030,5208,4,4,4,3,Yes,2026-03-18
3031,5210,5,5,4,3,Yes,2024-02-26
3032,5212,3,5,3,5,Yes,2026-05-06
3033,5215,5,4,4,4,Yes,2024-07-14
3034,5217,4,4,3,4,Yes,2025-10-17
3035,5218,5,4,3,4,Yes,2025-01-09
3036,5219,4,5,3,3,Yes,2025-04-18
3037,5220,3,4,3,3,No,2024-10-28
3038,5221,5,3,4,3,Yes,2026-03-27
3039,5223,4,3,4,5,Yes,2025-09-19
3040,5224,5,5,3,4,Yes,2025-06-21
3041,5226,4,4,5,2,Yes,2024-07-01
3042,5227,5,4,3,5,Yes,2026-07-08
3043,5228,4,3,3,4,Yes,2024-05-28
3044,5229,4,5,5,4,Yes,2024-09-17
3045,5234,3,5,4,4,Yes,2025-09-25
3046,5236,4,4,4,5,Yes,2026-05-19
3047,5237,4,3,3,3,No,2025-05-11
3048,5238,4,4,5,3,Yes,2026-07-08
3049,5242,4,5,2,3,Yes,2025-01-23
3050,5245,4,5,3,3,Yes,2025-06-20
3051,5246,3,4,2,5,Yes,2026-06-13
3052,5247,4,2,5,4,Yes,2025-11-02
3053,5249,4,4,4,3,Yes,2025-03-05
3054,5252,3,4,4,3,Yes,2024-08-07
3055,5253,4,5,3,4,Yes,2026-08-04
3056,5254,3,2,5,3,No,2025-06-20
3057,5255,5,4,5,5,Yes,2024-10-30
3058,5256,5,4,4,5,Yes,2025-03-24
3059,5259,4,4,3,3,Yes,2025-01-22
3060,5260,4,4,2,4,Yes,2024-12-01
3061,5261,3,2,5,4,Yes,2025-09-17
3062,5265,3,5,4,4,Yes,2026-07-02
3063,5266,3,3,4,3,No,2026-02-07
3064,5267,3,3,4,5,Yes,2024-04-24
3065,5270,3,3,2,4,No,2024-05-18
3066,5271,3,3,4,4,Yes,2024-06-20
3067,5272,3,4,5,3,Yes,2025-05-01
3068,5273,4,3,4,3,Yes,2025-04-07
3069,5274,5,2,4,4,Yes,2024-08-24
3070,5275,4,2,4,3,No,2025-01-04
3071,5276,4,4,5,4,Yes,2024-10-04
3072,5278,5,3,5,4,Yes,2024-09-27
3073,5284,5,5,4,4,Yes,2026-01-09
3074,5285,5,4,4,4,Yes,2025-09-13
3075,5288,4,3,4,5,Yes,2025-01-29
3076,5291,4,5,4,4,Yes,2024-11-10
3077,5292,2,5,4,3,Yes,2024-02-14
3078,5294,3,3,5,4,Yes,2026-09-07
3079,5296,3,4,5,4,Yes,2026-03-19
3080,5297,3,4,4,3,Yes,2025-08-14
3081,5298,3,4,3,3,No,2025-10-03
3082,5301,5,3,3,2,No,2024-12-04
3083,5304,5,3,4,4,Yes,2026-09-08
3084,5305,4,2,4,4,Yes,2026-04-19
3085,5307,4,5,4,3,Yes,2026-07-11
3086,5308,4,4,2,5,Yes,2026-04-17
3087,5309,5,4,5,5,Yes,2026-05-10
3088,5312,4,3,5,5,Yes,2025-01-20
3089,5314,3,3,4,4,Yes,2025-12-28
3090,5316,5,3,4,4,Yes,2025-02-18
3091,5317,4,2,4,5,Yes,2025-11-26
3092,5318,5,4,4,4,Yes,2025-02-06
3093,5320,5,4,5,4,Yes,2025-02-28
3094,5322,4,4,5,3,Yes,2026-02-12
3095,5325,4,4,3,3,Yes,2025-02-12
3096,5326,5,4,5,4,Yes,2025-11-08
3097,5328,3,4,3,3,No,2025-03-07
3098,5329,4,5,4,4,Yes,2025-12-05
3099,5330,4,4,3,3,Yes,2024-05-22
3100,5331,4,3,4,4,Yes,2026-02-21
3101,5332,4,2,3,5,Yes,2024-08-15
3102,5333,4,4,3,4,Yes,2025-09-20
3103,5334,4,3,4,4,Yes,2024-03-22
3104,5335,3,2,3,3,No,2024-06-03
3105,5338,5,4,4,4,Yes,2024-03-19
3106,5339,4,3,5,4,Yes,2025-12-28
3107,5340,3,3,4,4,Yes,2024-05-06
3108,5342,3,4,3,5,Yes,2025-06-11
3109,5343,2,2,3,5,No,2025-02-04
3110,5346,4,5,3,3,Yes,2024-08-15
3111,5347,3,4,3,4,Yes,2026-05-28
3112,5349,4,4,3,5,Yes,2024-07-07
3113,5350,2,4,4,4,Yes,2025-03-29
3114,5351,3,4,5,4,Yes,2025-07-14
3115,5352,4,4,3,3,Yes,2024-06-01
3116,5353,4,3,2,3,No,2025-06-10
3117,5354,4,4,4,4,Yes,2025-06-05
3118,5356,4,3,5,4,Yes,2024-12-22
3119,5357,4,4,1,4,No,2025-02-11
3120,5358,4,2,5,4,Yes,2024-05-17
3121,5359,4,4,3,4,Yes,2024-03-30
3122,5360,3,4,3,4,Yes,2024-10-12
3123,5361,4,5,4,3,Yes,2026-05-07
3124,5362,4,4,4,5,Yes,2025-09-02
3125,5363,4,4,5,4,Yes,2024-02-17
3126,5364,4,4,4,4,Yes,2025-05-15
3127,5367,4,3,4,4,Yes,2024-07-15
3128,5370,3,4,5,1,No,2025-03-14
3129,5373,3,4,3,4,Yes,2024-04-13
3130,5375,4,4,3,4,Yes,2025-12-01
3131,5377,3,3,4,5,Yes,2024-12-11
3132,5378,4,4,4,3,Yes,2026-02-10
3133,5381,4,4,4,4,Yes,2026-08-17
3134,5382,4,3,4,4,Yes,2025-01-23
3135,5383,4,5,5,2,Yes,2025-05-10
3136,5385,5,3,4,3,Yes,2026-06-18
3137,5387,3,3,5,5,Yes,2025-09-07
3138,5388,3,5,2,4,Yes,2026-03-27
3139,5389,3,4,4,5,Yes,2024-12-08
3140,5391,4,4,3,4,Yes,2024-10-14
3141,5392,4,3,4,4,Yes,2024-03-24
3142,5393,3,4,3,5,Yes,2026-02-21
3143,5395,5,5,3,3,Yes,2024-02-02
3144,5399,3,4,5,3,Yes,2024-09-25
3145,5401,4,3,5,3,Yes,2024-12-09
3146,5402,5,4,4,3,Yes,2025-04-30
3147,5403,3,4,3,3,No,2026-06-07
3148,5405,3,2,4,4,No,2024-10-29
3149,5407,4,4,4,4,Yes,2026-04-24
3150,5409,4,3,4,4,Yes,2026-06-22
3151,5410,3,4,3,3,No,2024-09-12
3152,5412,3,3,4,4,Yes,2025-05-23
3153,5416,3,3,3,4,No,2024-07-27
3154,5417,4,4,3,4,Yes,2026-02-09
3155,5418,4,4,3,5,Yes,2024-06-28
3156,5419,3,3,4,3,No,2024-03-22
3157,5420,4,4,3,2,No,2025-03-29
3158,5421,4,5,3,5,Yes,2026-07-31
3159,5422,4,3,4,4,Yes,2024-08-11
3160,5423,4,3,5,3,Yes,2024-06-20
3161,5425,4,4,4,4,Yes,2024-12-14
3162,5426,4,4,3,2,No,2025-12-06
3163,5427,5,4,5,5,Yes,2024-03-18
3164,5429,4,5,3,4,Yes,2024-05-07
3165,5430,4,4,4,5,Yes,2025-09-04
3166,5432,4,3,4,4,Yes,2026-05-07
3167,5433,3,3,4,4,Yes,2026-07-25
3168,5436,5,4,3,5,Yes,2024-04-26
3169,5437,4,3,3,4,Yes,2026-08-01
3170,5440,4,4,4,4,Yes,2025-12-27
3171,5441,4,4,3,3,Yes,2025-10-03
3172,5442,4,4,3,4,Yes,2025-12-09
3173,5443,4,3,4,4,Yes,2025-03-24
3174,5446,5,5,5,4,Yes,2026-07-15
3175,5447,3,5,4,4,Yes,2026-07-05
3176,5448,5,5,5,4,Yes,2026-07-02
3177,5449,3,4,4,3,Yes,2024-11-06
3178,5452,4,3,4,3,Yes,2025-02-17
3179,5455,5,2,2,4,No,2024-09-24
3180,5456,3,4,3,4,Yes,2025-04-13
3181,5459,4,3,4,4,Yes,2025-07-31
3182,5460,3,3,4,3,No,2026-01-16
3183,5461,4,4,3,3,Yes,2025-07-30
3184,5465,5,5,4,3,Yes,2026-06-21
3185,5466,3,4,3,3,No,2026-03-07
3186,5469,4,4,4,4,Yes,2024-04-11
3187,5470,4,4,5,4,Yes,2025-09-22
3188,5471,3,3,4,3,No,2026-06-14
3189,5473,4,2,4,3,No,2024-08-21
3190,5476,4,3,5,4,Yes,2026-06-08
3191,5480,3,5,2,3,No,2025-10-19
3192,5482,3,4,3,3,No,2024-08-07
3193,5483,4,4,4,5,Yes,2024-12-14
3194,5484,3,3,3,4,No,2026-05-15
3195,5485,3,2,4,3,No,2025-02-09
3196,5486,4,4,3,5,Yes,2026-07-28
3197,5488,4,5,4,4,Yes,2025-01-17
3198,5489,3,4,4,4,Yes,2025-03-09
3199,5492,4,3,3,5,Yes,2025-01-17
3200,5495,3,3,3,4,No,2024-03-21
3201,5500,5,4,5,4,Yes,2026-03-13
3202,5502,4,4,3,3,Yes,2024-09-12
3203,5503,3,5,4,5,Yes,2024-06-20
3204,5506,5,3,4,5,Yes,2026-05-04
3205,5509,3,3,5,4,Yes,2026-01-24
3206,5513,4,4,4,4,Yes,2025-09-18
3207,5514,3,4,4,4,Yes,2026-04-25
3208,5517,4,4,4,4,Yes,2026-05-18
3209,5519,4,3,3,4,Yes,2024-02-19
3210,5520,5,4,4,5,Yes,2024-02-07
3211,5522,4,4,4,4,Yes,2024-05-19
3212,5523,4,3,4,4,Yes,2024-09-27
3213,5524,5,4,3,5,Yes,2025-07-05
3214,5525,4,4,3,3,Yes,2025-08-07
3215,5526,4,3,4,3,Yes,2024-07-28
3216,5527,3,4,4,4,Yes,2025-08-16
3217,5528,5,3,4,3,Yes,2024-02-17
3218,5529,4,4,5,3,Yes,2024-10-01
3219,5531,4,3,3,3,No,2026-04-21
3220,5533,4,4,4,3,Yes,2025-02-13
3221,5534,3,3,4,3,No,2024-06-09
3222,5535,3,4,4,5,Yes,2024-06-10
3223,5536,4,4,4,5,Yes,2025-01-31
3224,5537,4,4,3,4,Yes,2024-05-04
3225,5541,4,5,3,5,Yes,2025-03-29
3226,5547,5,4,4,4,Yes,2024-10-21
3227,5549,5,5,5,4,Yes,2026-04-21
3228,5550,4,5,4,3,Yes,2025-08-05
3229,5551,4,4,4,4,Yes,2025-09-13
3230,5552,3,3,3,3,No,2024-03-09
3231,5553,4,3,4,3,Yes,2026-07-06
3232,5556,3,3,4,4,Yes,2024-06-10
3233,5558,4,4,4,4,Yes,2024-04-18
3234,5560,5,3,4,3,Yes,2025-04-21
3235,5561,3,4,4,4,Yes,2025-10-30
3236,5562,3,3,5,4,Yes,2025-11-14
3237,5563,2,4,3,4,No,2025-01-18
3238,5564,3,4,5,4,Yes,2024-08-31
3239,5566,2,4,3,4,No,2026-01-10
3240,5572,5,5,4,4,Yes,2026-09-09
3241,5574,4,4,3,4,Yes,2026-03-28
3242,5576,4,5,3,4,Yes,2024-10-20
3243,5577,4,5,3,3,Yes,2024-12-03
3244,5578,5,4,4,5,Yes,2025-03-20
3245,5580,4,5,4,5,Yes,2025-06-09
3246,5581,4,3,4,3,Yes,2025-05-28
3247,5582,4,4,3,4,Yes,2025-06-25
3248,5583,5,4,3,4,Yes,2024-07-11
3249,5584,5,4,4,4,Yes,2025-12-10
3250,5585,4,4,2,5,Yes,2024-09-26
3251,5586,4,4,4,3,Yes,2025-07-21
3252,5587,4,2,3,5,Yes,2026-08-03
3253,5588,3,4,4,4,Yes,2026-03-16
3254,5589,5,5,4,5,Yes,2024-09-03
3255,5590,3,5,4,4,Yes,2025-10-30
3256,5591,3,3,3,4,No,2025-08-24
3257,5594,3,3,4,3,No,2024-05-11
3258,5597,4,5,4,3,Yes,2024-05-25
3259,5598,4,4,4,5,Yes,2026-04-27
3260,5600,4,5,3,4,Yes,2026-06-05
3261,5601,3,4,4,4,Yes,2024-12-04
3262,5602,4,4,3,4,Yes,2024-12-18
3263,5604,5,5,5,3,Yes,2025-01-07
3264,5606,5,5,3,4,Yes,2024-02-23
3265,5607,2,4,4,5,Yes,2025-02-27
3266,5609,4,2,3,4,No,2025-12-07
3267,5612,3,3,3,4,No,2025-08-10
3268,5614,3,3,3,3,No,2024-12-11
3269,5616,3,3,2,3,No,2024-04-14
3270,5618,5,4,5,4,Yes,2024-06-16
3271,5619,3,3,4,3,No,2025-01-21
3272,5621,4,5,3,4,Yes,2024-02-15
3273,5622,3,5,4,5,Yes,2025-08-11
3274,5623,3,5,3,5,Yes,2024-03-27
3275,5625,4,4,5,4,Yes,2024-03-03
3276,5626,3,3,3,3,No,2026-07-11
3277,5628,4,4,4,3,Yes,2026-04-27
3278,5630,3,3,5,3,Yes,2026-01-19
3279,5633,4,4,3,3,Yes,2025-03-24
3280,5634,5,4,4,4,Yes,2025-02-19
3281,5635,3,4,5,4,Yes,2024-11-14
3282,5637,3,2,4,4,No,2025-05-21
3283,5638,4,4,4,3,Yes,2025-08-26
3284,5639,4,4,4,3,Yes,2026-04-28
3285,5645,4,5,5,5,Yes,2026-05-28
3286,5646,4,5,5,5,Yes,2025-08-15
3287,5648,4,3,2,4,No,2024-08-13
3288,5649,4,4,5,4,Yes,2024-06-16
3289,5651,5,5,4,4,Yes,2024-10-05
3290,5653,4,5,4,3,Yes,2025-08-05
3291,5654,3,4,3,2,No,2025-03-31
3292,5656,3,3,3,3,No,2024-12-05
3293,5657,3,4,4,3,Yes,2025-10-20
3294,5659,4,4,4,4,Yes,2025-06-05
3295,5661,4,4,3,3,Yes,2025-07-10
3296,5664,2,5,3,4,Yes,2025-02-25
3297,5665,5,4,4,3,Yes,2026-01-27
3298,5667,3,5,4,4,Yes,2025-01-27
3299,5668,5,5,4,3,Yes,2025-06-10
3300,5670,4,5,3,4,Yes,2024-06-06
3301,5671,4,2,4,4,Yes,2026-04-01
3302,5672,4,3,2,4,No,2025-01-23
3303,5675,4,4,3,4,Yes,2024-08-24
3304,5678,3,4,2,3,No,2024-09-12
3305,5680,4,4,5,3,Yes,2024-01-23
3306,5681,3,3,4,5,Yes,2024-07-02
3307,5683,2,5,4,4,Yes,2026-07-18
3308,5685,4,4,4,3,Yes,2024-03-28
3309,5686,4,4,5,3,Yes,2024-02-05
3310,5687,4,5,3,3,Yes,2024-08-08
3311,5688,4,5,4,4,Yes,2026-04-28
3312,5691,4,4,4,3,Yes,2025-10-01
3313,5694,5,3,5,4,Yes,2025-04-27
3314,5695,5,5,5,4,Yes,2026-07-28
3315,5696,4,4,3,3,Yes,2026-01-30
3316,5697,4,3,5,5,Yes,2024-07-21
3317,5698,4,4,4,4,Yes,2026-07-09
3318,5700,5,4,4,3,Yes,2024-10-10
3319,5704,4,4,4,5,Yes,2025-01-11
3320,5706,5,3,4,5,Yes,2025-07-29
3321,5708,4,4,4,3,Yes,2025-04-28
3322,5709,4,4,4,4,Yes,2024-10-30
3323,5710,4,3,4,4,Yes,2025-04-27
3324,5711,5,3,4,4,Yes,2025-01-22
3325,5712,4,4,4,4,Yes,2025-12-08
3326,5713,4,3,5,5,Yes,2026-03-02
3327,5715,5,5,4,3,Yes,2025-02-15
3328,5716,4,4,4,4,Yes,2025-04-23
3329,5718,4,4,4,2,Yes,2024-06-20
3330,5719,3,4,4,3,Yes,2025-11-23
3331,5720,3,2,3,5,No,2024-03-20
3332,5722,3,4,5,3,Yes,2026-08-26
3333,5725,4,4,4,3,Yes,2024-03-04
3334,5728,3,4,4,3,Yes,2024-12-16
3335,5729,4,3,3,5,Yes,2024-04-23
3336,5730,4,4,4,3,Yes,2025-05-01
3337,5731,4,4,5,3,Yes,2025-06-10
3338,5732,5,2,5,3,Yes,2025-07-22
3339,5733,4,3,4,4,Yes,2024-03-07
3340,5735,4,5,4,4,Yes,2025-01-27
3341,5737,3,3,4,5,Yes,2025-04-05
3342,5745,4,3,3,3,No,2024-06-13
3343,5747,4,5,4,4,Yes,2026-04-10
3344,5749,3,4,4,5,Yes,2024-06-07
3345,5750,4,3,3,5,Yes,2025-02-21
3346,5751,2,3,3,4,No,2026-06-13
3347,5752,5,4,4,3,Yes,2025-08-02
3348,5753,4,4,4,3,Yes,2024-08-17
3349,5755,4,4,3,4,Yes,2024-08-05
3350,5756,4,4,3,3,Yes,2025-07-27
3351,5759,4,4,3,5,Yes,2024-03-02
3352,5760,3,4,4,4,Yes,2026-05-14
3353,5764,3,2,5,3,No,2025-04-25
3354,5765,4,3,4,3,Yes,2026-08-07
3355,5766,2,3,3,5,No,2025-04-03
3356,5767,3,4,4,3,Yes,2025-06-05
3357,5768,4,3,3,5,Yes,2026-02-12
3358,5769,4,4,4,4,Yes,2025-03-27
3359,5770,2,5,3,3,No,2026-01-22
3360,5771,3,5,3,4,Yes,2025-06-23
3361,5774,4,3,5,4,Yes,2025-09-04
3362,5775,3,4,4,4,Yes,2026-01-29
3363,5777,4,4,4,5,Yes,2024-11-26
3364,5778,3,4,4,4,Yes,2026-04-30
3365,5779,3,3,4,5,Yes,2024-11-19
3366,5780,2,4,2,3,No,2025-01-21
3367,5782,4,3,3,4,Yes,2025-05-17
3368,5783,3,3,4,4,Yes,2024-12-18
3369,5785,3,5,5,4,Yes,2026-02-16
3370,5788,3,4,4,4,Yes,2025-05-16
3371,5790,2,3,3,4,No,2024-06-04
3372,5791,3,4,4,4,Yes,2026-06-14
3373,5792,4,4,3,5,Yes,2026-06-30
3374,5793,5,3,3,4,Yes,2024-03-28
3375,5794,3,4,4,3,Yes,2025-07-20
3376,5795,4,4,4,4,Yes,2024-06-13
3377,5796,5,4,5,3,Yes,2024-06-26
3378,5797,4,4,5,5,Yes,2025-01-27
3379,5799,5,3,5,3,Yes,2024-09-17
3380,5800,5,4,5,4,Yes,2024-03-11
3381,5802,3,3,3,4,No,2024-03-15
3382,5803,5,4,5,3,Yes,2024-09-27
3383,5807,4,4,4,4,Yes,2025-03-12
3384,5810,3,3,3,4,No,2024-11-09
3385,5813,3,5,4,3,Yes,2025-11-25
3386,5814,3,3,3,4,No,2024-09-30
3387,5817,3,4,5,4,Yes,2025-01-28
3388,5818,3,4,5,3,Yes,2024-10-09
3389,5820,4,4,3,3,Yes,2026-01-01
3390,5822,3,3,3,3,No,2024-06-05
3391,5823,5,3,5,3,Yes,2025-11-07
3392,5824,3,3,5,3,Yes,2024-08-25
3393,5825,3,3,4,4,Yes,2024-06-06
3394,5826,4,5,4,2,Yes,2025-09-19
3395,5827,3,4,4,4,Yes,2026-05-14
3396,5828,4,4,4,5,Yes,2024-01-28
3397,5829,3,4,5,4,Yes,2026-03-21
3398,5831,4,3,3,3,No,2024-02-12
3399,5832,5,5,5,4,Yes,2026-08-29
3400,5836,3,4,4,5,Yes,2025-12-16
3401,5837,4,5,4,4,Yes,2025-04-07
3402,5839,4,3,4,3,Yes,2024-07-09
3403,5840,4,3,4,2,No,2024-12-18
3404,5841,3,3,1,4,No,2024-02-07
3405,5843,3,4,4,3,Yes,2025-11-29
3406,5845,5,4,3,3,Yes,2024-03-07
3407,5847,4,4,3,3,Yes,2024-08-01
3408,5848,4,4,3,3,Yes,2025-08-22
3409,5849,3,4,4,5,Yes,2024-11-06
3410,5850,4,4,3,3,Yes,2026-08-14
3411,5851,3,4,5,4,Yes,2025-08-27
3412,5853,5,4,4,3,Yes,2025-06-12
3413,5854,4,4,5,3,Yes,2025-01-16
3414,5855,4,4,3,4,Yes,2024-06-03
3415,5856,4,4,4,4,Yes,2024-12-08
3416,5857,4,4,5,3,Yes,2024-04-27
3417,5862,5,4,5,2,Yes,2025-11-07
3418,5863,5,4,4,2,Yes,2025-10-23
3419,5868,5,3,4,3,Yes,2024-06-10
3420,5871,3,4,4,4,Yes,2025-08-20
3421,5875,4,4,4,4,Yes,2026-01-18
3422,5876,4,5,4,2,Yes,2025-09-13
3423,5877,4,4,4,4,Yes,2024-10-02
3424,5879,4,4,2,4,Yes,2026-04-07
3425,5880,4,4,3,3,Yes,2024-10-15
3426,5883,3,4,3,3,No,2026-01-23
3427,5885,4,3,4,3,Yes,2026-08-21
3428,5886,4,4,3,2,No,2024-05-05
3429,5887,5,4,4,4,Yes,2025-01-19
3430,5888,4,4,5,3,Yes,2026-07-30
3431,5889,4,4,5,4,Yes,2024-06-23
3432,5891,3,4,5,5,Yes,2025-03-11
3433,5892,4,4,5,4,Yes,2025-08-09
3434,5894,4,3,4,5,Yes,2024-07-30
3435,5895,4,4,3,3,Yes,2026-03-15
3436,5896,3,4,3,3,No,2026-03-11
3437,5897,3,5,5,4,Yes,2024-08-15
3438,5899,4,3,4,5,Yes,2025-07-16
3439,5900,4,4,4,3,Yes,2025-06-26
3440,5901,3,4,4,5,Yes,2026-05-14
3441,5902,2,3,3,5,No,2025-03-27
3442,5905,4,3,3,4,Yes,2026-06-07
3443,5906,4,4,3,3,Yes,2024-06-18
3444,5907,4,3,5,2,Yes,2026-07-14
3445,5908,5,3,4,4,Yes,2025-01-24
3446,5909,4,3,3,4,Yes,2026-02-04
3447,5911,5,3,4,4,Yes,2025-03-23
3448,5913,4,3,5,4,Yes,2024-07-03
3449,5916,3,4,4,5,Yes,2024-07-06
3450,5917,5,4,3,4,Yes,2025-12-13
3451,5919,3,4,4,5,Yes,2025-12-20
3452,5921,3,3,4,3,No,2024-09-04
3453,5922,5,4,4,4,Yes,2025-03-18
3454,5928,5,5,5,4,Yes,2026-02-03
3455,5932,4,4,5,3,Yes,2026-04-01
3456,5933,4,4,4,3,Yes,2025-06-03
3457,5935,5,5,3,4,Yes,2026-01-08
3458,5936,4,4,4,4,Yes,2025-05-26
3459,5937,4,4,3,3,Yes,2024-10-09
3460,5938,5,4,4,4,Yes,2024-03-06
3461,5939,4,4,4,4,Yes,2025-02-07
3462,5941,3,3,4,5,Yes,2026-03-01
3463,5944,4,3,4,4,Yes,2026-03-14
3464,5945,3,3,4,5,Yes,2026-07-30
3465,5946,3,4,4,3,Yes,2025-10-18
3466,5947,4,2,3,4,No,2025-11-29
3467,5948,3,4,4,3,Yes,2025-07-31
3468,5949,3,3,3,3,No,2025-07-16
3469,5951,2,3,4,3,No,2026-05-03
3470,5952,5,4,5,4,Yes,2025-06-25
3471,5953,3,4,4,5,Yes,2025-09-23
3472,5956,3,4,5,3,Yes,2024-01-26
3473,5957,5,2,3,2,No,2024-06-23
3474,5958,4,3,4,5,Yes,2025-03-08
3475,5960,3,3,3,5,Yes,2024-03-29
3476,5961,4,3,3,4,Yes,2025-08-09
3477,5962,5,4,4,3,Yes,2026-06-08
3478,5964,4,3,4,3,Yes,2026-04-01
3479,5965,3,4,3,4,Yes,2025-08-19
3480,5967,3,5,4,4,Yes,2026-02-22
3481,5970,3,4,4,4,Yes,2024-09-12
3482,5972,3,5,5,3,Yes,2024-04-11
3483,5973,3,4,3,3,No,2025-10-17
3484,5974,4,4,3,4,Yes,2026-07-30
3485,5977,3,4,3,2,No,2026-01-28
3486,5979,3,4,3,4,Yes,2025-08-16
3487,5980,5,3,4,4,Yes,2024-05-25
3488,5981,5,5,5,4,Yes,2026-07-02
3489,5982,5,3,4,5,Yes,2026-01-08
3490,5983,3,4,3,3,No,2026-03-13
3491,5985,5,3,4,4,Yes,2024-09-03
3492,5986,2,3,5,3,No,2026-02-02
3493,5987,5,3,5,4,Yes,2024-08-27
3494,5989,4,3,4,3,Yes,2025-07-01
3495,5992,4,3,4,3,Yes,2024-05-10
3496,5993,5,3,3,3,Yes,2026-03-04
3497,5994,4,3,5,4,Yes,2024-07-21
3498,5996,5,4,3,5,Yes,2024-02-21
3499,5997,4,5,5,3,Yes,2024-08-16
3500,5999,4,4,3,3,Yes,2024-12-07
3501,6000,5,4,2,3,Yes,2025-08-04
3502,6002,4,4,3,2,No,2025-05-23
3503,6004,5,3,4,4,Yes,2024-10-14
3504,6008,4,4,5,5,Yes,2024-06-12
3505,6011,3,4,3,3,No,2024-10-02
3506,6013,4,4,5,4,Yes,2024-02-08
3507,6021,4,3,3,3,No,2026-02-03
3508,6022,3,3,4,4,Yes,2025-07-27
3509,6023,4,4,3,2,No,2025-06-22
3510,6025,4,5,4,5,Yes,2025-01-04
3511,6027,4,3,4,2,No,2024-05-31
3512,6029,5,4,4,3,Yes,2025-03-24
3513,6032,4,5,3,4,Yes,2024-01-25
3514,6033,5,4,3,4,Yes,2025-04-20
3515,6034,4,3,3,3,No,2024-06-03
3516,6040,4,4,4,4,Yes,2026-02-09
3517,6041,4,4,5,4,Yes,2024-02-04
3518,6042,4,3,4,4,Yes,2025-10-12
3519,6043,3,3,5,4,Yes,2024-08-20
3520,6044,4,3,3,4,Yes,2025-02-11
3521,6045,4,5,4,4,Yes,2025-05-06
3522,6046,4,4,4,3,Yes,2026-03-19
3523,6047,4,5,3,3,Yes,2024-09-30
3524,6048,4,5,5,1,Yes,2025-11-20
3525,6049,2,3,4,3,No,2025-05-13
3526,6051,3,4,1,3,No,2024-06-18
3527,6053,3,4,4,4,Yes,2026-07-04
3528,6055,5,3,4,4,Yes,2026-07-11
3529,6056,4,4,4,5,Yes,2025-07-07
3530,6057,5,4,4,5,Yes,2025-01-26
3531,6059,4,3,5,3,Yes,2026-07-13
3532,6062,4,5,4,5,Yes,2025-08-30
3533,6063,4,2,4,4,Yes,2026-05-13
3534,6066,4,4,3,5,Yes,2024-05-14
3535,6067,3,5,4,4,Yes,2025-11-03
3536,6068,4,3,3,4,Yes,2024-07-26
3537,6070,5,4,5,4,Yes,2026-08-11
3538,6071,4,4,4,3,Yes,2026-03-27
3539,6073,4,3,4,3,Yes,2024-10-25
3540,6077,4,4,4,3,Yes,2024-07-24
3541,6083,4,3,4,4,Yes,2024-10-15
3542,6084,4,5,3,3,Yes,2026-02-09
3543,6086,4,3,4,3,Yes,2026-02-20
3544,6087,3,4,5,4,Yes,2026-05-19
3545,6088,5,5,3,3,Yes,2025-06-15
3546,6089,4,4,4,4,Yes,2024-12-23
3547,6090,4,5,4,4,Yes,2025-04-21
3548,6091,4,3,3,3,No,2026-07-24
3549,6093,4,4,2,4,Yes,2026-03-11
3550,6094,4,2,5,4,Yes,2026-04-29
3551,6096,5,3,5,4,Yes,2026-09-01
3552,6098,4,4,4,3,Yes,2024-06-10
3553,6099,4,2,4,3,No,2025-02-21
3554,6101,3,3,3,4,No,2024-03-22
3555,6102,3,4,4,3,Yes,2024-10-22
3556,6104,3,4,4,3,Yes,2026-06-03
3557,6105,5,4,4,3,Yes,2025-01-10
3558,6106,4,5,3,4,Yes,2026-06-08
3559,6107,3,4,4,4,Yes,2024-10-20
3560,6108,3,3,4,4,Yes,2025-04-21
3561,6109,4,4,4,3,Yes,2026-03-08
3562,6111,3,4,4,3,Yes,2026-05-13
3563,6113,4,4,5,3,Yes,2025-10-19
3564,6116,4,3,3,3,No,2025-08-20
3565,6120,3,5,5,2,Yes,2026-06-10
3566,6124,3,3,4,4,Yes,2025-11-24
3567,6126,3,5,4,3,Yes,2026-06-22
3568,6129,5,3,5,5,Yes,2024-11-01
3569,6132,3,4,4,3,Yes,2026-09-02
3570,6133,4,5,5,3,Yes,2024-09-01
3571,6135,2,3,4,4,No,2024-06-17
3572,6138,4,2,4,3,No,2024-04-27
3573,6139,4,4,5,3,Yes,2026-06-18
3574,6140,4,3,4,4,Yes,2026-08-04
3575,6144,4,4,4,4,Yes,2025-09-30
3576,6146,2,5,4,5,Yes,2025-08-07
3577,6151,5,4,4,3,Yes,2026-07-05
3578,6154,4,3,3,4,Yes,2025-06-15
3579,6155,3,4,4,4,Yes,2024-08-18
3580,6156,4,3,4,4,Yes,2025-10-03
3581,6160,3,4,3,3,No,2025-09-28
3582,6161,4,4,3,4,Yes,2025-02-08
3583,6163,5,3,4,3,Yes,2026-05-05
3584,6164,5,5,5,4,Yes,2024-12-03
3585,6165,4,3,3,2,No,2024-03-24
3586,6166,4,3,3,3,No,2026-08-13
3587,6167,4,3,4,5,Yes,2025-07-14
3588,6168,3,4,3,4,Yes,2024-02-21
3589,6170,3,5,5,1,Yes,2026-03-21
3590,6172,3,4,3,3,No,2025-01-18
3591,6176,4,4,3,4,Yes,2026-08-08
3592,6177,5,3,4,3,Yes,2024-12-08
3593,6179,2,3,4,4,No,2024-09-28
3594,6181,5,4,4,4,Yes,2025-07-15
3595,6182,5,4,4,4,Yes,2024-02-10
3596,6184,3,5,4,3,Yes,2024-11-03
3597,6186,5,5,4,4,Yes,2025-05-15
3598,6191,5,2,4,3,Yes,2025-08-28
3599,6192,4,4,3,3,Yes,2024-07-09
3600,6194,5,4,4,4,Yes,2025-04-19
3601,6196,4,5,5,2,Yes,2026-08-02
3602,6199,4,4,3,4,Yes,2024-12-17
3603,6200,5,5,2,4,Yes,2025-09-10
3604,6201,3,5,4,3,Yes,2024-11-28
3605,6202,4,5,4,3,Yes,2026-05-04
3606,6203,4,3,3,4,Yes,2025-01-27
3607,6204,2,4,2,3,No,2026-02-14
3608,6205,4,4,3,4,Yes,2024-09-26
3609,6206,3,3,5,3,Yes,2025-09-20
3610,6207,3,4,3,2,No,2026-03-22
3611,6209,4,4,4,4,Yes,2024-09-02
3612,6212,3,1,3,4,No,2025-12-08
3613,6213,5,4,5,4,Yes,2026-05-12
3614,6214,3,3,3,4,No,2025-03-26
3615,6215,4,2,3,3,No,2024-08-18
3616,6216,4,3,4,5,Yes,2025-10-21
3617,6217,3,4,4,3,Yes,2026-07-21
3618,6218,4,4,4,3,Yes,2025-06-11
3619,6222,4,4,4,5,Yes,2025-01-14
3620,6225,4,5,3,5,Yes,2025-03-12
3621,6227,4,5,5,4,Yes,2024-03-08
3622,6228,4,5,3,3,Yes,2025-02-28
3623,6229,4,4,3,4,Yes,2026-07-06
3624,6231,5,4,5,5,Yes,2024-12-22
3625,6232,3,3,3,4,No,2026-07-30
3626,6233,4,3,4,5,Yes,2025-02-16
3627,6236,5,4,5,4,Yes,2026-03-09
3628,6237,3,4,5,4,Yes,2024-12-01
3629,6240,4,3,3,5,Yes,2025-06-07
3630,6243,5,3,4,5,Yes,2024-09-22
3631,6244,5,3,2,5,Yes,2025-06-10
3632,6245,3,3,4,4,Yes,2024-01-31
3633,6246,4,3,4,2,No,2026-03-07
3634,6247,3,4,4,3,Yes,2025-04-08
3635,6248,4,3,3,3,No,2025-07-08
3636,6250,2,3,4,3,No,2025-03-27
3637,6252,4,3,3,3,No,2026-02-21
3638,6253,4,4,5,4,Yes,2026-04-30
3639,6255,3,3,3,3,No,2026-02-15
3640,6256,4,5,4,3,Yes,2024-06-04
3641,6258,3,4,5,4,Yes,2026-04-21
3642,6260,4,4,4,2,Yes,2025-06-29
3643,6263,3,4,3,5,Yes,2025-09-19
3644,6264,4,4,4,4,Yes,2025-11-20
3645,6267,5,5,4,5,Yes,2025-05-21
3646,6269,4,4,4,3,Yes,2025-03-05
3647,6271,3,4,4,4,Yes,2026-06-12
3648,6272,4,2,4,4,Yes,2024-08-17
3649,6273,3,3,4,3,No,2026-01-31
3650,6275,4,3,5,4,Yes,2025-01-03
3651,6276,3,1,4,3,No,2025-12-08
3652,6278,3,3,3,4,No,2024-12-08
3653,6280,3,4,5,4,Yes,2024-10-07
3654,6281,3,2,5,5,Yes,2024-03-13
3655,6282,3,4,3,4,Yes,2026-03-16
3656,6283,4,5,4,5,Yes,2025-10-26
3657,6285,3,4,3,4,Yes,2024-09-10
3658,6286,5,5,5,5,Yes,2026-01-13
3659,6287,3,5,3,4,Yes,2025-04-10
3660,6289,4,4,4,4,Yes,2025-04-13
3661,6291,4,5,5,5,Yes,2026-02-27
3662,6296,4,4,3,4,Yes,2026-06-21
3663,6299,3,3,5,3,Yes,2024-12-24
3664,6304,4,4,4,2,Yes,2026-03-25
3665,6306,4,2,4,4,Yes,2026-03-27
3666,6307,4,3,5,3,Yes,2025-03-28
3667,6308,3,3,4,3,No,2024-09-22
3668,6310,5,4,4,5,Yes,2025-11-30
3669,6311,3,4,5,3,Yes,2024-08-31
3670,6312,5,4,5,4,Yes,2024-07-02
3671,6313,2,4,4,4,Yes,2026-06-02
3672,6315,4,5,4,4,Yes,2024-10-01
3673,6316,3,5,3,4,Yes,2024-01-08
3674,6317,3,4,5,4,Yes,2024-02-03
3675,6318,3,3,3,5,Yes,2026-04-16
3676,6319,4,3,3,4,Yes,2025-05-17
3677,6320,4,5,4,2,Yes,2024-08-07
3678,6324,5,3,4,5,Yes,2026-03-10
3679,6326,4,5,3,4,Yes,2024-05-04
3680,6329,3,4,4,3,Yes,2024-03-02
3681,6330,4,4,3,3,Yes,2026-06-06
3682,6331,5,3,5,4,Yes,2024-12-17
3683,6332,4,3,4,5,Yes,2024-03-08
3684,6336,4,5,2,3,Yes,2026-01-28
3685,6337,3,3,3,5,Yes,2025-09-01
3686,6338,4,5,4,5,Yes,2025-07-29
3687,6339,3,4,4,4,Yes,2025-07-29
3688,6340,3,3,3,4,No,2025-07-02
3689,6341,3,3,4,5,Yes,2025-01-20
3690,6343,3,3,5,3,Yes,2024-04-07
3691,6344,5,3,5,5,Yes,2026-03-05
3692,6349,3,2,4,1,No,2025-08-05
3693,6354,3,4,5,3,Yes,2024-11-26
3694,6355,3,4,4,2,No,2025-05-21
3695,6357,5,3,3,3,Yes,2025-06-23
3696,6359,3,3,4,4,Yes,2026-04-22
3697,6361,5,4,3,3,Yes,2024-05-24
3698,6362,4,3,4,4,Yes,2024-12-15
3699,6364,3,3,4,4,Yes,2025-01-05
3700,6365,4,4,5,4,Yes,2025-06-02
3701,6369,3,4,4,3,Yes,2025-04-13
3702,6370,4,4,4,3,Yes,2026-08-15
3703,6371,4,3,4,4,Yes,2025-03-25
3704,6372,3,4,4,3,Yes,2024-05-21
3705,6373,4,3,4,4,Yes,2025-09-17
3706,6375,5,3,3,3,Yes,2025-03-16
3707,6376,4,4,3,3,Yes,2026-01-08
3708,6377,2,3,4,3,No,2024-09-21
3709,6379,4,4,3,4,Yes,2026-05-08
3710,6381,4,3,4,3,Yes,2026-01-12
3711,6383,4,4,4,4,Yes,2026-02-12
3712,6385,5,4,5,5,Yes,2026-01-29
3713,6386,4,3,3,4,Yes,2025-12-02
3714,6387,4,4,3,4,Yes,2025-08-07
3715,6388,4,4,5,3,Yes,2026-06-10
3716,6389,2,4,4,3,No,2024-03-27
3717,6390,2,4,3,3,No,2025-04-11
3718,6391,3,4,4,5,Yes,2026-07-27
3719,6394,4,4,5,3,Yes,2024-12-11
3720,6397,3,3,4,3,No,2024-07-24
3721,6398,4,4,4,4,Yes,2026-04-16
3722,6399,3,3,4,4,Yes,2026-07-27
3723,6402,4,5,4,4,Yes,2025-02-11
3724,6403,3,3,4,4,Yes,2025-06-07
3725,6404,5,4,2,5,Yes,2024-08-14
3726,6407,3,3,4,5,Yes,2025-07-13
3727,6408,2,5,4,3,Yes,2025-10-20
3728,6411,5,3,4,4,Yes,2026-03-12
3729,6414,3,3,4,2,No,2025-02-07
3730,6416,4,4,3,3,Yes,2024-09-28
3731,6418,5,3,4,5,Yes,2026-08-11
3732,6419,3,4,5,3,Yes,2024-12-25
3733,6421,5,4,4,4,Yes,2025-01-19
3734,6424,5,4,4,4,Yes,2025-07-14
3735,6425,5,3,4,4,Yes,2024-12-09
3736,6426,4,4,5,4,Yes,2025-03-02
3737,6428,4,4,5,3,Yes,2025-01-25
3738,6429,4,5,3,4,Yes,2025-11-16
3739,6430,2,3,4,5,Yes,2025-11-22
3740,6431,3,5,3,3,Yes,2024-10-03
3741,6433,4,4,4,4,Yes,2024-06-10
3742,6436,4,4,4,5,Yes,2025-12-14
3743,6438,4,3,4,4,Yes,2025-11-26
3744,6439,5,4,3,3,Yes,2024-05-11
3745,6442,4,3,4,4,Yes,2026-05-18
3746,6443,4,4,5,4,Yes,2025-07-24
3747,6445,5,4,5,4,Yes,2025-09-15
3748,6446,4,4,4,5,Yes,2024-02-02
3749,6449,5,5,3,4,Yes,2026-06-14
3750,6450,3,5,3,5,Yes,2024-02-06
3751,6452,3,4,4,4,Yes,2026-05-11
3752,6456,4,4,5,4,Yes,2026-08-08
3753,6457,5,5,3,3,Yes,2026-08-01
3754,6458,4,4,4,3,Yes,2025-07-14
3755,6461,3,4,3,4,Yes,2024-07-15
3756,6462,5,4,5,4,Yes,2025-12-04
3757,6464,4,3,5,4,Yes,2024-09-29
3758,6471,2,4,3,3,No,2026-07-26
3759,6473,4,5,5,4,Yes,2026-06-07
3760,6474,3,3,4,3,No,2026-05-14
3761,6476,5,3,4,4,Yes,2026-02-24
3762,6477,4,3,5,5,Yes,2026-08-14
3763,6478,3,5,2,4,Yes,2024-10-02
3764,6483,3,3,4,5,Yes,2026-06-04
3765,6484,4,5,4,5,Yes,2024-09-01
3766,6485,4,5,3,4,Yes,2026-02-06
3767,6486,4,3,4,5,Yes,2024-07-24
3768,6488,4,3,3,3,No,2025-11-10
3769,6492,4,3,4,3,Yes,2026-05-27
3770,6493,4,2,4,4,Yes,2025-05-02
3771,6494,4,4,4,4,Yes,2025-05-24
3772,6497,4,3,4,3,Yes,2024-02-16
3773,6499,4,5,3,3,Yes,2025-07-27
3774,6500,4,3,5,4,Yes,2024-08-29
3775,6501,2,3,4,4,No,2025-02-26
3776,6502,4,4,5,4,Yes,2025-02-16
3777,6504,5,4,3,5,Yes,2024-02-08
3778,6505,3,4,3,4,Yes,2025-07-11
3779,6507,3,3,4,3,No,2025-08-28
3780,6511,4,4,3,2,No,2025-08-22
3781,6514,3,3,4,4,Yes,2026-05-12
3782,6515,4,3,2,4,No,2025-06-03
3783,6518,2,4,5,3,Yes,2024-09-13
3784,6519,3,3,3,4,No,2026-06-15
3785,6520,4,3,5,4,Yes,2025-01-15
3786,6524,3,4,4,4,Yes,2024-12-24
3787,6525,4,3,4,5,Yes,2025-11-25
3788,6527,4,3,3,3,No,2025-03-13
3789,6531,3,4,3,4,Yes,2026-03-08
3790,6533,4,4,3,5,Yes,2026-01-19
3791,6534,4,4,4,3,Yes,2024-01-31
3792,6535,4,3,5,4,Yes,2026-07-22
3793,6536,3,3,3,4,No,2024-09-05
3794,6538,3,4,3,4,Yes,2025-06-27
3795,6539,3,2,3,4,No,2026-02-04
3796,6540,3,4,3,4,Yes,2024-12-12
3797,6543,4,4,4,4,Yes,2026-08-19
3798,6547,5,5,5,4,Yes,2026-06-19
3799,6548,4,4,3,5,Yes,2025-07-30
3800,6549,3,5,3,4,Yes,2025-12-19
3801,6550,4,4,5,4,Yes,2025-10-27
3802,6553,5,5,3,4,Yes,2026-04-20
3803,6555,4,3,4,4,Yes,2025-05-31
3804,6556,3,3,5,5,Yes,2026-05-29
3805,6557,4,4,4,3,Yes,2024-04-20
3806,6559,5,3,5,4,Yes,2025-01-27
3807,6561,4,3,3,3,No,2024-03-08
3808,6562,4,2,4,4,Yes,2025-03-12
3809,6563,4,3,4,5,Yes,2025-06-19
3810,6564,4,4,4,3,Yes,2024-06-23
3811,6565,3,5,4,4,Yes,2025-09-19
3812,6567,5,4,4,4,Yes,2026-06-25
3813,6568,5,3,3,3,Yes,2026-05-11
3814,6569,4,3,5,4,Yes,2024-10-25
3815,6573,4,4,4,4,Yes,2026-01-17
3816,6574,4,3,4,3,Yes,2025-01-24
3817,6576,3,4,4,4,Yes,2024-12-20
3818,6577,5,5,2,3,Yes,2024-05-04
3819,6580,5,4,4,5,Yes,2024-05-06
3820,6581,5,5,5,4,Yes,2025-01-25
3821,6586,3,4,3,3,No,2025-05-12
3822,6590,4,4,4,3,Yes,2025-04-27
3823,6593,3,3,4,5,Yes,2024-05-15
3824,6594,4,3,5,4,Yes,2026-04-30
3825,6595,4,4,3,5,Yes,2024-03-06
3826,6598,3,4,3,3,No,2026-08-12
3827,6600,4,4,4,3,Yes,2024-06-26
3828,6602,3,4,4,4,Yes,2024-12-04
3829,6603,5,4,4,4,Yes,2025-10-26
3830,6607,4,4,5,5,Yes,2024-01-19
3831,6608,3,4,5,2,Yes,2025-06-29
3832,6609,4,4,3,5,Yes,2024-06-03
3833,6611,4,3,3,5,Yes,2025-02-18
3834,6613,3,4,4,4,Yes,2026-02-12
3835,6614,4,3,4,4,Yes,2024-06-30
3836,6615,2,4,3,3,No,2025-07-29
3837,6618,5,4,4,4,Yes,2025-11-17
3838,6620,3,4,4,2,No,2024-02-21
3839,6621,5,4,5,5,Yes,2024-12-30
3840,6623,4,4,5,4,Yes,2025-01-30
3841,6624,3,4,3,5,Yes,2025-07-01
3842,6625,5,2,5,5,Yes,2024-07-14
3843,6627,3,3,4,3,No,2024-02-17
3844,6628,4,5,4,4,Yes,2024-06-26
3845,6629,3,5,3,3,Yes,2025-03-03
3846,6631,4,4,5,4,Yes,2024-09-26
3847,6632,4,3,5,5,Yes,2026-04-21
3848,6633,5,3,4,4,Yes,2025-11-29
3849,6634,5,3,5,5,Yes,2026-01-02
3850,6635,4,4,5,4,Yes,2025-10-05
3851,6636,4,3,3,4,Yes,2025-08-21
3852,6640,4,3,4,4,Yes,2025-03-08
3853,6641,3,3,3,3,No,2024-09-14
3854,6642,3,3,4,4,Yes,2024-12-29
3855,6643,4,3,5,4,Yes,2024-02-08
3856,6644,5,4,3,3,Yes,2024-02-26
3857,6649,4,4,3,4,Yes,2025-12-07
3858,6651,5,2,4,4,Yes,2024-04-14
3859,6655,3,4,3,3,No,2024-09-29
3860,6657,3,5,4,5,Yes,2024-07-23
3861,6658,3,4,4,4,Yes,2026-05-03
3862,6659,4,5,4,3,Yes,2026-06-04
3863,6661,4,5,4,3,Yes,2025-09-01
3864,6663,3,3,4,4,Yes,2026-01-04
3865,6664,4,4,3,4,Yes,2026-03-01
3866,6665,4,4,4,5,Yes,2026-08-10
3867,6666,4,4,3,4,Yes,2025-08-18
3868,6668,3,4,4,4,Yes,2024-04-29
3869,6670,4,3,4,3,Yes,2026-07-18
3870,6674,3,4,3,5,Yes,2026-08-08
3871,6676,4,4,3,3,Yes,2024-12-05
3872,6677,3,4,4,4,Yes,2025-12-28
3873,6679,5,4,3,3,Yes,2025-01-27
3874,6680,2,5,5,4,Yes,2025-11-10
3875,6681,2,4,3,4,No,2026-08-30
3876,6683,4,4,3,3,Yes,2025-02-11
3877,6684,5,5,4,4,Yes,2025-04-28
3878,6685,4,3,4,5,Yes,2025-08-06
3879,6689,4,2,3,4,No,2026-06-02
3880,6693,5,3,5,4,Yes,2024-02-25
3881,6694,4,5,4,4,Yes,2026-08-23
3882,6695,3,5,5,5,Yes,2025-09-01
3883,6696,3,5,4,3,Yes,2025-11-25
3884,6697,3,5,3,5,Yes,2024-11-09
3885,6699,5,3,4,3,Yes,2026-05-25
3886,6701,3,4,3,5,Yes,2025-04-06
3887,6702,2,4,4,5,Yes,2025-05-26
3888,6706,4,3,5,3,Yes,2025-02-14
3889,6707,4,3,4,5,Yes,2025-05-25
3890,6708,4,3,4,5,Yes,2025-11-20
3891,6711,4,5,5,3,Yes,2025-06-16
3892,6713,4,4,4,4,Yes,2024-05-17
3893,6714,4,4,3,4,Yes,2024-07-24
3894,6715,3,4,3,5,Yes,2024-02-24
3895,6717,4,5,5,3,Yes,2025-06-08
3896,6719,4,4,4,3,Yes,2025-12-01
3897,6721,4,4,4,5,Yes,2025-02-11
3898,6722,4,4,5,4,Yes,2026-02-28
3899,6727,3,4,3,5,Yes,2025-11-07
3900,6728,4,4,5,3,Yes,2025-04-28
3901,6730,4,5,4,4,Yes,2025-04-10
3902,6731,4,4,4,4,Yes,2026-07-06
3903,6733,1,3,5,4,No,2025-08-31
3904,6737,2,3,3,3,No,2024-06-03
3905,6738,3,5,4,4,Yes,2025-09-03
3906,6740,4,4,4,5,Yes,2025-05-17
3907,6742,5,3,5,4,Yes,2025-07-31
3908,6744,4,3,4,4,Yes,2025-03-16
3909,6745,3,4,4,4,Yes,2024-12-17
3910,6746,4,3,3,3,No,2024-05-16
3911,6747,4,4,4,3,Yes,2024-03-06
3912,6750,2,3,4,4,No,2025-01-21
3913,6752,3,3,3,4,No,2025-11-17
3914,6755,4,4,5,4,Yes,2024-12-29
3915,6756,4,4,3,4,Yes,2026-02-13
3916,6757,3,4,5,4,Yes,2026-08-23
3917,6762,3,4,4,3,Yes,2025-05-20
3918,6763,4,4,4,3,Yes,2024-11-30
3919,6764,3,3,3,4,No,2024-10-11
3920,6765,3,3,5,3,Yes,2025-12-29
3921,6766,4,4,3,4,Yes,2025-03-25
3922,6772,5,4,4,4,Yes,2025-02-09
3923,6776,4,4,5,4,Yes,2026-07-15
3924,6777,3,4,4,5,Yes,2026-07-13
3925,6780,4,5,3,2,Yes,2025-12-02
3926,6782,5,4,4,5,Yes,2024-04-04
3927,6783,4,4,3,3,Yes,2026-01-10
3928,6785,4,5,5,4,Yes,2025-03-03
3929,6786,3,3,4,4,Yes,2024-11-29
3930,6787,3,4,5,5,Yes,2025-09-21
3931,6789,4,4,5,2,Yes,2024-02-06
3932,6792,5,4,4,4,Yes,2025-07-10
3933,6795,5,4,5,4,Yes,2026-03-06
3934,6797,4,4,3,2,No,2026-03-04
3935,6798,5,3,4,4,Yes,2025-03-12
3936,6799,4,4,4,4,Yes,2026-07-29
3937,6800,2,4,3,4,No,2026-03-01
3938,6801,3,3,4,2,No,2024-03-18
3939,6803,3,5,3,4,Yes,2024-08-03
3940,6805,4,3,5,5,Yes,2025-08-11
3941,6806,5,5,4,5,Yes,2024-05-26
3942,6807,5,3,4,3,Yes,2024-04-30
3943,6808,4,5,4,4,Yes,2024-07-31
3944,6809,5,4,4,4,Yes,2024-04-10
3945,6810,4,4,5,2,Yes,2024-11-13
3946,6812,3,2,4,4,No,2024-07-22
3947,6813,4,5,5,4,Yes,2025-09-21
3948,6814,4,4,4,3,Yes,2025-04-13
3949,6815,2,2,3,3,No,2024-07-04
3950,6820,4,4,5,5,Yes,2026-08-31
3951,6823,4,3,5,4,Yes,2025-09-21
3952,6824,3,4,4,3,Yes,2025-03-11
3953,6830,3,3,3,4,No,2026-02-13
3954,6831,4,3,5,4,Yes,2025-12-05
3955,6832,3,4,4,4,Yes,2025-07-06
3956,6834,4,4,3,4,Yes,2025-09-12
3957,6835,4,3,3,4,Yes,2024-04-09
3958,6836,3,3,3,4,No,2026-02-06
3959,6838,4,4,5,5,Yes,2024-12-20
3960,6839,3,4,4,3,Yes,2025-04-30
3961,6840,5,4,3,4,Yes,2024-09-12
3962,6842,5,4,4,4,Yes,2024-07-15
3963,6843,4,4,4,4,Yes,2024-01-25
3964,6845,3,4,4,4,Yes,2024-03-04
3965,6846,2,5,3,4,Yes,2024-02-07
3966,6852,4,4,4,3,Yes,2024-05-09
3967,6854,3,4,2,4,No,2025-01-29
3968,6855,4,5,3,4,Yes,2025-01-28
3969,6856,4,4,3,3,Yes,2025-09-21
3970,6857,4,4,4,3,Yes,2025-01-19
3971,6858,4,4,4,4,Yes,2025-10-05
3972,6859,4,4,3,4,Yes,2026-01-27
3973,6861,3,4,3,5,Yes,2025-06-02
3974,6864,3,2,3,4,No,2026-05-07
3975,6865,5,4,4,3,Yes,2026-03-04
3976,6866,4,5,4,4,Yes,2025-06-16
3977,6867,3,5,4,4,Yes,2024-08-27
3978,6869,4,3,3,2,No,2025-09-13
3979,6870,4,3,5,4,Yes,2025-04-14
3980,6871,4,4,4,3,Yes,2024-02-28
3981,6872,4,3,5,3,Yes,2024-10-21
3982,6873,4,4,3,2,No,2026-06-21
3983,6878,3,4,5,4,Yes,2026-05-14
3984,6879,3,5,4,5,Yes,2026-04-20
3985,6880,3,3,3,3,No,2025-09-09
3986,6882,3,4,4,5,Yes,2025-06-22
3987,6884,4,3,3,4,Yes,2025-04-07
3988,6885,5,5,5,5,Yes,2024-09-01
3989,6887,4,4,3,3,Yes,2025-06-20
3990,6888,2,4,4,2,No,2026-08-19
3991,6889,4,4,4,5,Yes,2024-03-08
3992,6890,4,3,5,5,Yes,2025-12-04
3993,6894,5,5,4,5,Yes,2024-06-18
3994,6895,5,3,3,4,Yes,2025-01-02
3995,6896,5,3,4,4,Yes,2024-12-10
3996,6897,5,3,3,5,Yes,2024-05-23
3997,6899,5,4,5,4,Yes,2026-04-03
3998,6900,4,4,4,3,Yes,2025-08-15
3999,6901,3,3,4,4,Yes,2025-07-29
4000,6902,4,4,2,5,Yes,2024-11-23
4001,6903,3,2,3,4,No,2024-08-27
4002,6904,3,4,4,3,Yes,2026-02-27
4003,6905,3,4,4,3,Yes,2025-04-15
4004,6906,4,4,4,4,Yes,2026-03-28
4005,6909,4,5,4,3,Yes,2025-07-24
4006,6912,3,4,3,4,Yes,2024-09-05
4007,6914,3,5,5,4,Yes,2024-12-07
4008,6916,4,4,4,3,Yes,2025-08-27
4009,6917,3,4,5,4,Yes,2024-02-17
4010,6919,4,4,4,5,Yes,2026-03-04
4011,6920,3,4,2,4,No,2024-08-14
4012,6922,4,4,5,5,Yes,2026-08-29
4013,6925,3,5,3,4,Yes,2026-03-07
4014,6926,4,4,3,5,Yes,2024-05-16
4015,6927,4,4,4,3,Yes,2025-01-04
4016,6929,4,4,4,5,Yes,2025-10-23
4017,6931,4,5,4,4,Yes,2026-03-04
4018,6933,3,4,4,5,Yes,2026-04-18
4019,6935,4,4,5,3,Yes,2024-09-25
4020,6936,3,5,4,4,Yes,2024-06-01
4021,6938,3,4,4,4,Yes,2024-04-12
4022,6939,3,4,3,4,Yes,2025-04-14
4023,6942,3,3,3,4,No,2024-05-20
4024,6943,4,4,3,3,Yes,2025-08-14
4025,6944,4,4,4,2,Yes,2024-11-29
4026,6945,5,4,3,3,Yes,2025-04-23
4027,6947,3,5,3,5,Yes,2025-12-26
4028,6948,4,4,3,3,Yes,2024-09-06
4029,6949,5,3,4,2,Yes,2024-12-04
4030,6950,5,4,4,5,Yes,2024-04-29
4031,6952,5,5,5,5,Yes,2025-11-06
4032,6954,4,4,4,4,Yes,2025-03-08
4033,6955,3,5,4,4,Yes,2026-03-10
4034,6957,5,4,4,4,Yes,2024-11-03
4035,6961,3,3,4,3,No,2025-08-23
4036,6962,3,3,4,3,No,2026-05-24
4037,6966,3,4,4,5,Yes,2025-07-28
4038,6967,4,4,3,5,Yes,2024-12-21
4039,6968,4,4,5,3,Yes,2025-01-21
4040,6969,5,1,2,3,No,2024-08-20
4041,6970,5,3,4,4,Yes,2025-06-08
4042,6972,4,3,3,5,Yes,2026-09-07
4043,6973,5,3,4,4,Yes,2024-12-01
4044,6974,3,4,5,4,Yes,2025-10-27
4045,6975,4,5,4,4,Yes,2024-05-21
4046,6976,5,4,4,3,Yes,2026-03-14
4047,6978,3,4,4,3,Yes,2026-05-26
4048,6979,4,4,3,2,No,2026-07-16
4049,6980,3,3,4,4,Yes,2026-03-10
4050,6981,4,5,5,3,Yes,2025-01-10
4051,6984,5,4,2,4,Yes,2025-12-03
4052,6985,4,3,4,4,Yes,2026-06-02
4053,6986,4,5,5,5,Yes,2024-03-12
4054,6987,5,4,5,4,Yes,2024-06-02
4055,6988,5,2,2,3,No,2024-08-07
4056,6989,2,3,3,4,No,2026-02-01
4057,6991,4,4,4,4,Yes,2025-12-16
4058,6992,5,4,5,4,Yes,2026-08-05
4059,6994,4,3,4,5,Yes,2025-01-07
4060,6996,3,4,4,3,Yes,2024-04-19
4061,6997,5,4,4,4,Yes,2025-12-22
4062,6998,4,2,5,2,No,2025-11-24
4063,7000,4,4,4,5,Yes,2024-01-28
4064,7002,2,4,4,3,No,2026-08-08
4065,7009,4,5,4,5,Yes,2026-07-14
4066,7011,4,2,3,4,No,2025-04-22
4067,7012,4,4,4,3,Yes,2025-12-30
4068,7013,4,5,3,4,Yes,2025-09-25
4069,7014,4,4,4,5,Yes,2025-01-10
4070,7016,5,2,4,3,Yes,2025-06-29
4071,7017,4,4,4,5,Yes,2026-07-31
4072,7018,3,3,4,3,No,2026-08-01
4073,7019,4,3,3,4,Yes,2024-02-25
4074,7021,4,4,4,3,Yes,2025-04-28
4075,7022,4,4,4,5,Yes,2026-08-26
4076,7023,3,4,4,5,Yes,2024-08-13
4077,7025,3,4,4,4,Yes,2025-03-07
4078,7026,4,3,5,4,Yes,2024-10-08
4079,7027,5,3,3,3,Yes,2026-07-03
4080,7029,5,4,3,4,Yes,2024-08-01
4081,7031,4,4,4,4,Yes,2026-08-10
4082,7037,3,5,4,4,Yes,2024-06-22
4083,7038,4,2,4,4,Yes,2024-06-01
4084,7040,4,3,3,5,Yes,2026-07-30
4085,7041,3,4,4,4,Yes,2026-03-10
4086,7042,3,3,5,3,Yes,2024-03-22
4087,7043,4,5,5,5,Yes,2026-07-07
4088,7045,5,5,4,3,Yes,2026-07-01
4089,7046,3,4,3,3,No,2025-05-16
4090,7047,2,4,4,3,No,2025-07-12
4091,7048,2,4,3,4,No,2024-08-16
4092,7050,4,5,5,5,Yes,2024-11-07
4093,7052,2,4,4,3,No,2026-02-13
4094,7054,3,3,4,4,Yes,2024-03-30
4095,7055,5,3,3,3,Yes,2024-07-08
4096,7057,2,3,4,4,No,2024-11-08
4097,7058,5,3,4,4,Yes,2025-10-24
4098,7059,5,4,4,5,Yes,2024-07-05
4099,7062,3,4,4,3,Yes,2025-09-18
4100,7063,3,3,3,5,Yes,2024-12-06
4101,7064,4,3,3,5,Yes,2026-06-17
4102,7066,4,4,3,4,Yes,2024-09-24
4103,7067,4,5,5,3,Yes,2024-11-27
4104,7068,4,4,3,5,Yes,2024-03-27
4105,7070,4,3,2,3,No,2024-09-09
4106,7072,3,3,5,4,Yes,2025-10-31
4107,7073,3,4,4,4,Yes,2025-01-02
4108,7078,4,5,4,4,Yes,2025-09-03
4109,7079,5,3,3,3,Yes,2024-10-08
4110,7080,4,3,4,4,Yes,2025-08-23
4111,7081,4,3,2,3,No,2024-11-25
4112,7083,4,3,4,4,Yes,2024-08-02
4113,7086,4,4,4,4,Yes,2026-03-04
4114,7088,5,3,4,3,Yes,2024-05-10
4115,7089,4,3,4,5,Yes,2024-05-28
4116,7091,5,3,5,4,Yes,2024-05-22
4117,7092,4,4,4,3,Yes,2025-08-23
4118,7096,5,3,2,4,Yes,2025-02-16
4119,7097,4,4,5,4,Yes,2024-07-24
4120,7098,3,4,4,3,Yes,2024-07-01
4121,7100,4,3,3,5,Yes,2024-03-10
4122,7101,4,3,3,2,No,2024-07-05
4123,7102,4,3,4,3,Yes,2026-07-17
4124,7103,4,3,3,4,Yes,2024-11-25
4125,7105,4,4,4,4,Yes,2025-12-23
4126,7108,2,3,3,5,No,2026-08-21
4127,7109,3,2,4,4,No,2025-07-19
4128,7110,5,4,3,3,Yes,2026-01-29
4129,7115,5,3,5,5,Yes,2026-08-12
4130,7118,4,3,3,3,No,2025-09-18
4131,7120,4,3,3,4,Yes,2026-08-04
4132,7122,4,5,4,4,Yes,2025-03-02
4133,7125,4,3,4,4,Yes,2024-04-09
4134,7126,5,4,5,4,Yes,2024-12-13
4135,7129,5,5,4,4,Yes,2026-07-30
4136,7130,3,3,4,3,No,2024-03-22
4137,7132,3,5,4,5,Yes,2026-07-01
4138,7135,3,3,3,4,No,2025-05-10
4139,7136,4,4,4,3,Yes,2025-04-24
4140,7142,4,5,5,4,Yes,2024-12-28
4141,7143,4,5,3,4,Yes,2025-03-17
4142,7144,4,5,5,3,Yes,2025-06-09
4143,7145,3,4,4,5,Yes,2026-09-03
4144,7148,4,4,2,3,No,2026-07-26
4145,7150,5,2,4,5,Yes,2026-03-31
4146,7152,4,4,4,5,Yes,2025-07-29
4147,7153,3,3,4,2,No,2026-02-15
4148,7154,3,4,4,4,Yes,2025-07-02
4149,7157,4,4,4,4,Yes,2026-01-19
4150,7158,4,3,3,5,Yes,2025-10-03
4151,7159,3,4,3,4,Yes,2024-02-24
4152,7161,3,4,4,3,Yes,2024-04-20
4153,7162,3,4,3,4,Yes,2024-11-30
4154,7163,3,2,5,4,Yes,2025-05-29
4155,7164,4,4,4,5,Yes,2025-10-23
4156,7165,3,4,4,5,Yes,2025-11-15
4157,7166,4,2,5,4,Yes,2024-02-28
4158,7167,5,4,3,3,Yes,2024-02-25
4159,7168,4,2,3,4,No,2025-06-12
4160,7169,4,3,3,3,No,2025-02-13
4161,7172,3,4,4,4,Yes,2024-04-19
4162,7175,3,4,4,4,Yes,2025-07-09
4163,7179,4,4,4,5,Yes,2025-09-02
4164,7181,4,4,4,4,Yes,2024-04-14
4165,7182,4,3,4,3,Yes,2025-01-19
4166,7187,3,4,4,3,Yes,2025-06-02
4167,7188,4,4,4,4,Yes,2024-09-12
4168,7189,4,3,5,3,Yes,2024-04-26
4169,7190,4,5,5,4,Yes,2025-09-25
4170,7191,3,3,4,3,No,2026-07-18
4171,7192,4,4,4,4,Yes,2025-05-13
4172,7193,4,4,4,3,Yes,2025-01-17
4173,7194,4,4,4,4,Yes,2024-06-19
4174,7201,5,4,4,5,Yes,2026-02-02
4175,7202,4,5,4,4,Yes,2026-08-12
4176,7203,4,4,5,5,Yes,2024-12-26
4177,7204,4,5,5,4,Yes,2024-09-08
4178,7208,4,3,3,4,Yes,2026-06-27
4179,7209,4,5,4,3,Yes,2024-05-24
4180,7211,3,4,4,4,Yes,2026-07-29
4181,7213,4,2,3,3,No,2024-08-09
4182,7215,4,4,3,5,Yes,2025-07-10
4183,7216,3,4,3,5,Yes,2024-05-31
4184,7217,2,3,4,4,No,2025-02-21
4185,7219,5,5,5,4,Yes,2025-10-24
4186,7220,4,4,4,4,Yes,2024-10-27
4187,7221,4,5,3,5,Yes,2026-04-14
4188,7224,4,4,4,3,Yes,2024-09-03
4189,7225,3,3,3,3,No,2025-02-26
4190,7227,4,4,5,4,Yes,2024-01-28
4191,7232,4,4,5,4,Yes,2024-12-07
4192,7233,3,4,4,5,Yes,2024-11-08
4193,7236,5,4,4,5,Yes,2024-11-26
4194,7237,4,3,4,4,Yes,2026-03-04
4195,7238,4,4,4,4,Yes,2025-03-22
4196,7239,5,3,4,4,Yes,2025-11-22
4197,7240,3,4,4,3,Yes,2024-05-04
4198,7241,4,4,4,4,Yes,2025-12-24
4199,7243,5,5,4,4,Yes,2025-05-28
4200,7244,4,3,3,3,No,2025-12-29
4201,7245,4,3,4,4,Yes,2025-05-03
4202,7247,4,4,3,3,Yes,2025-08-30
4203,7248,3,5,5,3,Yes,2026-08-10
4204,7250,4,5,4,3,Yes,2025-12-25
4205,7251,4,2,4,3,No,2026-08-23
4206,7252,3,4,4,5,Yes,2026-08-28
4207,7253,4,3,4,4,Yes,2026-05-30
4208,7255,4,5,4,3,Yes,2025-04-10
4209,7260,5,5,3,5,Yes,2025-07-31
4210,7261,4,4,4,4,Yes,2026-06-25
4211,7262,4,3,3,4,Yes,2024-10-13
4212,7265,2,2,4,4,No,2024-10-11
4213,7266,2,3,4,3,No,2024-10-17
4214,7268,4,4,3,3,Yes,2025-01-04
4215,7273,4,4,3,3,Yes,2024-03-01
4216,7274,4,5,4,4,Yes,2025-11-06
4217,7278,5,5,4,4,Yes,2026-01-17
4218,7279,4,5,2,4,Yes,2025-02-13
4219,7281,4,3,4,3,Yes,2025-03-25
4220,7282,4,4,5,5,Yes,2026-06-18
4221,7283,4,3,4,4,Yes,2025-03-24
4222,7284,4,5,4,4,Yes,2025-05-27
4223,7286,5,3,4,4,Yes,2026-05-03
4224,7287,3,3,3,4,No,2024-03-10
4225,7288,3,4,4,4,Yes,2025-09-19
4226,7289,4,2,4,3,No,2024-02-01
4227,7290,3,4,3,3,No,2024-04-07
4228,7291,4,4,3,3,Yes,2026-05-03
4229,7293,3,5,4,4,Yes,2026-04-26
4230,7295,4,4,3,4,Yes,2024-05-23
4231,7300,3,3,4,4,Yes,2024-12-12
4232,7303,4,4,4,2,Yes,2025-11-03
4233,7304,4,5,4,4,Yes,2026-03-24
4234,7313,4,5,5,4,Yes,2026-04-27
4235,7315,4,4,4,3,Yes,2025-11-08
4236,7316,3,3,4,4,Yes,2026-06-07
4237,7317,4,3,4,5,Yes,2024-12-05
4238,7322,4,5,4,3,Yes,2025-09-05
4239,7324,5,5,4,4,Yes,2025-11-21
4240,7327,4,4,4,4,Yes,2024-05-17
4241,7334,4,4,3,5,Yes,2026-01-05
4242,7335,4,5,3,5,Yes,2025-10-21
4243,7336,4,3,4,5,Yes,2026-01-04
4244,7337,4,4,5,4,Yes,2024-12-15
4245,7340,4,3,3,4,Yes,2025-12-06
4246,7341,5,3,5,4,Yes,2026-02-24
4247,7342,4,4,4,3,Yes,2025-12-19
4248,7347,5,4,5,4,Yes,2025-08-31
4249,7350,5,3,4,4,Yes,2026-07-11
4250,7351,3,5,3,3,Yes,2024-09-16
4251,7353,4,4,4,4,Yes,2025-04-11
4252,7356,4,3,4,3,Yes,2024-03-13
4253,7357,3,5,4,3,Yes,2026-04-22
4254,7359,2,4,2,2,No,2024-05-30
4255,7363,4,4,3,4,Yes,2024-07-09
4256,7364,4,3,5,3,Yes,2025-02-21
4257,7365,4,5,4,3,Yes,2025-07-24
4258,7368,4,3,4,3,Yes,2025-09-02
4259,7369,5,4,4,4,Yes,2024-11-27
4260,7372,3,3,3,4,No,2025-09-07
4261,7373,5,5,3,4,Yes,2025-11-23
4262,7374,5,3,4,5,Yes,2026-07-26
4263,7375,3,3,4,3,No,2025-07-26
4264,7376,4,4,4,3,Yes,2024-10-09
4265,7377,4,5,4,4,Yes,2024-04-04
4266,7378,5,3,4,5,Yes,2024-09-29
4267,7380,4,5,5,3,Yes,2025-11-03
4268,7382,4,5,4,3,Yes,2026-02-06
4269,7384,5,4,3,3,Yes,2025-02-25
4270,7385,4,3,4,4,Yes,2025-11-04
4271,7386,5,4,5,4,Yes,2024-10-10
4272,7388,3,4,5,3,Yes,2025-04-17
4273,7392,2,3,4,5,Yes,2026-03-18
4274,7395,3,3,3,4,No,2025-11-27
4275,7396,4,3,4,4,Yes,2026-04-21
4276,7397,3,3,3,4,No,2024-07-12
4277,7399,5,3,5,4,Yes,2024-02-23
4278,7400,3,3,5,3,Yes,2024-07-13
4279,7402,4,4,4,4,Yes,2024-12-03
4280,7403,4,5,3,5,Yes,2024-05-30
4281,7404,4,3,3,4,Yes,2026-08-13
4282,7405,5,3,3,4,Yes,2024-06-14
4283,7406,5,3,5,3,Yes,2025-12-12
4284,7407,3,5,3,5,Yes,2025-01-28
4285,7411,3,5,4,4,Yes,2024-11-24
4286,7417,4,4,5,3,Yes,2024-05-19
4287,7418,4,4,4,3,Yes,2024-08-19
4288,7419,3,4,4,2,No,2026-04-20
4289,7420,4,4,2,3,No,2026-07-15
4290,7421,3,3,5,4,Yes,2025-08-10
4291,7422,3,3,3,3,No,2025-08-02
4292,7423,4,4,4,4,Yes,2026-01-26
4293,7424,4,3,4,4,Yes,2025-03-21
4294,7425,3,3,3,4,No,2026-06-05
4295,7427,4,4,3,3,Yes,2024-10-31
4296,7430,2,4,5,2,No,2024-11-17
4297,7432,4,4,4,4,Yes,2024-12-31
4298,7433,3,3,3,5,Yes,2024-07-03
4299,7434,5,4,4,3,Yes,2026-07-24
4300,7435,5,3,4,4,Yes,2026-03-05
4301,7438,5,4,5,4,Yes,2025-05-15
4302,7441,3,3,4,4,Yes,2025-06-06
4303,7442,3,4,4,1,No,2025-06-01
4304,7443,5,4,5,5,Yes,2025-07-18
4305,7444,5,5,5,3,Yes,2024-05-29
4306,7445,5,3,5,3,Yes,2025-02-21
4307,7446,4,4,4,4,Yes,2025-09-04
4308,7447,4,3,3,3,No,2026-08-16
4309,7448,4,3,5,4,Yes,2026-02-13
4310,7451,4,3,4,3,Yes,2026-08-14
4311,7452,5,4,3,3,Yes,2026-04-11
4312,7454,3,5,4,3,Yes,2024-06-03
4313,7457,4,3,5,4,Yes,2024-10-19
4314,7458,3,3,4,4,Yes,2024-05-05
4315,7459,3,4,3,4,Yes,2025-11-24
4316,7460,4,5,4,4,Yes,2025-03-31
4317,7461,4,4,4,4,Yes,2025-09-08
4318,7462,3,5,3,5,Yes,2026-03-01
4319,7463,2,3,5,2,No,2024-05-02
4320,7465,4,4,4,4,Yes,2026-04-03
4321,7466,3,4,4,3,Yes,2026-07-10
4322,7467,3,4,3,4,Yes,2026-02-10
4323,7468,3,3,4,4,Yes,2026-08-04
4324,7469,5,4,3,5,Yes,2025-01-30
4325,7471,3,3,4,4,Yes,2025-03-30
4326,7472,4,3,3,4,Yes,2026-02-01
4327,7473,4,3,4,5,Yes,2024-11-17
4328,7474,4,4,3,3,Yes,2025-10-25
4329,7476,4,4,4,4,Yes,2025-05-23
4330,7479,4,3,5,4,Yes,2024-06-30
4331,7480,5,4,4,4,Yes,2026-04-21
4332,7483,5,3,5,5,Yes,2024-07-12
4333,7485,2,4,4,2,No,2026-02-21
4334,7487,3,4,4,3,Yes,2026-06-20
4335,7491,4,3,3,3,No,2024-06-02
4336,7492,4,3,4,4,Yes,2026-01-19
4337,7493,3,4,4,5,Yes,2025-01-08
4338,7494,3,3,5,3,Yes,2024-07-23
4339,7497,4,2,3,3,No,2024-06-18
4340,7499,3,3,4,4,Yes,2025-10-19
4341,7500,4,3,4,5,Yes,2026-08-21
4342,7503,3,5,4,5,Yes,2026-07-14
4343,7504,3,3,4,3,No,2024-03-14
4344,7505,3,5,5,5,Yes,2024-11-09
4345,7508,3,5,4,4,Yes,2026-05-12
4346,7509,4,4,5,4,Yes,2026-01-26
4347,7513,5,4,5,5,Yes,2026-07-02
4348,7515,5,3,4,4,Yes,2024-10-11
4349,7516,4,2,4,3,No,2025-09-04
4350,7518,4,3,4,3,Yes,2026-03-24
4351,7519,4,5,4,3,Yes,2026-06-20
4352,7522,4,4,4,3,Yes,2025-08-02
4353,7523,4,4,4,4,Yes,2024-07-06
4354,7524,4,3,3,3,No,2025-04-21
4355,7525,4,4,4,5,Yes,2025-02-15
4356,7526,5,3,4,4,Yes,2026-05-24
4357,7528,5,4,4,3,Yes,2025-08-20
4358,7529,3,5,5,4,Yes,2025-01-07
4359,7535,5,3,4,5,Yes,2025-02-10
4360,7536,3,4,4,4,Yes,2026-06-10
4361,7537,4,4,3,5,Yes,2025-03-03
4362,7540,4,4,5,5,Yes,2024-06-19
4363,7545,4,5,4,3,Yes,2025-11-04
4364,7546,5,4,5,4,Yes,2025-04-01
4365,7548,2,3,4,4,No,2024-08-05
4366,7549,5,5,5,5,Yes,2024-12-17
4367,7551,3,4,4,3,Yes,2025-02-04
4368,7553,4,5,5,5,Yes,2026-03-31
4369,7554,4,3,3,4,Yes,2025-08-07
4370,7556,3,3,4,5,Yes,2024-11-01
4371,7557,3,5,4,5,Yes,2026-01-05
4372,7558,5,3,5,5,Yes,2025-11-16
4373,7559,4,3,4,3,Yes,2024-02-29
4374,7560,2,4,4,5,Yes,2024-01-24
4375,7564,4,3,3,3,No,2025-05-20
4376,7565,3,4,4,4,Yes,2025-04-06
4377,7566,3,4,2,3,No,2025-05-24
4378,7569,4,5,4,3,Yes,2024-04-30
4379,7571,4,3,4,3,Yes,2024-04-29
4380,7572,4,3,4,5,Yes,2025-09-01
4381,7574,4,4,3,4,Yes,2025-05-22
4382,7575,4,4,3,2,No,2025-11-18
4383,7576,3,3,2,3,No,2025-02-17
4384,7578,3,4,5,3,Yes,2025-07-04
4385,7580,4,5,4,5,Yes,2025-07-28
4386,7581,5,5,4,4,Yes,2024-02-26
4387,7582,4,4,2,4,Yes,2025-09-30
4388,7583,5,3,4,2,Yes,2025-10-11
4389,7584,4,1,4,4,No,2024-09-04
4390,7585,4,3,4,4,Yes,2024-10-05
4391,7586,5,4,5,4,Yes,2026-06-15
4392,7589,3,4,3,2,No,2025-07-13
4393,7591,3,5,2,4,Yes,2025-10-19
4394,7592,5,4,3,4,Yes,2024-04-12
4395,7595,4,5,3,4,Yes,2025-05-13
4396,7596,5,4,4,4,Yes,2025-07-23
4397,7597,4,3,4,3,Yes,2024-08-19
4398,7598,5,3,5,4,Yes,2026-03-15
4399,7600,3,5,4,5,Yes,2025-05-30
4400,7601,4,3,5,3,Yes,2024-12-22
4401,7602,4,3,5,5,Yes,2026-02-20
4402,7604,3,4,4,3,Yes,2025-11-28
4403,7605,4,4,4,4,Yes,2025-10-08
4404,7606,3,4,4,4,Yes,2026-05-29
4405,7608,4,4,5,5,Yes,2025-10-13
4406,7613,5,5,4,5,Yes,2025-06-28
4407,7615,3,3,4,3,No,2024-06-25
4408,7616,4,3,3,4,Yes,2025-04-24
4409,7617,4,4,4,4,Yes,2025-05-16
4410,7618,5,3,4,4,Yes,2024-10-30
4411,7619,3,2,4,4,No,2026-03-25
4412,7621,4,3,3,5,Yes,2025-11-28
4413,7622,3,3,5,3,Yes,2026-04-25
4414,7623,3,3,5,2,No,2025-07-02
4415,7624,4,3,4,2,No,2024-10-08
4416,7627,3,3,4,3,No,2024-03-10
4417,7630,3,4,4,4,Yes,2024-01-15
4418,7632,4,3,4,5,Yes,2026-06-01
4419,7634,3,4,3,2,No,2026-06-05
4420,7635,4,5,4,3,Yes,2025-03-13
4421,7636,3,4,4,3,Yes,2024-11-26
4422,7637,3,4,4,4,Yes,2024-02-29
4423,7639,5,3,4,4,Yes,2026-06-23
4424,7642,3,4,4,4,Yes,2025-12-14
4425,7645,4,5,4,3,Yes,2025-03-17
4426,7646,3,3,4,4,Yes,2026-07-25
4427,7647,5,3,4,3,Yes,2025-07-18
4428,7648,4,4,2,4,Yes,2026-06-22
4429,7649,3,4,3,3,No,2026-08-22
4430,7650,4,4,3,4,Yes,2024-02-07
4431,7652,3,5,3,5,Yes,2026-05-21
4432,7653,4,4,4,3,Yes,2024-12-31
4433,7654,5,4,4,4,Yes,2025-01-16
4434,7656,3,4,5,4,Yes,2024-04-13
4435,7657,4,2,4,5,Yes,2025-02-04
4436,7659,4,5,4,3,Yes,2025-01-16
4437,7660,3,4,4,4,Yes,2026-08-30
4438,7661,4,5,5,4,Yes,2026-02-04
4439,7663,3,4,4,5,Yes,2026-08-11
4440,7664,3,4,4,4,Yes,2024-04-25
4441,7665,4,4,4,3,Yes,2026-08-22
4442,7667,4,4,5,4,Yes,2024-11-11
4443,7669,3,5,3,4,Yes,2025-01-11
4444,7671,5,5,3,4,Yes,2026-01-19
4445,7672,3,4,3,4,Yes,2024-10-28
4446,7673,3,3,3,4,No,2026-08-04
4447,7675,3,4,2,4,No,2024-12-02
4448,7680,4,4,3,4,Yes,2024-06-08
4449,7683,4,4,5,4,Yes,2024-10-28
4450,7684,4,4,5,4,Yes,2025-02-05
4451,7686,4,3,5,4,Yes,2024-09-13
4452,7687,4,3,4,4,Yes,2024-05-28
4453,7688,5,4,4,4,Yes,2026-08-06
4454,7690,4,3,4,3,Yes,2025-11-27
4455,7691,4,4,4,4,Yes,2025-10-01
4456,7693,4,3,4,3,Yes,2026-06-01
4457,7695,4,4,5,4,Yes,2024-06-29
4458,7696,4,3,5,3,Yes,2025-02-19
4459,7698,3,4,3,4,Yes,2025-08-05
4460,7699,3,3,3,3,No,2025-04-20
4461,7700,3,4,3,5,Yes,2025-04-17
4462,7701,4,5,4,3,Yes,2024-01-30
4463,7702,5,4,3,4,Yes,2024-07-21
4464,7704,5,4,5,3,Yes,2024-06-04
4465,7705,3,5,4,3,Yes,2026-03-20
4466,7706,4,4,2,3,No,2025-06-11
4467,7708,3,3,5,4,Yes,2026-08-25
4468,7710,3,5,5,4,Yes,2025-10-10
4469,7712,4,4,3,4,Yes,2024-10-28
4470,7713,4,5,5,4,Yes,2025-12-13
4471,7717,4,5,3,4,Yes,2026-01-20
4472,7720,4,4,4,5,Yes,2026-02-04
4473,7721,4,4,5,4,Yes,2025-04-29
4474,7723,4,4,3,4,Yes,2026-07-13
4475,7724,5,5,4,3,Yes,2026-03-02
4476,7726,4,3,5,2,Yes,2026-04-08
4477,7728,3,4,4,3,Yes,2026-05-18
4478,7731,4,2,4,4,Yes,2025-11-27
4479,7732,5,4,4,4,Yes,2024-04-13
4480,7734,5,4,4,5,Yes,2026-02-16
4481,7735,4,4,4,3,Yes,2025-12-18
4482,7737,4,4,4,4,Yes,2025-07-01
4483,7741,4,4,3,4,Yes,2025-04-29
4484,7742,2,3,4,3,No,2025-11-26
4485,7744,5,4,5,4,Yes,2025-02-08
4486,7746,4,3,4,3,Yes,2024-10-27
4487,7750,5,4,4,4,Yes,2025-03-07
4488,7751,4,4,5,3,Yes,2024-12-16
4489,7754,4,5,3,4,Yes,2024-02-14
4490,7758,3,3,4,4,Yes,2026-02-02
4491,7761,3,3,5,5,Yes,2024-11-24
4492,7764,2,3,4,3,No,2025-11-04
4493,7765,4,4,4,3,Yes,2025-01-08
4494,7767,4,3,4,4,Yes,2024-10-10
4495,7769,5,5,4,4,Yes,2026-01-02
4496,7774,4,4,5,4,Yes,2025-10-01
4497,7776,4,3,4,4,Yes,2024-08-23
4498,7777,4,3,5,3,Yes,2024-05-04
4499,7778,3,3,4,4,Yes,2026-06-06
4500,7779,5,4,3,4,Yes,2024-03-18
4501,7780,4,4,4,4,Yes,2024-03-09
4502,7782,2,5,4,4,Yes,2025-03-26
4503,7783,3,4,4,3,Yes,2024-10-26
4504,7784,4,2,3,5,Yes,2025-02-21
4505,7787,3,3,4,4,Yes,2025-07-02
4506,7788,5,4,3,3,Yes,2026-01-23
4507,7789,4,4,4,3,Yes,2025-07-02
4508,7790,4,4,3,3,Yes,2025-10-21
4509,7791,3,3,4,3,No,2025-12-15
4510,7797,4,5,4,4,Yes,2025-02-03
4511,7799,3,4,2,2,No,2026-01-30
4512,7803,4,5,4,3,Yes,2024-05-26
4513,7804,4,3,5,5,Yes,2024-12-16
4514,7809,3,2,2,4,No,2025-02-05
4515,7816,4,4,3,3,Yes,2026-07-24
4516,7818,4,4,4,3,Yes,2026-05-20
4517,7820,4,2,4,4,Yes,2025-11-09
4518,7821,3,3,4,3,No,2026-05-10
4519,7824,5,4,4,4,Yes,2025-09-25
4520,7825,4,4,4,4,Yes,2025-04-27
4521,7827,4,4,5,2,Yes,2025-12-23
4522,7828,4,3,5,5,Yes,2026-01-24
4523,7829,3,5,5,4,Yes,2024-07-09
4524,7830,4,2,4,3,No,2024-07-30
4525,7831,4,3,5,3,Yes,2026-06-24
4526,7832,4,3,5,4,Yes,2025-10-13
4527,7833,3,3,3,3,No,2025-10-10
4528,7835,3,3,4,4,Yes,2026-06-18
4529,7836,4,3,4,3,Yes,2024-03-25
4530,7840,3,3,4,4,Yes,2025-05-15
4531,7841,5,3,3,4,Yes,2025-12-18
4532,7843,5,5,5,3,Yes,2024-08-04
4533,7844,3,4,4,2,No,2024-05-04
4534,7845,5,3,4,3,Yes,2024-12-08
4535,7849,3,3,4,4,Yes,2024-09-28
4536,7851,4,5,3,3,Yes,2024-05-10
4537,7855,3,5,4,4,Yes,2026-07-15
4538,7856,3,3,2,3,No,2025-05-29
4539,7857,3,3,5,4,Yes,2025-04-07
4540,7858,3,3,5,4,Yes,2026-01-28
4541,7860,5,4,4,4,Yes,2025-12-17
4542,7861,3,3,4,2,No,2026-02-22
4543,7863,5,3,3,4,Yes,2026-03-26
4544,7865,5,4,3,5,Yes,2024-09-05
4545,7866,3,3,4,4,Yes,2025-08-04
4546,7867,3,3,5,3,Yes,2026-03-12
4547,7869,2,3,4,5,Yes,2024-03-23
4548,7874,2,3,4,4,No,2025-06-27
4549,7875,4,4,5,4,Yes,2024-04-21
4550,7876,4,4,4,5,Yes,2025-05-05
4551,7877,4,4,4,4,Yes,2026-06-14
4552,7879,4,4,4,4,Yes,2024-07-08
4553,7880,5,3,5,3,Yes,2026-07-11
4554,7882,3,4,3,4,Yes,2025-11-26
4555,7883,4,3,5,2,Yes,2024-11-05
4556,7884,4,5,3,5,Yes,2025-02-08
4557,7885,4,4,3,3,Yes,2026-07-20
4558,7886,3,5,2,4,Yes,2026-05-20
4559,7887,2,4,3,3,No,2025-09-24
4560,7888,4,4,5,4,Yes,2025-07-01
4561,7889,2,5,3,3,No,2025-02-23
4562,7890,3,5,5,4,Yes,2026-04-23
4563,7892,3,4,3,3,No,2024-08-06
4564,7893,5,4,4,5,Yes,2025-02-21
4565,7896,4,3,4,4,Yes,2024-04-03
4566,7898,3,3,2,3,No,2026-02-20
4567,7899,4,4,4,4,Yes,2025-12-30
4568,7900,4,5,4,5,Yes,2024-09-04
4569,7901,3,2,5,3,No,2025-08-25
4570,7906,2,4,3,3,No,2026-01-03
4571,7908,5,3,3,2,No,2025-11-22
4572,7911,2,5,3,4,Yes,2026-04-08
4573,7915,4,3,4,5,Yes,2024-09-11
4574,7921,4,4,3,3,Yes,2025-10-01
4575,7922,4,5,4,3,Yes,2024-05-28
4576,7923,2,4,3,4,No,2025-04-04
4577,7924,5,4,3,3,Yes,2025-12-19
4578,7925,3,4,3,4,Yes,2024-05-25
4579,7926,4,5,4,4,Yes,2026-01-01
4580,7927,3,3,3,3,No,2025-07-05
4581,7931,5,4,3,4,Yes,2024-04-21
4582,7932,5,4,5,5,Yes,2024-12-25
4583,7933,3,4,4,4,Yes,2026-05-16
4584,7934,3,3,3,3,No,2026-02-28
4585,7935,4,5,4,3,Yes,2024-07-15
4586,7936,4,4,4,5,Yes,2024-08-19
4587,7937,5,4,4,4,Yes,2025-08-27
4588,7939,3,3,3,4,No,2026-03-08
4589,7940,4,4,4,3,Yes,2026-01-16
4590,7941,5,4,3,5,Yes,2025-06-10
4591,7942,3,4,4,4,Yes,2026-02-06
4592,7943,3,3,4,4,Yes,2025-08-16
4593,7944,4,4,4,4,Yes,2025-12-23
4594,7945,5,4,4,4,Yes,2024-08-14
4595,7946,4,4,5,5,Yes,2024-07-27
4596,7948,4,3,4,4,Yes,2024-05-12
4597,7950,4,4,4,5,Yes,2024-08-11
4598,7951,4,2,3,5,Yes,2025-04-23
4599,7952,2,3,3,3,No,2026-03-28
4600,7954,4,2,3,5,Yes,2025-12-15
4601,7955,4,4,3,4,Yes,2024-03-15
4602,7957,3,5,4,5,Yes,2024-07-31
4603,7959,4,4,4,5,Yes,2024-11-13
4604,7963,5,4,3,3,Yes,2026-03-14
4605,7964,4,4,4,4,Yes,2025-07-08
4606,7966,3,3,4,4,Yes,2024-03-10
4607,7967,5,3,3,3,Yes,2025-09-15
4608,7971,3,4,4,4,Yes,2026-03-16
4609,7975,4,3,5,4,Yes,2026-07-09
4610,7982,3,3,3,3,No,2026-05-25
4611,7987,5,4,5,4,Yes,2024-08-30
4612,7992,4,4,4,2,Yes,2025-12-25
4613,7993,4,4,4,4,Yes,2024-05-06
4614,7996,4,3,4,4,Yes,2024-11-08
4615,7997,3,3,3,4,No,2024-01-19
4616,7998,5,3,5,3,Yes,2025-03-29
4617,8002,5,5,4,4,Yes,2025-08-24
4618,8003,4,3,4,4,Yes,2025-12-17
4619,8004,3,4,3,1,No,2025-04-22
4620,8005,3,4,4,4,Yes,2025-08-01
4621,8006,4,5,3,3,Yes,2024-08-30
4622,8009,4,2,4,4,Yes,2025-09-21
4623,8010,3,4,5,3,Yes,2024-04-28
4624,8011,4,3,5,4,Yes,2025-02-09
4625,8012,3,3,3,3,No,2025-05-26
4626,8013,4,5,3,3,Yes,2025-02-03
4627,8014,3,4,3,4,Yes,2025-01-24
4628,8017,3,3,3,4,No,2025-01-07
4629,8020,4,5,4,4,Yes,2024-10-12
4630,8021,5,4,3,5,Yes,2025-12-09
4631,8022,5,4,5,4,Yes,2026-09-12
4632,8025,4,3,4,4,Yes,2025-07-17
4633,8028,5,5,4,4,Yes,2025-03-30
4634,8030,3,3,4,3,No,2025-07-01
4635,8031,3,4,4,4,Yes,2025-05-21
4636,8035,4,4,4,4,Yes,2025-10-03
4637,8036,3,5,3,4,Yes,2026-03-13
4638,8037,3,4,4,4,Yes,2025-04-05
4639,8038,3,3,5,3,Yes,2025-06-27
4640,8039,4,4,5,4,Yes,2025-11-02
4641,8040,4,4,4,5,Yes,2025-11-10
4642,8041,3,4,3,4,Yes,2025-04-02
4643,8042,3,5,3,3,Yes,2024-06-27
4644,8043,3,5,4,3,Yes,2024-07-01
4645,8048,5,4,5,5,Yes,2024-09-07
4646,8049,5,4,4,4,Yes,2025-06-28
4647,8050,5,3,3,3,Yes,2026-03-25
4648,8051,3,4,4,5,Yes,2024-04-27
4649,8053,4,5,5,4,Yes,2024-04-26
4650,8055,4,4,3,3,Yes,2025-04-27
4651,8057,4,5,4,5,Yes,2024-10-10
4652,8058,3,4,5,4,Yes,2025-12-04
4653,8059,4,5,5,5,Yes,2025-08-06
4654,8060,4,4,4,4,Yes,2024-11-05
4655,8061,4,4,3,5,Yes,2024-10-08
4656,8064,3,5,3,4,Yes,2026-09-01
4657,8065,3,4,4,3,Yes,2024-07-23
4658,8067,3,3,4,4,Yes,2025-05-06
4659,8068,2,4,4,2,No,2025-11-16
4660,8069,5,3,4,5,Yes,2024-08-03
4661,8070,4,3,4,3,Yes,2025-05-14
4662,8071,4,3,4,3,Yes,2025-04-09
4663,8073,3,3,2,3,No,2025-06-10
4664,8074,3,4,3,4,Yes,2024-05-29
4665,8076,5,4,4,4,Yes,2024-08-20
4666,8080,3,5,4,4,Yes,2026-03-19
4667,8081,4,5,3,5,Yes,2024-01-16
4668,8085,3,3,3,3,No,2025-06-06
4669,8086,3,4,4,3,Yes,2026-04-22
4670,8087,3,4,5,5,Yes,2025-11-27
4671,8088,2,5,4,4,Yes,2026-05-03
4672,8089,3,4,4,4,Yes,2025-01-18
4673,8090,4,4,5,2,Yes,2025-01-31
4674,8091,4,3,4,5,Yes,2024-07-18
4675,8094,4,4,4,3,Yes,2025-03-10
4676,8095,4,4,3,3,Yes,2024-02-02
4677,8098,2,4,3,5,Yes,2024-04-10
4678,8099,5,4,4,4,Yes,2025-10-16
4679,8102,3,3,3,4,No,2026-04-12
4680,8103,4,4,5,3,Yes,2024-04-28
4681,8104,5,4,3,3,Yes,2024-12-22
4682,8105,3,3,4,3,No,2026-02-13
4683,8106,4,4,4,4,Yes,2024-07-18
4684,8107,5,5,3,4,Yes,2025-12-21
4685,8110,5,5,5,3,Yes,2024-02-26
4686,8113,4,4,4,4,Yes,2024-01-17
4687,8116,5,3,5,5,Yes,2025-04-22
4688,8117,3,2,3,2,No,2026-05-19
4689,8118,4,2,4,3,No,2026-01-04
4690,8119,5,3,4,5,Yes,2026-04-20
4691,8120,4,2,3,2,No,2026-03-18
4692,8121,4,5,5,4,Yes,2024-03-31
4693,8122,4,5,4,5,Yes,2025-09-03
4694,8123,4,5,3,4,Yes,2024-04-13
4695,8126,5,4,4,4,Yes,2026-06-03
4696,8129,3,2,3,3,No,2025-12-21
4697,8131,3,4,4,4,Yes,2026-08-13
4698,8132,4,4,4,3,Yes,2026-06-27
4699,8134,5,5,4,5,Yes,2024-10-08
4700,8135,4,4,4,3,Yes,2026-06-17
4701,8144,3,4,5,3,Yes,2026-04-28
4702,8145,4,4,4,3,Yes,2024-12-03
4703,8149,4,2,3,3,No,2026-04-02
4704,8150,3,4,4,5,Yes,2024-12-09
4705,8151,4,4,4,4,Yes,2025-09-14
4706,8153,5,4,4,5,Yes,2025-01-26
4707,8156,3,3,4,4,Yes,2026-03-22
4708,8158,4,4,5,4,Yes,2026-05-18
4709,8160,4,4,3,4,Yes,2024-05-28
4710,8161,3,4,4,4,Yes,2025-11-14
4711,8170,4,4,3,3,Yes,2025-07-21
4712,8172,4,3,4,3,Yes,2026-02-14
4713,8174,3,5,4,3,Yes,2026-03-08
4714,8175,3,4,2,4,No,2024-11-06
4715,8176,4,4,4,4,Yes,2024-11-25
4716,8178,3,4,3,4,Yes,2026-07-10
4717,8179,4,4,4,5,Yes,2024-07-20
4718,8180,3,5,4,4,Yes,2026-07-17
4719,8183,3,4,4,3,Yes,2026-01-18
4720,8185,3,4,4,4,Yes,2025-03-24
4721,8186,3,5,3,5,Yes,2024-10-10
4722,8187,3,5,4,4,Yes,2025-01-13
4723,8188,5,3,4,4,Yes,2026-01-13
4724,8189,4,4,5,4,Yes,2026-04-04
4725,8190,4,3,3,4,Yes,2025-04-30
4726,8191,3,5,3,3,Yes,2026-05-01
4727,8192,4,4,4,5,Yes,2024-05-27
4728,8193,3,4,3,3,No,2025-02-17
4729,8194,5,4,4,5,Yes,2025-05-28
4730,8196,4,4,5,3,Yes,2024-12-09
4731,8197,3,4,3,3,No,2025-08-02
4732,8199,5,4,4,5,Yes,2026-05-30
4733,8200,4,4,4,4,Yes,2024-05-20
4734,8202,5,5,4,3,Yes,2025-08-29
4735,8203,4,4,3,3,Yes,2025-07-12
4736,8204,4,4,2,3,No,2024-12-01
4737,8207,3,3,5,4,Yes,2025-05-14
4738,8209,4,3,3,4,Yes,2025-08-06
4739,8214,4,3,5,5,Yes,2025-08-11
4740,8215,3,3,4,3,No,2024-09-09
4741,8216,3,4,4,3,Yes,2025-12-14
4742,8217,4,4,4,5,Yes,2025-02-09
4743,8218,3,2,3,3,No,2026-01-13
4744,8219,4,4,3,5,Yes,2025-11-18
4745,8220,4,3,3,4,Yes,2025-10-23
4746,8225,3,3,3,4,No,2024-08-02
4747,8226,3,3,4,3,No,2026-05-31
4748,8227,4,3,3,3,No,2026-04-14
4749,8228,4,4,4,5,Yes,2025-07-10
4750,8230,5,4,4,4,Yes,2026-05-10
4751,8231,5,4,3,4,Yes,2024-10-05
4752,8232,4,3,3,3,No,2025-08-12
4753,8233,3,4,4,3,Yes,2025-03-14
4754,8234,3,3,4,2,No,2025-08-15
4755,8235,3,4,4,3,Yes,2025-11-11
4756,8236,4,3,4,3,Yes,2025-11-05
4757,8237,3,4,4,3,Yes,2025-07-17
4758,8238,5,4,4,5,Yes,2025-07-07
4759,8240,4,3,4,3,Yes,2025-02-14
4760,8241,5,4,4,4,Yes,2025-07-14
4761,8242,3,5,3,5,Yes,2026-08-22
4762,8244,5,3,5,5,Yes,2024-11-21
4763,8245,4,4,4,5,Yes,2026-08-25
4764,8251,4,4,3,5,Yes,2025-10-02
4765,8252,5,3,4,4,Yes,2024-10-24
4766,8253,3,5,3,4,Yes,2025-02-21
4767,8255,4,4,3,4,Yes,2026-01-27
4768,8256,3,4,5,2,Yes,2025-07-31
4769,8260,4,3,4,5,Yes,2024-03-31
4770,8262,4,4,3,5,Yes,2025-03-10
4771,8263,4,4,4,5,Yes,2025-12-17
4772,8264,4,4,3,4,Yes,2025-07-09
4773,8267,3,4,4,4,Yes,2025-10-28
4774,8268,3,4,5,4,Yes,2026-05-13
4775,8270,4,4,3,3,Yes,2025-07-06
4776,8272,3,5,4,5,Yes,2026-06-18
4777,8273,3,3,4,3,No,2024-02-28
4778,8275,4,3,3,5,Yes,2026-06-26
4779,8276,4,4,5,4,Yes,2026-03-03
4780,8277,4,5,3,4,Yes,2026-01-12
4781,8278,3,3,4,3,No,2024-02-19
4782,8280,3,4,4,4,Yes,2025-09-27
4783,8282,5,5,4,5,Yes,2025-07-25
4784,8284,4,2,5,4,Yes,2026-02-21
4785,8285,3,5,5,3,Yes,2025-12-17
4786,8288,5,3,4,4,Yes,2025-06-06
4787,8292,4,4,4,4,Yes,2024-06-09
4788,8293,5,4,3,5,Yes,2026-01-13
4789,8295,4,5,4,4,Yes,2025-10-02
4790,8296,3,2,3,4,No,2026-09-04
4791,8297,3,4,4,4,Yes,2026-04-26
4792,8298,3,5,5,4,Yes,2024-10-27
4793,8306,3,4,4,5,Yes,2025-11-22
4794,8309,5,4,3,4,Yes,2026-07-07
4795,8310,4,4,4,4,Yes,2025-01-27
4796,8311,5,4,5,4,Yes,2024-07-09
4797,8312,4,2,5,5,Yes,2025-04-25
4798,8313,4,3,3,2,No,2026-04-03
4799,8314,5,4,4,4,Yes,2025-06-08
4800,8315,5,4,5,5,Yes,2024-10-18
4801,8317,2,4,4,3,No,2025-10-21
4802,8319,3,4,4,4,Yes,2024-03-13
4803,8321,4,3,3,5,Yes,2024-09-24
4804,8322,5,4,4,4,Yes,2025-08-13
4805,8323,4,3,5,4,Yes,2024-04-14
4806,8325,4,3,2,4,No,2025-11-13
4807,8328,4,5,5,4,Yes,2025-03-13
4808,8331,4,4,3,5,Yes,2024-10-10
4809,8332,3,5,3,5,Yes,2026-03-07
4810,8333,5,5,4,5,Yes,2025-02-27
4811,8336,3,4,2,4,No,2026-02-15
4812,8338,3,4,3,3,No,2026-04-24
4813,8339,3,3,5,4,Yes,2024-04-22
4814,8340,3,3,3,3,No,2024-12-07
4815,8341,5,3,3,5,Yes,2025-05-20
4816,8343,4,4,4,4,Yes,2025-05-02
4817,8345,3,4,5,4,Yes,2026-04-30
4818,8349,4,4,4,4,Yes,2025-05-19
4819,8351,4,4,3,3,Yes,2025-09-12
4820,8355,5,3,3,4,Yes,2026-05-08
4821,8356,3,3,4,3,No,2026-06-10
4822,8357,5,4,5,5,Yes,2025-07-22
4823,8358,3,5,5,4,Yes,2024-06-24
4824,8363,4,4,3,3,Yes,2024-10-11
4825,8364,3,5,3,4,Yes,2025-10-08
4826,8365,4,4,3,5,Yes,2025-03-20
4827,8367,4,4,4,4,Yes,2025-10-29
4828,8368,4,3,4,4,Yes,2025-06-29
4829,8370,4,4,4,2,Yes,2024-02-07
4830,8372,4,4,5,4,Yes,2026-07-28
4831,8373,3,3,4,4,Yes,2024-04-21
4832,8374,3,3,5,4,Yes,2024-11-17
4833,8375,4,4,4,3,Yes,2024-12-22
4834,8377,5,5,4,3,Yes,2025-03-04
4835,8385,4,4,4,4,Yes,2024-04-25
4836,8386,3,4,4,3,Yes,2026-05-31
4837,8387,4,3,4,3,Yes,2025-10-28
4838,8388,4,4,5,4,Yes,2025-05-13
4839,8389,2,3,4,3,No,2025-08-30
4840,8397,5,3,4,4,Yes,2026-03-24
4841,8398,3,3,3,3,No,2025-11-29
4842,8400,2,4,5,3,Yes,2025-09-30
4843,8401,3,4,3,5,Yes,2025-11-18
4844,8406,4,5,3,3,Yes,2025-04-21
4845,8407,2,5,4,3,Yes,2024-12-22
4846,8410,5,3,5,4,Yes,2025-10-29
4847,8411,3,3,4,4,Yes,2026-05-08
4848,8412,3,5,3,4,Yes,2025-07-19
4849,8414,3,4,4,4,Yes,2024-11-01
4850,8415,5,4,4,4,Yes,2024-04-28
4851,8416,3,5,4,3,Yes,2026-04-28
4852,8417,4,4,5,3,Yes,2025-10-16
4853,8418,4,4,3,4,Yes,2025-11-08
4854,8419,4,5,4,3,Yes,2024-11-14
4855,8420,2,3,3,5,No,2025-10-30
4856,8421,3,4,5,3,Yes,2024-07-13
4857,8429,5,5,4,3,Yes,2025-05-19
4858,8430,3,3,4,4,Yes,2024-06-10
4859,8432,3,5,3,4,Yes,2024-07-21
4860,8434,2,3,3,4,No,2024-11-26
4861,8438,5,4,4,2,Yes,2024-12-09
4862,8439,3,5,5,3,Yes,2025-07-25
4863,8440,3,5,3,4,Yes,2024-03-18
4864,8441,3,4,5,4,Yes,2025-09-30
4865,8442,3,4,5,3,Yes,2026-03-25
4866,8444,4,5,3,4,Yes,2024-05-08
4867,8446,3,4,3,5,Yes,2025-03-31
4868,8447,5,4,5,3,Yes,2026-04-13
4869,8451,4,3,4,3,Yes,2025-09-18
4870,8452,3,3,4,2,No,2024-11-27
4871,8453,4,5,4,4,Yes,2026-01-07
4872,8455,5,4,4,4,Yes,2026-08-24
4873,8457,4,4,4,3,Yes,2025-09-17
4874,8459,2,5,2,2,No,2025-07-04
4875,8461,4,2,4,3,No,2024-06-26
4876,8465,2,5,4,3,Yes,2026-05-07
4877,8466,3,3,4,5,Yes,2024-05-22
4878,8467,3,2,4,4,No,2025-02-09
4879,8468,4,4,4,4,Yes,2024-02-05
4880,8471,3,4,3,3,No,2024-01-15
4881,8473,5,2,3,4,Yes,2025-06-06
4882,8475,5,5,4,4,Yes,2024-04-08
4883,8476,4,4,4,3,Yes,2025-03-22
4884,8478,3,4,4,2,No,2025-02-19
4885,8481,4,5,3,3,Yes,2026-08-10
4886,8485,3,5,3,5,Yes,2024-12-12
4887,8486,4,3,3,4,Yes,2025-08-20
4888,8487,4,5,5,3,Yes,2025-11-17
4889,8488,3,4,3,4,Yes,2024-04-15
4890,8490,3,4,4,3,Yes,2025-07-16
4891,8491,3,5,4,4,Yes,2026-07-12
4892,8492,4,3,5,3,Yes,2024-09-02
4893,8493,3,4,5,3,Yes,2024-03-30
4894,8494,2,4,4,4,Yes,2026-08-10
4895,8495,4,5,3,4,Yes,2025-11-06
4896,8496,3,4,4,3,Yes,2025-09-25
4897,8497,5,3,5,3,Yes,2026-07-07
4898,8498,4,4,4,5,Yes,2025-05-24
4899,8499,3,4,4,3,Yes,2024-03-10
4900,8500,4,3,4,3,Yes,2025-10-17
4901,8501,2,4,4,4,Yes,2026-06-12
4902,8503,4,3,3,4,Yes,2025-10-25
4903,8504,3,4,4,2,No,2024-11-29
4904,8506,3,3,2,3,No,2025-04-04
4905,8508,3,4,4,4,Yes,2026-07-11
4906,8509,3,4,4,4,Yes,2025-08-01
4907,8511,4,3,4,5,Yes,2026-03-05
4908,8512,4,5,4,3,Yes,2024-06-24
4909,8514,4,4,5,4,Yes,2025-10-21
4910,8515,3,5,4,5,Yes,2024-10-27
4911,8516,3,4,3,4,Yes,2024-05-13
4912,8517,4,3,5,5,Yes,2026-03-28
4913,8519,5,4,4,4,Yes,2025-12-06
4914,8520,4,4,4,4,Yes,2024-05-04
4915,8522,3,4,3,4,Yes,2026-04-07
4916,8524,3,3,4,4,Yes,2025-05-30
4917,8526,3,4,3,3,No,2024-08-19
4918,8529,5,4,4,4,Yes,2024-10-06
4919,8530,4,4,5,4,Yes,2025-12-01
4920,8531,2,4,3,3,No,2026-04-01
4921,8532,4,3,4,5,Yes,2024-02-11
4922,8533,4,5,4,3,Yes,2025-05-12
4923,8536,4,3,3,5,Yes,2025-04-25
4924,8538,5,3,4,4,Yes,2025-08-05
4925,8539,2,4,5,4,Yes,2025-02-19
4926,8540,3,3,4,4,Yes,2025-11-25
4927,8541,2,4,5,4,Yes,2024-03-05
4928,8542,4,3,4,3,Yes,2025-03-09
4929,8543,3,3,4,3,No,2024-11-14
4930,8544,4,4,4,4,Yes,2024-10-25
4931,8546,4,4,5,3,Yes,2025-02-14
4932,8549,4,4,4,3,Yes,2025-02-26
4933,8552,5,4,3,4,Yes,2024-04-26
4934,8553,3,4,3,4,Yes,2024-06-25
4935,8555,5,3,4,4,Yes,2024-04-02
4936,8556,3,3,3,3,No,2025-04-19
4937,8557,4,4,4,4,Yes,2024-07-27
4938,8559,3,3,4,4,Yes,2024-06-23
4939,8561,4,3,4,3,Yes,2025-10-07
4940,8562,3,4,3,4,Yes,2025-03-02
4941,8563,4,4,4,4,Yes,2026-01-10
4942,8565,4,3,2,5,Yes,2025-05-12
4943,8567,4,4,5,4,Yes,2025-03-13
4944,8569,4,4,5,3,Yes,2026-04-03
4945,8572,5,4,5,4,Yes,2026-08-24
4946,8575,3,3,4,2,No,2024-12-05
4947,8576,4,4,4,4,Yes,2025-06-29
4948,8578,5,4,4,3,Yes,2025-12-31
4949,8579,3,5,3,4,Yes,2024-05-05
4950,8580,5,5,4,4,Yes,2024-10-27
4951,8581,4,4,5,5,Yes,2026-05-04
4952,8582,3,3,5,4,Yes,2024-07-21
4953,8583,3,4,5,4,Yes,2026-08-17
4954,8584,5,3,5,4,Yes,2025-05-07
4955,8585,3,5,4,3,Yes,2026-03-28
4956,8586,2,4,3,3,No,2024-08-27
4957,8587,3,4,3,3,No,2024-05-13
4958,8588,2,4,4,4,Yes,2024-05-19
4959,8591,4,4,4,4,Yes,2024-10-21
4960,8594,4,5,4,4,Yes,2026-01-07
4961,8596,3,4,4,4,Yes,2024-12-24
4962,8601,3,5,3,5,Yes,2025-07-25
4963,8602,5,4,4,4,Yes,2026-03-11
4964,8603,3,3,4,5,Yes,2025-11-12
4965,8606,3,4,4,3,Yes,2026-07-17
4966,8607,4,3,4,4,Yes,2024-02-01
4967,8609,4,3,4,5,Yes,2024-03-06
4968,8611,4,4,3,3,Yes,2024-12-27
4969,8612,4,3,3,5,Yes,2025-01-23
4970,8613,4,4,5,5,Yes,2025-08-10
4971,8614,4,4,5,4,Yes,2025-04-27
4972,8615,5,3,4,4,Yes,2024-03-04
4973,8619,2,4,1,4,No,2024-01-19
4974,8623,4,2,4,4,Yes,2025-07-12
4975,8624,3,3,4,4,Yes,2024-02-26
4976,8625,3,5,4,4,Yes,2026-07-06
4977,8626,3,4,3,4,Yes,2024-05-26
4978,8627,4,3,4,4,Yes,2024-10-01
4979,8628,4,4,4,3,Yes,2024-03-18
4980,8629,5,4,4,4,Yes,2025-08-08
4981,8631,3,4,4,5,Yes,2026-03-20
4982,8632,3,3,4,5,Yes,2026-01-13
4983,8633,3,5,4,3,Yes,2025-07-27
4984,8634,3,3,4,4,Yes,2024-07-08
4985,8635,4,5,3,3,Yes,2026-02-24
4986,8638,5,3,3,4,Yes,2024-09-26
4987,8639,4,3,4,4,Yes,2025-12-27
4988,8642,3,3,2,5,No,2025-11-10
4989,8643,3,5,3,3,Yes,2026-08-31
4990,8647,4,5,4,4,Yes,2026-02-09
4991,8648,4,4,5,3,Yes,2026-03-27
4992,8652,3,4,4,4,Yes,2026-08-21
4993,8654,3,4,3,4,Yes,2025-04-06
4994,8656,4,4,4,4,Yes,2025-03-30
4995,8657,4,4,5,4,Yes,2025-09-27
4996,8658,3,4,2,4,No,2026-06-30
4997,8659,5,3,3,4,Yes,2026-01-02
4998,8660,5,4,3,4,Yes,2025-03-31
4999,8663,4,4,5,5,Yes,2026-09-08
5000,8665,4,4,4,4,Yes,2025-12-22
5001,8667,4,3,3,4,Yes,2026-01-27
5002,8668,4,3,4,4,Yes,2024-12-01
5003,8669,5,4,4,3,Yes,2024-06-26
5004,8670,3,5,4,3,Yes,2024-02-21
5005,8671,4,4,4,4,Yes,2026-01-28
5006,8672,3,3,3,5,Yes,2024-10-26
5007,8676,3,4,4,2,No,2024-09-17
5008,8679,4,4,5,5,Yes,2026-03-23
5009,8680,4,3,4,4,Yes,2025-08-23
5010,8682,4,5,3,5,Yes,2025-05-19
5011,8683,4,3,4,3,Yes,2024-08-09
5012,8686,4,4,3,3,Yes,2024-11-18
5013,8687,3,3,3,4,No,2026-02-16
5014,8694,4,4,3,4,Yes,2026-08-02
5015,8696,3,4,4,3,Yes,2026-02-23
5016,8697,4,4,4,3,Yes,2024-06-15
5017,8698,3,3,3,3,No,2025-11-24
5018,8699,4,4,3,3,Yes,2026-04-30
5019,8700,3,3,3,2,No,2025-02-25
5020,8701,4,5,3,4,Yes,2026-05-09
5021,8702,5,4,4,3,Yes,2026-03-23
5022,8703,4,4,4,4,Yes,2024-12-24
5023,8704,3,3,3,3,No,2025-03-10
5024,8706,5,4,5,5,Yes,2024-04-12
5025,8707,4,3,5,4,Yes,2024-05-21
5026,8708,4,4,3,4,Yes,2025-03-23
5027,8711,4,5,3,4,Yes,2025-02-09
5028,8713,5,3,3,5,Yes,2025-04-27
5029,8714,5,4,4,4,Yes,2024-07-13
5030,8715,5,4,2,4,Yes,2024-03-02
5031,8716,4,4,5,4,Yes,2025-07-02
5032,8717,4,3,3,4,Yes,2024-02-27
5033,8720,5,4,3,4,Yes,2025-07-11
5034,8721,4,4,5,4,Yes,2024-02-22
5035,8723,4,5,4,4,Yes,2024-07-27
5036,8724,3,3,4,4,Yes,2026-04-29
5037,8725,2,4,4,5,Yes,2024-10-27
5038,8727,4,4,4,3,Yes,2024-04-05
5039,8728,4,3,2,5,Yes,2024-09-01
5040,8729,3,4,3,5,Yes,2024-01-29
5041,8730,4,4,4,2,Yes,2025-04-17
5042,8731,4,4,5,3,Yes,2026-04-02
5043,8732,4,5,4,3,Yes,2024-10-21
5044,8733,5,4,4,4,Yes,2024-03-21
5045,8734,4,4,4,3,Yes,2024-10-23
5046,8736,4,3,5,3,Yes,2024-05-10
5047,8738,4,5,4,4,Yes,2026-05-27
5048,8739,2,4,3,4,No,2024-07-25
5049,8740,4,3,5,2,Yes,2026-06-17
5050,8744,5,5,4,4,Yes,2025-04-25
5051,8745,4,3,3,4,Yes,2024-12-06
5052,8746,5,3,4,3,Yes,2026-09-05
5053,8748,4,3,4,4,Yes,2024-05-29
5054,8749,5,2,5,5,Yes,2024-02-18
5055,8750,2,4,3,3,No,2026-02-12
5056,8754,3,5,5,3,Yes,2026-06-07
5057,8759,4,4,4,3,Yes,2025-01-14
5058,8760,5,3,5,5,Yes,2026-05-12
5059,8761,4,3,4,3,Yes,2024-07-21
5060,8763,3,4,5,5,Yes,2024-10-21
5061,8765,5,3,5,4,Yes,2026-07-03
5062,8768,4,4,3,4,Yes,2025-06-22
5063,8770,3,4,3,5,Yes,2024-04-09
5064,8772,2,4,4,3,No,2024-03-24
5065,8773,4,4,5,4,Yes,2025-03-03
5066,8774,4,3,3,3,No,2024-01-27
5067,8777,4,2,3,4,No,2025-12-23
5068,8778,3,4,3,3,No,2026-03-15
5069,8780,4,3,4,3,Yes,2026-03-02
5070,8781,4,3,4,4,Yes,2025-05-29
5071,8785,4,5,4,5,Yes,2025-06-22
5072,8788,5,5,5,3,Yes,2025-08-03
5073,8790,3,2,4,3,No,2026-05-20
5074,8791,4,3,4,4,Yes,2024-11-06
5075,8793,3,4,4,3,Yes,2024-08-30
5076,8794,4,3,4,4,Yes,2026-01-09
5077,8798,5,3,4,5,Yes,2024-08-21
5078,8802,3,3,5,2,No,2025-02-15
5079,8803,4,5,4,3,Yes,2024-11-07
5080,8805,4,3,3,3,No,2025-05-02
5081,8807,4,2,4,3,No,2026-05-04
5082,8808,4,4,3,4,Yes,2025-09-14
5083,8809,4,4,4,4,Yes,2025-04-03
5084,8814,4,5,3,5,Yes,2024-05-08
5085,8815,3,2,5,4,Yes,2026-05-13
5086,8816,5,5,3,2,Yes,2026-06-03
5087,8819,3,4,4,3,Yes,2024-02-06
5088,8820,4,4,3,5,Yes,2025-01-11
5089,8821,5,4,5,5,Yes,2025-01-18
5090,8823,4,4,2,3,No,2026-07-22
5091,8825,3,3,3,3,No,2025-02-28
5092,8826,2,3,4,2,No,2024-05-28
5093,8827,3,3,4,5,Yes,2025-04-09
5094,8828,3,5,3,3,Yes,2026-03-18
5095,8831,4,4,4,4,Yes,2024-12-14
5096,8832,3,2,3,3,No,2024-12-16
5097,8835,4,3,4,4,Yes,2024-11-02
5098,8836,4,4,5,5,Yes,2024-03-12
5099,8840,3,4,4,4,Yes,2026-03-13
5100,8841,5,4,4,5,Yes,2024-03-21
5101,8844,4,4,5,4,Yes,2024-07-13
5102,8845,3,4,4,3,Yes,2026-09-11
5103,8846,4,4,5,5,Yes,2026-04-08
5104,8847,3,5,3,4,Yes,2025-11-14
5105,8848,4,2,4,4,Yes,2024-07-01
5106,8850,4,5,4,5,Yes,2024-03-04
5107,8851,3,3,3,4,No,2026-07-07
5108,8852,5,4,3,5,Yes,2024-06-23
5109,8853,4,4,3,5,Yes,2025-03-17
5110,8855,4,3,4,5,Yes,2026-08-24
5111,8856,4,4,4,3,Yes,2025-11-02
5112,8857,4,4,4,2,Yes,2025-08-08
5113,8858,4,3,3,2,No,2026-02-21
5114,8859,4,3,4,4,Yes,2025-07-09
5115,8865,3,4,4,3,Yes,2025-10-10
5116,8866,3,3,4,5,Yes,2025-05-30
5117,8867,5,4,3,4,Yes,2025-07-12
5118,8869,5,4,4,4,Yes,2024-04-06
5119,8871,4,4,5,3,Yes,2024-04-11
5120,8872,4,3,4,3,Yes,2025-07-14
5121,8873,5,4,4,4,Yes,2026-01-17
5122,8874,4,3,4,4,Yes,2026-08-15
5123,8875,5,3,3,5,Yes,2026-05-08
5124,8876,5,4,3,2,Yes,2025-11-04
5125,8878,2,3,2,3,No,2026-04-07
5126,8880,4,5,4,3,Yes,2025-02-18
5127,8881,4,4,3,3,Yes,2025-04-30
5128,8882,4,3,3,3,No,2024-09-24
5129,8887,5,4,3,3,Yes,2025-03-17
5130,8888,4,4,4,5,Yes,2024-07-13
5131,8891,4,4,4,3,Yes,2025-11-30
5132,8893,4,3,4,4,Yes,2026-02-03
5133,8894,1,5,3,4,No,2026-04-20
5134,8896,4,4,5,4,Yes,2025-07-26
5135,8897,5,4,4,5,Yes,2025-05-19
5136,8898,5,5,5,4,Yes,2024-09-07
5137,8899,4,2,3,5,Yes,2025-01-04
5138,8900,3,4,3,4,Yes,2026-06-28
5139,8902,4,4,3,4,Yes,2026-03-22
5140,8903,4,3,3,4,Yes,2026-08-12
5141,8904,4,4,4,3,Yes,2025-04-27
5142,8905,4,5,5,4,Yes,2024-10-21
5143,8907,3,4,3,4,Yes,2025-10-06
5144,8908,4,4,4,4,Yes,2025-03-12
5145,8909,3,5,3,3,Yes,2026-01-06
5146,8910,3,3,3,3,No,2024-12-21
5147,8911,4,5,4,4,Yes,2025-01-27
5148,8913,4,5,5,3,Yes,2024-02-06
5149,8915,4,5,4,5,Yes,2026-05-17
5150,8917,4,4,4,4,Yes,2025-07-03
5151,8918,3,2,4,4,No,2024-09-26
5152,8919,4,4,5,5,Yes,2024-02-22
5153,8921,4,4,5,3,Yes,2024-11-27
5154,8922,4,5,4,4,Yes,2024-07-12
5155,8925,4,3,5,4,Yes,2025-10-17
5156,8926,3,4,4,3,Yes,2025-07-25
5157,8927,3,4,3,4,Yes,2026-06-07
5158,8928,3,3,4,4,Yes,2024-11-29
5159,8929,3,3,4,4,Yes,2025-04-17
5160,8930,3,3,4,4,Yes,2025-07-25
5161,8931,4,4,4,4,Yes,2025-03-17
5162,8932,4,3,5,3,Yes,2026-08-26
5163,8933,4,3,5,4,Yes,2026-01-19
5164,8938,3,4,3,4,Yes,2026-02-12
5165,8939,4,5,4,3,Yes,2025-04-03
5166,8940,3,4,4,3,Yes,2024-03-27
5167,8941,2,3,4,5,Yes,2025-10-15
5168,8943,2,3,2,3,No,2025-04-23
5169,8944,3,5,4,5,Yes,2026-06-11
5170,8945,2,5,5,3,Yes,2025-09-01
5171,8947,3,5,3,3,Yes,2024-06-11
5172,8948,4,5,4,4,Yes,2024-07-20
5173,8949,4,2,4,4,Yes,2024-09-18
5174,8951,4,4,3,3,Yes,2024-03-27
5175,8954,3,4,3,4,Yes,2024-01-12
5176,8955,3,4,4,3,Yes,2025-11-28
5177,8956,3,5,4,3,Yes,2026-06-22
5178,8960,3,4,4,4,Yes,2024-10-07
5179,8962,3,4,4,4,Yes,2024-06-28
5180,8966,5,4,4,4,Yes,2024-09-26
5181,8967,5,5,5,4,Yes,2025-04-14
5182,8968,2,3,5,4,Yes,2024-07-27
5183,8971,4,4,3,5,Yes,2025-05-21
5184,8972,3,4,4,5,Yes,2024-09-14
5185,8975,5,4,4,3,Yes,2024-02-13
5186,8981,2,3,4,3,No,2024-09-05
5187,8982,4,3,3,5,Yes,2025-04-10
5188,8983,2,5,5,4,Yes,2024-04-01
5189,8986,3,4,3,3,No,2025-06-30
5190,8988,5,2,4,5,Yes,2026-07-30
5191,8989,3,4,4,4,Yes,2025-01-30
5192,8991,4,4,4,4,Yes,2025-02-18
5193,8992,4,5,5,3,Yes,2026-06-13
5194,8994,4,3,5,5,Yes,2026-04-18
5195,8995,4,4,4,4,Yes,2026-07-28
5196,8998,3,5,4,4,Yes,2025-10-23
5197,8999,4,4,3,5,Yes,2025-09-11
5198,9000,2,5,4,4,Yes,2024-05-16
5199,9002,5,3,4,4,Yes,2024-03-26
5200,9003,3,4,4,4,Yes,2025-08-19
5201,9004,5,3,4,3,Yes,2025-10-30
5202,9006,5,4,4,4,Yes,2025-07-14
5203,9007,3,3,5,3,Yes,2026-05-23
5204,9010,3,5,3,3,Yes,2025-09-26
5205,9011,4,3,3,5,Yes,2025-08-31
5206,9013,4,4,3,3,Yes,2025-02-07
5207,9015,3,5,5,3,Yes,2025-08-19
5208,9018,5,4,5,4,Yes,2025-03-31
5209,9019,5,3,5,5,Yes,2024-05-04
5210,9020,5,4,4,5,Yes,2026-01-26
5211,9021,4,2,4,5,Yes,2026-08-09
5212,9022,3,3,3,4,No,2024-11-16
5213,9023,4,3,5,5,Yes,2024-08-22
5214,9026,4,3,5,3,Yes,2024-02-23
5215,9029,4,3,4,5,Yes,2024-02-25
5216,9030,4,5,4,5,Yes,2025-09-29
5217,9031,3,3,5,5,Yes,2025-07-08
5218,9032,3,4,5,4,Yes,2026-04-14
5219,9033,5,4,4,5,Yes,2026-04-16
5220,9034,4,4,4,4,Yes,2024-02-22
5221,9037,4,4,3,3,Yes,2025-12-24
5222,9038,4,5,4,3,Yes,2025-05-06
5223,9039,4,4,4,1,No,2026-04-11
5224,9041,4,4,3,3,Yes,2026-02-12
5225,9042,5,2,4,4,Yes,2026-01-19
5226,9046,4,3,5,4,Yes,2025-11-21
5227,9047,4,3,4,3,Yes,2025-09-02
5228,9048,4,2,3,5,Yes,2026-07-21
5229,9049,5,3,4,3,Yes,2026-05-21
5230,9050,4,3,4,3,Yes,2024-07-08
5231,9054,4,5,3,4,Yes,2024-05-07
5232,9056,4,3,5,4,Yes,2024-07-08
5233,9057,3,3,4,4,Yes,2026-03-09
5234,9061,3,5,4,3,Yes,2024-01-15
5235,9062,4,4,4,5,Yes,2026-01-03
5236,9063,2,2,4,4,No,2025-02-12
5237,9065,4,3,3,4,Yes,2026-02-02
5238,9066,4,3,4,3,Yes,2024-04-29
5239,9067,3,4,3,5,Yes,2024-07-13
5240,9068,4,3,4,3,Yes,2024-10-29
5241,9069,4,3,4,3,Yes,2024-08-23
5242,9070,3,4,3,5,Yes,2024-02-10
5243,9072,4,3,2,4,No,2024-06-19
5244,9073,4,4,3,3,Yes,2025-02-28
5245,9074,4,4,4,4,Yes,2024-02-25
5246,9075,3,3,4,3,No,2026-08-13
5247,9076,4,3,4,3,Yes,2025-09-01
5248,9078,4,4,5,5,Yes,2024-04-13
5249,9079,4,4,4,3,Yes,2025-09-30
5250,9080,5,3,4,4,Yes,2025-04-12
5251,9081,4,4,4,5,Yes,2024-04-20
5252,9085,4,3,3,5,Yes,2026-08-22
5253,9086,3,2,4,4,No,2024-05-03
5254,9087,3,3,5,4,Yes,2024-02-19
5255,9088,3,3,4,2,No,2026-02-22
5256,9090,5,5,3,4,Yes,2024-08-30
5257,9093,5,3,3,4,Yes,2024-07-21
5258,9094,4,3,3,4,Yes,2025-06-29
5259,9095,3,3,2,4,No,2025-02-05
5260,9097,4,3,3,4,Yes,2024-06-04
5261,9098,2,4,3,5,Yes,2025-03-08
5262,9100,5,2,4,4,Yes,2024-08-05
5263,9101,4,4,4,2,Yes,2026-03-15
5264,9102,4,3,3,5,Yes,2026-06-13
5265,9103,4,5,4,4,Yes,2025-10-10
5266,9104,4,3,4,4,Yes,2025-03-16
5267,9105,4,4,3,2,No,2024-02-19
5268,9107,5,5,5,5,Yes,2025-10-26
5269,9114,4,4,4,2,Yes,2024-04-05
5270,9117,3,4,4,4,Yes,2024-05-15
5271,9119,4,3,4,5,Yes,2025-02-11
5272,9121,4,3,4,3,Yes,2025-11-23
5273,9122,3,4,3,3,No,2025-03-01
5274,9125,3,4,4,4,Yes,2026-02-09
5275,9126,4,4,5,5,Yes,2024-11-08
5276,9127,3,4,2,3,No,2024-02-04
5277,9128,4,3,3,5,Yes,2025-04-24
5278,9129,4,4,4,3,Yes,2026-05-30
5279,9130,5,4,4,4,Yes,2024-03-25
5280,9131,4,4,4,5,Yes,2026-03-18
5281,9132,4,4,4,4,Yes,2024-09-08
5282,9133,4,4,3,4,Yes,2024-03-17
5283,9134,4,3,4,3,Yes,2026-02-04
5284,9135,4,4,3,3,Yes,2025-03-03
5285,9136,3,3,4,3,No,2025-04-12
5286,9137,5,4,3,4,Yes,2024-11-14
5287,9138,5,3,4,5,Yes,2024-11-05
5288,9141,3,4,4,4,Yes,2024-12-09
5289,9142,3,5,4,5,Yes,2026-05-09
5290,9143,5,4,3,4,Yes,2026-07-04
5291,9144,3,5,4,4,Yes,2025-04-19
5292,9145,3,2,3,4,No,2026-04-02
5293,9148,5,3,5,4,Yes,2024-03-23
5294,9150,4,3,3,3,No,2024-07-10
5295,9151,3,3,4,5,Yes,2025-01-28
5296,9152,3,3,3,5,Yes,2025-02-10
5297,9153,5,4,2,5,Yes,2024-06-24
5298,9154,3,4,4,4,Yes,2025-10-29
5299,9155,4,4,4,4,Yes,2025-11-08
5300,9158,5,4,3,4,Yes,2024-03-07
5301,9159,5,3,5,4,Yes,2025-08-28
5302,9160,5,4,5,3,Yes,2024-07-06
5303,9161,4,3,3,4,Yes,2025-06-20
5304,9162,3,4,4,4,Yes,2024-09-13
5305,9164,5,3,3,4,Yes,2025-09-12
5306,9167,4,4,3,3,Yes,2025-08-31
5307,9169,4,5,4,5,Yes,2024-09-30
5308,9170,3,4,3,4,Yes,2024-09-29
5309,9171,4,4,3,5,Yes,2026-02-12
5310,9172,3,4,4,4,Yes,2024-07-16
5311,9173,4,4,3,5,Yes,2026-02-13
5312,9174,3,4,3,4,Yes,2024-06-08
5313,9176,4,4,3,4,Yes,2025-02-24
5314,9180,3,4,4,5,Yes,2026-05-11
5315,9181,4,5,3,5,Yes,2025-12-29
5316,9182,3,4,3,4,Yes,2024-06-16
5317,9185,3,4,4,5,Yes,2024-07-04
5318,9186,5,5,4,4,Yes,2026-04-02
5319,9187,3,4,5,5,Yes,2026-06-19
5320,9188,4,5,3,3,Yes,2026-06-25
5321,9189,4,4,3,4,Yes,2024-08-21
5322,9190,4,3,4,3,Yes,2025-08-30
5323,9192,2,4,4,2,No,2025-06-07
5324,9193,4,4,5,3,Yes,2026-04-29
5325,9194,2,3,3,3,No,2024-10-25
5326,9195,3,4,3,4,Yes,2024-10-01
5327,9196,3,4,4,4,Yes,2026-09-11
5328,9197,3,4,4,4,Yes,2026-02-26
5329,9198,3,3,3,3,No,2025-09-27
5330,9199,3,4,4,3,Yes,2024-03-13
5331,9201,3,3,4,4,Yes,2025-05-08
5332,9205,3,3,3,3,No,2024-08-01
5333,9206,4,5,4,4,Yes,2025-03-10
5334,9207,3,4,3,4,Yes,2024-12-09
5335,9208,5,4,5,4,Yes,2026-05-15
5336,9210,1,2,3,2,No,2024-11-17
5337,9211,5,3,4,2,Yes,2025-09-13
5338,9212,3,5,5,4,Yes,2026-02-03
5339,9213,5,5,4,4,Yes,2025-09-18
5340,9214,4,2,5,4,Yes,2025-06-17
5341,9215,4,3,4,4,Yes,2024-07-06
5342,9216,3,4,4,4,Yes,2024-04-04
5343,9217,3,4,5,3,Yes,2024-06-27
5344,9220,5,5,4,3,Yes,2024-04-12
5345,9222,4,5,4,3,Yes,2026-05-04
5346,9223,3,5,3,5,Yes,2025-06-06
5347,9224,4,4,3,3,Yes,2024-10-28
5348,9225,5,3,5,4,Yes,2024-08-05
5349,9226,4,2,4,4,Yes,2024-05-26
5350,9227,4,3,2,3,No,2025-03-01
5351,9228,3,5,4,3,Yes,2024-02-03
5352,9229,3,4,5,5,Yes,2025-03-13
5353,9230,5,3,3,4,Yes,2026-05-05
5354,9231,3,3,3,4,No,2025-12-19
5355,9233,4,4,5,3,Yes,2024-08-25
5356,9235,4,4,4,4,Yes,2024-07-23
5357,9236,3,4,4,4,Yes,2025-10-25
5358,9237,5,2,4,5,Yes,2025-10-27
5359,9239,4,4,4,3,Yes,2025-10-13
5360,9241,3,5,2,4,Yes,2024-08-20
5361,9245,3,3,5,4,Yes,2025-12-06
5362,9246,4,4,4,4,Yes,2026-03-01
5363,9247,4,4,4,4,Yes,2024-10-08
5364,9248,3,4,5,4,Yes,2024-07-13
5365,9249,3,4,4,4,Yes,2026-05-23
5366,9250,5,4,3,4,Yes,2024-06-02
5367,9251,4,5,4,5,Yes,2026-01-13
5368,9252,4,3,4,4,Yes,2024-06-25
5369,9253,4,4,4,3,Yes,2024-12-08
5370,9254,4,4,5,4,Yes,2025-08-26
5371,9255,4,5,4,2,Yes,2025-04-06
5372,9256,4,4,4,4,Yes,2025-03-09
5373,9261,3,4,4,3,Yes,2025-05-03
5374,9265,3,5,3,4,Yes,2025-05-07
5375,9266,5,2,4,5,Yes,2026-01-19
5376,9268,5,3,3,3,Yes,2024-09-10
5377,9270,4,5,4,3,Yes,2025-02-22
5378,9271,4,3,5,4,Yes,2026-07-11
5379,9272,4,4,2,5,Yes,2025-09-12
5380,9274,3,4,3,4,Yes,2024-06-08
5381,9276,3,3,4,3,No,2026-06-11
5382,9277,4,4,4,4,Yes,2024-10-30
5383,9278,2,4,3,2,No,2024-11-14
5384,9279,2,4,4,3,No,2024-05-21
5385,9281,3,4,5,4,Yes,2024-07-23
5386,9282,4,3,4,4,Yes,2026-05-06
5387,9284,3,2,5,5,Yes,2025-08-31
5388,9285,2,4,3,4,No,2024-04-27
5389,9287,4,4,3,3,Yes,2025-08-23
5390,9288,4,3,4,4,Yes,2024-07-02
5391,9290,4,4,4,5,Yes,2024-12-19
5392,9292,2,3,5,3,No,2024-04-19
5393,9293,3,4,4,3,Yes,2025-02-27
5394,9294,3,5,3,5,Yes,2024-10-08
5395,9298,3,4,3,3,No,2024-06-05
5396,9299,4,3,4,4,Yes,2025-07-31
5397,9301,4,4,3,4,Yes,2026-08-28
5398,9302,3,3,4,5,Yes,2025-12-19
5399,9304,5,4,5,3,Yes,2024-04-12
5400,9308,4,4,4,2,Yes,2026-04-03
5401,9309,4,5,5,4,Yes,2025-02-09
5402,9310,5,3,4,4,Yes,2024-12-07
5403,9313,5,5,5,4,Yes,2024-10-10
5404,9314,5,3,3,3,Yes,2026-06-11
5405,9315,4,4,5,4,Yes,2024-05-15
5406,9318,3,4,5,4,Yes,2025-03-20
5407,9319,4,3,5,4,Yes,2024-04-14
5408,9321,2,4,4,5,Yes,2026-07-28
5409,9327,4,3,3,4,Yes,2024-05-04
5410,9329,3,2,5,4,Yes,2024-09-08
5411,9330,5,4,5,4,Yes,2025-05-19
5412,9331,3,3,4,5,Yes,2025-09-19
5413,9332,4,3,3,4,Yes,2024-06-16
5414,9333,5,4,5,4,Yes,2025-01-19
5415,9334,3,4,3,4,Yes,2024-09-09
5416,9335,3,4,4,5,Yes,2026-02-26
5417,9338,5,4,5,4,Yes,2025-02-01
5418,9339,4,3,4,3,Yes,2025-09-12
5419,9341,3,5,4,2,Yes,2025-03-06
5420,9342,4,5,5,5,Yes,2025-01-09
5421,9343,5,3,5,4,Yes,2025-12-31
5422,9345,4,4,5,5,Yes,2026-04-28
5423,9347,4,5,4,5,Yes,2025-09-28
5424,9348,5,4,5,3,Yes,2025-12-12
5425,9349,4,5,5,5,Yes,2025-11-17
5426,9351,5,3,5,4,Yes,2025-05-07
5427,9352,5,3,4,4,Yes,2025-10-25
5428,9354,3,4,3,4,Yes,2024-04-20
5429,9357,3,3,4,4,Yes,2025-03-09
5430,9358,3,4,4,3,Yes,2024-06-13
5431,9359,3,3,5,5,Yes,2024-12-13
5432,9360,4,3,4,4,Yes,2025-12-17
5433,9362,3,4,5,4,Yes,2026-08-22
5434,9363,3,4,3,3,No,2026-05-07
5435,9365,5,4,5,4,Yes,2024-03-27
5436,9366,4,4,4,5,Yes,2026-01-20
5437,9369,5,3,4,4,Yes,2026-04-20
5438,9371,4,2,5,4,Yes,2024-06-22
5439,9372,4,3,4,4,Yes,2026-05-24
5440,9373,3,2,3,5,No,2024-02-25
5441,9376,4,3,5,4,Yes,2024-07-07
5442,9377,3,3,3,3,No,2025-02-02
5443,9378,2,3,3,5,No,2025-12-28
5444,9379,4,4,4,4,Yes,2025-06-19
5445,9381,4,3,4,5,Yes,2026-05-06
5446,9384,5,4,5,4,Yes,2025-03-24
5447,9385,5,2,3,5,Yes,2026-01-18
5448,9387,4,3,5,5,Yes,2026-04-27
5449,9389,3,4,5,3,Yes,2024-03-14
5450,9391,3,4,4,4,Yes,2025-06-10
5451,9392,4,3,5,4,Yes,2024-08-19
5452,9394,4,4,3,5,Yes,2026-03-11
5453,9395,3,2,4,4,No,2026-04-24
5454,9396,5,3,5,4,Yes,2024-07-01
5455,9397,5,4,5,4,Yes,2025-04-18
5456,9398,2,5,3,3,No,2024-03-28
5457,9399,4,4,3,2,No,2025-12-07
5458,9400,4,4,4,4,Yes,2026-05-24
5459,9402,3,4,5,5,Yes,2025-08-09
5460,9403,4,4,4,4,Yes,2026-08-21
5461,9405,3,4,3,3,No,2024-12-07
5462,9406,3,3,5,4,Yes,2025-11-16
5463,9407,4,3,4,5,Yes,2024-08-11
5464,9408,4,4,5,5,Yes,2025-07-17
5465,9409,4,3,5,5,Yes,2024-06-25
5466,9410,4,3,4,5,Yes,2025-06-24
5467,9411,4,3,4,4,Yes,2024-04-01
5468,9412,3,3,3,5,Yes,2024-12-03
5469,9413,4,5,5,4,Yes,2025-11-30
5470,9414,4,4,3,3,Yes,2024-06-11
5471,9415,3,2,4,4,No,2025-01-15
5472,9416,2,4,4,4,Yes,2026-05-18
5473,9417,4,5,5,4,Yes,2024-09-11
5474,9419,5,4,4,3,Yes,2025-07-19
5475,9422,3,4,2,3,No,2026-01-20
5476,9424,4,3,4,3,Yes,2026-08-15
5477,9427,5,3,5,5,Yes,2025-02-10
5478,9431,3,5,4,4,Yes,2026-04-07
5479,9432,4,5,3,2,Yes,2025-07-03
5480,9433,3,4,3,3,No,2024-08-26
5481,9434,4,5,4,3,Yes,2024-03-23
5482,9435,4,3,5,4,Yes,2024-03-21
5483,9436,4,3,4,3,Yes,2025-10-01
5484,9437,4,3,2,4,No,2025-04-24
5485,9438,4,4,3,4,Yes,2024-06-25
5486,9440,3,4,4,4,Yes,2026-08-31
5487,9441,3,4,4,3,Yes,2026-04-12
5488,9442,4,5,4,4,Yes,2025-04-07
5489,9444,5,4,4,5,Yes,2024-06-30
5490,9446,3,4,3,4,Yes,2025-11-04
5491,9449,5,4,5,5,Yes,2024-03-03
5492,9450,4,4,4,4,Yes,2024-11-19
5493,9452,4,4,4,3,Yes,2026-03-06
5494,9453,4,3,4,5,Yes,2026-05-14
5495,9454,4,4,5,5,Yes,2025-06-24
5496,9455,4,4,5,4,Yes,2025-06-16
5497,9456,4,4,4,4,Yes,2024-12-14
5498,9457,2,5,4,4,Yes,2024-05-19
5499,9460,3,4,4,5,Yes,2025-09-14
5500,9461,3,4,4,4,Yes,2026-06-04
5501,9462,4,4,3,4,Yes,2026-06-27
5502,9466,4,4,4,4,Yes,2025-03-02
5503,9467,4,4,4,4,Yes,2024-07-14
5504,9470,3,3,5,5,Yes,2024-06-21
5505,9474,5,4,4,5,Yes,2026-07-21
5506,9477,4,3,3,3,No,2025-12-23
5507,9478,5,4,3,4,Yes,2024-11-06
5508,9481,5,4,5,3,Yes,2026-06-28
5509,9482,3,3,5,3,Yes,2025-10-11
5510,9484,4,3,3,3,No,2025-11-17
5511,9486,5,4,3,4,Yes,2024-01-19
5512,9487,2,4,4,4,Yes,2025-06-23
5513,9488,4,3,2,3,No,2026-03-04
5514,9489,4,3,5,5,Yes,2025-03-29
5515,9491,4,4,4,4,Yes,2024-12-01
5516,9492,3,4,5,4,Yes,2024-12-15
5517,9497,4,4,4,5,Yes,2024-10-15
5518,9498,4,4,4,4,Yes,2024-02-06
5519,9499,3,3,4,3,No,2025-07-10
5520,9500,3,3,5,1,No,2024-11-30
5521,9502,5,4,4,4,Yes,2024-11-22
5522,9506,3,4,4,4,Yes,2026-06-04
5523,9507,4,4,4,4,Yes,2025-09-08
5524,9508,3,3,3,5,Yes,2024-05-06
5525,9509,5,2,4,3,Yes,2025-08-19
5526,9510,4,5,4,3,Yes,2026-03-28
5527,9511,4,3,4,4,Yes,2025-05-18
5528,9515,5,5,5,4,Yes,2024-02-08
5529,9518,4,5,5,3,Yes,2026-08-17
5530,9521,4,2,4,3,No,2026-07-10
5531,9522,3,3,4,3,No,2025-03-29
5532,9523,2,3,3,4,No,2025-06-23
5533,9525,4,5,5,5,Yes,2025-12-30
5534,9526,4,5,4,3,Yes,2024-04-25
5535,9527,4,4,3,4,Yes,2025-12-27
5536,9528,5,5,5,5,Yes,2025-06-01
5537,9533,5,4,5,4,Yes,2026-03-06
5538,9536,3,4,3,3,No,2026-05-10
5539,9537,3,5,4,5,Yes,2024-11-24
5540,9542,4,3,3,5,Yes,2024-06-10
5541,9545,4,4,3,5,Yes,2026-01-27
5542,9547,4,4,4,3,Yes,2025-06-12
5543,9550,5,5,4,5,Yes,2024-12-31
5544,9551,4,4,4,3,Yes,2024-09-03
5545,9552,5,4,4,4,Yes,2025-03-31
5546,9558,4,4,3,5,Yes,2024-02-15
5547,9559,4,5,4,3,Yes,2024-11-15
5548,9560,3,4,4,2,No,2024-08-31
5549,9561,4,4,5,4,Yes,2026-01-17
5550,9562,4,4,4,4,Yes,2026-06-11
5551,9563,3,2,4,4,No,2025-10-13
5552,9564,5,3,5,4,Yes,2024-12-15
5553,9568,5,4,4,3,Yes,2025-09-16
5554,9569,3,3,4,4,Yes,2024-06-28
5555,9571,4,5,2,4,Yes,2025-12-15
5556,9572,5,3,4,5,Yes,2024-10-08
5557,9574,4,4,3,3,Yes,2025-03-23
5558,9576,4,3,3,3,No,2024-12-13
5559,9578,4,3,4,3,Yes,2026-06-27
5560,9579,3,4,5,5,Yes,2024-02-04
5561,9580,3,5,4,3,Yes,2024-11-05
5562,9582,3,3,4,4,Yes,2025-06-18
5563,9583,4,3,4,4,Yes,2025-05-26
5564,9585,4,4,5,5,Yes,2024-06-18
5565,9588,3,3,5,3,Yes,2024-07-25
5566,9590,4,3,5,5,Yes,2025-04-09
5567,9594,3,4,4,3,Yes,2025-10-23
5568,9596,3,5,4,3,Yes,2024-01-28
5569,9597,4,4,5,4,Yes,2025-05-12
5570,9599,4,3,4,3,Yes,2024-08-27
5571,9602,5,5,4,4,Yes,2026-03-25
5572,9603,3,3,4,4,Yes,2026-01-22
5573,9605,4,3,4,4,Yes,2025-08-24
5574,9607,5,4,4,4,Yes,2024-08-06
5575,9608,4,5,4,4,Yes,2024-12-27
5576,9609,3,3,4,4,Yes,2024-11-11
5577,9610,5,3,4,4,Yes,2025-10-04
5578,9613,4,4,4,4,Yes,2026-06-01
5579,9614,3,4,3,4,Yes,2026-07-03
5580,9615,2,3,4,4,No,2026-03-04
5581,9616,4,5,3,5,Yes,2024-06-07
5582,9618,4,5,5,3,Yes,2024-07-18
5583,9620,2,3,3,4,No,2026-07-19
5584,9621,4,4,4,3,Yes,2026-05-06
5585,9622,4,4,4,3,Yes,2024-04-01
5586,9625,4,4,5,4,Yes,2025-01-11
5587,9626,5,4,3,3,Yes,2025-08-27
5588,9627,3,3,3,3,No,2026-07-28
5589,9628,5,4,3,3,Yes,2025-08-23
5590,9629,3,4,3,2,No,2025-03-19
5591,9630,3,4,4,4,Yes,2025-07-27
5592,9632,4,3,4,4,Yes,2024-03-12
5593,9633,3,4,5,5,Yes,2024-06-19
5594,9634,3,4,4,4,Yes,2024-02-26
5595,9640,5,3,4,4,Yes,2026-06-11
5596,9641,4,4,3,3,Yes,2024-07-14
5597,9643,5,4,4,2,Yes,2026-05-05
5598,9644,2,3,4,4,No,2026-08-26
5599,9645,4,3,4,5,Yes,2024-04-17
5600,9646,5,4,5,4,Yes,2024-02-17
5601,9647,3,4,5,5,Yes,2024-11-12
5602,9651,4,4,5,3,Yes,2025-01-30
5603,9652,5,4,3,5,Yes,2024-11-27
5604,9653,4,5,3,5,Yes,2024-08-13
5605,9655,4,5,3,4,Yes,2026-08-25
5606,9657,4,4,4,5,Yes,2024-07-19
5607,9659,4,4,3,3,Yes,2026-05-09
5608,9660,4,3,4,5,Yes,2026-03-11
5609,9661,3,3,4,3,No,2024-03-26
5610,9662,4,4,4,5,Yes,2024-06-24
5611,9663,5,4,4,4,Yes,2025-02-12
5612,9665,4,4,3,4,Yes,2024-08-13
5613,9667,5,3,3,5,Yes,2025-04-04
5614,9671,3,3,3,4,No,2026-04-17
5615,9675,5,3,4,3,Yes,2025-07-03
5616,9676,4,4,5,4,Yes,2026-07-26
5617,9678,4,3,3,4,Yes,2025-05-02
5618,9681,5,5,5,3,Yes,2025-08-26
5619,9682,5,4,3,3,Yes,2024-12-02
5620,9683,3,5,5,3,Yes,2024-12-19
5621,9686,3,4,4,4,Yes,2026-07-16
5622,9687,5,3,4,4,Yes,2026-02-25
5623,9688,4,4,5,4,Yes,2025-01-01
5624,9689,3,4,3,3,No,2025-04-22
5625,9690,3,4,4,4,Yes,2024-10-01
5626,9693,3,4,3,3,No,2025-11-18
5627,9696,4,3,5,3,Yes,2026-04-26
5628,9697,4,3,4,4,Yes,2025-11-04
5629,9699,3,4,3,5,Yes,2025-01-23
5630,9700,5,3,4,4,Yes,2024-09-21
5631,9701,5,5,4,5,Yes,2024-04-11
5632,9702,4,4,4,3,Yes,2024-05-14
5633,9704,3,4,4,4,Yes,2024-03-23
5634,9705,5,5,5,4,Yes,2024-02-13
5635,9707,5,4,4,5,Yes,2026-07-10
5636,9708,4,4,4,4,Yes,2025-04-21
5637,9710,4,4,5,5,Yes,2025-05-02
5638,9711,3,4,5,3,Yes,2025-09-16
5639,9712,3,5,3,4,Yes,2024-09-27
5640,9714,5,3,3,5,Yes,2024-07-16
5641,9715,4,3,4,4,Yes,2024-03-09
5642,9718,5,4,4,4,Yes,2024-09-06
5643,9719,3,3,5,3,Yes,2025-02-21
5644,9720,3,5,4,3,Yes,2024-04-26
5645,9721,3,3,4,3,No,2025-05-05
5646,9725,5,3,4,4,Yes,2024-12-24
5647,9729,4,4,2,3,No,2025-10-13
5648,9732,4,4,4,3,Yes,2025-03-29
5649,9733,4,4,4,4,Yes,2024-07-03
5650,9735,2,4,3,3,No,2024-12-22
5651,9736,4,3,3,5,Yes,2024-06-18
5652,9740,5,4,2,4,Yes,2026-02-25
5653,9743,4,5,4,3,Yes,2024-12-25
5654,9744,4,4,4,3,Yes,2024-12-13
5655,9745,5,4,3,4,Yes,2024-09-29
5656,9746,3,4,4,3,Yes,2025-02-02
5657,9747,4,5,2,3,Yes,2024-12-13
5658,9749,4,5,4,4,Yes,2024-02-17
5659,9750,3,4,5,3,Yes,2025-10-26
5660,9751,3,4,4,3,Yes,2025-04-01
5661,9752,4,3,4,3,Yes,2024-10-27
5662,9754,5,4,5,4,Yes,2024-03-25
5663,9755,3,4,3,4,Yes,2024-02-22
5664,9757,5,3,4,5,Yes,2025-02-11
5665,9759,4,4,4,5,Yes,2026-05-24
5666,9760,3,5,4,3,Yes,2024-03-12
5667,9764,4,5,4,4,Yes,2025-05-04
5668,9765,3,3,4,4,Yes,2026-07-20
5669,9766,4,5,5,3,Yes,2024-07-24
5670,9767,4,4,4,3,Yes,2026-06-04
5671,9770,4,4,3,4,Yes,2025-07-14
5672,9771,5,4,3,4,Yes,2026-03-29
5673,9772,4,5,4,4,Yes,2026-01-02
5674,9774,4,3,4,4,Yes,2024-06-23
5675,9776,3,3,2,3,No,2024-11-08
5676,9778,4,4,4,4,Yes,2024-09-29
5677,9779,2,3,3,4,No,2025-01-19
5678,9782,2,3,4,3,No,2025-05-25
5679,9783,3,4,3,4,Yes,2024-07-02
5680,9784,4,4,5,3,Yes,2025-10-03
5681,9785,4,4,5,5,Yes,2025-11-02
5682,9787,4,4,5,3,Yes,2024-01-26
5683,9788,3,4,4,4,Yes,2026-09-12
5684,9790,4,3,3,3,No,2024-09-23
5685,9791,4,5,5,4,Yes,2025-02-05
5686,9792,5,3,3,3,Yes,2024-02-15
5687,9794,5,4,4,2,Yes,2026-07-26
5688,9798,3,3,5,4,Yes,2024-08-28
5689,9800,4,4,4,4,Yes,2025-02-23
5690,9801,3,4,5,3,Yes,2025-10-13
5691,9802,3,4,3,5,Yes,2024-07-10
5692,9804,5,4,4,3,Yes,2025-12-21
5693,9807,5,4,5,5,Yes,2024-04-07
5694,9808,4,3,4,4,Yes,2024-07-25
5695,9811,3,4,4,4,Yes,2024-08-08
5696,9813,4,5,3,4,Yes,2024-11-16
5697,9816,4,4,5,4,Yes,2024-10-01
5698,9817,4,4,4,3,Yes,2025-01-02
5699,9819,3,3,4,5,Yes,2026-05-10
5700,9820,4,4,4,3,Yes,2025-08-11
5701,9821,4,3,3,5,Yes,2026-01-09
5702,9822,3,3,3,4,No,2024-06-11
5703,9823,5,4,4,4,Yes,2025-09-11
5704,9824,2,4,3,3,No,2026-05-30
5705,9825,4,5,4,4,Yes,2025-02-13
5706,9828,4,4,5,4,Yes,2025-10-02
5707,9830,4,4,3,3,Yes,2026-06-03
5708,9831,4,4,4,4,Yes,2024-06-11
5709,9832,3,4,4,1,No,2025-09-25
5710,9835,4,4,4,5,Yes,2025-01-26
5711,9838,3,4,4,4,Yes,2025-01-13
5712,9839,3,4,3,4,Yes,2025-08-05
5713,9840,4,4,5,3,Yes,2025-08-09
5714,9841,4,3,3,4,Yes,2025-04-03
5715,9842,3,4,4,4,Yes,2026-07-03
5716,9843,4,4,4,5,Yes,2024-09-17
5717,9845,4,4,5,4,Yes,2025-08-26
5718,9846,5,4,5,4,Yes,2026-05-22
5719,9847,4,3,3,4,Yes,2024-12-30
5720,9848,4,4,3,4,Yes,2025-10-03
5721,9851,4,4,4,4,Yes,2025-08-08
5722,9852,3,4,4,4,Yes,2025-05-12
5723,9858,4,4,5,5,Yes,2025-08-13
5724,9863,3,3,4,4,Yes,2024-03-03
5725,9865,3,4,4,4,Yes,2024-02-14
5726,9866,4,4,4,4,Yes,2024-09-27
5727,9867,3,3,5,2,No,2026-06-28
5728,9870,5,2,4,3,Yes,2026-04-22
5729,9871,4,5,3,4,Yes,2024-11-22
5730,9873,3,4,4,5,Yes,2025-05-23
5731,9878,3,3,3,4,No,2024-08-20
5732,9879,5,3,4,4,Yes,2026-07-31
5733,9880,3,4,3,4,Yes,2025-12-30
5734,9881,3,4,4,4,Yes,2025-01-20
5735,9882,2,3,3,3,No,2026-06-23
5736,9883,5,5,5,4,Yes,2026-06-30
5737,9884,3,4,4,3,Yes,2025-03-29
5738,9887,4,4,3,4,Yes,2025-03-26
5739,9889,5,5,4,4,Yes,2024-05-06
5740,9891,5,2,4,4,Yes,2025-08-23
5741,9892,4,4,4,4,Yes,2024-12-25
5742,9895,4,3,5,4,Yes,2025-11-10
5743,9896,3,4,3,3,No,2026-01-26
5744,9897,5,3,3,4,Yes,2024-04-15
5745,9898,5,4,3,5,Yes,2024-08-20
5746,9901,5,5,5,5,Yes,2026-02-18
5747,9902,4,4,5,4,Yes,2025-07-04
5748,9905,3,5,4,3,Yes,2024-06-13
5749,9907,3,3,4,3,No,2025-04-18
5750,9908,4,3,4,4,Yes,2025-05-25
5751,9910,4,4,3,5,Yes,2024-09-26
5752,9914,4,4,3,3,Yes,2024-03-31
5753,9916,2,4,4,2,No,2024-12-23
5754,9917,4,3,4,3,Yes,2024-07-31
5755,9918,3,4,3,4,Yes,2025-12-25
5756,9921,4,4,4,4,Yes,2024-11-20
5757,9922,4,4,4,4,Yes,2025-09-28
5758,9924,5,4,4,4,Yes,2026-01-15
5759,9925,3,4,2,4,No,2024-05-21
5760,9926,3,4,3,3,No,2025-08-03
5761,9930,4,4,3,4,Yes,2024-03-24
5762,9931,4,4,5,4,Yes,2025-02-21
5763,9932,4,4,5,5,Yes,2024-12-22
5764,9934,4,5,4,3,Yes,2024-10-18
5765,9937,2,4,4,3,No,2025-10-21
5766,9938,3,4,5,3,Yes,2026-03-17
5767,9940,3,3,4,4,Yes,2025-01-25
5768,9944,4,4,5,5,Yes,2025-05-29
5769,9946,5,5,3,5,Yes,2024-08-01
5770,9947,4,4,5,4,Yes,2024-05-25
5771,9948,5,3,4,3,Yes,2024-08-22
5772,9949,3,4,5,3,Yes,2024-10-11
5773,9950,3,4,5,4,Yes,2026-02-21
5774,9951,4,4,5,4,Yes,2026-08-10
5775,9952,5,4,3,3,Yes,2024-02-06
5776,9953,3,2,4,4,No,2026-01-12
5777,9955,4,4,4,4,Yes,2025-11-09
5778,9956,4,4,3,3,Yes,2024-11-28
5779,9960,3,4,4,4,Yes,2025-03-26
5780,9961,3,4,3,3,No,2025-09-06
5781,9962,3,4,4,5,Yes,2026-01-27
5782,9963,3,4,4,4,Yes,2026-06-30
5783,9966,5,4,4,5,Yes,2025-04-06
5784,9967,4,5,5,4,Yes,2024-11-09
5785,9970,3,4,4,2,No,2024-06-05
5786,9974,4,4,3,4,Yes,2025-05-14
5787,9975,3,3,4,3,No,2026-03-11
5788,9978,4,5,4,5,Yes,2024-12-09
5789,9979,4,4,4,3,Yes,2024-04-10
5790,9980,2,3,4,3,No,2025-05-27
5791,9981,4,4,3,4,Yes,2026-06-13
5792,9982,4,5,3,5,Yes,2026-02-21
5793,9983,4,3,4,4,Yes,2026-06-22
5794,9984,4,4,3,5,Yes,2026-08-09
5795,9986,4,4,5,4,Yes,2025-09-12
5796,9987,5,4,3,4,Yes,2024-03-12
5797,9988,4,3,4,5,Yes,2024-12-14
5798,9989,4,3,4,3,Yes,2026-03-22
5799,9992,5,4,5,3,Yes,2024-09-26
5800,9993,4,3,3,4,Yes,2024-06-20
5801,9998,4,3,5,4,Yes,2026-02-06
5802,10000,5,4,5,3,Yes,2026-08-06
5803,10003,2,3,4,3,No,2025-12-13
5804,10004,4,3,3,4,Yes,2024-11-06
5805,10005,3,5,5,4,Yes,2024-10-17
5806,10007,2,4,4,3,No,2025-03-06
5807,10008,5,3,4,4,Yes,2025-05-31
5808,10011,4,4,5,3,Yes,2025-04-26
5809,10012,3,4,2,3,No,2024-04-28
5810,10013,5,4,5,3,Yes,2025-08-31
5811,10014,3,4,3,3,No,2026-06-22
5812,10015,3,3,3,5,Yes,2026-02-25
5813,10017,3,4,4,4,Yes,2025-04-20
5814,10018,3,4,3,3,No,2024-10-26
5815,10019,4,4,5,3,Yes,2026-05-30
5816,10023,5,4,5,3,Yes,2026-02-20
5817,10024,4,2,4,5,Yes,2025-03-31
5818,10025,4,3,3,5,Yes,2025-09-27
5819,10026,4,5,4,3,Yes,2026-01-12
5820,10027,5,4,3,4,Yes,2025-09-08
5821,10028,5,4,4,4,Yes,2025-02-27
5822,10029,4,4,5,4,Yes,2025-05-25
5823,10031,4,5,3,5,Yes,2026-01-09
5824,10032,3,5,4,3,Yes,2024-01-19
5825,10034,2,3,2,3,No,2024-06-26
5826,10035,3,2,3,3,No,2024-04-06
5827,10036,3,4,4,5,Yes,2024-09-23
5828,10037,3,5,3,5,Yes,2025-08-30
5829,10038,3,2,4,3,No,2025-11-06
5830,10042,3,4,4,4,Yes,2025-06-06
5831,10043,5,3,4,5,Yes,2024-10-24
5832,10045,5,5,4,4,Yes,2025-05-02
5833,10046,4,4,5,3,Yes,2025-03-02
5834,10048,4,4,4,4,Yes,2026-04-12
5835,10049,4,3,5,3,Yes,2026-02-01
5836,10050,4,4,4,3,Yes,2025-07-08
5837,10053,4,4,5,4,Yes,2026-01-29
5838,10054,4,4,4,3,Yes,2025-02-16
5839,10055,4,4,4,3,Yes,2024-03-06
5840,10056,4,5,4,4,Yes,2025-10-29
5841,10060,2,3,3,4,No,2025-11-26
5842,10063,5,4,4,3,Yes,2026-02-02
5843,10064,3,5,5,4,Yes,2025-07-06
5844,10067,5,5,4,4,Yes,2026-01-24
5845,10069,4,4,3,5,Yes,2025-09-04
5846,10071,3,4,4,5,Yes,2025-02-02
5847,10072,4,3,4,4,Yes,2025-03-27
5848,10073,5,2,4,4,Yes,2024-03-10
5849,10074,3,4,3,4,Yes,2025-08-14
5850,10081,3,5,4,4,Yes,2025-12-28
5851,10089,3,4,4,4,Yes,2026-08-24
5852,10091,4,4,4,4,Yes,2026-01-29
5853,10094,4,3,4,4,Yes,2024-04-30
5854,10095,3,5,4,4,Yes,2025-08-30
5855,10096,4,4,5,5,Yes,2024-07-02
5856,10099,2,3,4,4,No,2024-01-13
5857,10101,5,4,4,4,Yes,2026-06-07
5858,10102,3,3,4,2,No,2026-01-10
5859,10103,4,5,3,3,Yes,2025-12-26
5860,10105,4,4,3,4,Yes,2025-12-12
5861,10106,3,4,4,3,Yes,2024-03-19
5862,10107,2,4,3,3,No,2024-01-27
5863,10108,5,4,5,5,Yes,2026-07-27
5864,10111,4,4,4,3,Yes,2026-06-21
5865,10112,3,5,4,3,Yes,2025-04-04
5866,10114,4,4,4,4,Yes,2024-11-22
5867,10115,3,4,2,4,No,2026-03-21
5868,10116,3,3,4,3,No,2025-05-03
5869,10118,3,2,4,3,No,2024-12-08
5870,10119,4,4,4,3,Yes,2026-02-28
5871,10120,4,4,3,3,Yes,2026-01-15
5872,10125,3,5,4,3,Yes,2026-04-13
5873,10126,4,4,3,4,Yes,2024-12-11
5874,10127,4,3,4,4,Yes,2025-07-12
5875,10128,3,4,3,4,Yes,2025-03-03
5876,10130,3,5,3,5,Yes,2024-03-06
5877,10131,4,4,4,4,Yes,2024-12-03
5878,10132,4,4,3,4,Yes,2026-02-06
5879,10133,3,3,4,3,No,2024-03-27
5880,10138,4,3,5,3,Yes,2026-03-27
5881,10139,5,4,4,4,Yes,2024-03-12
5882,10141,3,4,4,3,Yes,2024-07-07
5883,10142,4,5,5,4,Yes,2026-05-10
5884,10143,5,4,4,5,Yes,2024-12-04
5885,10146,3,5,5,4,Yes,2026-08-18
5886,10147,4,4,4,3,Yes,2026-06-09
5887,10148,4,4,3,5,Yes,2025-01-20
5888,10150,4,4,4,4,Yes,2025-05-04
5889,10152,4,4,5,3,Yes,2024-10-09
5890,10153,5,1,4,4,Yes,2024-09-15
5891,10154,4,4,4,3,Yes,2025-12-31
5892,10158,5,3,4,3,Yes,2025-06-26
5893,10159,4,4,3,4,Yes,2024-08-06
5894,10160,4,3,4,5,Yes,2024-05-18
5895,10162,4,5,5,5,Yes,2025-06-10
5896,10163,3,4,3,2,No,2026-04-13
5897,10165,4,4,4,5,Yes,2024-10-13
5898,10167,5,5,4,3,Yes,2025-02-16
5899,10168,5,3,4,4,Yes,2025-07-03
5900,10169,3,3,4,4,Yes,2025-03-28
5901,10170,4,4,4,3,Yes,2025-07-25
5902,10171,5,4,3,4,Yes,2025-08-01
5903,10172,3,3,4,3,No,2025-08-11
5904,10173,3,4,3,4,Yes,2026-02-16
5905,10175,4,3,2,4,No,2026-06-03
5906,10177,5,5,4,5,Yes,2025-08-01
5907,10178,4,5,5,5,Yes,2025-05-06
5908,10180,4,4,3,4,Yes,2026-07-17
5909,10182,4,4,4,4,Yes,2024-11-16
5910,10183,4,3,3,4,Yes,2025-11-16
5911,10184,3,2,3,3,No,2024-02-24
5912,10185,4,3,4,3,Yes,2026-06-05
5913,10186,4,3,3,3,No,2025-08-23
5914,10188,4,3,2,4,No,2024-09-15
5915,10190,3,3,4,5,Yes,2024-07-08
5916,10195,4,5,3,5,Yes,2024-06-24
5917,10196,5,5,4,5,Yes,2024-12-21
5918,10197,5,3,4,4,Yes,2024-08-24
5919,10198,4,4,4,4,Yes,2024-08-09
5920,10199,4,4,5,3,Yes,2026-05-05
5921,10200,4,4,5,4,Yes,2025-06-04
5922,10202,5,4,3,3,Yes,2025-04-15
5923,10205,2,5,3,2,No,2025-08-04
5924,10206,4,4,3,4,Yes,2025-01-05
5925,10207,3,4,3,4,Yes,2024-10-11
5926,10208,3,4,4,3,Yes,2026-03-10
5927,10209,3,4,4,5,Yes,2024-02-03
5928,10211,4,4,4,2,Yes,2025-11-03
5929,10212,4,5,4,4,Yes,2025-01-10
5930,10213,5,5,3,4,Yes,2024-03-20
5931,10214,5,4,5,3,Yes,2024-11-11
5932,10215,5,4,4,3,Yes,2024-02-27
5933,10217,4,4,4,4,Yes,2024-05-01
5934,10218,2,4,3,4,No,2024-09-11
5935,10221,3,4,4,5,Yes,2024-09-27
5936,10224,4,4,4,4,Yes,2025-01-21
5937,10225,4,5,4,5,Yes,2025-12-16
5938,10226,5,5,3,3,Yes,2024-04-14
5939,10229,4,4,4,3,Yes,2025-05-29
5940,10230,4,4,3,3,Yes,2024-05-19
5941,10232,4,4,3,4,Yes,2025-01-26
5942,10234,4,4,5,5,Yes,2026-06-20
5943,10235,5,4,4,5,Yes,2025-05-11
5944,10239,2,4,4,3,No,2026-06-07
5945,10241,5,4,4,3,Yes,2026-08-24
5946,10242,4,5,3,3,Yes,2024-10-11
5947,10243,4,3,4,2,No,2024-01-16
5948,10244,3,4,5,3,Yes,2026-02-07
5949,10247,4,5,4,4,Yes,2024-09-16
5950,10248,2,4,3,2,No,2024-08-04
5951,10249,4,4,4,4,Yes,2025-04-01
5952,10251,3,3,5,5,Yes,2024-12-15
5953,10252,5,4,4,5,Yes,2024-08-17
5954,10253,3,5,3,3,Yes,2026-05-13
5955,10255,4,3,5,3,Yes,2026-06-27
5956,10256,4,3,5,5,Yes,2026-03-12
5957,10257,4,4,4,5,Yes,2025-12-03
5958,10258,4,5,4,2,Yes,2024-06-21
5959,10259,5,3,3,4,Yes,2026-01-29
5960,10260,3,4,3,3,No,2024-06-16
5961,10262,4,3,3,4,Yes,2025-03-02
5962,10263,5,3,5,4,Yes,2026-06-06
5963,10266,3,5,5,5,Yes,2025-04-06
5964,10267,4,5,3,4,Yes,2025-11-04
5965,10269,4,3,5,4,Yes,2024-08-02
5966,10270,4,5,3,1,No,2024-11-26
5967,10271,5,3,4,4,Yes,2024-12-27
5968,10272,3,4,2,4,No,2024-12-09
5969,10273,4,4,3,3,Yes,2025-01-14
5970,10275,3,3,4,3,No,2025-10-18
5971,10276,3,5,4,4,Yes,2025-04-04
5972,10278,4,4,4,4,Yes,2024-05-25
5973,10279,4,5,4,4,Yes,2026-09-04
5974,10280,4,4,4,4,Yes,2024-08-30
5975,10281,4,4,4,3,Yes,2024-04-18
5976,10284,4,3,4,4,Yes,2025-07-05
5977,10286,4,4,4,4,Yes,2025-01-20
5978,10287,4,3,4,5,Yes,2026-06-13
5979,10288,3,4,5,2,Yes,2026-02-24
5980,10290,4,4,4,4,Yes,2026-06-23
5981,10291,3,4,4,4,Yes,2026-02-01
5982,10295,5,4,3,4,Yes,2026-04-11
5983,10296,2,4,3,4,No,2024-05-08
5984,10297,3,4,4,5,Yes,2025-01-17
5985,10301,3,3,3,4,No,2025-11-06
5986,10302,2,3,3,5,No,2024-11-16
5987,10303,3,4,4,3,Yes,2024-12-23
5988,10304,4,4,4,4,Yes,2025-10-23
5989,10305,4,4,3,4,Yes,2025-07-26
5990,10306,4,3,3,2,No,2024-04-17
5991,10307,4,5,5,4,Yes,2024-05-06
5992,10309,4,3,4,3,Yes,2024-08-14
5993,10311,3,4,5,3,Yes,2026-02-05
5994,10313,5,4,4,4,Yes,2025-04-24
5995,10314,5,3,4,4,Yes,2025-01-15
5996,10316,3,4,4,4,Yes,2024-06-22
5997,10317,4,4,4,4,Yes,2024-09-02
5998,10318,3,2,4,4,No,2025-09-14
5999,10320,4,4,3,4,Yes,2025-02-15
6000,10322,2,5,4,5,Yes,2025-08-22
6001,10325,2,4,3,4,No,2025-12-21
6002,10326,4,5,3,5,Yes,2025-12-15
6003,10327,4,3,2,3,No,2024-06-12
6004,10329,4,2,3,5,Yes,2026-08-07
6005,10330,3,4,4,4,Yes,2024-08-19
6006,10332,4,2,3,3,No,2025-04-20
6007,10334,4,2,4,3,No,2024-08-27
6008,10335,4,4,5,4,Yes,2024-03-26
6009,10338,3,3,4,4,Yes,2026-09-03
6010,10339,4,5,3,5,Yes,2026-02-14
6011,10340,3,5,4,4,Yes,2025-06-02
6012,10344,4,4,3,3,Yes,2025-02-24
6013,10345,3,5,4,3,Yes,2026-06-19
6014,10346,3,3,3,3,No,2024-08-04
6015,10349,4,4,4,5,Yes,2025-04-07
6016,10350,3,4,5,3,Yes,2026-07-30
6017,10351,4,3,3,4,Yes,2024-03-21
6018,10352,3,4,3,4,Yes,2025-10-16
6019,10354,4,5,3,3,Yes,2026-04-04
6020,10355,4,4,4,4,Yes,2026-01-04
6021,10356,3,4,3,3,No,2026-01-31
6022,10358,2,4,3,3,No,2024-07-30
6023,10359,3,5,3,5,Yes,2024-12-22
6024,10363,3,4,5,5,Yes,2025-05-05
6025,10364,4,4,5,4,Yes,2025-12-15
6026,10368,2,3,4,4,No,2024-07-07
6027,10369,5,3,5,5,Yes,2024-05-01
6028,10370,3,5,5,4,Yes,2025-02-11
6029,10372,3,4,4,5,Yes,2024-07-17
6030,10373,4,3,4,4,Yes,2026-01-10
6031,10375,5,4,4,5,Yes,2024-12-03
6032,10376,4,4,4,3,Yes,2024-09-01
6033,10377,3,4,4,4,Yes,2026-05-29
6034,10378,3,4,4,4,Yes,2025-05-20
6035,10379,4,5,3,3,Yes,2025-11-26
6036,10380,3,3,4,5,Yes,2025-08-16
6037,10381,4,5,3,5,Yes,2024-04-11
6038,10382,4,4,4,5,Yes,2024-09-04
6039,10383,3,5,4,5,Yes,2026-06-28
6040,10384,3,3,3,3,No,2025-03-31
6041,10385,4,4,4,3,Yes,2024-03-22
6042,10386,4,4,4,3,Yes,2025-01-20
6043,10389,4,5,4,4,Yes,2024-04-12
6044,10390,4,4,3,4,Yes,2026-05-17
6045,10391,5,5,4,5,Yes,2024-11-24
6046,10392,4,3,4,5,Yes,2026-05-08
6047,10393,5,4,4,4,Yes,2026-01-17
6048,10394,4,3,5,4,Yes,2024-12-10
6049,10397,4,2,5,4,Yes,2026-07-05
6050,10398,4,4,3,3,Yes,2025-11-21
6051,10400,5,4,3,3,Yes,2024-10-12
6052,10401,5,4,4,3,Yes,2025-04-21
6053,10402,4,3,3,4,Yes,2024-07-29
6054,10404,4,5,3,3,Yes,2024-04-27
6055,10405,4,2,4,4,Yes,2025-11-02
6056,10409,3,4,3,5,Yes,2024-08-06
6057,10411,3,4,4,2,No,2025-09-26
6058,10412,3,4,4,5,Yes,2026-09-03
6059,10413,3,5,4,4,Yes,2024-04-06
6060,10414,3,2,4,5,Yes,2025-12-15
6061,10416,4,3,5,3,Yes,2025-04-03
6062,10419,3,4,4,4,Yes,2025-12-21
6063,10420,3,5,3,5,Yes,2026-04-07
6064,10422,3,4,4,4,Yes,2024-07-13
6065,10423,4,4,3,4,Yes,2024-05-21
6066,10424,5,4,4,4,Yes,2025-09-18
6067,10425,3,4,4,5,Yes,2024-05-21
6068,10427,4,3,5,3,Yes,2024-08-31
6069,10430,4,5,4,3,Yes,2025-08-19
6070,10432,3,4,3,3,No,2025-02-12
6071,10433,3,4,4,3,Yes,2026-07-29
6072,10434,4,3,4,3,Yes,2025-04-12
6073,10436,4,4,3,3,Yes,2024-02-12
6074,10439,4,4,4,3,Yes,2024-03-26
6075,10442,3,4,3,4,Yes,2025-01-26
6076,10443,4,3,3,4,Yes,2024-04-17
6077,10444,5,4,3,4,Yes,2024-02-19
6078,10447,4,5,4,3,Yes,2024-05-01
6079,10448,5,2,4,4,Yes,2025-10-31
6080,10449,3,3,4,5,Yes,2026-04-23
6081,10453,3,5,3,3,Yes,2026-04-07
6082,10454,4,4,3,4,Yes,2024-12-19
6083,10455,3,4,5,4,Yes,2025-06-29
6084,10457,4,4,4,3,Yes,2024-12-04
6085,10458,5,3,5,3,Yes,2025-08-14
6086,10459,3,4,3,4,Yes,2025-04-05
6087,10461,5,5,4,4,Yes,2024-11-05
6088,10464,4,3,3,4,Yes,2025-10-31
6089,10465,2,3,5,2,No,2024-01-26
6090,10466,4,5,3,5,Yes,2024-11-01
6091,10468,5,5,4,4,Yes,2026-06-08
6092,10469,4,3,4,3,Yes,2024-01-25
6093,10470,3,4,4,4,Yes,2025-11-06
6094,10471,3,4,4,4,Yes,2024-04-27
6095,10475,5,5,4,5,Yes,2024-05-22
6096,10477,5,4,5,3,Yes,2024-11-10
6097,10478,4,3,3,5,Yes,2024-07-10
6098,10479,3,4,4,5,Yes,2024-05-18
6099,10480,4,5,5,5,Yes,2026-04-17
6100,10481,5,3,3,3,Yes,2025-04-14
6101,10482,3,4,4,3,Yes,2026-04-20
6102,10483,4,5,3,4,Yes,2026-01-28
6103,10485,4,3,4,4,Yes,2025-10-05
6104,10487,4,5,3,3,Yes,2025-01-15
6105,10490,4,4,4,3,Yes,2024-04-14
6106,10491,5,3,3,4,Yes,2026-02-28
6107,10492,4,3,4,5,Yes,2025-03-08
6108,10494,4,2,4,3,No,2024-06-15
6109,10495,4,4,4,5,Yes,2024-04-12
6110,10498,4,4,3,3,Yes,2026-07-12
6111,10499,4,4,5,4,Yes,2024-04-27
6112,10500,3,5,4,4,Yes,2025-07-19
6113,10501,4,4,4,4,Yes,2026-02-13
6114,10505,3,4,3,5,Yes,2024-04-21
6115,10507,4,3,5,3,Yes,2026-02-12
6116,10508,4,3,5,4,Yes,2025-02-17
6117,10510,3,4,5,3,Yes,2024-12-04
6118,10511,4,3,4,3,Yes,2026-08-31
6119,10512,4,4,4,4,Yes,2026-02-01
6120,10513,4,4,5,4,Yes,2024-03-30
6121,10514,5,4,4,2,Yes,2024-04-10
6122,10515,4,3,5,5,Yes,2026-03-28
6123,10516,4,4,5,4,Yes,2025-02-12
6124,10517,4,3,3,4,Yes,2025-03-05
6125,10518,4,3,4,3,Yes,2026-04-23
6126,10522,4,5,4,4,Yes,2025-03-08
6127,10523,5,5,5,3,Yes,2024-11-02
6128,10524,4,3,3,4,Yes,2025-04-09
6129,10526,3,4,4,4,Yes,2026-06-12
6130,10527,5,4,4,4,Yes,2025-08-30
6131,10528,4,4,4,5,Yes,2024-10-25
6132,10529,3,2,4,3,No,2026-02-11
6133,10530,4,4,3,4,Yes,2024-02-07
6134,10535,3,4,3,3,No,2026-02-10
6135,10536,5,3,4,3,Yes,2026-04-14
6136,10537,4,4,3,5,Yes,2025-01-15
6137,10541,3,3,3,3,No,2025-01-13
6138,10543,5,4,4,4,Yes,2025-06-13
6139,10544,4,4,3,5,Yes,2026-01-02
6140,10545,3,4,5,4,Yes,2026-03-13
6141,10547,3,4,3,4,Yes,2026-06-30
6142,10549,5,4,3,5,Yes,2026-07-04
6143,10550,4,3,4,4,Yes,2026-04-29
6144,10551,4,4,4,3,Yes,2026-05-22
6145,10552,3,3,5,3,Yes,2026-03-17
6146,10555,3,4,3,3,No,2026-07-07
6147,10557,5,4,4,4,Yes,2024-01-22
6148,10558,4,2,2,4,No,2025-07-23
6149,10559,5,5,3,5,Yes,2024-10-28
6150,10560,3,5,5,3,Yes,2026-07-03
6151,10562,5,2,4,4,Yes,2024-02-01
6152,10563,3,5,4,4,Yes,2025-03-24
6153,10564,3,4,3,3,No,2025-04-15
6154,10565,4,4,4,4,Yes,2026-04-26
6155,10566,4,4,4,4,Yes,2024-06-14
6156,10569,5,4,4,4,Yes,2024-05-06
6157,10571,4,4,4,4,Yes,2024-06-11
6158,10572,4,4,4,5,Yes,2024-08-06
6159,10573,5,5,5,3,Yes,2026-07-23
6160,10574,3,4,5,4,Yes,2025-10-04
6161,10576,2,5,4,4,Yes,2024-04-24
6162,10577,3,4,4,5,Yes,2025-10-15
6163,10578,4,3,3,4,Yes,2025-12-01
6164,10580,4,3,4,4,Yes,2026-05-08
6165,10583,3,4,4,5,Yes,2026-05-18
6166,10585,3,3,5,4,Yes,2025-07-16
6167,10586,5,3,3,3,Yes,2025-09-05
6168,10587,4,4,5,2,Yes,2025-09-09
6169,10588,4,4,4,4,Yes,2024-03-17
6170,10594,5,3,4,5,Yes,2024-07-25
6171,10596,2,3,4,4,No,2026-03-04
6172,10597,3,4,3,3,No,2026-08-03
6173,10598,4,4,4,4,Yes,2024-02-02
6174,10599,4,4,4,3,Yes,2025-02-27
6175,10600,4,5,4,4,Yes,2026-02-23
6176,10602,4,3,3,5,Yes,2025-09-27
6177,10603,5,3,3,4,Yes,2026-04-11
6178,10604,5,4,3,3,Yes,2025-05-10
6179,10607,4,5,3,2,Yes,2026-05-21
6180,10608,3,4,3,4,Yes,2024-10-30
6181,10609,4,3,4,3,Yes,2025-09-14
6182,10611,5,4,3,4,Yes,2024-07-13
6183,10615,3,5,4,4,Yes,2025-02-22
6184,10618,4,4,4,4,Yes,2026-08-13
6185,10619,3,4,4,4,Yes,2025-02-19
6186,10620,3,4,3,3,No,2024-07-18
6187,10621,3,4,5,4,Yes,2025-08-30
6188,10622,4,5,4,4,Yes,2024-02-14
6189,10623,5,3,3,3,Yes,2024-09-22
6190,10625,4,4,2,4,Yes,2024-01-17
6191,10627,2,4,4,5,Yes,2024-06-12
6192,10628,3,5,4,3,Yes,2026-08-18
6193,10631,4,3,5,4,Yes,2026-03-12
6194,10633,2,5,4,3,Yes,2025-06-05
6195,10634,4,3,3,3,No,2024-11-07
6196,10635,4,4,4,4,Yes,2026-03-01
6197,10636,4,2,4,4,Yes,2025-02-10
6198,10637,4,3,3,4,Yes,2024-06-09
6199,10638,4,5,4,3,Yes,2025-12-25
6200,10639,4,3,5,4,Yes,2025-01-26
6201,10641,3,3,4,4,Yes,2025-08-17
6202,10642,3,4,4,4,Yes,2025-10-22
6203,10644,4,4,4,4,Yes,2026-03-26
6204,10645,5,3,5,4,Yes,2024-02-13
6205,10647,4,5,4,4,Yes,2025-06-20
6206,10649,5,5,4,4,Yes,2026-04-10
6207,10650,5,4,2,5,Yes,2026-03-23
6208,10651,4,5,5,4,Yes,2026-01-01
6209,10652,4,5,3,5,Yes,2025-05-12
6210,10653,4,4,3,3,Yes,2026-05-14
6211,10654,4,5,4,5,Yes,2025-01-06
6212,10655,4,3,4,4,Yes,2026-03-19
6213,10657,4,5,3,5,Yes,2026-01-30
6214,10658,4,4,4,3,Yes,2026-05-20
6215,10659,3,4,2,3,No,2026-02-12
6216,10662,4,4,5,3,Yes,2025-06-24
6217,10665,5,5,5,4,Yes,2026-06-24
6218,10666,4,5,4,4,Yes,2024-06-10
6219,10667,4,2,5,4,Yes,2025-01-04
6220,10668,3,3,4,4,Yes,2025-01-28
6221,10669,4,2,4,3,No,2026-08-30
6222,10670,4,2,3,3,No,2024-09-12
6223,10671,3,5,4,4,Yes,2025-04-27
6224,10672,3,4,4,4,Yes,2025-06-05
6225,10673,3,3,5,4,Yes,2025-09-19
6226,10674,5,5,3,3,Yes,2025-08-03
6227,10675,4,3,5,3,Yes,2025-01-05
6228,10676,5,5,4,5,Yes,2025-12-19
6229,10679,4,4,3,4,Yes,2025-10-30
6230,10680,3,5,3,4,Yes,2024-10-11
6231,10681,3,3,4,3,No,2025-11-02
6232,10683,4,3,4,5,Yes,2026-03-30
6233,10684,5,4,4,4,Yes,2025-01-02
6234,10685,3,5,4,5,Yes,2024-08-06
6235,10686,5,4,5,3,Yes,2024-11-29
6236,10687,3,4,5,3,Yes,2025-08-27
6237,10688,3,3,4,4,Yes,2024-03-10
6238,10689,3,4,4,5,Yes,2025-07-01
6239,10691,5,4,3,4,Yes,2024-12-30
6240,10692,3,4,3,4,Yes,2025-08-05
6241,10695,3,4,3,3,No,2024-06-03
6242,10696,4,3,4,3,Yes,2025-04-25
6243,10697,4,3,3,4,Yes,2024-02-23
6244,10698,3,4,5,5,Yes,2024-06-25
6245,10700,4,4,4,4,Yes,2025-01-20
6246,10701,4,4,5,5,Yes,2024-12-08
6247,10702,4,2,4,4,Yes,2024-12-19
6248,10703,3,4,5,3,Yes,2026-03-20
6249,10704,3,5,5,5,Yes,2024-04-19
6250,10706,5,4,4,4,Yes,2024-09-27
6251,10708,3,3,3,3,No,2025-07-13
6252,10709,4,3,3,4,Yes,2026-04-13
6253,10710,4,3,5,4,Yes,2024-09-21
6254,10711,4,2,4,2,No,2024-10-18
6255,10713,4,5,3,4,Yes,2025-07-27
6256,10715,4,5,3,5,Yes,2025-03-14
6257,10716,3,4,3,5,Yes,2026-08-22
6258,10718,3,5,3,3,Yes,2025-06-09
6259,10719,3,3,3,5,Yes,2025-12-29
6260,10721,3,3,4,3,No,2024-02-13
6261,10723,3,4,3,4,Yes,2026-02-02
6262,10724,4,4,4,4,Yes,2024-12-04
6263,10727,4,4,5,4,Yes,2026-06-13
6264,10729,4,4,4,1,No,2024-05-12
6265,10730,3,4,3,4,Yes,2026-05-01
6266,10731,3,2,4,4,No,2026-07-13
6267,10732,4,3,4,5,Yes,2024-10-31
6268,10734,5,5,5,3,Yes,2025-01-14
6269,10735,3,5,3,5,Yes,2024-06-17
6270,10736,3,3,4,4,Yes,2025-05-12
6271,10737,5,3,2,4,Yes,2025-10-01
6272,10738,3,3,4,4,Yes,2024-02-08
6273,10740,3,4,3,3,No,2025-07-23
6274,10747,4,4,3,4,Yes,2025-03-25
6275,10748,4,3,3,3,No,2024-07-08
6276,10751,4,3,5,4,Yes,2024-06-01
6277,10752,3,3,5,4,Yes,2026-03-03
6278,10753,4,5,3,5,Yes,2026-02-06
6279,10754,4,4,3,3,Yes,2025-07-17
6280,10755,5,3,3,4,Yes,2025-04-14
6281,10758,5,5,3,3,Yes,2026-01-15
6282,10759,4,4,5,4,Yes,2025-08-20
6283,10760,4,4,4,3,Yes,2026-02-18
6284,10761,3,4,4,1,No,2025-01-27
6285,10763,3,4,4,5,Yes,2024-02-11
6286,10767,4,3,5,5,Yes,2025-12-27
6287,10769,4,4,4,3,Yes,2025-03-25
6288,10770,3,3,4,3,No,2026-02-17
6289,10771,4,4,3,2,No,2025-02-20
6290,10772,3,4,3,3,No,2026-02-05
6291,10773,2,4,3,4,No,2024-05-31
6292,10774,5,5,4,4,Yes,2024-01-29
6293,10776,3,3,4,4,Yes,2024-08-01
6294,10778,4,4,5,4,Yes,2024-07-15
6295,10780,3,4,4,3,Yes,2024-09-01
6296,10782,3,4,4,3,Yes,2026-01-22
6297,10783,4,4,5,4,Yes,2024-11-06
6298,10785,5,4,5,4,Yes,2024-02-18
6299,10786,4,4,4,4,Yes,2025-01-04
6300,10787,4,4,4,3,Yes,2024-06-25
6301,10788,3,4,2,4,No,2024-09-29
6302,10789,3,4,5,3,Yes,2024-11-30
6303,10792,3,4,4,3,Yes,2025-12-31
6304,10793,4,3,5,3,Yes,2025-11-17
6305,10794,5,4,4,3,Yes,2024-12-21
6306,10795,4,4,3,5,Yes,2024-05-24
6307,10796,5,4,4,4,Yes,2025-07-31
6308,10797,4,4,3,4,Yes,2026-02-19
6309,10798,4,4,4,3,Yes,2026-08-18
6310,10799,4,4,3,3,Yes,2025-10-26
6311,10800,4,4,3,3,Yes,2026-07-28
6312,10801,4,4,3,2,No,2024-07-07
6313,10804,4,3,4,4,Yes,2025-04-23
6314,10805,5,4,5,2,Yes,2024-03-01
6315,10807,4,4,5,4,Yes,2024-04-15
6316,10808,4,4,3,4,Yes,2024-03-04
6317,10809,4,3,3,3,No,2025-05-29
6318,10810,5,3,4,5,Yes,2026-02-17
6319,10811,4,4,4,4,Yes,2025-04-06
6320,10813,4,4,4,3,Yes,2025-01-14
6321,10814,4,3,5,4,Yes,2026-06-25
6322,10815,4,4,4,3,Yes,2024-04-29
6323,10817,5,3,4,4,Yes,2025-09-07
6324,10818,4,4,3,4,Yes,2024-08-07
6325,10819,3,4,3,4,Yes,2024-06-11
6326,10820,4,4,3,4,Yes,2024-04-25
6327,10821,4,4,4,4,Yes,2024-12-18
6328,10822,5,3,5,3,Yes,2026-07-30
6329,10824,4,5,3,4,Yes,2024-07-29
6330,10826,4,4,5,5,Yes,2026-04-03
6331,10828,5,4,5,2,Yes,2025-12-03
6332,10829,4,3,2,3,No,2025-03-05
6333,10831,3,4,4,4,Yes,2026-06-06
6334,10832,4,3,3,1,No,2026-08-27
6335,10835,4,4,4,5,Yes,2024-11-20
6336,10836,5,4,5,5,Yes,2026-05-01
6337,10838,2,5,5,2,Yes,2025-05-23
6338,10839,4,4,4,4,Yes,2024-10-27
6339,10840,5,3,3,4,Yes,2026-06-16
6340,10843,5,3,4,4,Yes,2024-01-17
6341,10846,4,3,5,3,Yes,2024-06-03
6342,10847,4,3,5,3,Yes,2026-08-03
6343,10849,4,3,4,4,Yes,2024-07-11
6344,10851,5,4,5,5,Yes,2026-03-12
6345,10853,4,5,5,5,Yes,2025-02-24
6346,10856,4,4,5,3,Yes,2026-05-18
6347,10860,3,4,4,4,Yes,2024-08-06
6348,10864,4,4,3,4,Yes,2025-08-29
6349,10865,2,4,4,4,Yes,2025-03-21
6350,10868,3,4,5,4,Yes,2024-02-18
6351,10871,4,5,4,4,Yes,2025-04-05
6352,10872,3,5,4,3,Yes,2024-12-17
6353,10873,4,5,5,5,Yes,2024-09-07
6354,10874,3,4,3,4,Yes,2024-02-10
6355,10875,4,4,4,4,Yes,2026-04-26
6356,10878,2,3,3,4,No,2026-01-07
6357,10879,3,5,4,4,Yes,2025-06-23
6358,10880,3,5,4,4,Yes,2024-03-22
6359,10881,2,3,5,4,Yes,2025-01-28
6360,10882,4,5,3,5,Yes,2026-02-23
6361,10884,2,2,4,3,No,2024-09-01
6362,10885,2,3,4,3,No,2025-12-11
6363,10887,4,4,3,4,Yes,2026-03-14
6364,10888,5,3,3,4,Yes,2025-01-21
6365,10890,5,3,4,4,Yes,2025-07-29
6366,10893,4,5,5,4,Yes,2024-08-09
6367,10894,5,3,4,2,Yes,2024-11-05
6368,10898,4,2,3,3,No,2026-01-26
6369,10899,4,4,3,3,Yes,2025-07-24
6370,10902,3,4,4,3,Yes,2026-09-19
6371,10904,4,3,4,3,Yes,2025-06-17
6372,10905,4,3,3,3,No,2024-03-27
6373,10906,3,3,4,4,Yes,2024-05-06
6374,10907,5,5,3,3,Yes,2024-03-30
6375,10908,4,4,4,4,Yes,2024-05-06
6376,10911,3,5,4,4,Yes,2026-07-02
6377,10912,4,3,4,4,Yes,2024-04-16
6378,10915,3,3,4,4,Yes,2024-09-25
6379,10916,2,3,5,4,Yes,2026-08-09
6380,10917,4,5,4,4,Yes,2025-01-11
6381,10919,3,3,3,4,No,2025-01-26
6382,10921,4,5,4,5,Yes,2025-03-04
6383,10922,3,5,4,3,Yes,2024-08-13
6384,10923,4,3,3,3,No,2025-02-23
6385,10925,4,5,5,5,Yes,2026-05-29
6386,10926,4,4,4,3,Yes,2025-01-27
6387,10927,4,4,4,4,Yes,2025-03-03
6388,10929,4,5,3,5,Yes,2025-10-16
6389,10930,4,4,4,3,Yes,2026-04-16
6390,10933,5,4,4,3,Yes,2024-02-27
6391,10935,3,4,4,4,Yes,2024-10-27
6392,10936,5,3,5,4,Yes,2024-06-26
6393,10938,4,5,3,3,Yes,2024-04-10
6394,10942,4,5,4,5,Yes,2025-10-15
6395,10943,4,4,4,5,Yes,2024-02-16
6396,10944,4,3,3,4,Yes,2026-06-19
6397,10945,3,4,4,2,No,2024-07-09
6398,10947,5,2,4,3,Yes,2025-04-12
6399,10956,3,5,3,3,Yes,2025-04-18
6400,10957,4,3,5,4,Yes,2025-05-14
6401,10958,4,3,4,3,Yes,2026-01-05
6402,10959,4,5,4,4,Yes,2025-01-27
6403,10960,4,4,3,4,Yes,2024-07-18
6404,10961,3,3,4,3,No,2024-06-05
6405,10963,2,4,5,3,Yes,2026-08-11
6406,10964,4,2,3,4,No,2026-04-20
6407,10965,3,3,4,4,Yes,2025-04-12
6408,10966,4,3,3,3,No,2024-07-26
6409,10968,4,4,4,4,Yes,2024-05-21
6410,10969,4,4,5,4,Yes,2026-06-20
6411,10970,4,4,4,3,Yes,2026-07-31
6412,10973,4,5,5,3,Yes,2025-04-12
6413,10975,2,4,3,3,No,2024-04-28
6414,10977,4,3,4,4,Yes,2025-01-08
6415,10978,3,4,3,4,Yes,2026-01-03
6416,10979,4,4,4,3,Yes,2024-10-24
6417,10982,3,4,4,3,Yes,2024-10-01
6418,10983,3,5,4,4,Yes,2025-11-22
6419,10984,3,5,3,3,Yes,2024-05-29
6420,10986,3,3,4,5,Yes,2025-05-08
6421,10987,5,4,4,4,Yes,2026-01-12
6422,10988,3,3,4,3,No,2025-04-26
6423,10989,4,3,5,3,Yes,2026-04-06
6424,10990,3,4,4,3,Yes,2024-07-11
6425,10992,2,5,3,3,No,2024-11-13
6426,10993,4,5,4,5,Yes,2024-09-24
6427,10995,3,4,4,4,Yes,2025-12-13
6428,10997,4,4,5,3,Yes,2026-06-06
6429,10998,4,4,4,4,Yes,2025-10-26
6430,10999,3,4,5,3,Yes,2026-07-13
6431,11000,4,5,3,4,Yes,2025-01-12
6432,11002,4,5,3,4,Yes,2025-01-15
6433,11004,2,4,3,4,No,2025-09-10
6434,11006,4,3,4,4,Yes,2024-07-14
6435,11010,5,4,5,4,Yes,2025-12-02
6436,11011,4,2,4,2,No,2024-02-16
6437,11014,4,4,4,4,Yes,2025-06-07
6438,11015,3,3,4,4,Yes,2025-07-20
6439,11018,4,5,2,4,Yes,2024-03-01
6440,11019,4,5,2,3,Yes,2026-04-10
6441,11020,4,4,3,3,Yes,2026-08-04
6442,11022,4,4,4,5,Yes,2025-08-25
6443,11024,5,5,4,4,Yes,2025-03-19
6444,11030,4,4,3,4,Yes,2026-08-31
6445,11034,4,4,3,4,Yes,2026-07-17
6446,11035,2,5,3,4,Yes,2026-04-04
6447,11038,4,4,5,4,Yes,2024-03-07
6448,11043,4,5,5,3,Yes,2025-03-27
6449,11044,4,4,5,4,Yes,2025-12-03
6450,11045,5,4,3,4,Yes,2024-03-18
6451,11046,3,4,4,4,Yes,2024-05-23
6452,11049,5,4,4,5,Yes,2026-01-28
6453,11050,5,5,4,5,Yes,2025-05-26
6454,11051,5,5,3,4,Yes,2024-11-23
6455,11052,3,4,4,3,Yes,2026-04-10
6456,11053,4,4,3,3,Yes,2026-02-08
6457,11054,3,4,4,3,Yes,2026-07-09
6458,11056,3,3,4,3,No,2024-09-18
6459,11057,3,5,3,3,Yes,2026-08-29
6460,11059,5,4,3,4,Yes,2025-09-15
6461,11060,4,3,3,4,Yes,2024-12-23
6462,11063,4,4,4,4,Yes,2024-09-02
6463,11064,5,3,3,3,Yes,2025-09-15
6464,11065,2,4,3,4,No,2025-06-30
6465,11066,4,5,3,5,Yes,2025-03-18
6466,11067,5,3,3,4,Yes,2025-09-22
6467,11071,5,5,5,4,Yes,2024-03-01
6468,11072,4,2,5,4,Yes,2025-09-04
6469,11073,4,4,4,4,Yes,2024-01-28
6470,11074,3,3,4,2,No,2024-03-20
6471,11075,5,3,5,3,Yes,2024-05-14
6472,11078,4,4,4,2,Yes,2025-01-25
6473,11079,4,4,4,4,Yes,2024-07-31
6474,11080,4,4,3,4,Yes,2025-04-18
6475,11082,3,3,3,3,No,2025-06-14
6476,11083,3,4,3,3,No,2025-07-10
6477,11086,3,4,5,4,Yes,2024-07-25
6478,11087,4,4,5,3,Yes,2026-05-10
6479,11088,4,4,5,4,Yes,2024-05-26
6480,11090,3,3,4,3,No,2024-05-28
6481,11091,2,3,2,3,No,2025-11-24
6482,11097,3,3,4,5,Yes,2025-10-04
6483,11098,2,4,5,3,Yes,2024-07-21
6484,11100,4,4,4,5,Yes,2026-04-21
6485,11102,4,3,3,5,Yes,2026-06-16
6486,11105,4,3,3,4,Yes,2025-09-03
6487,11111,3,3,4,3,No,2025-05-23
6488,11112,3,3,4,3,No,2024-11-18
6489,11115,4,4,5,3,Yes,2024-03-23
6490,11117,3,2,3,3,No,2025-03-26
6491,11119,3,3,3,4,No,2025-08-16
6492,11121,4,3,4,4,Yes,2025-10-02
6493,11122,3,3,4,4,Yes,2024-01-26
6494,11123,3,4,4,4,Yes,2026-06-16
6495,11124,5,3,4,4,Yes,2026-08-10
6496,11125,4,3,4,2,No,2024-08-12
6497,11127,4,3,4,4,Yes,2026-05-25
6498,11128,3,5,4,5,Yes,2026-06-12
6499,11131,3,4,3,3,No,2026-02-22
6500,11133,3,5,3,2,No,2024-09-16
6501,11134,4,3,3,3,No,2024-11-15
6502,11138,5,3,5,4,Yes,2025-08-15
6503,11141,5,4,5,5,Yes,2025-11-27
6504,11142,4,5,3,4,Yes,2024-06-05
6505,11144,5,4,3,3,Yes,2024-04-18
6506,11147,4,4,4,4,Yes,2026-08-10
6507,11148,3,4,4,3,Yes,2024-07-27
6508,11149,4,3,5,5,Yes,2025-12-15
6509,11150,4,5,4,3,Yes,2025-05-06
6510,11154,3,4,4,5,Yes,2024-06-24
6511,11155,4,4,4,4,Yes,2024-05-12
6512,11158,2,4,3,4,No,2025-02-24
6513,11159,5,4,4,4,Yes,2024-07-03
6514,11160,3,4,4,4,Yes,2024-07-16
6515,11161,3,3,5,4,Yes,2025-04-24
6516,11162,5,5,5,2,Yes,2024-08-28
6517,11163,4,4,3,4,Yes,2025-12-21
6518,11164,3,3,4,4,Yes,2025-10-26
6519,11165,4,3,5,5,Yes,2024-03-15
6520,11168,2,3,4,4,No,2024-03-23
6521,11169,3,4,4,2,No,2024-06-09
6522,11171,3,4,4,3,Yes,2026-05-16
6523,11172,4,5,4,4,Yes,2024-02-27
6524,11173,4,3,3,2,No,2026-02-26
6525,11174,3,4,4,3,Yes,2024-07-17
6526,11175,4,4,4,2,Yes,2026-05-16
6527,11177,5,3,5,5,Yes,2025-09-24
6528,11178,3,5,4,3,Yes,2024-06-18
6529,11179,4,4,4,3,Yes,2026-05-07
6530,11180,4,4,3,3,Yes,2024-07-01
6531,11181,5,4,4,4,Yes,2025-07-01
6532,11184,5,3,3,3,Yes,2025-09-04
6533,11185,3,5,4,5,Yes,2025-08-24
6534,11187,4,4,5,3,Yes,2025-12-24
6535,11189,5,4,2,4,Yes,2024-04-22
6536,11190,4,4,5,4,Yes,2026-05-03
6537,11191,5,4,5,4,Yes,2024-06-27
6538,11192,3,4,3,5,Yes,2025-12-21
6539,11196,4,3,3,4,Yes,2024-12-18
6540,11197,3,4,5,3,Yes,2025-02-12
6541,11198,3,5,4,4,Yes,2024-10-16
6542,11199,4,5,4,5,Yes,2024-09-05
6543,11200,4,4,4,4,Yes,2026-08-07
6544,11202,3,5,4,3,Yes,2025-09-27
6545,11208,4,2,4,4,Yes,2025-08-26
6546,11209,4,5,4,5,Yes,2024-10-06
6547,11210,5,4,5,4,Yes,2025-05-23
6548,11211,5,3,4,4,Yes,2025-10-09
6549,11212,4,4,4,3,Yes,2024-07-23
6550,11215,4,4,4,5,Yes,2025-04-23
6551,11216,4,3,4,3,Yes,2024-12-16
6552,11217,3,4,4,3,Yes,2024-05-31
6553,11219,4,5,3,3,Yes,2025-10-20
6554,11222,5,3,4,5,Yes,2026-04-27
6555,11224,3,3,3,4,No,2025-01-04
6556,11227,4,3,3,4,Yes,2024-12-12
6557,11228,4,4,4,5,Yes,2024-05-23
6558,11230,3,4,4,3,Yes,2024-11-13
6559,11232,4,5,4,5,Yes,2024-03-22
6560,11234,5,4,5,5,Yes,2026-09-04
6561,11235,4,3,4,5,Yes,2026-08-16
6562,11238,5,3,4,4,Yes,2026-07-11
6563,11239,5,5,4,4,Yes,2024-07-11
6564,11242,4,5,5,3,Yes,2024-11-15
6565,11244,5,5,3,3,Yes,2024-06-15
6566,11245,4,4,4,4,Yes,2024-03-11
6567,11246,3,4,4,5,Yes,2024-08-05
6568,11248,2,4,3,4,No,2026-08-14
6569,11249,5,5,5,5,Yes,2024-04-11
6570,11251,3,5,5,4,Yes,2026-02-23
6571,11252,2,2,4,3,No,2025-01-03
6572,11256,4,4,5,4,Yes,2024-06-30
6573,11258,4,4,5,5,Yes,2025-02-19
6574,11259,3,3,4,3,No,2025-06-21
6575,11260,3,3,4,4,Yes,2025-09-18
6576,11262,4,3,2,5,Yes,2025-02-23
6577,11263,3,5,4,4,Yes,2025-03-06
6578,11266,4,5,3,3,Yes,2025-11-25
6579,11269,5,4,5,5,Yes,2024-01-30
6580,11270,3,4,3,4,Yes,2025-12-27
6581,11272,5,3,3,5,Yes,2024-03-21
6582,11274,3,5,5,2,Yes,2024-09-08
6583,11276,4,4,5,4,Yes,2025-06-13
6584,11279,4,5,4,3,Yes,2025-06-30
6585,11280,4,4,3,4,Yes,2024-11-24
6586,11282,3,5,3,4,Yes,2025-05-16
6587,11283,4,3,4,5,Yes,2026-04-15
6588,11285,5,3,5,5,Yes,2026-09-03
6589,11286,2,5,4,3,Yes,2024-02-27
6590,11287,5,5,3,4,Yes,2025-12-20
6591,11289,4,3,4,3,Yes,2026-09-02
6592,11290,4,4,4,4,Yes,2024-05-01
6593,11291,4,2,4,3,No,2025-09-02
6594,11293,3,5,3,4,Yes,2026-05-23
6595,11294,5,5,4,4,Yes,2026-03-28
6596,11295,3,4,4,3,Yes,2025-04-16
6597,11300,4,3,3,3,No,2025-06-13
6598,11302,5,4,4,5,Yes,2024-12-09
6599,11303,3,5,5,4,Yes,2024-07-26
6600,11304,4,5,3,4,Yes,2024-08-27
6601,11306,5,3,5,5,Yes,2026-03-05
6602,11307,4,5,4,4,Yes,2026-04-24
6603,11308,4,3,5,5,Yes,2024-12-08
6604,11311,5,5,5,4,Yes,2024-04-03
6605,11312,3,4,3,4,Yes,2024-07-10
6606,11314,4,4,4,3,Yes,2025-09-12
6607,11315,5,4,4,5,Yes,2025-04-21
6608,11316,5,5,5,5,Yes,2024-06-27
6609,11317,4,4,4,4,Yes,2025-04-28
6610,11318,4,4,4,4,Yes,2024-05-24
6611,11319,4,4,4,5,Yes,2025-03-21
6612,11320,5,5,3,2,Yes,2024-01-28
6613,11321,3,3,3,3,No,2024-07-01
6614,11323,4,3,4,3,Yes,2024-02-19
6615,11325,4,4,4,4,Yes,2024-11-06
6616,11327,4,5,4,3,Yes,2026-08-12
6617,11329,3,5,3,5,Yes,2025-09-16
6618,11331,2,4,4,3,No,2024-08-04
6619,11333,3,5,4,4,Yes,2024-05-18
6620,11334,4,3,4,3,Yes,2025-04-29
6621,11335,2,3,4,3,No,2024-04-14
6622,11337,3,3,4,2,No,2025-04-08
6623,11338,3,4,5,4,Yes,2024-06-04
6624,11339,4,3,2,4,No,2026-01-01
6625,11340,2,4,4,3,No,2025-05-26
6626,11341,3,5,4,3,Yes,2026-04-16
6627,11342,3,5,4,2,Yes,2025-10-16
6628,11346,4,4,4,5,Yes,2026-07-30
6629,11347,5,5,4,5,Yes,2024-06-20
6630,11349,3,4,5,5,Yes,2025-07-04
6631,11351,4,4,3,5,Yes,2024-11-04
6632,11352,4,4,3,4,Yes,2024-06-29
6633,11353,4,5,3,4,Yes,2026-02-22
6634,11354,5,3,3,4,Yes,2024-05-23
6635,11355,3,5,4,5,Yes,2025-07-07
6636,11359,5,5,4,4,Yes,2025-01-07
6637,11360,4,4,4,2,Yes,2024-07-08
6638,11363,4,4,5,5,Yes,2024-09-30
6639,11365,5,3,4,4,Yes,2025-06-21
6640,11366,4,3,5,5,Yes,2025-07-12
6641,11367,4,3,4,3,Yes,2024-08-25
6642,11368,4,4,5,4,Yes,2024-03-01
6643,11369,3,3,4,3,No,2025-08-12
6644,11374,5,3,5,5,Yes,2024-09-11
6645,11378,4,4,3,4,Yes,2024-03-28
6646,11379,3,3,4,4,Yes,2026-05-31
6647,11382,3,3,4,4,Yes,2025-09-24
6648,11384,3,5,4,3,Yes,2024-10-28
6649,11386,4,3,4,4,Yes,2025-04-15
6650,11388,4,3,5,4,Yes,2025-04-20
6651,11389,5,3,4,2,Yes,2025-04-25
6652,11390,5,3,5,4,Yes,2024-05-18
6653,11391,4,3,5,3,Yes,2026-07-03
6654,11393,3,3,3,3,No,2024-05-27
6655,11395,4,5,3,3,Yes,2024-09-11
6656,11397,2,2,3,4,No,2026-01-25
6657,11398,4,3,5,5,Yes,2024-12-04
6658,11400,4,4,4,5,Yes,2026-01-06
6659,11401,4,4,4,3,Yes,2024-08-01
6660,11404,4,4,2,4,Yes,2024-05-21
6661,11406,4,3,4,4,Yes,2025-07-10
6662,11407,5,4,4,5,Yes,2025-10-27
6663,11408,4,5,5,4,Yes,2025-08-09
6664,11409,3,4,3,5,Yes,2025-09-18
6665,11411,3,5,5,4,Yes,2026-01-06
6666,11412,4,4,3,5,Yes,2025-08-28
6667,11415,4,4,4,4,Yes,2024-09-08
6668,11417,2,3,4,3,No,2024-02-27
6669,11420,4,3,4,4,Yes,2025-07-22
6670,11421,3,4,5,5,Yes,2025-12-18
6671,11424,3,4,3,5,Yes,2025-06-14
6672,11425,5,5,5,3,Yes,2024-09-05
6673,11428,3,4,5,4,Yes,2025-12-16
6674,11430,4,3,4,4,Yes,2024-09-17
6675,11431,5,3,4,3,Yes,2024-11-10
6676,11432,5,2,4,3,Yes,2024-09-13
6677,11434,4,4,4,3,Yes,2025-04-25
6678,11435,4,5,4,3,Yes,2024-10-25
6679,11439,3,4,4,3,Yes,2024-10-19
6680,11440,4,3,4,4,Yes,2025-10-25
6681,11446,5,4,3,3,Yes,2024-02-24
6682,11447,4,4,5,3,Yes,2026-07-10
6683,11448,4,5,4,4,Yes,2026-02-12
6684,11449,4,4,5,4,Yes,2025-09-20
6685,11450,2,5,4,5,Yes,2026-08-14
6686,11451,4,4,4,4,Yes,2024-04-13
6687,11453,4,4,3,4,Yes,2025-02-12
6688,11456,3,4,3,4,Yes,2024-07-31
6689,11457,4,4,4,3,Yes,2026-01-30
6690,11460,4,3,4,3,Yes,2026-07-08
6691,11461,5,4,3,3,Yes,2025-05-29
6692,11462,4,3,4,4,Yes,2025-05-08
6693,11463,3,4,5,5,Yes,2026-01-18
6694,11464,4,4,4,4,Yes,2025-06-21
6695,11468,3,4,5,4,Yes,2025-08-14
6696,11471,5,2,4,5,Yes,2024-07-26
6697,11473,4,3,4,4,Yes,2025-12-14
6698,11474,3,3,5,4,Yes,2025-06-21
6699,11475,4,5,2,3,Yes,2024-07-22
6700,11476,4,3,5,4,Yes,2024-10-12
6701,11478,5,4,5,4,Yes,2024-11-26
6702,11481,5,4,4,4,Yes,2026-03-09
6703,11482,4,4,3,3,Yes,2025-05-19
6704,11483,3,2,5,3,No,2026-07-29
6705,11485,4,4,4,4,Yes,2026-02-17
6706,11486,4,5,3,4,Yes,2024-05-01
6707,11487,4,4,3,3,Yes,2024-01-19
6708,11488,4,3,3,4,Yes,2025-01-20
6709,11489,4,4,3,3,Yes,2025-08-28
6710,11491,3,4,4,4,Yes,2026-08-08
6711,11492,4,4,4,5,Yes,2026-07-14
6712,11493,4,4,4,4,Yes,2025-08-10
6713,11497,2,3,4,4,No,2026-07-13
6714,11498,3,3,3,5,Yes,2026-03-18
6715,11499,3,3,3,4,No,2026-07-21
6716,11502,3,5,2,5,Yes,2026-04-03
6717,11503,3,5,3,4,Yes,2025-02-14
6718,11505,3,4,5,3,Yes,2025-02-27
6719,11507,3,3,4,2,No,2024-02-06
6720,11508,3,2,3,4,No,2024-03-03
6721,11510,4,3,4,3,Yes,2024-10-22
6722,11512,3,4,3,3,No,2025-12-26
6723,11513,3,4,3,4,Yes,2025-10-05
6724,11516,3,4,2,4,No,2026-04-22
6725,11517,3,2,3,3,No,2025-02-24
6726,11519,5,3,5,5,Yes,2025-11-30
6727,11521,3,4,4,4,Yes,2026-08-13
6728,11525,4,4,4,3,Yes,2025-04-11
6729,11526,5,3,4,5,Yes,2025-07-22
6730,11527,5,4,5,4,Yes,2026-09-03
6731,11528,4,5,4,3,Yes,2025-12-18
6732,11530,3,4,4,3,Yes,2025-10-01
6733,11533,3,3,4,3,No,2024-04-12
6734,11534,2,3,3,4,No,2025-10-11
6735,11536,4,3,3,3,No,2025-11-13
6736,11537,3,3,4,4,Yes,2024-04-16
6737,11538,4,3,5,5,Yes,2024-11-16
6738,11539,3,4,4,4,Yes,2025-12-15
6739,11541,4,3,3,3,No,2026-01-25
6740,11543,3,4,4,3,Yes,2026-01-18
6741,11545,5,4,4,4,Yes,2025-04-04
6742,11547,5,2,4,5,Yes,2025-02-15
6743,11548,4,4,4,4,Yes,2025-08-30
6744,11550,3,4,4,3,Yes,2024-03-05
6745,11551,3,3,4,4,Yes,2024-05-18
6746,11553,3,3,4,4,Yes,2025-12-20
6747,11554,5,4,3,4,Yes,2026-06-25
6748,11555,3,5,4,4,Yes,2026-05-16
6749,11556,4,3,3,4,Yes,2026-05-01
6750,11557,4,4,4,4,Yes,2024-09-29
6751,11561,4,4,3,4,Yes,2025-04-06
6752,11563,4,3,3,3,No,2024-02-16
6753,11564,4,3,4,5,Yes,2024-02-28
6754,11566,3,5,4,3,Yes,2025-06-23
6755,11567,4,2,4,2,No,2026-01-10
6756,11571,4,5,4,4,Yes,2026-02-28
6757,11576,4,3,5,4,Yes,2024-05-18
6758,11578,5,3,4,4,Yes,2025-12-20
6759,11579,4,4,5,5,Yes,2024-03-07
6760,11587,3,5,3,4,Yes,2024-04-16
6761,11588,3,3,4,4,Yes,2025-04-25
6762,11590,3,3,4,3,No,2025-07-22
6763,11593,4,4,4,5,Yes,2025-03-09
6764,11596,3,4,3,4,Yes,2025-11-06
6765,11599,5,4,4,4,Yes,2025-01-04
6766,11600,5,4,4,4,Yes,2025-08-20
6767,11601,3,4,3,3,No,2025-02-27
6768,11603,3,4,4,3,Yes,2024-10-21
6769,11604,3,4,4,4,Yes,2024-10-23
6770,11605,5,5,4,4,Yes,2024-06-23
6771,11606,3,4,4,5,Yes,2025-12-10
6772,11610,4,5,4,3,Yes,2025-08-02
6773,11612,4,4,4,5,Yes,2025-03-29
6774,11613,3,4,3,3,No,2025-01-04
6775,11614,3,4,3,3,No,2024-06-19
6776,11615,4,4,5,4,Yes,2025-10-30
6777,11616,3,5,4,3,Yes,2025-05-05
6778,11617,4,4,5,5,Yes,2025-06-22
6779,11620,3,4,5,3,Yes,2026-06-01
6780,11621,3,4,4,5,Yes,2024-06-14
6781,11623,4,4,3,2,No,2025-08-27
6782,11626,4,3,5,4,Yes,2024-12-10
6783,11627,5,4,4,5,Yes,2025-04-22
6784,11628,5,4,3,4,Yes,2024-07-09
6785,11630,4,3,4,4,Yes,2024-06-23
6786,11631,5,4,4,4,Yes,2026-06-13
6787,11632,4,4,5,4,Yes,2024-08-14
6788,11634,4,3,2,4,No,2026-06-07
6789,11635,4,3,2,4,No,2024-10-02
6790,11636,4,4,5,4,Yes,2024-02-11
6791,11638,3,2,4,2,No,2025-07-18
6792,11641,4,5,3,4,Yes,2024-08-29
6793,11642,3,5,4,5,Yes,2025-08-02
6794,11644,3,4,4,3,Yes,2026-05-16
6795,11645,4,5,4,5,Yes,2026-08-24
6796,11646,4,3,4,3,Yes,2025-07-11
6797,11647,4,4,3,4,Yes,2024-06-23
6798,11648,3,4,3,5,Yes,2025-02-26
6799,11650,4,5,4,4,Yes,2024-06-15
6800,11654,4,4,4,3,Yes,2024-04-13
6801,11655,4,3,4,3,Yes,2025-01-19
6802,11656,4,4,4,4,Yes,2024-11-02
6803,11658,3,4,3,2,No,2024-09-01
6804,11659,4,4,4,3,Yes,2025-10-09
6805,11661,3,4,3,3,No,2025-02-02
6806,11662,3,4,4,4,Yes,2024-12-22
6807,11663,4,3,3,3,No,2024-08-16
6808,11664,4,4,4,4,Yes,2024-09-12
6809,11669,4,3,4,5,Yes,2024-04-06
6810,11670,4,3,4,4,Yes,2025-05-22
6811,11673,4,4,5,4,Yes,2026-03-30
6812,11675,4,4,3,4,Yes,2024-08-14
6813,11680,5,3,5,2,Yes,2025-08-27
6814,11682,4,4,4,3,Yes,2025-07-02
6815,11683,4,3,5,4,Yes,2025-06-11
6816,11685,4,4,4,3,Yes,2025-04-01
6817,11686,3,3,4,3,No,2025-03-10
6818,11687,4,4,5,4,Yes,2024-02-29
6819,11689,3,4,4,4,Yes,2024-01-24
6820,11690,4,3,3,4,Yes,2026-06-20
6821,11691,5,3,5,3,Yes,2026-03-29
6822,11693,5,4,4,3,Yes,2024-10-13
6823,11694,3,3,3,3,No,2026-05-17
6824,11695,2,4,3,2,No,2025-04-21
6825,11697,3,3,5,4,Yes,2026-06-26
6826,11698,3,3,4,4,Yes,2025-11-04
6827,11699,4,4,3,3,Yes,2026-04-07
6828,11706,4,3,2,3,No,2026-08-29
6829,11707,4,5,4,5,Yes,2024-05-07
6830,11711,5,5,5,4,Yes,2025-12-31
6831,11712,4,5,4,4,Yes,2025-06-02
6832,11713,5,4,5,5,Yes,2026-01-03
6833,11714,3,4,3,4,Yes,2025-08-02
6834,11716,5,3,3,5,Yes,2025-10-23
6835,11717,3,4,4,4,Yes,2026-05-11
6836,11718,3,5,4,4,Yes,2026-03-13
6837,11720,3,5,4,4,Yes,2024-11-15
6838,11726,5,5,4,4,Yes,2024-05-26
6839,11727,4,4,4,4,Yes,2025-05-24
6840,11729,5,4,4,4,Yes,2024-02-13
6841,11731,3,4,3,4,Yes,2025-11-30
6842,11734,4,5,4,4,Yes,2024-10-15
6843,11736,3,4,3,5,Yes,2025-11-12
6844,11738,3,4,3,4,Yes,2024-12-27
6845,11739,4,3,4,4,Yes,2024-10-16
6846,11740,3,3,2,4,No,2024-09-14
6847,11741,4,3,4,5,Yes,2026-08-18
6848,11743,5,5,4,4,Yes,2024-12-19
6849,11746,3,3,4,5,Yes,2024-01-26
6850,11749,4,4,4,4,Yes,2025-08-19
6851,11750,4,2,4,3,No,2026-05-15
6852,11752,4,4,4,4,Yes,2025-03-11
6853,11753,5,4,4,3,Yes,2024-08-01
6854,11755,5,4,5,3,Yes,2025-09-13
6855,11756,3,3,3,5,Yes,2025-12-23
6856,11758,4,4,4,4,Yes,2026-01-01
6857,11760,3,4,3,4,Yes,2026-07-13
6858,11761,5,3,3,3,Yes,2025-07-31
6859,11762,5,3,4,4,Yes,2025-03-19
6860,11763,2,4,4,5,Yes,2026-04-02
6861,11764,5,3,4,5,Yes,2024-12-25
6862,11765,4,4,5,3,Yes,2024-11-20
6863,11766,4,3,5,5,Yes,2025-01-18
6864,11768,5,2,4,3,Yes,2026-07-14
6865,11769,3,4,2,3,No,2025-05-30
6866,11773,4,4,5,3,Yes,2025-07-04
6867,11774,3,3,3,3,No,2025-08-20
6868,11776,3,4,5,5,Yes,2025-07-26
6869,11777,4,3,3,5,Yes,2026-05-31
6870,11778,3,5,5,4,Yes,2025-01-09
6871,11780,4,3,4,5,Yes,2024-11-02
6872,11782,4,4,2,3,No,2025-02-23
6873,11784,2,4,4,4,Yes,2024-06-12
6874,11785,3,4,4,4,Yes,2026-04-30
6875,11787,3,4,3,4,Yes,2024-07-06
6876,11789,5,3,4,3,Yes,2025-11-29
6877,11790,4,4,3,3,Yes,2026-05-20
6878,11791,5,4,5,4,Yes,2026-05-21
6879,11792,5,5,5,3,Yes,2025-04-21
6880,11793,5,4,4,4,Yes,2025-10-07
6881,11794,3,5,4,3,Yes,2024-06-21
6882,11796,3,5,4,3,Yes,2024-03-18
6883,11800,5,4,5,3,Yes,2024-11-30
6884,11801,3,4,4,5,Yes,2024-11-30
6885,11802,3,5,4,3,Yes,2025-06-02
6886,11804,5,3,4,4,Yes,2025-01-15
6887,11805,4,4,4,3,Yes,2026-01-04
6888,11808,2,4,4,3,No,2025-12-14
6889,11809,4,5,4,4,Yes,2024-05-14
6890,11810,4,3,4,4,Yes,2026-08-26
6891,11812,3,5,5,4,Yes,2025-10-31
6892,11814,3,4,4,4,Yes,2024-07-14
6893,11815,4,5,4,4,Yes,2024-03-04
6894,11817,5,4,4,5,Yes,2026-03-28
6895,11820,5,3,4,4,Yes,2026-02-15
6896,11823,2,3,3,5,No,2025-12-04
6897,11826,4,5,4,4,Yes,2024-10-26
6898,11827,2,3,4,2,No,2025-11-11
6899,11828,4,4,3,3,Yes,2024-06-11
6900,11829,4,4,3,3,Yes,2024-11-03
6901,11830,4,4,4,4,Yes,2024-05-17
6902,11831,3,4,3,3,No,2025-05-16
6903,11832,3,4,4,2,No,2026-06-17
6904,11835,4,5,3,3,Yes,2024-10-04
6905,11836,3,3,5,3,Yes,2024-11-16
6906,11837,4,5,4,3,Yes,2026-07-23
6907,11840,3,4,5,3,Yes,2025-04-11
6908,11842,3,4,4,3,Yes,2025-10-05
6909,11844,4,4,4,3,Yes,2024-05-15
6910,11846,4,4,4,2,Yes,2024-05-26
6911,11849,3,5,2,3,No,2025-07-31
6912,11850,4,4,4,5,Yes,2024-09-04
6913,11851,3,4,3,4,Yes,2024-12-17
6914,11854,4,5,3,4,Yes,2025-02-11
6915,11856,5,5,5,5,Yes,2026-01-25
6916,11857,4,3,4,4,Yes,2025-10-24
6917,11858,5,4,3,5,Yes,2024-07-10
6918,11859,5,3,3,3,Yes,2026-02-19
6919,11862,2,5,4,4,Yes,2025-04-29
6920,11863,4,4,4,4,Yes,2026-02-12
6921,11864,4,5,4,5,Yes,2024-08-24
6922,11867,3,3,2,5,No,2024-04-06
6923,11868,4,3,4,4,Yes,2025-10-08
6924,11869,3,4,4,3,Yes,2024-09-05
6925,11870,4,3,4,4,Yes,2026-07-10
6926,11872,2,4,5,4,Yes,2025-05-20
6927,11874,5,4,4,3,Yes,2024-06-09
6928,11875,4,4,4,3,Yes,2024-12-06
6929,11876,4,3,4,3,Yes,2025-03-28
6930,11878,3,3,4,3,No,2025-08-09
6931,11880,3,5,4,5,Yes,2026-01-01
6932,11882,3,4,5,4,Yes,2026-07-17
6933,11883,4,2,4,4,Yes,2026-01-16
6934,11884,3,4,4,2,No,2024-04-19
6935,11885,3,3,2,4,No,2024-11-01
6936,11886,5,5,5,3,Yes,2026-04-02
6937,11887,3,4,5,4,Yes,2026-03-01
6938,11889,5,4,5,5,Yes,2025-09-12
6939,11891,2,3,4,5,Yes,2026-03-29
6940,11894,3,5,5,5,Yes,2025-06-22
6941,11896,3,4,2,2,No,2024-10-23
6942,11899,3,3,4,3,No,2026-03-19
6943,11900,4,4,5,3,Yes,2025-08-16
6944,11901,5,3,4,3,Yes,2024-09-02
6945,11903,3,4,3,4,Yes,2024-03-23
6946,11908,4,3,3,4,Yes,2024-12-15
6947,11909,4,4,3,4,Yes,2026-08-12
6948,11910,4,5,5,4,Yes,2024-11-07
6949,11913,2,5,3,3,No,2025-12-29
6950,11914,4,4,5,3,Yes,2026-01-11
6951,11915,4,4,5,5,Yes,2024-02-23
6952,11916,3,4,4,4,Yes,2026-04-19
6953,11917,4,5,5,5,Yes,2024-04-26
6954,11918,3,3,4,4,Yes,2024-02-13
6955,11919,4,5,4,3,Yes,2025-10-20
6956,11920,3,3,4,5,Yes,2024-05-24
6957,11923,3,4,3,4,Yes,2024-03-06
6958,11924,5,4,4,4,Yes,2025-02-05
6959,11925,4,2,4,3,No,2024-03-13
6960,11926,4,3,5,4,Yes,2024-12-18
6961,11930,3,4,3,4,Yes,2025-04-03
6962,11932,3,5,4,3,Yes,2024-11-10
6963,11934,4,4,4,3,Yes,2024-03-29
6964,11935,3,4,3,5,Yes,2024-06-10
6965,11936,4,3,4,3,Yes,2024-07-30
6966,11938,4,3,5,3,Yes,2025-01-21
6967,11941,4,4,5,4,Yes,2024-04-27
6968,11942,4,5,4,3,Yes,2024-11-13
6969,11943,4,4,4,4,Yes,2024-05-18
6970,11945,4,4,3,4,Yes,2024-12-07
6971,11948,3,2,4,2,No,2024-03-13
6972,11949,3,2,3,4,No,2024-04-11
6973,11950,3,4,3,4,Yes,2024-12-29
6974,11952,5,5,4,5,Yes,2025-12-11
6975,11955,5,2,4,3,Yes,2024-09-10
6976,11958,4,4,4,3,Yes,2026-04-04
6977,11959,5,4,4,4,Yes,2026-07-29
6978,11960,4,3,5,4,Yes,2024-07-30
6979,11961,5,3,4,4,Yes,2026-05-08
6980,11964,3,4,4,4,Yes,2025-07-31
6981,11965,5,4,3,4,Yes,2024-04-17
6982,11968,4,4,4,4,Yes,2024-02-12
6983,11970,3,3,4,4,Yes,2024-03-07
6984,11973,5,3,5,5,Yes,2024-08-11
6985,11974,5,3,4,4,Yes,2026-03-20
6986,11975,3,5,4,5,Yes,2026-08-16
6987,11977,4,5,4,5,Yes,2025-02-02
6988,11979,4,4,4,3,Yes,2025-11-23
6989,11981,5,4,4,5,Yes,2024-04-15
6990,11982,4,4,5,5,Yes,2024-07-31
6991,11986,3,4,4,4,Yes,2024-09-20
6992,11987,3,4,5,4,Yes,2024-02-17
6993,11988,4,4,3,4,Yes,2024-07-18
6994,11989,4,5,3,5,Yes,2025-07-14
6995,11991,5,4,4,4,Yes,2024-11-14
6996,11992,3,3,4,4,Yes,2025-05-30
6997,11995,3,4,4,3,Yes,2026-05-31
6998,11997,3,4,4,4,Yes,2026-02-06
6999,11998,5,4,4,3,Yes,2024-08-30
7000,11999,4,3,4,5,Yes,2026-08-14
7001,12000,4,4,4,4,Yes,2025-02-21
