enrollment_id,employee_id,training_id,enrollment_date,completion_date,completion_status
1,953,31,2024-05-31,2024-06-20,Completed
2,1138,4,2025-03-30,,In Progress
3,221,38,2025-04-11,2025-05-05,Completed
4,1243,17,2024-06-15,2024-06-30,Completed
5,1959,1,2024-02-23,,Dropped
6,1132,18,2024-05-25,2024-06-21,Completed
7,769,21,2025-10-05,2025-10-18,Completed
8,811,5,2025-09-19,,In Progress
9,71,25,2024-11-27,2024-12-20,Completed
10,81,36,2024-02-27,,In Progress
11,1462,4,2024-03-06,,Not Started
12,287,4,2025-06-19,2025-07-17,Completed
13,482,3,2025-01-03,,Not Started
14,693,2,2024-12-17,,In Progress
15,1009,15,2024-03-04,2024-03-29,Completed
16,1618,15,2024-06-07,2024-06-14,Completed
17,1668,6,2024-06-11,2024-06-27,Completed
18,466,7,2025-10-22,2025-10-29,Completed
19,108,25,2025-12-15,2025-12-21,Completed
20,87,6,2024-08-26,,Not Started
21,1955,36,2025-05-27,2025-06-10,Completed
22,1549,24,2025-02-09,2025-03-10,Completed
23,594,18,2025-11-16,2025-12-03,Completed
24,1127,2,2024-07-23,2024-08-06,Completed
25,471,22,2024-01-08,2024-01-14,Completed
26,1192,36,2025-06-05,,Dropped
27,337,15,2024-06-04,2024-06-29,Completed
28,1525,24,2024-09-29,2024-10-20,Completed
29,796,4,2024-07-25,,In Progress
30,525,11,2024-11-30,,Dropped
31,805,3,2024-10-19,2024-11-12,Completed
32,1236,39,2025-11-18,2025-12-02,Completed
33,420,5,2024-02-12,2024-02-27,Completed
34,1522,38,2024-07-29,2024-08-18,Completed
35,1507,30,2026-05-02,2026-05-15,Completed
36,1816,22,2024-11-06,2024-11-11,Completed
37,1327,24,2025-08-03,,Dropped
38,1728,8,2025-06-07,2025-06-13,Completed
39,444,34,2026-05-31,2026-06-20,Completed
40,1940,28,2026-01-07,2026-01-24,Completed
41,1233,30,2026-07-31,2026-08-24,Completed
42,1223,10,2025-11-14,,Dropped
43,509,2,2024-04-19,,Dropped
44,1747,1,2024-02-21,,Dropped
45,1940,9,2024-01-01,2024-01-18,Completed
46,1493,21,2024-06-12,2024-06-26,Completed
47,441,25,2025-03-09,,In Progress
48,764,2,2025-03-03,2025-03-20,Completed
49,1578,1,2024-05-02,2024-05-16,Completed
50,936,38,2026-06-27,,Not Started
51,1874,6,2026-07-30,2026-08-28,Completed
52,1624,1,2026-08-11,,Not Started
53,358,1,2024-03-29,,In Progress
54,933,36,2025-08-16,2025-08-26,Completed
55,554,1,2025-07-30,2025-08-28,Completed
56,1417,4,2024-03-07,2024-03-25,Completed
57,62,1,2025-03-18,,In Progress
58,845,5,2024-01-14,2024-01-27,Completed
59,1345,2,2026-02-27,,Dropped
60,1454,9,2025-05-05,2025-05-18,Completed
61,50,26,2026-06-11,2026-07-09,Completed
62,918,33,2025-10-27,2025-11-21,Completed
63,1711,35,2025-07-26,,Not Started
64,1001,32,2026-01-02,,Dropped
65,97,10,2024-03-31,2024-04-20,Completed
66,1681,18,2024-06-16,2024-07-01,Completed
67,1488,21,2024-05-29,2024-06-21,Completed
68,711,16,2025-08-17,2025-09-04,Completed
69,712,31,2024-05-31,,In Progress
70,1540,36,2025-11-22,2025-12-05,Completed
71,1969,16,2025-09-08,2025-09-16,Completed
72,682,38,2025-10-22,2025-11-17,Completed
73,1105,35,2024-06-17,,Dropped
74,704,19,2026-05-30,,Not Started
75,298,23,2025-07-07,2025-08-04,Completed
76,327,35,2025-08-10,2025-09-10,Completed
77,422,33,2025-02-09,2025-03-01,Completed
78,1804,3,2025-05-28,2025-06-23,Completed
79,213,22,2024-09-17,,Not Started
80,1362,38,2026-01-27,2026-02-20,Completed
81,1614,11,2024-04-29,2024-05-29,Completed
82,765,21,2025-02-08,2025-02-23,Completed
83,449,22,2026-02-06,2026-03-06,Completed
84,218,7,2025-10-21,2025-11-19,Completed
85,1834,30,2026-01-03,2026-02-04,Completed
86,1986,19,2024-04-20,2024-04-26,Completed
87,1424,39,2024-09-04,,In Progress
88,621,33,2025-07-08,2025-07-21,Completed
89,49,1,2024-10-29,2024-11-09,Completed
90,1696,31,2024-03-14,2024-04-05,Completed
91,1948,3,2025-01-01,2025-01-11,Completed
92,1430,23,2024-12-17,2024-12-28,Completed
93,623,16,2025-08-26,,Dropped
94,1301,23,2024-02-12,2024-02-18,Completed
95,1024,11,2024-02-01,2024-02-21,Completed
96,1764,32,2026-02-09,2026-02-18,Completed
97,866,27,2025-09-27,,Dropped
98,1944,39,2025-05-17,,Not Started
99,779,1,2025-05-14,,In Progress
100,178,18,2025-07-10,2025-07-21,Completed
101,1484,34,2025-10-08,,Not Started
102,932,14,2024-12-11,2024-12-30,Completed
103,71,11,2025-07-19,,In Progress
104,1751,17,2025-09-20,2025-09-25,Completed
105,1401,3,2026-06-02,2026-06-12,Completed
106,1916,19,2024-03-11,2024-03-29,Completed
107,563,27,2025-02-01,,In Progress
108,1098,25,2024-02-19,2024-02-27,Completed
109,1430,19,2024-06-27,,Dropped
110,601,35,2024-02-10,2024-02-26,Completed
111,874,3,2024-06-07,,Not Started
112,158,6,2025-05-12,2025-06-01,Completed
113,1589,30,2025-10-31,,Dropped
114,1583,14,2024-11-05,2024-11-19,Completed
115,1773,27,2026-05-15,2026-06-12,Completed
116,911,33,2026-07-22,2026-08-03,Completed
117,286,4,2025-09-11,2025-10-01,Completed
118,1017,13,2025-12-16,2026-01-13,Completed
119,1076,37,2025-01-12,2025-01-17,Completed
120,858,18,2024-10-12,2024-11-07,Completed
121,865,2,2024-03-30,2024-04-28,Completed
122,733,18,2025-06-03,,Dropped
123,1857,38,2024-05-20,2024-05-27,Completed
124,177,22,2025-11-11,2025-12-06,Completed
125,1119,14,2024-09-26,2024-10-25,Completed
126,1345,5,2025-02-27,2025-03-12,Completed
127,476,6,2024-11-03,2024-12-03,Completed
128,801,1,2024-03-02,2024-03-08,Completed
129,231,20,2024-09-29,2024-10-04,Completed
130,622,36,2024-05-20,2024-05-29,Completed
131,1763,18,2024-08-06,2024-08-25,Completed
132,980,18,2024-04-11,2024-05-02,Completed
133,1298,24,2026-05-29,,In Progress
134,300,26,2026-05-28,2026-06-27,Completed
135,140,18,2024-03-15,2024-03-26,Completed
136,1284,30,2026-05-09,2026-05-23,Completed
137,1696,8,2024-03-02,,In Progress
138,88,36,2026-03-10,2026-03-18,Completed
139,1376,28,2025-01-17,2025-02-10,Completed
140,1713,36,2026-02-05,,Dropped
141,982,23,2026-03-20,2026-04-07,Completed
142,1324,36,2025-10-12,2025-11-02,Completed
143,1068,10,2026-03-02,2026-03-27,Completed
144,64,16,2025-07-29,2025-08-26,Completed
145,299,31,2024-02-10,2024-03-01,Completed
146,576,17,2026-04-06,,Not Started
147,700,10,2025-07-02,2025-07-17,Completed
148,1752,38,2025-06-07,2025-07-03,Completed
149,1785,34,2025-08-26,2025-09-21,Completed
150,1240,23,2026-03-15,2026-04-04,Completed
151,691,3,2025-05-16,,Not Started
152,1092,19,2025-10-08,2025-11-01,Completed
153,550,38,2026-06-14,2026-07-02,Completed
154,467,11,2026-07-16,2026-07-28,Completed
155,1160,5,2024-11-09,2024-12-01,Completed
156,1061,26,2024-10-12,2024-10-31,Completed
157,1372,26,2026-02-25,2026-03-28,Completed
158,286,32,2025-12-05,2026-01-01,Completed
159,1405,13,2025-07-09,2025-07-21,Completed
160,1635,17,2025-06-16,2025-07-14,Completed
161,1481,36,2025-10-15,2025-11-05,Completed
162,1618,24,2024-12-11,2025-01-05,Completed
163,1659,19,2024-09-08,2024-10-04,Completed
164,555,38,2025-04-15,2025-04-21,Completed
165,522,23,2024-09-15,2024-10-02,Completed
166,1666,21,2025-02-06,2025-02-15,Completed
167,1663,38,2026-08-08,2026-08-27,Completed
168,1196,33,2025-06-07,2025-06-20,Completed
169,545,2,2025-03-13,2025-04-05,Completed
170,1220,3,2025-03-23,2025-04-05,Completed
171,287,5,2025-01-05,,In Progress
172,112,2,2024-03-12,2024-04-06,Completed
173,1097,9,2026-03-13,2026-04-10,Completed
174,1407,16,2024-02-10,,Dropped
175,1161,2,2024-04-24,2024-05-21,Completed
176,1474,9,2025-03-16,2025-03-28,Completed
177,1267,23,2026-02-08,2026-03-02,Completed
178,725,34,2024-06-04,2024-06-27,Completed
179,649,31,2024-06-24,,In Progress
180,1690,14,2025-07-08,2025-07-17,Completed
181,187,22,2025-09-20,,Not Started
182,553,33,2024-05-07,2024-05-27,Completed
183,453,7,2025-09-16,2025-09-28,Completed
184,1880,6,2024-04-19,2024-05-18,Completed
185,632,16,2026-05-31,2026-06-16,Completed
186,914,6,2024-04-12,,Dropped
187,837,28,2025-03-29,2025-04-15,Completed
188,1743,23,2025-01-24,2025-02-22,Completed
189,557,6,2025-11-20,2025-12-23,Completed
190,1793,20,2024-11-25,2024-12-16,Completed
191,1261,15,2025-03-28,2025-04-13,Completed
192,296,27,2025-09-07,,In Progress
193,1400,14,2026-03-17,2026-03-27,Completed
194,644,13,2024-10-07,2024-10-22,Completed
195,1841,7,2025-09-06,,Dropped
196,1968,1,2026-08-15,2026-09-10,Completed
197,1429,2,2025-12-31,,In Progress
198,797,22,2025-01-03,2025-01-22,Completed
199,894,28,2026-07-20,2026-08-07,Completed
200,523,12,2024-10-02,2024-10-17,Completed
201,981,4,2024-08-12,,Dropped
202,1321,20,2025-06-27,,In Progress
203,1733,1,2025-01-25,2025-02-24,Completed
204,469,3,2026-07-26,2026-08-24,Completed
205,1425,21,2024-09-13,2024-09-24,Completed
206,928,4,2024-05-25,,Dropped
207,571,36,2024-07-09,2024-07-20,Completed
208,342,20,2024-08-25,,Dropped
209,1272,2,2025-11-01,,In Progress
210,1786,39,2026-01-28,2026-02-16,Completed
211,964,38,2026-07-05,2026-07-07,Completed
212,1655,39,2025-09-09,2025-09-13,Completed
213,1583,3,2026-04-16,,In Progress
214,1094,3,2025-04-18,2025-05-09,Completed
215,1482,5,2025-06-30,,Not Started
216,504,32,2024-11-29,,Dropped
217,1570,9,2026-04-12,2026-05-03,Completed
218,1833,2,2024-05-18,2024-06-10,Completed
219,320,34,2024-09-04,,Dropped
220,1709,13,2026-03-12,2026-03-25,Completed
221,932,5,2024-04-22,2024-05-09,Completed
222,1311,23,2024-02-13,2024-03-01,Completed
223,279,1,2025-04-16,2025-05-07,Completed
224,1388,30,2025-07-17,2025-08-05,Completed
225,1821,20,2025-10-24,,Not Started
226,725,32,2025-08-14,2025-09-12,Completed
227,830,30,2025-06-20,,Not Started
228,342,19,2025-05-26,2025-05-31,Completed
229,424,2,2025-01-11,,Dropped
230,237,23,2025-02-26,2025-03-12,Completed
231,766,1,2025-05-13,2025-05-19,Completed
232,442,16,2025-10-15,,In Progress
233,922,36,2026-03-20,,In Progress
234,287,25,2024-11-05,2024-11-14,Completed
235,34,37,2026-07-14,2026-07-31,Completed
236,818,18,2025-04-21,2025-05-01,Completed
237,949,3,2024-02-22,2024-03-07,Completed
238,1838,25,2024-04-13,2024-04-19,Completed
239,718,17,2025-01-30,,Dropped
240,1787,16,2025-09-04,2025-09-24,Completed
241,1130,18,2026-08-14,,Not Started
242,1736,18,2024-12-26,2025-01-08,Completed
243,1889,19,2024-01-12,,Not Started
244,299,30,2025-07-29,2025-08-05,Completed
245,1044,6,2025-06-17,2025-07-09,Completed
246,827,11,2025-09-19,2025-10-13,Completed
247,669,10,2024-02-22,,In Progress
248,1200,3,2025-03-24,,In Progress
249,888,31,2024-02-07,2024-03-03,Completed
250,1493,30,2025-06-02,2025-06-13,Completed
251,1911,33,2024-12-04,2024-12-25,Completed
252,1499,28,2024-09-30,2024-10-29,Completed
253,1874,6,2025-09-23,2025-10-13,Completed
254,452,2,2024-11-06,2024-11-18,Completed
255,399,16,2024-07-17,2024-07-25,Completed
256,875,21,2024-09-18,,Not Started
257,432,1,2024-03-08,2024-03-15,Completed
258,544,28,2026-03-16,2026-04-04,Completed
259,1875,40,2026-08-05,2026-08-11,Completed
260,164,26,2026-04-11,,Dropped
261,1264,29,2025-01-16,,Dropped
262,1958,39,2025-08-13,2025-09-07,Completed
263,678,24,2024-11-30,2024-12-26,Completed
264,1397,34,2025-08-26,2025-09-08,Completed
265,1652,22,2026-07-07,2026-07-11,Completed
266,889,18,2024-12-02,,Not Started
267,616,19,2026-01-11,,Not Started
268,106,39,2024-11-03,,In Progress
269,528,3,2024-05-31,2024-07-05,Completed
270,449,36,2024-09-11,2024-09-17,Completed
271,1897,3,2025-07-09,2025-08-01,Completed
272,1521,15,2025-08-03,2025-08-10,Completed
273,497,4,2025-05-07,,Not Started
274,1358,2,2024-11-17,,Not Started
275,117,16,2026-04-14,2026-05-01,Completed
276,970,40,2024-12-07,,Not Started
277,243,11,2025-05-13,,Dropped
278,1008,38,2025-02-09,2025-02-23,Completed
279,881,35,2024-10-20,2024-11-20,Completed
280,338,12,2025-09-04,2025-09-23,Completed
281,1748,2,2024-03-25,2024-04-25,Completed
282,18,4,2025-03-14,2025-03-22,Completed
283,1914,39,2026-04-07,2026-04-13,Completed
284,106,1,2024-06-30,2024-07-15,Completed
285,1728,13,2025-12-03,,Dropped
286,1434,13,2025-08-08,2025-08-19,Completed
287,1829,11,2024-04-12,2024-05-05,Completed
288,169,40,2025-09-21,2025-09-30,Completed
289,1617,5,2025-02-04,,In Progress
290,1005,3,2025-08-30,2025-09-25,Completed
291,147,34,2024-10-18,2024-11-06,Completed
292,1242,35,2024-06-10,2024-07-08,Completed
293,1055,3,2025-09-13,2025-10-02,Completed
294,66,15,2024-12-12,2025-01-08,Completed
295,969,33,2025-01-02,,Not Started
296,628,10,2025-12-23,,In Progress
297,857,33,2024-08-28,,In Progress
298,1735,11,2024-11-30,2024-12-19,Completed
299,305,27,2024-02-07,2024-03-02,Completed
300,1793,3,2024-04-20,,Not Started
301,259,4,2024-03-16,2024-04-01,Completed
302,1409,11,2024-09-01,2024-09-19,Completed
303,840,3,2025-10-21,2025-11-21,Completed
304,1131,29,2024-11-05,,Not Started
305,430,37,2025-11-02,2025-11-09,Completed
306,801,5,2024-03-08,2024-04-14,Completed
307,517,15,2026-04-12,2026-05-08,Completed
308,1980,15,2025-12-27,,Dropped
309,921,4,2024-11-30,,In Progress
310,1449,16,2024-11-18,,Not Started
311,1540,21,2025-12-17,2026-01-14,Completed
312,337,39,2025-03-01,2025-03-13,Completed
313,304,2,2024-05-23,2024-06-19,Completed
314,1015,39,2026-07-18,2026-07-25,Completed
315,856,1,2024-01-10,2024-02-07,Completed
316,703,32,2025-01-16,2025-01-25,Completed
317,989,31,2025-05-28,2025-06-09,Completed
318,681,26,2026-05-28,,In Progress
319,1035,9,2025-02-04,,Dropped
320,1210,23,2025-09-18,2025-10-17,Completed
321,1946,29,2024-02-10,2024-03-10,Completed
322,1211,21,2025-07-05,,Not Started
323,935,2,2024-12-06,2025-01-01,Completed
324,1285,39,2024-03-05,2024-03-20,Completed
325,1903,17,2026-06-24,2026-07-06,Completed
326,1891,11,2025-08-28,2025-09-10,Completed
327,615,36,2026-05-22,2026-05-31,Completed
328,1369,37,2024-09-17,2024-09-19,Completed
329,1087,7,2024-08-15,,Not Started
330,921,7,2024-01-03,2024-01-12,Completed
331,1644,32,2025-07-02,,In Progress
332,1120,38,2024-01-17,2024-02-11,Completed
333,1628,31,2026-03-17,2026-04-13,Completed
334,1359,2,2025-08-17,2025-09-15,Completed
335,1132,10,2024-04-28,,Dropped
336,1896,40,2025-07-28,,In Progress
337,363,21,2024-07-24,2024-08-09,Completed
338,164,11,2024-09-08,,Not Started
339,43,3,2026-08-11,,In Progress
340,529,5,2024-10-26,2024-11-20,Completed
341,332,37,2024-07-27,,In Progress
342,741,3,2026-08-12,2026-09-08,Completed
343,1417,21,2024-03-11,2024-03-18,Completed
344,1789,3,2024-01-04,,Not Started
345,136,31,2026-03-24,,In Progress
346,554,39,2024-04-26,,In Progress
347,692,3,2026-02-23,,In Progress
348,1095,17,2024-05-05,2024-05-29,Completed
349,570,32,2024-12-30,,In Progress
350,724,5,2026-04-05,2026-04-25,Completed
351,1486,1,2026-07-24,2026-08-24,Completed
352,1570,3,2024-03-05,2024-03-25,Completed
353,329,20,2025-12-07,2025-12-27,Completed
354,1894,30,2024-12-25,2025-01-13,Completed
355,1624,30,2024-04-16,,In Progress
356,1589,33,2024-08-05,2024-08-31,Completed
357,1306,18,2025-08-23,,In Progress
358,138,39,2026-02-01,2026-02-24,Completed
359,1913,37,2025-05-21,2025-06-06,Completed
360,794,11,2025-01-12,2025-01-18,Completed
361,75,17,2024-01-04,2024-01-09,Completed
362,1362,38,2025-10-26,2025-11-20,Completed
363,1716,1,2024-11-18,,Dropped
364,175,4,2024-04-08,2024-05-01,Completed
365,1570,3,2024-05-19,2024-06-15,Completed
366,1130,28,2024-12-14,2025-01-13,Completed
367,67,32,2025-10-15,2025-10-30,Completed
368,1100,33,2024-10-27,2024-11-06,Completed
369,113,38,2025-11-11,,Not Started
370,281,27,2026-04-15,2026-04-25,Completed
371,575,12,2025-02-25,,Not Started
372,1998,20,2024-03-17,2024-04-14,Completed
373,615,16,2024-01-27,,Not Started
374,672,5,2024-04-05,,Dropped
375,1908,20,2025-09-05,,Dropped
376,743,3,2024-09-27,,In Progress
377,652,36,2024-07-06,2024-07-26,Completed
378,1640,2,2024-02-20,2024-03-23,Completed
379,1127,30,2026-07-23,,Dropped
380,1663,28,2026-08-15,2026-09-11,Completed
381,1119,10,2025-07-19,2025-07-28,Completed
382,1834,16,2026-08-11,2026-08-28,Completed
383,191,25,2024-10-02,,In Progress
384,281,2,2025-08-25,2025-09-17,Completed
385,88,18,2025-01-04,2025-01-11,Completed
386,542,4,2025-07-28,,Dropped
387,508,2,2024-06-21,2024-07-17,Completed
388,1436,36,2025-10-07,,In Progress
389,964,6,2025-12-26,2026-01-26,Completed
390,1961,33,2025-11-29,2025-12-19,Completed
391,11,26,2026-06-15,2026-07-16,Completed
392,1495,31,2024-07-11,2024-07-26,Completed
393,122,16,2025-09-19,2025-09-29,Completed
394,1690,20,2024-12-18,2025-01-10,Completed
395,843,37,2024-10-21,2024-11-11,Completed
396,1754,36,2025-12-24,2026-01-15,Completed
397,1240,19,2024-04-27,2024-05-07,Completed
398,1530,8,2024-05-11,2024-06-06,Completed
399,1189,3,2025-11-18,2025-12-20,Completed
400,83,7,2024-09-12,,In Progress
401,1498,2,2025-02-08,2025-02-22,Completed
402,567,39,2025-08-11,2025-08-19,Completed
403,1469,3,2025-12-13,2025-12-26,Completed
404,700,6,2024-05-27,2024-06-24,Completed
405,1609,3,2025-01-12,2025-02-04,Completed
406,776,26,2025-11-27,2025-12-24,Completed
407,413,35,2024-05-29,2024-06-15,Completed
408,386,36,2026-05-28,,Not Started
409,498,18,2024-10-07,2024-10-19,Completed
410,7,16,2024-06-11,2024-06-16,Completed
411,1533,17,2024-10-23,2024-10-31,Completed
412,1805,10,2024-10-17,2024-11-05,Completed
413,1576,1,2026-03-15,,In Progress
414,134,22,2024-12-22,2025-01-02,Completed
415,921,6,2026-06-03,2026-06-26,Completed
416,1974,15,2024-06-13,2024-07-02,Completed
417,1854,4,2026-03-10,2026-03-31,Completed
418,788,6,2025-07-18,2025-07-30,Completed
419,225,9,2025-01-14,2025-02-10,Completed
420,203,9,2025-11-05,2025-11-19,Completed
421,1529,16,2024-03-05,2024-03-12,Completed
422,495,37,2024-09-15,,In Progress
423,1552,39,2026-08-11,2026-09-01,Completed
424,1177,32,2025-06-26,,Not Started
425,1286,19,2025-06-25,2025-06-29,Completed
426,671,31,2026-02-27,2026-03-25,Completed
427,699,1,2024-07-17,2024-08-15,Completed
428,628,28,2025-03-11,2025-04-10,Completed
429,557,22,2025-10-05,2025-10-28,Completed
430,1158,21,2024-04-08,2024-04-30,Completed
431,402,36,2024-11-28,2024-12-10,Completed
432,731,18,2024-09-03,2024-09-22,Completed
433,467,16,2025-07-29,2025-08-04,Completed
434,212,21,2024-05-20,2024-05-24,Completed
435,420,18,2025-07-01,,Not Started
436,149,3,2025-07-15,2025-07-29,Completed
437,453,29,2024-08-11,2024-08-18,Completed
438,526,1,2025-08-24,2025-09-07,Completed
439,1317,22,2025-04-05,,Dropped
440,192,12,2024-08-30,2024-09-08,Completed
441,1650,8,2025-09-04,2025-09-30,Completed
442,1922,30,2024-02-15,2024-03-01,Completed
443,1109,5,2026-02-14,2026-02-26,Completed
444,1897,34,2026-04-16,,Not Started
445,1630,16,2024-12-04,2024-12-24,Completed
446,1194,7,2025-08-12,2025-09-01,Completed
447,1427,12,2024-12-31,,In Progress
448,1140,27,2024-01-28,,In Progress
449,1285,22,2025-11-14,2025-11-23,Completed
450,1685,4,2026-01-25,2026-02-05,Completed
451,402,33,2024-07-21,2024-08-11,Completed
452,126,26,2024-08-19,2024-08-26,Completed
453,242,28,2026-01-11,2026-02-05,Completed
454,1550,36,2024-11-02,,In Progress
455,885,4,2024-03-05,,In Progress
456,326,18,2024-01-08,2024-01-13,Completed
457,1092,5,2026-05-13,,Dropped
458,223,2,2024-06-10,2024-06-22,Completed
459,851,3,2024-08-22,2024-09-06,Completed
460,546,28,2025-12-31,2026-01-26,Completed
461,1088,39,2026-08-12,2026-09-01,Completed
462,676,36,2024-06-10,,In Progress
463,1218,20,2025-08-03,2025-08-22,Completed
464,871,5,2026-05-06,,In Progress
465,572,11,2025-09-12,2025-10-10,Completed
466,1635,31,2024-01-21,2024-02-07,Completed
467,770,31,2025-04-21,,Not Started
468,1792,22,2026-03-26,2026-03-31,Completed
469,471,29,2025-06-30,,Not Started
470,232,21,2025-02-08,,Dropped
471,1190,28,2026-04-16,2026-05-07,Completed
472,369,20,2024-08-25,,In Progress
473,493,37,2025-06-04,,Dropped
474,1114,36,2024-09-04,2024-09-08,Completed
475,695,20,2024-04-05,2024-04-20,Completed
476,1125,4,2024-07-01,2024-07-22,Completed
477,1742,34,2024-05-23,,In Progress
478,452,27,2024-04-01,2024-04-26,Completed
479,906,2,2026-01-08,2026-01-18,Completed
480,1511,30,2025-04-16,2025-05-01,Completed
481,1736,12,2024-02-03,,In Progress
482,1598,1,2025-11-11,2025-12-12,Completed
483,1481,1,2024-11-26,2024-12-25,Completed
484,1655,25,2024-03-24,2024-04-04,Completed
485,985,39,2024-04-10,2024-04-29,Completed
486,1327,14,2026-03-17,2026-04-09,Completed
487,53,28,2024-12-27,2025-01-22,Completed
488,236,32,2025-05-31,2025-06-30,Completed
489,599,8,2024-03-28,2024-04-07,Completed
490,1230,26,2025-07-06,2025-07-27,Completed
491,1070,37,2024-03-19,2024-04-14,Completed
492,592,19,2026-03-18,2026-04-03,Completed
493,961,2,2025-03-21,2025-03-30,Completed
494,1228,2,2025-11-08,2025-11-23,Completed
495,774,12,2024-12-15,2025-01-14,Completed
496,1057,9,2024-06-02,2024-06-25,Completed
497,252,7,2024-06-01,,In Progress
498,1048,7,2024-11-25,2024-12-03,Completed
499,750,11,2024-06-23,,In Progress
500,769,29,2025-07-19,2025-08-14,Completed
501,963,2,2024-07-31,2024-08-27,Completed
502,1754,23,2025-04-16,2025-05-16,Completed
503,35,31,2026-03-08,2026-04-01,Completed
504,379,3,2024-03-03,2024-03-14,Completed
505,1901,3,2025-02-05,2025-03-03,Completed
506,255,36,2026-07-26,2026-07-28,Completed
507,536,24,2024-09-21,,Not Started
508,1319,5,2025-04-30,2025-05-19,Completed
509,1057,6,2026-01-05,,In Progress
510,1083,25,2025-02-13,2025-02-22,Completed
511,1379,2,2025-12-14,2026-01-12,Completed
512,605,28,2025-06-18,2025-07-14,Completed
513,1366,29,2025-02-21,2025-02-27,Completed
514,498,36,2026-02-13,2026-02-26,Completed
515,1480,28,2025-06-25,2025-07-03,Completed
516,635,39,2024-09-14,2024-09-17,Completed
517,1684,15,2025-10-08,2025-10-24,Completed
518,1938,30,2026-02-14,2026-02-22,Completed
519,383,15,2024-08-22,,In Progress
520,756,12,2025-11-30,2025-12-13,Completed
521,1965,36,2026-01-16,2026-01-20,Completed
522,963,14,2025-02-25,,In Progress
523,1768,10,2025-08-12,,Not Started
524,1087,19,2026-07-29,2026-08-09,Completed
525,1497,3,2024-09-04,2024-09-30,Completed
526,1063,5,2024-10-09,2024-10-25,Completed
527,954,23,2025-12-14,2026-01-10,Completed
528,697,1,2025-12-04,2025-12-19,Completed
529,490,6,2024-08-09,2024-09-10,Completed
530,1688,13,2026-04-28,2026-05-22,Completed
531,646,36,2024-05-05,2024-05-14,Completed
532,1653,4,2024-04-14,2024-05-12,Completed
533,1229,17,2025-04-22,,In Progress
534,1613,3,2024-02-19,2024-03-06,Completed
535,494,22,2025-10-08,2025-10-27,Completed
536,444,4,2025-10-21,2025-11-03,Completed
537,81,36,2026-05-25,2026-05-29,Completed
538,1959,2,2026-02-07,2026-03-03,Completed
539,1018,30,2024-12-01,,Not Started
540,196,17,2025-05-27,,Dropped
541,1596,21,2026-06-03,2026-06-06,Completed
542,22,37,2024-08-01,,In Progress
543,1661,1,2024-04-19,2024-05-08,Completed
544,230,21,2026-05-07,2026-05-10,Completed
545,501,27,2024-12-07,2025-01-04,Completed
546,1019,8,2024-10-17,,In Progress
547,1221,3,2026-01-12,,Dropped
548,1878,1,2025-09-27,2025-10-15,Completed
549,754,23,2024-12-20,2024-12-26,Completed
550,157,11,2024-03-13,,In Progress
551,1784,20,2026-03-01,2026-03-09,Completed
552,1105,10,2024-08-24,2024-09-14,Completed
553,703,34,2025-08-23,2025-09-10,Completed
554,399,5,2026-01-10,2026-01-28,Completed
555,1243,23,2024-05-31,2024-06-19,Completed
556,564,11,2025-03-04,2025-03-17,Completed
557,1913,1,2026-02-02,,Dropped
558,603,3,2025-07-02,2025-08-04,Completed
559,88,34,2025-10-07,2025-11-06,Completed
560,692,7,2025-02-08,2025-03-12,Completed
561,1524,2,2025-12-11,2026-01-11,Completed
562,264,16,2026-05-16,2026-05-21,Completed
563,1934,5,2024-02-26,2024-03-15,Completed
564,740,15,2026-06-24,2026-07-23,Completed
565,56,14,2025-12-02,2025-12-16,Completed
566,1926,30,2024-04-12,,Not Started
567,1573,6,2026-07-08,2026-07-17,Completed
568,1675,16,2025-07-17,2025-08-08,Completed
569,223,18,2026-05-17,2026-06-14,Completed
570,1150,25,2024-05-26,2024-06-16,Completed
571,1703,8,2026-02-06,,Not Started
572,238,7,2026-07-06,2026-08-07,Completed
573,1081,40,2026-03-09,2026-03-21,Completed
574,487,18,2025-11-14,,Dropped
575,1509,37,2024-05-19,2024-05-27,Completed
576,479,25,2025-09-21,,In Progress
577,110,3,2025-01-14,2025-02-15,Completed
578,37,23,2024-02-18,2024-03-12,Completed
579,1190,28,2026-04-02,2026-04-25,Completed
580,373,38,2026-01-01,,Not Started
581,523,22,2024-06-18,2024-07-11,Completed
582,1447,22,2025-10-02,2025-10-25,Completed
583,1173,33,2026-06-09,,In Progress
584,608,34,2025-10-19,2025-11-12,Completed
585,1528,29,2025-11-25,,In Progress
586,1750,17,2026-06-29,2026-07-08,Completed
587,1097,31,2025-08-16,2025-09-11,Completed
588,509,4,2025-08-01,2025-08-07,Completed
589,1582,19,2024-11-13,2024-12-12,Completed
590,1997,35,2024-06-28,,Dropped
591,222,5,2026-03-10,,In Progress
592,457,10,2024-05-24,,In Progress
593,881,16,2025-07-27,,Not Started
594,113,16,2025-12-17,2026-01-07,Completed
595,969,4,2025-10-17,2025-11-16,Completed
596,856,39,2024-02-01,2024-02-08,Completed
597,1535,6,2025-07-29,,Not Started
598,1484,7,2025-09-13,2025-10-11,Completed
599,1357,23,2025-01-05,2025-01-26,Completed
600,284,25,2025-07-28,,In Progress
601,1713,33,2024-10-18,,In Progress
602,1838,12,2025-02-21,,Dropped
603,242,40,2026-07-12,2026-08-03,Completed
604,890,12,2025-07-16,,In Progress
605,1606,4,2025-08-27,,In Progress
606,1116,26,2025-03-20,2025-03-28,Completed
607,1605,21,2025-08-09,2025-08-25,Completed
608,1291,2,2026-04-29,2026-05-24,Completed
609,987,33,2024-04-10,2024-05-08,Completed
610,1807,4,2024-07-13,,In Progress
611,643,22,2026-08-03,,In Progress
612,516,34,2026-03-06,2026-03-28,Completed
613,306,7,2026-03-26,,In Progress
614,1741,19,2025-10-03,,Dropped
615,1751,1,2024-06-17,2024-06-30,Completed
616,3,1,2026-05-22,2026-06-16,Completed
617,801,37,2025-02-02,2025-02-05,Completed
618,240,34,2026-02-20,2026-03-03,Completed
619,154,2,2024-07-16,,In Progress
620,686,33,2026-04-23,,Dropped
621,99,38,2025-01-19,2025-02-09,Completed
622,1328,9,2024-10-27,2024-11-03,Completed
623,1757,29,2024-02-25,2024-03-26,Completed
624,363,35,2025-06-18,2025-07-12,Completed
625,1945,17,2025-02-25,2025-03-03,Completed
626,1495,13,2025-10-14,2025-10-20,Completed
627,1835,19,2025-03-29,2025-04-14,Completed
628,333,2,2025-04-04,,Dropped
629,1487,15,2026-06-02,2026-06-11,Completed
630,1222,4,2024-01-20,2024-01-28,Completed
631,1528,36,2026-01-12,2026-01-29,Completed
632,1890,14,2024-02-18,,Not Started
633,1158,27,2025-09-08,2025-10-08,Completed
634,540,1,2025-06-20,2025-07-04,Completed
635,138,39,2024-07-22,2024-07-31,Completed
636,183,38,2026-08-11,2026-09-04,Completed
637,1906,5,2024-12-19,,Dropped
638,822,3,2025-07-11,,Not Started
639,951,1,2026-05-19,,Not Started
640,1859,4,2024-04-14,2024-04-25,Completed
641,1,14,2024-08-12,,In Progress
642,488,33,2025-11-16,2025-12-07,Completed
643,1016,21,2024-12-19,2024-12-28,Completed
644,447,17,2026-07-01,2026-07-15,Completed
645,629,8,2024-02-20,,In Progress
646,346,36,2024-11-26,2024-12-10,Completed
647,603,19,2026-04-17,2026-04-29,Completed
648,584,40,2024-08-30,2024-09-23,Completed
649,513,34,2025-02-11,2025-02-19,Completed
650,1900,4,2025-04-19,,In Progress
651,1024,26,2024-06-23,,Dropped
652,154,1,2024-06-14,2024-07-05,Completed
653,1832,33,2025-07-03,,In Progress
654,210,24,2024-09-24,2024-10-12,Completed
655,352,22,2024-12-14,,In Progress
656,1007,32,2025-12-04,2025-12-17,Completed
657,1553,16,2026-04-26,2026-05-17,Completed
658,498,36,2026-05-18,2026-06-06,Completed
659,1396,40,2025-02-22,2025-03-04,Completed
660,1173,30,2026-01-26,2026-02-27,Completed
661,1440,22,2026-01-06,2026-01-22,Completed
662,1395,38,2024-05-01,2024-05-25,Completed
663,126,15,2025-05-23,2025-06-09,Completed
664,1062,31,2024-05-30,,Dropped
665,32,13,2024-01-03,2024-01-13,Completed
666,173,25,2024-06-24,2024-07-19,Completed
667,716,11,2024-06-12,2024-06-29,Completed
668,1391,36,2025-01-09,2025-01-21,Completed
669,1105,40,2024-04-17,2024-05-02,Completed
670,1167,4,2024-03-15,2024-04-14,Completed
671,1920,5,2025-08-07,2025-09-06,Completed
672,815,39,2026-02-12,2026-02-15,Completed
673,1142,22,2026-03-02,2026-03-13,Completed
674,881,24,2025-07-08,2025-07-30,Completed
675,1778,1,2024-06-11,2024-06-18,Completed
676,1743,11,2024-02-04,,Not Started
677,1417,29,2025-11-09,,Dropped
678,888,39,2025-09-04,2025-09-14,Completed
679,1040,39,2025-10-25,2025-11-15,Completed
680,692,34,2025-09-16,2025-10-11,Completed
681,136,25,2024-10-17,2024-11-11,Completed
682,1118,19,2026-04-09,,In Progress
683,74,27,2025-03-27,2025-04-07,Completed
684,482,37,2025-02-15,2025-03-04,Completed
685,402,20,2025-11-03,2025-11-27,Completed
686,926,9,2026-03-09,2026-04-02,Completed
687,131,28,2025-11-10,,Not Started
688,1014,23,2025-05-19,2025-05-28,Completed
689,1756,24,2026-07-26,2026-08-15,Completed
690,1472,34,2026-05-07,,In Progress
691,656,19,2024-07-19,2024-08-15,Completed
692,79,32,2025-06-28,2025-07-20,Completed
693,2,15,2024-07-09,2024-08-08,Completed
694,487,13,2025-12-13,2025-12-19,Completed
695,1359,37,2025-01-04,,In Progress
696,800,14,2025-09-26,2025-10-14,Completed
697,1166,1,2025-11-20,2025-12-04,Completed
698,1843,21,2026-03-08,,In Progress
699,1746,14,2024-09-14,2024-10-04,Completed
700,806,17,2025-02-07,2025-02-23,Completed
701,1693,33,2024-10-28,2024-11-11,Completed
702,1299,39,2025-11-30,2025-12-20,Completed
703,1735,9,2025-02-04,,In Progress
704,456,36,2024-07-18,2024-08-07,Completed
705,1914,3,2025-02-18,2025-03-02,Completed
706,1402,26,2024-12-01,2024-12-31,Completed
707,692,28,2026-08-12,2026-08-27,Completed
708,797,5,2025-08-12,2025-09-11,Completed
709,454,36,2024-08-15,2024-09-05,Completed
710,1601,27,2024-04-14,2024-05-06,Completed
711,218,21,2025-02-04,2025-02-07,Completed
712,1949,25,2025-06-15,2025-07-02,Completed
713,1945,35,2024-11-28,2024-12-14,Completed
714,1549,18,2025-11-27,2025-12-09,Completed
715,460,1,2024-11-09,2024-11-18,Completed
716,1798,26,2025-06-08,,In Progress
717,153,38,2024-04-25,,Dropped
718,1227,18,2024-02-18,2024-03-15,Completed
719,684,22,2024-10-02,,In Progress
720,177,34,2024-08-03,2024-08-10,Completed
721,667,10,2024-04-20,2024-05-06,Completed
722,415,3,2026-01-16,2026-02-14,Completed
723,1815,6,2025-03-05,2025-03-29,Completed
724,200,7,2025-03-12,2025-03-29,Completed
725,94,1,2025-09-27,2025-10-07,Completed
726,1428,36,2026-04-01,2026-04-27,Completed
727,1623,3,2026-03-05,2026-03-29,Completed
728,785,23,2024-05-04,2024-05-25,Completed
729,969,21,2025-09-11,,In Progress
730,270,30,2024-01-07,2024-01-18,Completed
731,482,34,2025-06-23,2025-07-22,Completed
732,714,15,2026-06-30,2026-07-15,Completed
733,1142,33,2026-04-08,,In Progress
734,853,2,2024-11-28,,Dropped
735,1196,19,2026-03-22,,In Progress
736,1104,17,2024-11-01,,Dropped
737,284,18,2024-12-11,2025-01-07,Completed
738,1830,26,2025-07-08,2025-08-06,Completed
739,1205,16,2025-01-07,,In Progress
740,650,32,2026-05-11,2026-05-22,Completed
741,1029,3,2025-09-21,,Dropped
742,1982,2,2025-12-10,2025-12-28,Completed
743,53,4,2026-05-21,2026-05-28,Completed
744,88,4,2024-11-10,2024-11-23,Completed
745,1201,25,2024-08-25,2024-09-06,Completed
746,269,25,2026-04-25,,Dropped
747,1694,3,2024-11-29,,Dropped
748,142,6,2024-11-27,2024-12-06,Completed
749,1069,6,2025-10-10,2025-11-10,Completed
750,374,27,2024-10-17,2024-11-08,Completed
751,1075,23,2025-01-30,2025-02-26,Completed
752,1005,4,2026-05-20,2026-06-02,Completed
753,867,17,2025-10-14,,In Progress
754,1474,39,2025-10-20,2025-11-14,Completed
755,14,3,2026-05-16,2026-06-18,Completed
756,1442,5,2025-01-12,2025-01-26,Completed
757,1077,6,2026-04-13,2026-05-08,Completed
758,1655,33,2026-01-24,2026-02-02,Completed
759,259,6,2024-05-26,,Dropped
760,1322,1,2024-11-08,2024-11-15,Completed
761,773,29,2026-06-25,2026-07-08,Completed
762,851,8,2024-06-12,2024-07-05,Completed
763,949,12,2025-06-29,2025-07-21,Completed
764,828,20,2024-03-30,2024-04-09,Completed
765,1612,5,2024-12-24,2025-01-15,Completed
766,534,30,2025-01-06,2025-01-21,Completed
767,991,4,2024-06-07,,Dropped
768,1930,1,2024-05-25,2024-06-16,Completed
769,1673,31,2025-11-16,,In Progress
770,784,37,2025-07-21,2025-07-26,Completed
771,804,2,2026-06-08,2026-06-30,Completed
772,1967,3,2025-04-25,2025-05-19,Completed
773,1408,6,2025-03-29,,In Progress
774,1492,6,2025-08-01,2025-08-14,Completed
775,1960,34,2024-01-30,2024-02-09,Completed
776,318,22,2025-08-03,,Dropped
777,439,29,2026-06-21,2026-06-30,Completed
778,1501,16,2024-11-30,2024-12-22,Completed
779,155,25,2024-08-29,2024-09-07,Completed
780,485,37,2024-11-28,2024-12-22,Completed
781,1975,8,2025-08-14,,Dropped
782,1107,6,2025-07-23,,Not Started
783,547,16,2025-05-15,,In Progress
784,949,29,2026-06-22,2026-07-03,Completed
785,1656,15,2024-09-10,,Not Started
786,1170,11,2026-06-05,2026-07-05,Completed
787,1952,31,2025-09-17,2025-09-28,Completed
788,370,37,2025-09-10,,In Progress
789,1763,22,2024-01-03,2024-01-12,Completed
790,902,2,2024-02-26,2024-03-26,Completed
791,1846,22,2026-02-16,2026-03-07,Completed
792,1473,3,2025-05-17,2025-06-06,Completed
793,284,22,2025-07-25,,Not Started
794,1063,7,2024-06-01,2024-06-29,Completed
795,1542,39,2024-05-17,,In Progress
796,814,29,2026-01-13,,Dropped
797,1123,5,2024-02-08,,Dropped
798,544,30,2025-05-15,2025-06-12,Completed
799,1813,17,2025-05-30,2025-06-22,Completed
800,898,12,2024-08-03,2024-09-02,Completed
801,1444,36,2025-11-14,2025-11-21,Completed
802,485,25,2025-02-07,,Not Started
803,1636,34,2026-02-07,,In Progress
804,1667,31,2024-07-25,2024-08-11,Completed
805,484,38,2025-10-22,2025-11-11,Completed
806,1752,32,2024-11-24,2024-12-02,Completed
807,711,34,2024-06-15,,Not Started
808,1786,29,2026-07-09,,Not Started
809,192,1,2024-06-01,2024-06-12,Completed
810,1596,38,2025-08-23,,In Progress
811,1360,1,2024-11-06,2024-11-20,Completed
812,1339,36,2025-06-07,2025-06-28,Completed
813,1687,6,2024-01-06,2024-01-29,Completed
814,170,6,2025-08-30,2025-09-26,Completed
815,1982,3,2025-02-11,2025-02-25,Completed
816,1499,4,2024-07-31,2024-08-27,Completed
817,1893,27,2025-04-16,2025-05-16,Completed
818,1353,4,2024-04-27,2024-05-26,Completed
819,1380,3,2024-04-25,2024-05-08,Completed
820,266,37,2024-02-12,2024-03-08,Completed
821,66,17,2026-01-10,2026-02-07,Completed
822,1896,20,2025-03-24,,Not Started
823,406,38,2026-02-03,,In Progress
824,76,10,2024-07-16,2024-08-01,Completed
825,427,20,2025-11-07,2025-12-02,Completed
826,1796,26,2024-11-04,,In Progress
827,213,4,2026-03-14,2026-03-23,Completed
828,185,10,2026-03-19,2026-04-06,Completed
829,1281,20,2026-08-02,2026-08-07,Completed
830,1181,26,2024-05-17,2024-06-01,Completed
831,770,3,2026-05-10,,In Progress
832,397,27,2025-01-10,,Not Started
833,717,28,2026-05-09,,In Progress
834,1660,29,2025-11-01,2025-11-13,Completed
835,1466,26,2025-09-02,2025-10-02,Completed
836,1423,22,2026-04-23,2026-04-30,Completed
837,469,39,2024-05-01,2024-05-09,Completed
838,869,38,2025-07-16,2025-07-29,Completed
839,794,11,2026-08-04,2026-08-09,Completed
840,532,38,2026-06-28,,In Progress
841,320,1,2025-05-08,,Not Started
842,866,3,2025-09-20,2025-10-07,Completed
843,1142,19,2024-03-02,2024-03-25,Completed
844,126,17,2026-01-08,,Not Started
845,884,16,2025-08-27,2025-09-07,Completed
846,267,3,2024-10-15,2024-10-28,Completed
847,702,11,2026-06-03,2026-06-29,Completed
848,1294,25,2024-08-15,2024-08-29,Completed
849,67,8,2024-05-07,2024-05-24,Completed
850,1860,37,2025-05-23,2025-06-18,Completed
851,1311,17,2025-03-09,,Dropped
852,632,24,2025-01-14,2025-02-09,Completed
853,1595,40,2025-01-15,2025-01-23,Completed
854,1937,8,2025-05-06,,Dropped
855,281,34,2024-09-14,2024-09-19,Completed
856,227,2,2024-03-01,,In Progress
857,1633,31,2024-05-05,2024-05-13,Completed
858,1651,37,2026-03-22,2026-03-31,Completed
859,206,17,2024-10-09,,In Progress
860,185,18,2025-03-09,2025-03-30,Completed
861,27,19,2026-04-11,,In Progress
862,751,17,2024-05-31,2024-06-28,Completed
863,222,39,2025-12-22,2025-12-26,Completed
864,401,19,2025-02-22,2025-03-05,Completed
865,111,17,2024-08-22,2024-08-28,Completed
866,1666,36,2025-01-04,,Not Started
867,1954,9,2024-11-03,2024-11-20,Completed
868,359,3,2024-07-20,2024-08-17,Completed
869,892,5,2025-06-28,,Dropped
870,1386,13,2025-03-12,2025-04-06,Completed
871,520,19,2024-07-28,2024-08-01,Completed
872,684,6,2025-11-18,,In Progress
873,1592,6,2025-02-16,2025-03-21,Completed
874,1884,38,2026-08-02,2026-08-17,Completed
875,1822,15,2026-04-22,2026-05-08,Completed
876,1199,2,2024-09-03,,In Progress
877,1433,35,2024-01-20,2024-02-03,Completed
878,826,16,2024-04-12,2024-04-26,Completed
879,1284,22,2026-02-12,2026-02-19,Completed
880,104,17,2025-05-12,2025-05-20,Completed
881,1872,8,2024-01-21,,In Progress
882,538,22,2025-07-10,,In Progress
883,1131,2,2026-01-02,2026-02-01,Completed
884,1758,28,2025-12-14,2025-12-19,Completed
885,646,8,2025-12-25,2026-01-25,Completed
886,353,2,2025-09-17,2025-09-26,Completed
887,1655,22,2025-10-24,,In Progress
888,1683,19,2026-07-23,2026-08-15,Completed
889,1084,40,2025-10-16,2025-10-21,Completed
890,407,17,2025-03-25,2025-04-12,Completed
891,783,23,2026-02-06,2026-02-24,Completed
892,1860,14,2024-04-11,2024-04-30,Completed
893,588,39,2025-05-11,2025-05-21,Completed
894,509,7,2024-06-27,,In Progress
895,895,5,2026-01-24,2026-02-21,Completed
896,1372,22,2024-10-23,2024-10-30,Completed
897,1251,17,2024-01-16,2024-01-29,Completed
898,339,36,2026-05-18,,Not Started
899,1353,4,2024-08-07,2024-08-29,Completed
900,944,33,2025-07-07,,Dropped
901,217,3,2024-02-26,,Dropped
902,1354,26,2024-01-29,2024-02-25,Completed
903,1286,8,2026-05-20,,Not Started
904,1918,21,2026-03-29,2026-04-12,Completed
905,1402,27,2025-09-21,2025-10-16,Completed
906,1034,36,2026-03-09,2026-03-15,Completed
907,1838,3,2025-03-31,,Not Started
908,1497,34,2025-05-30,2025-06-13,Completed
909,1901,26,2024-02-01,,In Progress
910,1744,2,2025-07-13,,Not Started
911,1832,8,2025-07-01,2025-07-31,Completed
912,247,17,2026-06-20,,Dropped
913,1069,19,2026-08-07,2026-08-25,Completed
914,1992,19,2025-03-24,,Not Started
915,1105,5,2026-04-11,2026-05-10,Completed
916,96,16,2024-11-23,2024-11-29,Completed
917,1698,34,2026-05-12,2026-06-04,Completed
918,175,10,2025-02-16,2025-03-14,Completed
919,1369,2,2024-06-10,2024-07-03,Completed
920,1382,33,2024-10-03,,In Progress
921,1229,26,2025-07-27,,Dropped
922,309,17,2026-02-09,2026-03-07,Completed
923,1906,35,2025-11-11,2025-11-25,Completed
924,89,22,2024-08-22,2024-09-03,Completed
925,1853,32,2026-03-20,2026-03-29,Completed
926,727,16,2025-05-21,,Dropped
927,1316,8,2025-05-14,2025-06-14,Completed
928,1416,21,2024-08-17,2024-09-01,Completed
929,726,3,2026-08-11,2026-09-15,Completed
930,1760,32,2025-11-17,2025-11-28,Completed
931,600,25,2026-06-25,2026-07-13,Completed
932,1438,25,2026-05-05,2026-05-22,Completed
933,1120,8,2024-09-28,,Not Started
934,880,1,2025-04-08,2025-04-18,Completed
935,133,17,2024-06-05,2024-06-13,Completed
936,791,4,2026-08-13,2026-09-12,Completed
937,498,33,2025-02-20,2025-03-16,Completed
938,257,1,2025-08-10,,Not Started
939,1595,7,2025-07-01,2025-07-30,Completed
940,1028,7,2024-02-12,,Dropped
941,282,40,2025-02-08,2025-03-07,Completed
942,1080,17,2025-08-12,2025-08-17,Completed
943,1277,34,2024-04-01,2024-04-12,Completed
944,1700,3,2026-07-06,,In Progress
945,1485,8,2025-11-08,,In Progress
946,1229,25,2024-06-16,,Not Started
947,1789,6,2025-02-21,2025-03-07,Completed
948,974,28,2026-07-04,2026-07-14,Completed
949,510,2,2024-09-17,2024-10-11,Completed
950,194,15,2026-03-09,,In Progress
951,45,37,2025-01-03,,Dropped
952,571,30,2025-05-22,2025-06-01,Completed
953,1263,3,2024-11-21,2024-12-07,Completed
954,1428,10,2024-01-29,,In Progress
955,853,15,2024-03-05,2024-04-02,Completed
956,992,37,2026-08-11,,In Progress
957,1582,19,2025-12-17,2026-01-07,Completed
958,1174,30,2025-10-07,2025-10-31,Completed
959,1959,37,2024-01-03,,Dropped
960,946,34,2024-05-28,2024-06-04,Completed
961,907,9,2025-06-13,,Dropped
962,215,32,2026-05-09,2026-05-20,Completed
963,1883,15,2025-01-20,,Not Started
964,1119,16,2025-11-10,2025-12-09,Completed
965,1875,8,2025-08-18,2025-09-12,Completed
966,1126,17,2026-08-10,2026-09-02,Completed
967,640,27,2026-06-06,2026-06-22,Completed
968,1205,8,2024-11-17,,In Progress
969,101,3,2025-09-20,2025-10-19,Completed
970,1392,5,2026-05-15,2026-06-11,Completed
971,740,8,2026-08-09,2026-09-06,Completed
972,92,12,2024-03-13,2024-04-02,Completed
973,1399,29,2024-08-20,,In Progress
974,1102,30,2025-07-22,,In Progress
975,425,16,2024-09-11,2024-10-07,Completed
976,1327,3,2025-06-11,2025-07-01,Completed
977,763,23,2025-01-23,2025-01-29,Completed
978,51,22,2025-10-28,2025-11-26,Completed
979,279,10,2025-08-17,2025-08-24,Completed
980,601,38,2025-01-19,2025-01-29,Completed
981,1609,37,2026-06-01,2026-06-16,Completed
982,884,19,2024-02-21,2024-03-09,Completed
983,537,4,2026-04-19,,In Progress
984,637,11,2026-06-04,2026-07-03,Completed
985,908,12,2026-07-02,2026-07-23,Completed
986,1603,39,2026-02-25,2026-03-06,Completed
987,394,31,2026-04-04,2026-04-25,Completed
988,268,7,2026-03-12,2026-04-13,Completed
989,829,36,2026-03-13,2026-04-04,Completed
990,378,31,2024-12-10,2024-12-19,Completed
991,223,15,2024-12-08,2024-12-24,Completed
992,469,38,2024-01-10,2024-02-02,Completed
993,872,4,2024-07-10,2024-07-20,Completed
994,603,5,2026-02-19,,In Progress
995,877,39,2025-05-04,2025-05-21,Completed
996,637,15,2026-02-21,2026-02-28,Completed
997,800,1,2024-03-21,2024-04-18,Completed
998,205,3,2026-07-21,,Not Started
999,1031,33,2024-09-14,2024-10-07,Completed
1000,1310,15,2024-03-02,2024-03-24,Completed
1001,31,3,2025-08-25,2025-09-16,Completed
1002,986,28,2025-07-26,2025-08-02,Completed
1003,355,22,2026-06-22,,Not Started
1004,910,38,2026-07-07,2026-08-03,Completed
1005,560,17,2026-01-05,2026-01-18,Completed
1006,1747,4,2026-04-11,2026-04-21,Completed
1007,1496,3,2024-06-17,2024-07-13,Completed
1008,515,7,2026-02-16,,Dropped
1009,701,7,2024-12-20,2025-01-19,Completed
1010,791,36,2025-06-29,2025-07-18,Completed
1011,718,39,2025-10-12,2025-10-22,Completed
1012,1942,19,2024-11-13,2024-12-08,Completed
1013,1142,27,2024-08-26,2024-09-09,Completed
1014,742,32,2024-10-01,2024-10-28,Completed
1015,1935,16,2024-11-08,2024-11-21,Completed
1016,1336,18,2026-01-27,2026-02-06,Completed
1017,1732,36,2024-04-24,2024-05-02,Completed
1018,316,38,2025-04-03,2025-04-22,Completed
1019,1260,31,2026-01-18,,Not Started
1020,1398,38,2026-01-21,,In Progress
1021,174,17,2026-07-11,,In Progress
1022,1565,6,2025-11-11,2025-12-09,Completed
1023,1390,29,2025-05-16,2025-05-28,Completed
1024,1777,34,2025-07-05,2025-07-15,Completed
1025,1679,2,2025-05-01,2025-05-09,Completed
1026,1342,21,2026-03-31,,Dropped
1027,1243,31,2024-09-09,,In Progress
1028,523,11,2025-10-12,2025-10-29,Completed
1029,1247,40,2024-08-23,2024-09-12,Completed
1030,1031,34,2024-09-30,2024-10-12,Completed
1031,678,35,2026-06-21,2026-06-28,Completed
1032,1757,38,2025-12-17,,In Progress
1033,1517,3,2024-03-11,2024-04-02,Completed
1034,903,18,2024-10-20,2024-10-26,Completed
1035,1726,16,2024-06-25,2024-07-07,Completed
1036,1878,26,2025-01-03,2025-01-22,Completed
1037,110,33,2024-08-03,,In Progress
1038,1801,13,2024-03-08,2024-04-02,Completed
1039,446,17,2026-03-14,2026-03-19,Completed
1040,1315,27,2026-02-12,,Dropped
1041,1487,26,2024-09-03,2024-09-12,Completed
1042,302,20,2025-05-29,2025-06-11,Completed
1043,1791,20,2025-01-30,,In Progress
1044,1164,22,2025-08-23,2025-09-20,Completed
1045,318,36,2026-02-21,2026-02-24,Completed
1046,627,40,2024-11-18,2024-12-13,Completed
1047,273,34,2024-04-17,2024-05-06,Completed
1048,1395,4,2025-01-20,2025-02-20,Completed
1049,184,35,2025-09-04,2025-09-22,Completed
1050,1456,8,2024-10-01,2024-10-13,Completed
1051,1704,21,2024-08-19,2024-08-27,Completed
1052,1068,7,2025-08-04,,In Progress
1053,310,39,2025-10-23,2025-11-09,Completed
1054,62,15,2026-04-16,2026-05-09,Completed
1055,431,40,2025-06-13,,Dropped
1056,1893,2,2025-08-14,2025-08-28,Completed
1057,344,4,2024-02-15,,In Progress
1058,31,5,2024-06-28,,Dropped
1059,34,2,2025-06-18,2025-07-09,Completed
1060,778,3,2026-07-20,2026-08-19,Completed
1061,1223,26,2025-07-25,,Dropped
1062,1386,18,2025-01-30,2025-02-20,Completed
1063,172,33,2024-07-12,2024-08-13,Completed
1064,191,10,2026-07-28,,In Progress
1065,1839,21,2026-08-08,2026-08-18,Completed
1066,1314,38,2025-08-26,2025-08-29,Completed
1067,1611,18,2025-03-07,,In Progress
1068,1570,35,2025-10-18,2025-11-03,Completed
1069,634,16,2025-08-25,2025-09-19,Completed
1070,1619,3,2024-01-04,2024-02-07,Completed
1071,35,17,2026-02-08,2026-02-18,Completed
1072,8,14,2026-04-15,2026-04-29,Completed
1073,1951,29,2025-01-23,2025-01-31,Completed
1074,679,1,2025-12-06,2025-12-25,Completed
1075,1992,37,2025-02-03,2025-02-07,Completed
1076,152,1,2025-10-24,2025-11-10,Completed
1077,613,36,2025-12-26,2026-01-04,Completed
1078,578,1,2025-04-02,2025-04-11,Completed
1079,817,23,2026-08-02,,Dropped
1080,551,31,2025-04-25,2025-05-22,Completed
1081,31,13,2025-07-29,,In Progress
1082,881,16,2024-07-26,2024-08-03,Completed
1083,774,20,2025-08-04,2025-08-21,Completed
1084,327,15,2025-04-15,,In Progress
1085,1082,7,2025-03-19,2025-04-11,Completed
1086,1839,24,2024-05-01,2024-05-27,Completed
1087,1353,25,2026-03-11,2026-03-27,Completed
1088,63,14,2025-08-28,2025-09-12,Completed
1089,929,34,2025-08-06,2025-08-23,Completed
1090,48,27,2024-08-30,2024-09-07,Completed
1091,272,16,2025-12-19,,In Progress
1092,735,17,2025-10-08,2025-10-30,Completed
1093,1702,36,2025-01-24,2025-01-28,Completed
1094,1134,35,2026-02-18,,Not Started
1095,1838,22,2026-08-14,2026-08-20,Completed
1096,1606,17,2024-12-09,2024-12-17,Completed
1097,944,18,2024-10-24,2024-11-18,Completed
1098,1532,4,2024-10-30,2024-11-10,Completed
1099,1606,2,2025-07-08,2025-08-05,Completed
1100,1130,4,2024-04-04,2024-04-28,Completed
1101,825,38,2025-03-22,2025-03-29,Completed
1102,289,23,2025-05-03,2025-05-26,Completed
1103,153,17,2026-04-10,2026-04-23,Completed
1104,1477,29,2024-09-29,,Dropped
1105,216,33,2024-12-20,2025-01-07,Completed
1106,996,34,2024-02-16,2024-03-16,Completed
1107,1036,3,2026-05-15,2026-05-29,Completed
1108,1730,36,2025-05-23,,In Progress
1109,1455,22,2026-01-21,2026-02-14,Completed
1110,818,6,2025-12-22,,Dropped
1111,840,9,2024-02-24,2024-03-06,Completed
1112,1695,4,2026-05-17,,Dropped
1113,364,19,2026-07-30,2026-08-13,Completed
1114,1818,28,2026-03-17,2026-03-23,Completed
1115,183,18,2025-10-29,,Not Started
1116,1673,19,2024-06-13,2024-07-09,Completed
1117,927,7,2024-05-19,,Not Started
1118,149,15,2026-08-14,2026-09-13,Completed
1119,1582,14,2025-05-08,2025-06-06,Completed
1120,720,38,2025-10-18,2025-10-21,Completed
1121,188,3,2025-01-15,,Not Started
1122,1251,5,2025-04-19,,Dropped
1123,224,40,2025-11-03,2025-11-11,Completed
1124,876,2,2026-06-20,2026-07-09,Completed
1125,466,38,2026-06-01,,In Progress
1126,110,33,2024-05-19,2024-05-27,Completed
1127,947,2,2025-03-16,2025-04-14,Completed
1128,31,1,2025-05-10,2025-06-07,Completed
1129,1700,40,2024-03-29,,Dropped
1130,1176,32,2025-07-29,2025-08-26,Completed
1131,601,7,2025-10-23,2025-11-17,Completed
1132,1069,18,2025-08-30,2025-09-09,Completed
1133,1772,35,2024-12-18,2025-01-01,Completed
1134,572,39,2026-02-23,2026-03-20,Completed
1135,181,39,2026-03-23,,In Progress
1136,1896,4,2025-04-30,2025-05-15,Completed
1137,1661,20,2024-08-06,,Dropped
1138,1486,31,2024-02-06,2024-02-15,Completed
1139,315,12,2025-07-28,2025-08-16,Completed
1140,455,27,2024-03-11,2024-03-26,Completed
1141,437,39,2026-03-13,,In Progress
1142,738,17,2025-06-20,,In Progress
1143,1688,7,2026-06-11,,Dropped
1144,862,20,2025-02-19,,Dropped
1145,1118,16,2026-02-02,2026-02-12,Completed
1146,1205,21,2026-01-04,,Not Started
1147,1825,10,2025-07-08,2025-07-31,Completed
1148,622,39,2024-11-21,,In Progress
1149,784,38,2026-03-27,,Dropped
1150,1985,35,2025-02-19,,Dropped
1151,1107,2,2024-12-08,2024-12-30,Completed
1152,1899,9,2024-02-21,2024-03-11,Completed
1153,1270,12,2024-03-22,2024-04-10,Completed
1154,327,6,2024-07-06,,In Progress
1155,20,22,2025-07-07,,Not Started
1156,1848,31,2024-04-19,2024-05-17,Completed
1157,1434,11,2024-01-29,2024-02-22,Completed
1158,209,36,2024-04-12,,Not Started
1159,206,17,2025-06-03,,Not Started
1160,195,23,2025-12-04,2025-12-19,Completed
1161,1650,10,2025-03-31,2025-04-07,Completed
1162,1407,27,2024-06-21,2024-07-09,Completed
1163,1469,24,2026-07-30,2026-08-12,Completed
1164,1431,38,2025-11-29,2025-12-01,Completed
1165,1829,2,2024-05-18,2024-06-05,Completed
1166,1608,32,2025-08-02,2025-08-09,Completed
1167,22,4,2025-03-03,,In Progress
1168,1433,37,2024-03-21,2024-04-02,Completed
1169,440,35,2026-08-10,2026-08-27,Completed
1170,1980,32,2025-12-03,2025-12-17,Completed
1171,902,24,2025-09-24,2025-10-13,Completed
1172,579,2,2026-05-04,2026-06-05,Completed
1173,908,27,2026-05-14,2026-06-08,Completed
1174,1128,2,2024-12-28,2025-01-23,Completed
1175,1381,13,2024-01-29,,Dropped
1176,1365,30,2024-03-08,2024-03-27,Completed
1177,590,39,2025-09-28,2025-10-09,Completed
1178,1583,28,2024-07-27,2024-08-19,Completed
1179,243,1,2024-12-22,2024-12-29,Completed
1180,1799,6,2024-02-16,2024-03-17,Completed
1181,1992,30,2024-03-06,2024-03-22,Completed
1182,1284,23,2024-04-06,,Not Started
1183,1340,12,2025-09-22,2025-10-04,Completed
1184,1966,21,2024-12-20,,In Progress
1185,499,37,2025-12-03,2025-12-09,Completed
1186,94,13,2024-03-13,2024-04-01,Completed
1187,1974,18,2025-08-14,2025-08-18,Completed
1188,815,22,2026-07-24,,Dropped
1189,1122,2,2025-07-13,2025-08-04,Completed
1190,978,8,2026-03-07,2026-03-20,Completed
1191,981,19,2025-12-12,2026-01-07,Completed
1192,1823,39,2025-11-09,2025-11-20,Completed
1193,629,22,2025-01-18,,Dropped
1194,43,1,2025-05-17,2025-06-16,Completed
1195,1737,34,2024-12-08,2024-12-19,Completed
1196,330,24,2026-04-28,2026-05-18,Completed
1197,436,40,2024-11-16,2024-12-01,Completed
1198,377,10,2025-04-15,2025-04-26,Completed
1199,1193,2,2024-07-10,2024-08-05,Completed
1200,1439,31,2024-08-12,,In Progress
1201,631,11,2024-04-07,2024-05-05,Completed
1202,1613,1,2024-02-10,2024-02-29,Completed
1203,1719,26,2024-12-30,2025-01-25,Completed
1204,1566,39,2025-07-23,,Dropped
1205,1046,8,2024-01-15,2024-01-24,Completed
1206,182,14,2025-03-30,2025-04-07,Completed
1207,1263,38,2024-10-15,,Dropped
1208,686,39,2026-08-03,,Dropped
1209,685,30,2025-07-30,2025-08-23,Completed
1210,924,11,2025-08-02,,Dropped
1211,180,5,2026-01-24,2026-02-18,Completed
1212,639,5,2024-02-17,2024-03-07,Completed
1213,859,26,2026-06-22,2026-06-28,Completed
1214,1812,27,2025-04-13,2025-05-05,Completed
1215,383,2,2025-04-18,,Not Started
1216,1823,1,2025-09-02,2025-09-22,Completed
1217,235,3,2024-12-18,,Dropped
1218,463,28,2025-07-17,2025-07-28,Completed
1219,884,27,2024-06-21,2024-07-22,Completed
1220,1246,28,2024-06-24,2024-07-15,Completed
1221,1610,3,2025-08-09,,Dropped
1222,1481,1,2025-01-09,2025-01-28,Completed
1223,218,31,2025-05-30,2025-06-24,Completed
1224,761,11,2025-07-17,2025-08-09,Completed
1225,1804,11,2026-02-06,2026-02-26,Completed
1226,343,27,2024-04-06,2024-04-28,Completed
1227,92,28,2026-02-07,,Not Started
1228,696,37,2025-05-05,2025-06-01,Completed
1229,1433,23,2024-08-09,2024-08-26,Completed
1230,1247,38,2025-06-04,,Dropped
1231,983,37,2026-04-02,2026-04-14,Completed
1232,1970,36,2026-06-06,2026-06-11,Completed
1233,1053,4,2026-01-09,,In Progress
1234,333,1,2024-06-30,2024-07-25,Completed
1235,604,20,2025-10-02,,Not Started
1236,469,4,2024-06-08,2024-06-16,Completed
1237,569,9,2024-10-12,2024-11-09,Completed
1238,270,38,2026-05-30,2026-06-04,Completed
1239,136,16,2025-01-03,2025-01-29,Completed
1240,402,27,2025-11-20,2025-12-16,Completed
1241,1505,1,2024-02-06,2024-02-13,Completed
1242,568,38,2025-12-13,2025-12-19,Completed
1243,268,28,2025-05-24,2025-06-02,Completed
1244,1425,36,2024-09-06,2024-09-14,Completed
1245,85,37,2026-02-16,2026-02-20,Completed
1246,856,12,2024-02-18,2024-03-08,Completed
1247,404,1,2026-04-24,2026-05-22,Completed
1248,1625,22,2026-08-15,,In Progress
1249,936,17,2025-02-11,,Dropped
1250,197,23,2024-08-17,2024-08-24,Completed
1251,1401,1,2024-06-14,,Not Started
1252,184,16,2026-06-23,,In Progress
1253,1521,2,2024-11-01,2024-11-28,Completed
1254,84,35,2024-06-11,2024-07-03,Completed
1255,447,3,2026-03-15,2026-04-01,Completed
1256,1725,39,2025-07-08,,In Progress
1257,137,24,2025-02-05,2025-02-28,Completed
1258,167,32,2024-07-26,,Not Started
1259,860,18,2025-05-28,2025-06-13,Completed
1260,1142,36,2026-05-11,2026-05-25,Completed
1261,944,39,2026-06-17,,Dropped
1262,785,7,2025-02-07,,Not Started
1263,173,22,2026-04-03,2026-04-18,Completed
1264,124,10,2024-10-20,,In Progress
1265,1605,8,2025-11-02,2025-11-21,Completed
1266,802,40,2025-12-02,2025-12-29,Completed
1267,387,28,2025-08-04,2025-08-09,Completed
1268,620,25,2025-01-20,2025-01-31,Completed
1269,266,34,2025-01-29,2025-02-06,Completed
1270,182,10,2024-05-30,2024-06-30,Completed
1271,842,26,2026-07-30,,In Progress
1272,704,38,2025-07-22,2025-08-01,Completed
1273,1380,4,2025-11-26,2025-12-18,Completed
1274,1304,36,2024-02-10,2024-02-27,Completed
1275,1944,40,2025-12-04,2025-12-30,Completed
1276,1276,38,2024-05-31,2024-06-25,Completed
1277,638,37,2025-12-29,2026-01-19,Completed
1278,1170,27,2024-09-26,2024-10-19,Completed
1279,694,32,2026-06-27,2026-07-12,Completed
1280,1940,17,2024-07-10,,Dropped
1281,1366,2,2025-06-28,2025-07-13,Completed
1282,534,39,2026-04-14,2026-05-08,Completed
1283,494,2,2025-12-24,,In Progress
1284,1738,26,2025-05-26,2025-06-12,Completed
1285,1473,9,2026-06-03,2026-07-01,Completed
1286,800,37,2025-07-31,2025-08-17,Completed
1287,678,32,2025-02-15,2025-03-16,Completed
1288,1634,40,2026-01-09,,In Progress
1289,1847,37,2024-12-09,,Not Started
1290,739,39,2025-03-23,2025-04-09,Completed
1291,1756,9,2025-01-30,,Not Started
1292,1218,31,2025-01-26,,Not Started
1293,131,16,2026-07-16,2026-07-22,Completed
1294,363,12,2025-01-13,2025-02-11,Completed
1295,1861,1,2024-12-06,,Not Started
1296,1919,23,2024-11-09,2024-11-24,Completed
1297,380,30,2025-09-02,2025-10-04,Completed
1298,1926,14,2025-01-25,2025-02-12,Completed
1299,373,3,2026-08-02,2026-08-26,Completed
1300,1782,40,2024-05-19,2024-06-15,Completed
1301,1470,22,2024-05-01,2024-05-17,Completed
1302,251,38,2024-10-19,2024-11-11,Completed
1303,1954,8,2025-07-11,2025-07-24,Completed
1304,1624,37,2025-03-01,,In Progress
1305,617,31,2026-06-26,2026-07-26,Completed
1306,1659,2,2025-08-03,2025-09-01,Completed
1307,1578,17,2024-04-16,,Not Started
1308,1395,37,2024-01-31,2024-02-23,Completed
1309,1497,3,2025-06-27,,In Progress
1310,1884,5,2026-08-12,2026-09-04,Completed
1311,1495,21,2024-04-04,,Dropped
1312,1141,9,2024-06-09,2024-07-05,Completed
1313,573,29,2024-06-29,2024-07-21,Completed
1314,1634,17,2024-09-30,,Dropped
1315,1333,36,2025-05-25,2025-06-11,Completed
1316,398,25,2024-06-16,,Dropped
1317,1913,33,2024-01-26,2024-02-15,Completed
1318,1632,12,2026-01-29,,In Progress
1319,456,37,2025-04-18,2025-05-08,Completed
1320,881,15,2024-11-27,2024-12-08,Completed
1321,959,1,2024-10-12,,Dropped
1322,1323,33,2026-08-05,,In Progress
1323,1435,13,2024-06-05,,In Progress
1324,1910,20,2024-01-26,,Not Started
1325,753,11,2025-06-15,2025-06-21,Completed
1326,75,1,2024-06-04,2024-07-01,Completed
1327,365,29,2024-03-08,2024-03-24,Completed
1328,949,26,2024-07-18,2024-07-24,Completed
1329,1238,10,2025-08-10,2025-08-19,Completed
1330,1576,37,2026-02-20,2026-03-19,Completed
1331,1286,27,2025-05-21,,Not Started
1332,1861,1,2024-05-04,2024-05-29,Completed
1333,709,12,2024-06-06,2024-06-25,Completed
1334,361,37,2024-01-28,2024-02-04,Completed
1335,1179,28,2026-05-26,2026-06-07,Completed
1336,705,3,2025-01-17,,Not Started
1337,722,33,2026-05-30,2026-06-12,Completed
1338,1863,7,2024-06-22,2024-07-21,Completed
1339,1579,33,2024-08-20,2024-09-02,Completed
1340,1831,20,2025-09-14,2025-09-28,Completed
1341,745,35,2025-12-08,2026-01-08,Completed
1342,1704,7,2024-12-28,2025-01-11,Completed
1343,867,16,2025-06-03,2025-06-08,Completed
1344,962,15,2026-07-18,2026-08-06,Completed
1345,94,19,2025-02-02,2025-03-03,Completed
1346,1966,3,2025-06-01,,In Progress
1347,1700,35,2025-01-25,2025-01-31,Completed
1348,1007,3,2025-02-09,2025-03-11,Completed
1349,1732,39,2025-07-20,2025-08-08,Completed
1350,1389,21,2024-07-06,2024-07-24,Completed
1351,1365,32,2025-10-07,2025-11-04,Completed
1352,1561,8,2026-05-30,2026-06-17,Completed
1353,980,6,2025-03-29,,In Progress
1354,269,4,2024-08-09,,Not Started
1355,313,4,2024-06-14,,Dropped
1356,1042,1,2024-04-18,,In Progress
1357,599,8,2024-06-06,2024-07-03,Completed
1358,1758,29,2024-06-06,2024-07-03,Completed
1359,1404,24,2024-07-07,2024-07-23,Completed
1360,830,2,2024-07-06,,In Progress
1361,1266,40,2024-12-11,2025-01-03,Completed
1362,101,37,2024-09-05,,In Progress
1363,1302,32,2025-05-05,,Dropped
1364,502,2,2025-10-25,2025-11-03,Completed
1365,557,15,2026-03-23,2026-03-31,Completed
1366,1696,7,2025-05-12,2025-05-26,Completed
1367,1755,21,2024-11-08,,In Progress
1368,1338,21,2024-06-01,2024-06-25,Completed
1369,147,6,2025-01-29,2025-02-27,Completed
1370,118,19,2024-10-20,2024-10-31,Completed
1371,1170,33,2025-04-29,2025-05-18,Completed
1372,130,11,2024-10-10,,In Progress
1373,93,13,2024-09-14,2024-10-15,Completed
1374,357,38,2025-11-06,2025-11-10,Completed
1375,877,40,2024-10-01,2024-10-22,Completed
1376,1570,37,2024-12-16,2024-12-26,Completed
1377,35,22,2025-11-17,2025-12-14,Completed
1378,770,22,2024-08-04,2024-08-22,Completed
1379,1121,19,2026-04-04,2026-04-23,Completed
1380,1646,1,2024-05-20,2024-05-31,Completed
1381,891,39,2025-11-13,2025-12-04,Completed
1382,1776,25,2024-04-08,2024-05-04,Completed
1383,184,4,2024-03-16,,Not Started
1384,1171,7,2026-01-03,2026-01-29,Completed
1385,827,17,2025-08-03,2025-08-20,Completed
1386,75,21,2025-06-19,2025-06-24,Completed
1387,338,16,2026-07-03,2026-07-09,Completed
1388,1635,23,2026-02-27,2026-03-18,Completed
1389,1336,15,2026-02-21,2026-03-08,Completed
1390,1425,22,2025-06-27,2025-07-16,Completed
1391,1329,21,2024-12-26,2025-01-18,Completed
1392,1917,6,2025-10-08,2025-11-07,Completed
1393,1420,11,2024-04-28,2024-05-23,Completed
1394,1577,14,2024-11-12,2024-12-02,Completed
1395,1377,28,2025-08-15,2025-08-25,Completed
1396,478,3,2024-02-16,2024-03-15,Completed
1397,142,12,2024-01-25,,In Progress
1398,996,33,2024-10-05,,Not Started
1399,1154,25,2026-03-29,,Not Started
1400,983,1,2024-02-21,2024-03-11,Completed
1401,1983,21,2025-02-09,2025-03-01,Completed
1402,1363,31,2025-05-23,2025-06-18,Completed
1403,918,22,2026-08-03,2026-08-09,Completed
1404,860,33,2025-01-29,,Dropped
1405,874,27,2024-02-04,2024-02-20,Completed
1406,68,1,2024-09-07,2024-10-05,Completed
1407,452,18,2024-02-08,2024-02-24,Completed
1408,1997,9,2025-03-12,2025-03-31,Completed
1409,904,2,2026-06-22,2026-07-20,Completed
1410,734,4,2025-12-13,2025-12-29,Completed
1411,422,2,2025-01-14,2025-02-14,Completed
1412,17,5,2024-12-24,2025-01-21,Completed
1413,330,17,2025-11-21,2025-12-05,Completed
1414,481,40,2026-05-23,2026-06-04,Completed
1415,1877,20,2026-05-20,2026-06-12,Completed
1416,1564,12,2025-02-06,2025-02-22,Completed
1417,848,25,2024-09-10,2024-09-25,Completed
1418,1544,8,2026-07-11,,Not Started
1419,599,30,2024-11-10,2024-12-12,Completed
1420,150,32,2024-11-08,2024-11-26,Completed
1421,1167,38,2025-08-26,2025-09-16,Completed
1422,497,34,2026-05-28,2026-06-20,Completed
1423,924,10,2025-08-11,,Dropped
1424,1797,16,2024-01-18,2024-02-12,Completed
1425,1714,25,2025-07-28,2025-08-09,Completed
1426,98,22,2025-05-27,2025-06-19,Completed
1427,1481,18,2026-08-15,2026-09-06,Completed
1428,1371,33,2025-10-19,,In Progress
1429,1070,22,2026-08-14,2026-08-25,Completed
1430,323,3,2024-01-09,,Not Started
1431,1557,22,2024-05-12,2024-05-21,Completed
1432,236,35,2026-02-18,2026-03-06,Completed
1433,618,37,2025-06-15,2025-06-26,Completed
1434,1291,28,2025-02-26,2025-03-18,Completed
1435,1640,22,2026-05-29,,In Progress
1436,77,8,2024-02-13,2024-03-08,Completed
1437,887,35,2025-01-25,,Not Started
1438,304,28,2024-08-16,2024-08-21,Completed
1439,290,37,2026-06-14,2026-06-20,Completed
1440,1595,3,2026-01-21,,Dropped
1441,683,35,2026-06-04,2026-07-02,Completed
1442,1219,15,2024-12-04,2024-12-29,Completed
1443,1388,34,2024-01-03,2024-01-21,Completed
1444,1989,32,2026-08-02,2026-08-14,Completed
1445,1935,2,2025-12-23,2026-01-09,Completed
1446,388,8,2024-12-01,2024-12-14,Completed
1447,174,2,2026-08-14,2026-09-02,Completed
1448,99,36,2024-10-30,,Dropped
1449,391,33,2024-06-10,,Not Started
1450,1518,4,2026-05-28,2026-06-12,Completed
1451,937,10,2024-09-28,2024-10-24,Completed
1452,221,1,2024-08-25,2024-09-22,Completed
1453,1187,16,2026-01-29,2026-02-27,Completed
1454,1348,15,2026-04-21,2026-04-26,Completed
1455,67,21,2026-07-12,,Not Started
1456,1334,11,2025-12-25,,Dropped
1457,1166,35,2025-01-25,,In Progress
1458,1965,2,2026-06-26,,In Progress
1459,184,25,2025-05-13,2025-05-27,Completed
1460,132,17,2024-07-11,,Not Started
1461,619,6,2024-11-22,2024-12-07,Completed
1462,1099,32,2026-05-04,2026-05-11,Completed
1463,335,4,2025-07-26,2025-08-09,Completed
1464,865,15,2024-07-04,2024-07-19,Completed
1465,1495,36,2026-08-02,,In Progress
1466,408,6,2025-06-16,,Not Started
1467,1278,32,2024-01-10,2024-01-20,Completed
1468,677,15,2024-04-20,2024-04-25,Completed
1469,471,1,2024-07-21,2024-08-10,Completed
1470,904,2,2025-12-09,2025-12-30,Completed
1471,1605,17,2026-08-13,,In Progress
1472,897,35,2024-05-25,,In Progress
1473,1249,23,2026-02-07,,In Progress
1474,511,37,2024-02-28,2024-03-21,Completed
1475,759,6,2024-03-21,,Not Started
1476,355,37,2026-01-22,2026-02-17,Completed
1477,530,33,2024-06-23,2024-07-06,Completed
1478,555,28,2026-03-22,2026-03-31,Completed
1479,1107,10,2024-03-10,,Not Started
1480,1638,22,2026-01-29,,In Progress
1481,1879,31,2024-04-03,2024-04-16,Completed
1482,1962,4,2026-03-27,2026-04-03,Completed
1483,1805,14,2025-03-25,,In Progress
1484,1480,16,2026-05-01,2026-05-22,Completed
1485,948,29,2024-04-14,,In Progress
1486,976,25,2025-12-08,2025-12-21,Completed
1487,848,3,2026-03-16,,In Progress
1488,1917,35,2026-08-05,2026-08-23,Completed
1489,737,25,2024-08-20,2024-09-08,Completed
1490,316,32,2025-04-25,2025-05-11,Completed
1491,1036,36,2024-03-06,2024-03-18,Completed
1492,1227,2,2025-08-21,,In Progress
1493,703,14,2026-02-15,2026-03-13,Completed
1494,522,37,2026-01-12,,In Progress
1495,1940,8,2024-09-12,2024-10-02,Completed
1496,1175,31,2024-03-19,,In Progress
1497,205,3,2024-03-29,,Not Started
1498,245,20,2025-06-09,2025-07-06,Completed
1499,710,40,2025-07-20,2025-08-15,Completed
1500,1258,2,2026-07-27,,Dropped
1501,1841,2,2026-05-25,2026-06-17,Completed
1502,597,27,2026-03-28,2026-04-10,Completed
1503,1226,4,2024-04-16,2024-05-11,Completed
1504,1265,8,2024-12-29,2025-01-14,Completed
1505,1506,36,2026-02-21,2026-02-26,Completed
1506,354,5,2026-07-16,2026-08-09,Completed
1507,1533,8,2024-08-13,2024-08-24,Completed
1508,335,1,2026-05-27,2026-06-06,Completed
1509,232,14,2025-01-20,2025-02-14,Completed
1510,1661,8,2026-06-19,2026-07-01,Completed
1511,1862,6,2026-01-23,2026-02-17,Completed
1512,1673,6,2024-10-23,2024-11-14,Completed
1513,1797,37,2024-01-19,2024-02-06,Completed
1514,1023,19,2025-08-17,,Not Started
1515,25,9,2024-01-22,,In Progress
1516,22,35,2025-09-20,2025-10-20,Completed
1517,1040,27,2024-03-14,2024-03-30,Completed
1518,389,32,2025-04-03,2025-04-28,Completed
1519,1438,37,2025-02-10,2025-03-05,Completed
1520,429,4,2026-06-17,2026-07-03,Completed
1521,849,7,2024-07-08,2024-07-30,Completed
1522,972,11,2024-06-23,2024-07-09,Completed
1523,1162,4,2025-03-04,2025-03-22,Completed
1524,716,21,2024-05-25,,In Progress
1525,275,1,2025-01-12,2025-01-23,Completed
1526,310,22,2024-04-29,2024-05-27,Completed
1527,841,6,2024-06-04,2024-06-22,Completed
1528,1552,26,2025-08-18,2025-09-06,Completed
1529,501,17,2026-01-07,,In Progress
1530,1323,16,2026-04-26,2026-05-09,Completed
1531,1361,31,2024-07-03,2024-07-23,Completed
1532,156,11,2024-09-22,2024-09-27,Completed
1533,1324,26,2024-12-13,2024-12-25,Completed
1534,1483,3,2025-11-01,2025-11-12,Completed
1535,90,9,2025-07-01,,Dropped
1536,460,27,2024-06-09,2024-07-05,Completed
1537,172,5,2024-06-04,2024-06-21,Completed
1538,1602,2,2026-02-06,2026-03-07,Completed
1539,1868,36,2025-12-29,2026-01-04,Completed
1540,1782,16,2025-03-03,2025-03-19,Completed
1541,611,37,2024-04-16,,In Progress
1542,225,20,2024-09-25,2024-10-01,Completed
1543,798,11,2024-11-08,,In Progress
1544,1715,34,2024-01-01,2024-01-18,Completed
1545,364,22,2025-05-29,,Dropped
1546,1020,17,2025-06-21,2025-07-06,Completed
1547,1067,11,2026-01-24,,Not Started
1548,1307,15,2026-06-10,2026-06-24,Completed
1549,1588,30,2025-09-02,2025-09-13,Completed
1550,446,10,2024-07-03,2024-07-13,Completed
1551,1465,38,2026-04-08,2026-04-12,Completed
1552,396,5,2024-11-08,2024-11-21,Completed
1553,583,4,2024-09-16,2024-10-17,Completed
1554,1992,3,2026-01-20,2026-02-15,Completed
1555,1879,36,2026-03-02,,Dropped
1556,1774,3,2025-04-27,,Dropped
1557,915,4,2026-02-17,2026-03-14,Completed
1558,1217,39,2024-10-11,2024-10-29,Completed
1559,198,25,2025-06-10,2025-06-18,Completed
1560,1507,21,2024-02-28,2024-03-15,Completed
1561,865,16,2026-01-25,2026-02-03,Completed
1562,1447,1,2024-01-06,2024-01-18,Completed
1563,1532,4,2024-12-10,2024-12-28,Completed
1564,387,36,2024-01-04,2024-01-07,Completed
1565,669,33,2024-10-03,2024-10-26,Completed
1566,1842,7,2025-12-27,2026-01-14,Completed
1567,1133,27,2026-08-05,2026-09-05,Completed
1568,1262,5,2026-03-08,2026-04-08,Completed
1569,128,2,2025-02-11,2025-03-04,Completed
1570,336,33,2026-02-13,2026-02-27,Completed
1571,1757,7,2026-05-14,2026-05-27,Completed
1572,1807,36,2025-09-16,,Dropped
1573,1379,32,2024-07-27,2024-08-17,Completed
1574,835,37,2024-03-26,2024-04-17,Completed
1575,234,36,2025-07-09,,Dropped
1576,1537,33,2025-02-16,2025-03-09,Completed
1577,215,8,2025-07-19,2025-08-18,Completed
1578,223,1,2024-03-17,2024-04-13,Completed
1579,1036,32,2024-07-24,,Dropped
1580,1469,23,2024-04-11,2024-05-02,Completed
1581,1498,39,2024-12-23,,Dropped
1582,945,29,2026-01-15,,Dropped
1583,1083,18,2025-12-26,,Not Started
1584,1508,38,2024-01-21,2024-02-07,Completed
1585,1010,14,2025-10-28,2025-11-25,Completed
1586,1289,28,2026-04-25,2026-04-30,Completed
1587,1301,37,2025-07-05,2025-07-27,Completed
1588,1666,8,2026-02-27,2026-03-09,Completed
1589,957,23,2025-02-23,2025-03-16,Completed
1590,1423,3,2025-08-30,2025-09-26,Completed
1591,1318,8,2025-12-10,2026-01-06,Completed
1592,1019,5,2025-11-22,2025-12-26,Completed
1593,1684,29,2025-12-19,2026-01-05,Completed
1594,1426,39,2025-02-12,2025-03-10,Completed
1595,350,23,2024-12-28,2025-01-05,Completed
1596,284,11,2024-07-28,2024-08-18,Completed
1597,1215,21,2024-06-15,2024-06-25,Completed
1598,1234,9,2025-03-21,2025-03-26,Completed
1599,1565,17,2024-11-01,,Dropped
1600,1187,35,2024-01-24,2024-02-19,Completed
1601,974,4,2025-09-24,2025-10-18,Completed
1602,624,2,2025-03-24,2025-04-13,Completed
1603,993,1,2024-01-04,2024-01-29,Completed
1604,937,11,2025-11-27,2025-12-19,Completed
1605,721,27,2026-05-21,2026-06-08,Completed
1606,565,2,2025-06-05,2025-07-02,Completed
1607,1643,19,2024-11-05,2024-11-23,Completed
1608,497,10,2025-04-14,2025-05-10,Completed
1609,704,6,2026-01-20,2026-02-22,Completed
1610,1093,3,2025-01-24,2025-02-21,Completed
1611,1094,1,2024-10-23,2024-11-23,Completed
1612,1239,5,2025-10-17,2025-11-10,Completed
1613,1794,1,2024-06-24,2024-07-01,Completed
1614,336,15,2025-04-14,2025-05-01,Completed
1615,594,21,2026-07-12,2026-08-01,Completed
1616,367,9,2026-05-03,2026-05-24,Completed
1617,214,31,2024-01-01,2024-01-26,Completed
1618,1174,21,2026-06-14,2026-06-18,Completed
1619,676,18,2025-11-13,,In Progress
1620,1129,7,2025-09-01,,In Progress
1621,537,34,2026-01-31,,Not Started
1622,1134,12,2026-06-05,2026-06-16,Completed
1623,1896,39,2026-03-18,2026-03-20,Completed
1624,97,1,2024-02-17,2024-03-17,Completed
1625,800,30,2025-02-16,2025-03-19,Completed
1626,1222,13,2024-07-27,2024-08-13,Completed
1627,794,10,2025-07-25,2025-08-18,Completed
1628,393,33,2025-07-08,2025-07-24,Completed
1629,885,17,2024-02-23,2024-03-14,Completed
1630,1872,28,2024-01-20,2024-02-10,Completed
1631,967,4,2026-06-18,2026-06-25,Completed
1632,64,3,2026-02-07,2026-02-28,Completed
1633,1820,27,2024-02-18,2024-03-04,Completed
1634,621,39,2024-09-15,2024-10-06,Completed
1635,1922,2,2025-05-10,2025-05-28,Completed
1636,1956,16,2026-07-13,,Not Started
1637,1677,37,2024-06-17,2024-06-20,Completed
1638,774,4,2026-03-07,2026-03-23,Completed
1639,1865,12,2025-09-03,2025-09-25,Completed
1640,281,11,2025-03-11,,In Progress
1641,378,38,2024-07-04,2024-07-06,Completed
1642,680,7,2026-08-12,2026-09-09,Completed
1643,604,17,2024-01-31,2024-02-14,Completed
1644,984,37,2024-11-06,2024-11-29,Completed
1645,1609,11,2025-09-03,2025-09-21,Completed
1646,669,5,2026-05-18,,In Progress
1647,475,20,2024-11-16,2024-11-23,Completed
1648,1986,4,2024-12-07,,In Progress
1649,447,3,2025-12-19,,In Progress
1650,1843,22,2024-01-04,,In Progress
1651,808,3,2024-07-08,,Not Started
1652,1906,36,2026-08-09,2026-08-26,Completed
1653,486,38,2025-10-17,2025-11-02,Completed
1654,1014,4,2026-03-01,2026-03-27,Completed
1655,1118,29,2025-09-24,2025-10-10,Completed
1656,1459,26,2025-07-21,2025-08-01,Completed
1657,1197,26,2024-06-23,2024-07-10,Completed
1658,287,28,2024-11-16,2024-11-24,Completed
1659,1029,11,2025-01-12,2025-01-31,Completed
1660,137,2,2026-07-27,2026-08-24,Completed
1661,97,13,2025-09-05,2025-09-25,Completed
1662,931,11,2025-04-27,2025-05-13,Completed
1663,1308,6,2026-03-01,2026-03-23,Completed
1664,1790,20,2026-01-31,,Dropped
1665,606,3,2026-03-19,,Dropped
1666,244,13,2024-11-03,2024-11-27,Completed
1667,941,6,2024-10-23,,Dropped
1668,1236,6,2024-12-07,2024-12-31,Completed
1669,1095,1,2024-07-18,2024-07-30,Completed
1670,863,2,2026-03-17,2026-03-31,Completed
1671,491,33,2025-06-17,,Dropped
1672,374,16,2024-02-08,2024-02-28,Completed
1673,1096,36,2026-04-11,,Dropped
1674,140,13,2024-06-27,2024-07-18,Completed
1675,403,1,2026-04-27,2026-05-08,Completed
1676,648,27,2024-11-16,2024-12-06,Completed
1677,1417,10,2024-11-30,,In Progress
1678,436,38,2026-01-16,2026-02-12,Completed
1679,1651,32,2024-02-21,2024-03-16,Completed
1680,1769,3,2025-03-11,2025-03-27,Completed
1681,600,9,2025-01-25,2025-02-22,Completed
1682,982,17,2025-01-22,,Not Started
1683,1214,33,2025-08-25,,Not Started
1684,636,7,2026-04-13,2026-05-08,Completed
1685,1239,22,2026-06-28,2026-07-27,Completed
1686,881,8,2026-07-16,2026-08-10,Completed
1687,1204,22,2026-03-20,2026-03-25,Completed
1688,230,2,2025-09-01,2025-09-24,Completed
1689,467,22,2025-06-28,,Dropped
1690,1706,38,2025-12-26,2025-12-31,Completed
1691,1443,2,2025-08-31,2025-09-24,Completed
1692,595,37,2024-06-23,2024-07-07,Completed
1693,568,29,2025-06-10,,In Progress
1694,610,23,2026-07-11,,In Progress
1695,1260,28,2025-08-19,2025-08-29,Completed
1696,1150,37,2025-01-14,,In Progress
1697,1823,18,2025-10-12,2025-10-27,Completed
1698,1545,20,2025-06-14,,In Progress
1699,1726,22,2024-07-02,2024-07-20,Completed
1700,1527,22,2026-01-18,2026-02-12,Completed
1701,1838,26,2025-10-08,,In Progress
1702,1680,4,2025-06-25,2025-07-21,Completed
1703,1247,37,2025-04-07,,Dropped
1704,947,1,2024-12-02,,In Progress
1705,1084,10,2024-09-25,,Not Started
1706,1661,3,2024-09-29,,In Progress
1707,423,16,2026-02-17,,Dropped
1708,1072,40,2025-06-19,2025-06-27,Completed
1709,1488,6,2024-01-31,2024-02-24,Completed
1710,700,30,2026-05-19,2026-06-19,Completed
1711,168,22,2025-09-16,,Not Started
1712,1007,34,2024-03-22,2024-04-06,Completed
1713,1181,1,2026-04-20,2026-05-21,Completed
1714,1265,25,2026-06-06,,Not Started
1715,1475,22,2026-05-16,2026-05-23,Completed
1716,912,18,2024-02-18,2024-02-26,Completed
1717,1148,35,2026-08-04,2026-08-16,Completed
1718,453,33,2025-01-17,2025-02-14,Completed
1719,642,30,2025-07-05,,In Progress
1720,1546,28,2026-02-05,2026-03-03,Completed
1721,653,6,2025-11-20,2025-12-21,Completed
1722,1525,3,2025-08-12,2025-09-09,Completed
1723,164,1,2026-05-28,2026-06-21,Completed
1724,972,11,2025-10-23,,Dropped
1725,716,3,2026-01-10,2026-02-07,Completed
1726,121,27,2024-12-01,,In Progress
1727,1634,3,2025-05-29,2025-06-09,Completed
1728,581,11,2026-06-19,2026-06-30,Completed
1729,1464,17,2025-02-14,2025-03-01,Completed
1730,1911,27,2026-03-16,2026-03-28,Completed
1731,777,30,2024-05-23,,Dropped
1732,162,6,2024-12-23,2025-01-19,Completed
1733,822,22,2024-08-02,2024-08-31,Completed
1734,1268,2,2024-01-08,2024-02-02,Completed
1735,659,39,2026-02-08,,Dropped
1736,882,3,2025-10-10,,Not Started
1737,923,26,2024-03-29,2024-04-16,Completed
1738,1681,14,2025-08-21,2025-08-30,Completed
1739,732,12,2026-06-17,2026-07-06,Completed
1740,595,8,2025-11-26,2025-12-23,Completed
1741,275,34,2026-07-21,2026-08-10,Completed
1742,373,17,2026-05-25,2026-06-18,Completed
1743,864,40,2025-10-27,2025-10-30,Completed
1744,703,37,2024-10-29,2024-11-02,Completed
1745,774,33,2024-09-19,2024-10-18,Completed
1746,1399,16,2024-02-05,,Dropped
1747,1277,40,2025-04-17,,Not Started
1748,663,24,2024-07-28,2024-08-22,Completed
1749,1883,10,2026-04-28,2026-05-15,Completed
1750,1973,3,2024-07-12,2024-08-08,Completed
1751,3,4,2024-08-07,2024-08-17,Completed
1752,997,16,2025-03-08,2025-03-28,Completed
1753,1787,3,2025-10-10,2025-10-28,Completed
1754,929,3,2026-02-12,2026-03-12,Completed
1755,650,32,2026-08-06,2026-08-25,Completed
1756,1178,32,2025-03-04,2025-03-18,Completed
1757,1424,30,2026-07-28,2026-08-23,Completed
1758,1284,39,2026-07-30,2026-08-06,Completed
1759,355,19,2026-02-20,,Dropped
1760,1923,23,2025-04-10,,In Progress
1761,1785,11,2024-12-25,2025-01-21,Completed
1762,486,34,2026-02-24,2026-03-24,Completed
1763,1829,17,2026-05-16,2026-06-04,Completed
1764,545,36,2024-01-22,2024-02-06,Completed
1765,1651,21,2025-07-27,,Not Started
1766,1616,3,2025-01-27,,In Progress
1767,1681,9,2026-01-08,,In Progress
1768,72,6,2024-08-01,2024-09-02,Completed
1769,1071,37,2025-06-03,2025-06-22,Completed
1770,963,17,2026-02-04,2026-02-25,Completed
1771,456,29,2024-08-07,2024-09-06,Completed
1772,973,17,2026-04-29,2026-05-11,Completed
1773,1470,1,2024-01-13,2024-01-22,Completed
1774,1930,39,2024-07-16,2024-08-07,Completed
1775,1789,16,2024-01-24,2024-02-01,Completed
1776,811,4,2024-09-27,,In Progress
1777,1987,1,2024-09-25,2024-10-06,Completed
1778,1767,36,2026-07-04,2026-07-07,Completed
1779,1484,25,2025-04-06,2025-04-11,Completed
1780,550,30,2024-03-08,2024-04-06,Completed
1781,1414,19,2025-08-28,,In Progress
1782,558,3,2024-08-08,2024-08-29,Completed
1783,1600,7,2025-07-18,2025-07-26,Completed
1784,1273,18,2025-09-22,2025-10-16,Completed
1785,1892,4,2026-02-07,2026-02-27,Completed
1786,58,22,2026-01-23,2026-01-31,Completed
1787,1525,15,2024-09-18,,Dropped
1788,1177,16,2024-07-06,2024-07-12,Completed
1789,1016,34,2026-03-23,2026-04-06,Completed
1790,29,8,2026-06-30,2026-07-27,Completed
1791,439,5,2024-04-12,2024-05-13,Completed
1792,106,1,2024-11-08,2024-11-27,Completed
1793,204,27,2024-08-08,2024-08-14,Completed
1794,306,21,2025-04-04,2025-04-12,Completed
1795,115,38,2024-06-04,,In Progress
1796,66,22,2026-03-09,,In Progress
1797,801,37,2025-02-28,,In Progress
1798,144,22,2024-07-20,2024-08-10,Completed
1799,1195,1,2024-12-13,2025-01-07,Completed
1800,642,1,2024-04-08,2024-04-18,Completed
1801,684,39,2025-07-30,,Not Started
1802,54,32,2024-08-09,2024-08-17,Completed
1803,389,30,2024-02-05,2024-02-17,Completed
1804,329,3,2024-07-28,2024-08-19,Completed
1805,1160,2,2025-06-05,2025-06-15,Completed
1806,1342,15,2024-05-25,2024-05-30,Completed
1807,1648,33,2024-11-19,,Dropped
1808,1454,31,2026-01-31,2026-02-11,Completed
1809,1016,3,2024-06-20,2024-07-02,Completed
1810,971,34,2025-04-10,2025-04-22,Completed
1811,834,2,2024-05-28,,In Progress
1812,1556,10,2026-05-27,,In Progress
1813,1849,4,2025-01-04,2025-01-30,Completed
1814,814,1,2024-12-16,2025-01-09,Completed
1815,553,30,2024-05-25,,Not Started
1816,1872,38,2026-01-17,2026-01-27,Completed
1817,625,29,2025-04-01,,In Progress
1818,972,36,2025-01-19,2025-01-27,Completed
1819,1382,5,2025-10-18,2025-11-09,Completed
1820,194,7,2024-05-13,2024-05-22,Completed
1821,1335,17,2026-04-17,2026-05-09,Completed
1822,50,39,2025-11-24,2025-12-07,Completed
1823,1695,27,2025-08-21,2025-08-30,Completed
1824,783,1,2024-04-18,2024-05-15,Completed
1825,227,11,2026-08-10,2026-08-17,Completed
1826,350,32,2025-07-07,,Dropped
1827,1552,27,2026-01-20,2026-02-12,Completed
1828,1813,16,2025-05-05,2025-06-03,Completed
1829,1800,37,2025-06-10,2025-06-16,Completed
1830,439,17,2024-03-01,,Dropped
1831,1025,20,2024-11-15,2024-11-20,Completed
1832,1047,30,2025-03-24,,In Progress
1833,1142,39,2025-08-01,2025-08-04,Completed
1834,1005,10,2026-05-16,2026-05-24,Completed
1835,896,10,2024-02-21,2024-03-21,Completed
1836,1488,31,2026-08-13,,In Progress
1837,1831,38,2024-07-25,2024-08-19,Completed
1838,1281,3,2024-07-21,,In Progress
1839,472,9,2024-10-02,2024-10-15,Completed
1840,920,38,2024-02-10,2024-02-15,Completed
1841,459,22,2025-06-24,2025-07-06,Completed
1842,885,5,2026-01-01,,Dropped
1843,345,2,2024-06-19,2024-07-20,Completed
1844,1007,27,2026-01-30,2026-02-05,Completed
1845,736,37,2024-01-02,,Dropped
1846,1560,6,2024-03-03,2024-03-28,Completed
1847,1063,14,2026-03-23,2026-04-18,Completed
1848,826,17,2025-08-30,2025-09-04,Completed
1849,7,19,2025-08-08,,In Progress
1850,1164,40,2024-05-04,2024-05-19,Completed
1851,1635,1,2025-08-16,,Not Started
1852,1742,3,2025-08-04,,In Progress
1853,1286,4,2024-08-28,2024-09-18,Completed
1854,413,38,2026-01-29,,In Progress
1855,1379,20,2026-03-02,2026-03-21,Completed
1856,1516,28,2024-02-15,2024-03-08,Completed
1857,1629,29,2024-11-03,2024-11-11,Completed
1858,1931,35,2026-07-20,2026-08-10,Completed
1859,529,15,2024-02-11,2024-03-06,Completed
1860,1672,34,2025-08-26,2025-09-21,Completed
1861,449,8,2024-05-01,,Dropped
1862,1481,34,2025-04-01,2025-04-09,Completed
1863,1072,36,2024-11-21,2024-12-12,Completed
1864,1138,25,2025-12-11,2026-01-01,Completed
1865,290,30,2026-04-04,2026-04-11,Completed
1866,388,24,2026-04-04,,Dropped
1867,25,2,2024-07-27,2024-08-11,Completed
1868,569,16,2024-01-31,2024-02-16,Completed
1869,1933,22,2025-09-03,2025-09-25,Completed
1870,1824,27,2026-06-02,2026-06-22,Completed
1871,304,28,2024-04-07,2024-04-16,Completed
1872,547,36,2026-01-08,2026-01-14,Completed
1873,1447,31,2026-07-21,2026-08-14,Completed
1874,312,38,2025-10-30,2025-11-15,Completed
1875,1222,38,2024-10-22,,Not Started
1876,306,39,2025-02-04,2025-02-22,Completed
1877,710,19,2024-03-12,2024-04-07,Completed
1878,666,37,2025-04-23,2025-05-06,Completed
1879,1305,39,2025-02-25,2025-03-06,Completed
1880,706,40,2024-01-18,2024-01-23,Completed
1881,327,24,2026-03-01,2026-03-10,Completed
1882,1130,27,2024-04-19,2024-05-16,Completed
1883,858,38,2025-10-05,2025-10-27,Completed
1884,1996,11,2025-08-01,2025-08-27,Completed
1885,1775,37,2024-04-27,,Dropped
1886,125,17,2024-06-26,2024-07-09,Completed
1887,874,16,2024-02-25,2024-03-17,Completed
1888,497,20,2025-04-14,2025-04-21,Completed
1889,1482,36,2026-07-18,2026-07-24,Completed
1890,1163,29,2026-08-05,2026-08-13,Completed
1891,719,3,2024-01-31,2024-02-18,Completed
1892,1939,20,2025-01-18,2025-02-15,Completed
1893,880,16,2024-11-28,2024-12-26,Completed
1894,1826,29,2026-02-11,2026-03-01,Completed
1895,1486,2,2026-06-15,2026-06-28,Completed
1896,1831,4,2025-03-26,2025-04-08,Completed
1897,1746,24,2025-01-27,,In Progress
1898,52,3,2024-03-31,2024-04-10,Completed
1899,750,19,2026-01-31,,In Progress
1900,420,39,2024-11-12,2024-11-18,Completed
1901,532,7,2025-07-25,,Not Started
1902,171,18,2025-02-23,2025-03-04,Completed
1903,1926,11,2024-04-13,,In Progress
1904,259,33,2025-11-15,,Not Started
1905,808,17,2024-01-04,2024-01-22,Completed
1906,1441,33,2026-08-15,2026-09-13,Completed
1907,1604,15,2024-06-05,,Dropped
1908,566,40,2026-08-06,2026-08-23,Completed
1909,1811,40,2026-05-22,2026-06-10,Completed
1910,1754,34,2026-03-20,2026-04-09,Completed
1911,957,34,2025-11-09,2025-11-15,Completed
1912,1309,6,2024-01-16,2024-01-27,Completed
1913,1652,19,2025-05-27,2025-06-09,Completed
1914,1994,4,2024-08-28,2024-09-11,Completed
1915,1663,6,2024-02-24,2024-03-16,Completed
1916,1800,29,2025-01-22,2025-01-31,Completed
1917,309,3,2026-03-20,2026-04-07,Completed
1918,1239,29,2024-12-30,2025-01-13,Completed
1919,1178,32,2024-01-18,,Not Started
1920,1352,27,2026-03-31,2026-04-08,Completed
1921,1570,3,2025-11-17,2025-12-12,Completed
1922,1586,6,2025-07-17,2025-07-29,Completed
1923,950,8,2026-05-27,2026-06-09,Completed
1924,629,7,2025-11-24,2025-12-10,Completed
1925,1025,36,2025-05-29,,In Progress
1926,1483,2,2025-06-13,2025-07-16,Completed
1927,860,20,2025-02-18,2025-03-19,Completed
1928,38,12,2024-04-10,,In Progress
1929,90,5,2024-06-13,,In Progress
1930,760,11,2025-11-03,,In Progress
1931,169,32,2024-07-09,2024-07-15,Completed
1932,243,28,2024-02-22,2024-03-21,Completed
1933,1948,20,2024-01-05,,In Progress
1934,491,19,2024-04-12,2024-05-06,Completed
1935,1787,19,2024-02-24,,Not Started
1936,415,4,2025-12-16,2026-01-10,Completed
1937,915,21,2025-08-29,2025-09-02,Completed
1938,165,3,2024-10-09,2024-10-19,Completed
1939,430,10,2025-05-01,,In Progress
1940,493,3,2025-12-07,2025-12-20,Completed
1941,1208,33,2026-02-19,2026-03-11,Completed
1942,94,31,2024-04-17,,Dropped
1943,1552,15,2026-08-07,2026-08-23,Completed
1944,1401,28,2026-02-08,,Not Started
1945,1479,19,2024-04-10,2024-04-23,Completed
1946,1732,40,2025-04-22,,In Progress
1947,674,36,2026-08-01,2026-08-06,Completed
1948,158,6,2025-03-24,2025-04-11,Completed
1949,1086,5,2024-05-02,2024-05-19,Completed
1950,1144,20,2026-06-07,,In Progress
1951,1071,30,2025-04-27,2025-05-18,Completed
1952,1227,30,2026-01-02,2026-01-12,Completed
1953,1937,16,2025-03-12,2025-04-07,Completed
1954,1049,3,2025-09-22,2025-10-06,Completed
1955,266,37,2025-11-24,2025-12-20,Completed
1956,1205,24,2025-01-28,2025-02-17,Completed
1957,1587,3,2024-07-21,2024-08-07,Completed
1958,83,17,2025-03-05,2025-03-13,Completed
1959,1843,37,2024-07-05,,In Progress
1960,1121,1,2026-01-10,2026-01-27,Completed
1961,1607,12,2026-06-06,,Not Started
1962,65,1,2025-10-28,2025-11-12,Completed
1963,398,32,2024-05-18,2024-06-05,Completed
1964,1975,5,2026-04-24,2026-05-24,Completed
1965,78,32,2025-01-28,2025-02-27,Completed
1966,784,21,2026-05-17,2026-06-01,Completed
1967,1365,18,2025-02-02,,In Progress
1968,1398,27,2024-03-08,2024-04-05,Completed
1969,243,8,2026-05-20,,Not Started
1970,1908,13,2026-02-05,,Not Started
1971,1932,4,2024-11-25,2024-12-04,Completed
1972,1718,16,2024-11-01,,In Progress
1973,796,2,2025-05-06,,Not Started
1974,446,6,2024-02-17,,Not Started
1975,1956,33,2025-06-19,,In Progress
1976,1829,31,2024-10-15,,Dropped
1977,1440,30,2024-04-25,2024-05-09,Completed
1978,1184,4,2025-07-08,,Dropped
1979,1031,2,2024-01-25,2024-02-05,Completed
1980,1513,16,2026-04-08,,In Progress
1981,1668,1,2026-05-28,2026-06-07,Completed
1982,207,13,2024-03-13,2024-04-11,Completed
1983,747,31,2026-01-01,2026-01-21,Completed
1984,1431,10,2025-12-31,,In Progress
1985,474,26,2025-09-21,,Dropped
1986,477,11,2024-04-02,2024-04-17,Completed
1987,35,33,2026-06-20,,In Progress
1988,1868,19,2024-09-22,,In Progress
1989,319,18,2026-04-19,,In Progress
1990,1613,16,2024-05-05,2024-05-16,Completed
1991,1131,12,2026-02-01,,In Progress
1992,1770,3,2025-07-13,,In Progress
1993,1856,17,2025-05-19,2025-05-27,Completed
1994,275,7,2025-01-16,,In Progress
1995,1020,19,2024-12-15,2024-12-23,Completed
1996,771,35,2025-10-16,2025-11-12,Completed
1997,1664,23,2024-06-13,2024-06-30,Completed
1998,39,4,2026-03-16,2026-04-15,Completed
1999,1512,34,2025-01-13,,In Progress
2000,866,31,2025-04-24,2025-05-13,Completed
2001,133,17,2024-01-28,2024-02-03,Completed
2002,1694,19,2024-05-05,2024-06-03,Completed
2003,540,30,2025-05-07,2025-06-03,Completed
2004,1542,7,2025-11-11,,In Progress
2005,444,3,2024-11-21,2024-12-08,Completed
2006,1086,1,2024-07-09,,Dropped
2007,608,33,2026-05-10,2026-05-27,Completed
2008,1446,17,2024-07-04,2024-07-14,Completed
2009,1153,5,2024-09-22,,In Progress
2010,808,27,2025-02-16,,Not Started
2011,1830,17,2025-07-22,2025-08-05,Completed
2012,94,17,2025-03-14,2025-03-19,Completed
2013,913,25,2025-01-21,2025-01-30,Completed
2014,980,38,2026-05-30,,In Progress
2015,423,38,2024-08-01,,In Progress
2016,1981,38,2025-05-02,2025-05-08,Completed
2017,734,23,2024-08-11,,Dropped
2018,884,28,2026-05-05,2026-05-11,Completed
2019,833,37,2025-12-11,2025-12-21,Completed
2020,1059,37,2025-06-19,,Not Started
2021,1212,26,2024-06-29,2024-07-15,Completed
2022,1598,14,2024-08-28,2024-09-12,Completed
2023,1615,1,2025-06-21,,Not Started
2024,1237,31,2025-04-30,2025-05-21,Completed
2025,1521,2,2026-07-15,2026-08-06,Completed
2026,879,39,2026-03-06,2026-03-14,Completed
2027,1397,25,2024-11-25,2024-12-01,Completed
2028,1509,18,2025-09-01,,Dropped
2029,1024,28,2024-12-18,2025-01-05,Completed
2030,1742,2,2025-12-22,,Dropped
2031,495,34,2025-06-23,2025-07-03,Completed
2032,977,6,2025-02-16,,In Progress
2033,267,17,2024-07-30,2024-08-26,Completed
2034,361,5,2025-10-20,2025-11-04,Completed
2035,218,31,2026-05-05,2026-05-24,Completed
2036,1334,36,2025-03-12,2025-03-29,Completed
2037,219,16,2024-02-28,,In Progress
2038,323,23,2025-07-10,2025-07-24,Completed
2039,550,34,2025-02-17,2025-03-01,Completed
2040,67,14,2024-04-16,,In Progress
2041,1957,22,2024-07-31,2024-08-29,Completed
2042,367,5,2026-07-09,2026-08-03,Completed
2043,1969,40,2026-03-24,2026-03-30,Completed
2044,1824,8,2025-11-25,2025-12-16,Completed
2045,1698,2,2025-03-08,2025-03-18,Completed
2046,923,17,2026-06-27,,In Progress
2047,1888,6,2024-03-23,2024-04-06,Completed
2048,913,36,2024-02-10,,Dropped
2049,1404,1,2024-02-03,2024-02-15,Completed
2050,428,5,2026-05-05,2026-05-25,Completed
2051,1878,9,2025-08-14,2025-08-22,Completed
2052,1768,33,2024-06-12,2024-07-14,Completed
2053,909,16,2024-09-04,,Dropped
2054,11,21,2025-07-30,2025-08-14,Completed
2055,1549,38,2024-09-23,2024-10-06,Completed
2056,1262,29,2026-04-17,,Not Started
2057,666,3,2025-09-10,2025-10-09,Completed
2058,461,3,2025-12-18,2026-01-21,Completed
2059,1011,5,2026-05-31,2026-06-30,Completed
2060,242,33,2024-08-15,2024-08-23,Completed
2061,612,39,2025-07-30,,In Progress
2062,122,3,2025-03-16,2025-04-09,Completed
2063,810,25,2026-04-23,2026-05-03,Completed
2064,1133,25,2024-12-30,,Not Started
2065,1205,18,2025-09-30,,In Progress
2066,1201,14,2025-04-08,,In Progress
2067,1036,35,2025-03-21,2025-03-27,Completed
2068,858,30,2025-01-07,,In Progress
2069,1734,36,2024-06-22,2024-06-24,Completed
2070,1363,28,2024-04-15,2024-04-25,Completed
2071,1219,2,2024-07-09,,In Progress
2072,1852,14,2026-04-25,,Not Started
2073,1807,33,2025-09-26,2025-10-11,Completed
2074,1111,22,2024-02-05,2024-02-14,Completed
2075,1841,4,2024-07-16,2024-07-27,Completed
2076,14,39,2024-09-07,2024-09-10,Completed
2077,316,33,2026-07-16,2026-08-02,Completed
2078,705,35,2024-03-01,2024-03-30,Completed
2079,464,40,2024-10-17,2024-11-11,Completed
2080,1399,37,2024-08-19,,Dropped
2081,1190,19,2025-07-21,,In Progress
2082,584,27,2024-08-01,2024-08-31,Completed
2083,1589,8,2026-06-15,2026-06-28,Completed
2084,808,37,2025-08-29,2025-08-31,Completed
2085,1663,20,2024-12-21,2025-01-18,Completed
2086,1103,40,2024-08-24,2024-09-21,Completed
2087,552,30,2024-04-02,2024-04-27,Completed
2088,118,17,2024-12-07,,In Progress
2089,805,11,2026-06-14,2026-07-08,Completed
2090,275,39,2024-04-30,2024-05-17,Completed
2091,823,6,2025-05-07,2025-06-02,Completed
2092,762,9,2024-03-08,,Dropped
2093,787,5,2026-03-04,,Dropped
2094,1313,3,2024-07-27,,Dropped
2095,701,24,2026-03-26,2026-04-04,Completed
2096,371,15,2024-03-18,2024-03-26,Completed
2097,987,14,2026-01-09,2026-01-26,Completed
2098,1751,39,2025-04-29,2025-05-22,Completed
2099,1748,19,2026-07-28,2026-08-13,Completed
2100,211,37,2024-05-25,2024-06-15,Completed
2101,872,3,2026-04-08,,In Progress
2102,55,1,2025-08-30,2025-09-28,Completed
2103,1801,20,2024-10-02,2024-10-11,Completed
2104,554,2,2024-06-19,2024-06-29,Completed
2105,725,27,2026-05-30,2026-06-05,Completed
2106,651,3,2024-08-02,2024-08-16,Completed
2107,206,22,2024-04-17,2024-05-12,Completed
2108,1724,2,2026-05-21,2026-06-16,Completed
2109,945,25,2024-09-24,2024-10-03,Completed
2110,767,27,2024-09-14,,Dropped
2111,315,39,2025-05-28,2025-06-21,Completed
2112,1677,8,2026-03-28,2026-04-25,Completed
2113,1909,20,2024-04-22,2024-05-20,Completed
2114,1900,39,2024-11-05,,In Progress
2115,990,18,2025-03-17,2025-04-02,Completed
2116,1699,22,2024-08-01,,Dropped
2117,1552,5,2025-08-26,,Not Started
2118,881,13,2025-01-01,,Dropped
2119,1931,2,2024-12-14,2025-01-08,Completed
2120,1363,10,2025-03-19,2025-04-10,Completed
2121,684,25,2026-03-15,,In Progress
2122,1506,20,2024-07-15,,In Progress
2123,1109,5,2026-03-04,2026-03-29,Completed
2124,1456,32,2024-05-18,2024-05-29,Completed
2125,37,29,2024-09-29,2024-10-09,Completed
2126,1349,22,2024-06-21,2024-07-01,Completed
2127,1766,31,2026-06-14,2026-07-03,Completed
2128,165,32,2025-02-05,2025-02-16,Completed
2129,354,5,2024-12-24,2025-01-08,Completed
2130,1093,5,2026-01-16,,In Progress
2131,1913,24,2024-06-21,,In Progress
2132,615,17,2025-07-19,2025-08-11,Completed
2133,1558,8,2024-07-03,2024-07-11,Completed
2134,1744,38,2026-03-22,2026-04-01,Completed
2135,179,10,2025-08-10,2025-08-16,Completed
2136,1614,1,2025-12-20,2026-01-07,Completed
2137,349,34,2025-03-30,2025-04-17,Completed
2138,817,1,2026-07-29,,In Progress
2139,702,33,2024-02-23,,Not Started
2140,740,16,2024-07-08,2024-07-21,Completed
2141,1326,1,2026-01-04,2026-01-12,Completed
2142,103,29,2024-03-27,2024-04-09,Completed
2143,760,31,2025-07-05,2025-07-17,Completed
2144,329,10,2025-04-19,2025-05-13,Completed
2145,456,14,2024-01-06,2024-01-23,Completed
2146,1977,1,2025-06-25,2025-07-16,Completed
2147,1350,1,2025-02-13,2025-02-22,Completed
2148,1892,27,2025-03-04,,In Progress
2149,113,18,2025-03-22,,Dropped
2150,801,9,2025-12-26,2026-01-11,Completed
2151,22,1,2024-11-29,2024-12-10,Completed
2152,410,9,2024-04-02,2024-04-20,Completed
2153,1350,4,2024-08-16,2024-08-28,Completed
2154,1777,36,2026-03-16,2026-03-18,Completed
2155,1317,38,2025-09-24,2025-10-18,Completed
2156,191,39,2024-11-02,2024-11-10,Completed
2157,1466,3,2024-12-23,2025-01-11,Completed
2158,239,37,2024-07-20,2024-08-05,Completed
2159,963,25,2025-02-01,2025-02-21,Completed
2160,1948,16,2026-07-29,,In Progress
2161,865,35,2024-08-01,,In Progress
2162,1238,10,2025-09-30,,Not Started
2163,1677,9,2025-03-14,,In Progress
2164,970,11,2024-12-14,2025-01-05,Completed
2165,904,1,2024-03-29,,In Progress
2166,1013,24,2025-08-01,2025-08-15,Completed
2167,1429,5,2026-06-22,2026-07-21,Completed
2168,449,17,2024-09-30,,In Progress
2169,160,31,2024-06-21,2024-07-10,Completed
2170,878,31,2026-03-26,2026-04-15,Completed
2171,1173,8,2025-08-06,,In Progress
2172,23,5,2026-06-14,2026-07-13,Completed
2173,758,30,2025-01-22,,Dropped
2174,281,16,2025-08-04,2025-08-30,Completed
2175,958,5,2025-06-12,2025-07-16,Completed
2176,546,2,2024-01-13,,Not Started
2177,7,22,2024-08-20,2024-09-03,Completed
2178,1282,36,2025-05-08,,In Progress
2179,549,5,2025-02-04,,In Progress
2180,481,11,2025-08-27,2025-09-26,Completed
2181,67,22,2024-08-13,2024-08-19,Completed
2182,537,26,2024-02-21,2024-03-18,Completed
2183,1301,16,2024-04-06,2024-04-24,Completed
2184,1035,39,2025-06-19,2025-06-27,Completed
2185,937,2,2026-01-15,2026-02-09,Completed
2186,1542,17,2025-10-29,,Not Started
2187,720,36,2024-09-19,,Dropped
2188,1739,18,2025-11-26,,Dropped
2189,1547,7,2025-07-20,,Not Started
2190,1846,39,2024-03-09,2024-03-20,Completed
2191,1807,27,2025-06-15,2025-07-07,Completed
2192,1529,23,2024-02-04,,Not Started
2193,306,17,2026-08-04,2026-08-27,Completed
2194,1727,3,2026-03-06,2026-03-26,Completed
2195,84,27,2025-10-27,,Dropped
2196,1152,14,2024-10-24,,Not Started
2197,745,16,2026-06-22,2026-07-06,Completed
2198,1843,1,2025-12-23,2026-01-06,Completed
2199,1874,16,2025-06-05,2025-06-09,Completed
2200,812,18,2025-03-26,2025-03-30,Completed
2201,1675,16,2025-12-18,,In Progress
2202,1853,3,2026-08-13,2026-09-15,Completed
2203,376,16,2026-06-28,,Dropped
2204,1867,22,2024-10-14,,In Progress
2205,1259,1,2025-06-08,2025-07-04,Completed
2206,1039,16,2024-08-11,2024-08-25,Completed
2207,1385,23,2026-04-26,2026-05-16,Completed
2208,1539,6,2025-02-28,2025-03-29,Completed
2209,1666,5,2025-06-11,2025-07-09,Completed
2210,1549,18,2025-02-13,2025-02-27,Completed
2211,1636,40,2024-11-26,,Dropped
2212,1729,26,2024-11-05,2024-11-15,Completed
2213,1697,3,2025-04-11,2025-05-11,Completed
2214,1755,21,2026-02-22,2026-02-27,Completed
2215,1117,36,2025-11-30,,In Progress
2216,61,16,2024-07-29,2024-08-03,Completed
2217,1562,2,2026-02-20,2026-03-21,Completed
2218,1836,36,2025-04-30,2025-05-27,Completed
2219,1189,22,2026-02-24,,In Progress
2220,1719,23,2025-11-20,,Not Started
2221,1672,20,2024-06-12,2024-07-04,Completed
2222,316,16,2024-11-26,,Not Started
2223,1576,6,2026-04-03,2026-04-13,Completed
2224,938,29,2026-08-02,2026-08-21,Completed
2225,1685,34,2025-09-17,2025-10-04,Completed
2226,1203,10,2024-01-31,2024-02-28,Completed
2227,1212,20,2025-11-11,2025-11-18,Completed
2228,1382,31,2024-11-30,2024-12-28,Completed
2229,1232,27,2024-04-25,2024-05-25,Completed
2230,1159,23,2025-03-04,2025-03-21,Completed
2231,1227,5,2025-09-23,2025-10-22,Completed
2232,900,5,2025-01-11,2025-02-11,Completed
2233,1087,4,2024-10-05,2024-10-27,Completed
2234,1521,31,2025-11-05,,In Progress
2235,1663,2,2024-05-30,,In Progress
2236,1421,26,2026-01-28,2026-02-26,Completed
2237,1104,3,2025-04-27,2025-05-07,Completed
2238,792,24,2025-10-18,2025-10-30,Completed
2239,1389,3,2026-06-23,2026-07-21,Completed
2240,1769,30,2026-07-13,,Not Started
2241,211,14,2026-05-21,2026-06-18,Completed
2242,1190,38,2025-11-04,2025-11-26,Completed
2243,1047,3,2024-01-02,2024-01-26,Completed
2244,1587,2,2025-05-02,2025-05-29,Completed
2245,320,16,2024-11-01,2024-11-06,Completed
2246,417,1,2025-10-06,2025-10-28,Completed
2247,1312,37,2026-05-29,2026-06-05,Completed
2248,824,4,2024-06-18,2024-07-07,Completed
2249,1127,5,2026-06-10,,In Progress
2250,1706,10,2025-06-23,2025-06-29,Completed
2251,1353,35,2025-04-13,2025-05-05,Completed
2252,1352,22,2024-12-13,,Not Started
2253,377,25,2025-04-23,2025-04-30,Completed
2254,155,16,2024-01-03,2024-01-25,Completed
2255,1404,3,2025-09-06,,Dropped
2256,789,35,2024-06-24,,In Progress
2257,832,15,2024-01-16,2024-02-06,Completed
2258,274,34,2024-09-02,2024-09-21,Completed
2259,117,24,2026-04-03,2026-04-21,Completed
2260,399,26,2026-06-22,2026-07-06,Completed
2261,448,11,2025-09-01,2025-09-26,Completed
2262,377,25,2024-12-08,,Not Started
2263,1394,33,2025-05-11,,Dropped
2264,167,5,2026-01-23,,In Progress
2265,1660,26,2025-11-04,2025-11-15,Completed
2266,1347,36,2024-08-08,2024-08-10,Completed
2267,1200,3,2026-08-06,2026-08-23,Completed
2268,940,13,2024-01-10,2024-01-24,Completed
2269,1168,17,2026-04-22,,In Progress
2270,1443,2,2025-09-16,2025-10-18,Completed
2271,920,1,2026-07-29,,In Progress
2272,497,14,2024-05-16,,Dropped
2273,1826,27,2024-02-13,2024-02-26,Completed
2274,1431,31,2024-09-18,2024-09-28,Completed
2275,1434,20,2025-03-26,,In Progress
2276,1596,38,2025-11-26,2025-12-05,Completed
2277,1790,15,2025-12-19,2026-01-09,Completed
2278,1120,4,2024-12-26,,Dropped
2279,1168,17,2025-05-25,2025-06-10,Completed
2280,567,38,2025-02-13,2025-02-21,Completed
2281,1968,3,2025-03-14,2025-04-05,Completed
2282,1653,17,2026-03-05,2026-03-26,Completed
2283,836,9,2024-03-16,2024-04-08,Completed
2284,636,21,2025-05-11,,Not Started
2285,1752,36,2026-07-15,2026-08-09,Completed
2286,104,39,2024-07-09,2024-07-23,Completed
2287,378,5,2025-02-24,2025-03-12,Completed
2288,23,14,2025-02-11,2025-03-01,Completed
2289,1943,38,2025-08-20,2025-08-28,Completed
2290,1828,12,2025-09-16,,Not Started
2291,1861,36,2025-09-07,2025-09-13,Completed
2292,1205,37,2025-09-09,,In Progress
2293,1504,21,2024-08-08,2024-08-28,Completed
2294,1505,18,2025-02-13,2025-03-03,Completed
2295,1455,19,2025-09-17,2025-10-15,Completed
2296,889,1,2024-05-04,2024-05-26,Completed
2297,354,2,2026-06-06,,In Progress
2298,1834,23,2024-09-09,2024-09-20,Completed
2299,1236,20,2024-07-13,,Not Started
2300,1228,2,2024-05-09,2024-05-17,Completed
2301,10,37,2024-10-23,2024-11-14,Completed
2302,1349,27,2026-08-10,2026-09-04,Completed
2303,1484,30,2024-03-09,,Not Started
2304,625,29,2025-11-08,2025-11-15,Completed
2305,1784,10,2025-07-31,2025-08-15,Completed
2306,243,1,2025-06-12,,In Progress
2307,1016,11,2026-07-11,2026-08-02,Completed
2308,963,4,2025-08-28,2025-09-16,Completed
2309,1320,11,2025-11-18,2025-11-28,Completed
2310,1521,32,2025-12-15,2025-12-21,Completed
2311,675,24,2025-12-27,2026-01-02,Completed
2312,1063,5,2024-12-10,,In Progress
2313,64,22,2025-05-11,,Not Started
2314,877,23,2026-03-30,2026-04-12,Completed
2315,1145,37,2025-02-14,2025-03-06,Completed
2316,1926,39,2026-03-06,2026-03-09,Completed
2317,1330,40,2025-01-13,2025-01-20,Completed
2318,1801,1,2025-04-30,2025-05-13,Completed
2319,1287,38,2025-04-04,2025-04-19,Completed
2320,206,38,2025-03-16,2025-04-02,Completed
2321,314,30,2025-10-29,,Dropped
2322,1315,39,2024-10-24,,Dropped
2323,14,11,2026-03-25,,Not Started
2324,1006,8,2025-12-28,2026-01-10,Completed
2325,1976,2,2024-07-17,2024-08-13,Completed
2326,647,35,2024-04-09,2024-04-30,Completed
2327,1004,19,2025-10-19,2025-11-07,Completed
2328,1988,12,2024-08-19,2024-09-19,Completed
2329,1179,31,2024-07-02,,Not Started
2330,301,27,2026-05-03,2026-05-27,Completed
2331,1224,28,2025-08-27,2025-09-16,Completed
2332,397,6,2024-02-11,2024-03-13,Completed
2333,377,33,2026-05-22,,Not Started
2334,564,35,2024-10-20,2024-10-26,Completed
2335,1597,9,2025-03-17,2025-04-14,Completed
2336,1964,20,2026-06-05,2026-06-17,Completed
2337,646,40,2026-08-03,,Not Started
2338,11,27,2025-04-26,2025-05-04,Completed
2339,1593,30,2024-03-14,,In Progress
2340,1290,1,2026-07-29,2026-08-28,Completed
2341,1997,13,2025-05-09,2025-06-05,Completed
2342,341,36,2025-08-30,2025-09-09,Completed
2343,721,14,2024-09-18,2024-09-24,Completed
2344,1144,32,2025-06-05,2025-06-22,Completed
2345,1116,29,2026-01-16,,In Progress
2346,196,11,2026-05-05,2026-05-18,Completed
2347,1472,32,2025-02-05,2025-02-18,Completed
2348,1234,26,2026-08-01,2026-08-27,Completed
2349,1008,33,2024-01-03,2024-01-10,Completed
2350,1204,8,2026-04-28,,In Progress
2351,1469,11,2026-07-03,2026-07-25,Completed
2352,566,40,2026-02-18,2026-03-18,Completed
2353,1458,21,2024-07-01,2024-07-21,Completed
2354,50,26,2025-08-25,2025-09-24,Completed
2355,329,31,2026-01-26,,In Progress
2356,489,19,2026-07-26,,In Progress
2357,1136,15,2024-10-12,2024-11-08,Completed
2358,1524,1,2025-03-31,2025-04-06,Completed
2359,311,15,2024-06-10,2024-06-25,Completed
2360,186,39,2025-01-26,2025-02-10,Completed
2361,1453,23,2026-06-06,2026-06-18,Completed
2362,702,28,2024-05-15,2024-05-26,Completed
2363,1239,40,2024-11-03,2024-11-06,Completed
2364,1031,37,2026-07-10,2026-08-05,Completed
2365,1722,16,2024-02-13,2024-03-07,Completed
2366,1144,18,2024-02-13,2024-02-18,Completed
2367,1392,28,2025-09-05,2025-09-12,Completed
2368,1108,34,2026-04-22,2026-05-06,Completed
2369,1773,7,2024-04-04,2024-04-15,Completed
2370,1661,15,2024-04-12,2024-05-04,Completed
2371,565,21,2025-07-28,2025-08-05,Completed
2372,1640,15,2024-07-09,2024-07-17,Completed
2373,1217,25,2024-02-03,2024-02-22,Completed
2374,1636,27,2024-06-11,2024-06-27,Completed
2375,463,23,2025-04-26,2025-05-16,Completed
2376,978,39,2025-01-07,2025-01-18,Completed
2377,984,28,2026-03-19,2026-04-10,Completed
2378,1391,36,2026-03-02,2026-03-24,Completed
2379,1834,6,2025-03-30,,In Progress
2380,593,15,2024-03-16,,In Progress
2381,1173,12,2024-09-06,2024-09-26,Completed
2382,1795,32,2026-04-03,2026-04-22,Completed
2383,271,36,2024-07-03,2024-07-27,Completed
2384,1555,22,2026-08-02,2026-08-13,Completed
2385,2000,1,2026-02-06,2026-03-07,Completed
2386,1095,10,2024-05-12,2024-06-04,Completed
2387,1858,17,2024-08-09,,Dropped
2388,1059,15,2024-12-04,,Not Started
2389,107,15,2024-02-12,2024-02-24,Completed
2390,889,33,2025-01-14,2025-02-13,Completed
2391,1088,36,2024-03-30,2024-04-14,Completed
2392,545,34,2025-09-30,2025-10-08,Completed
2393,23,35,2025-08-23,2025-09-01,Completed
2394,338,2,2026-01-28,2026-02-05,Completed
2395,294,13,2024-01-24,2024-02-09,Completed
2396,324,27,2026-02-24,,Not Started
2397,1551,14,2025-04-23,2025-05-08,Completed
2398,474,35,2025-08-11,2025-08-22,Completed
2399,1985,15,2024-02-20,2024-03-13,Completed
2400,882,2,2026-06-02,,Not Started
2401,715,37,2025-05-19,,Not Started
2402,1355,11,2026-04-10,2026-05-05,Completed
2403,1210,39,2024-02-14,2024-03-10,Completed
2404,1141,39,2024-10-15,2024-10-27,Completed
2405,462,19,2024-05-07,2024-05-31,Completed
2406,1150,3,2025-07-15,2025-08-05,Completed
2407,1289,12,2024-08-04,2024-08-20,Completed
2408,1561,11,2025-02-19,2025-03-01,Completed
2409,1223,32,2025-01-14,2025-02-04,Completed
2410,1263,19,2024-11-18,2024-12-04,Completed
2411,25,7,2026-04-11,2026-05-13,Completed
2412,861,34,2024-11-13,2024-11-18,Completed
2413,917,1,2025-04-04,,Dropped
2414,316,30,2026-07-12,,Not Started
2415,33,4,2024-12-27,,In Progress
2416,129,13,2025-01-08,2025-01-25,Completed
2417,1956,6,2024-01-05,2024-01-20,Completed
2418,1392,28,2024-04-02,2024-05-02,Completed
2419,193,11,2024-02-25,2024-03-15,Completed
2420,1172,2,2024-05-12,2024-05-29,Completed
2421,154,6,2025-08-27,2025-09-18,Completed
2422,1162,8,2025-12-27,2026-01-10,Completed
2423,1499,30,2024-08-06,2024-09-07,Completed
2424,656,27,2026-07-28,2026-08-04,Completed
2425,654,28,2024-05-06,2024-06-03,Completed
2426,164,30,2026-08-12,2026-09-06,Completed
2427,1089,15,2026-01-31,,Not Started
2428,1736,28,2025-08-17,2025-09-01,Completed
2429,796,36,2025-07-21,2025-08-02,Completed
2430,1462,23,2024-09-27,2024-10-19,Completed
2431,943,15,2024-01-08,2024-01-27,Completed
2432,101,31,2024-09-05,,Not Started
2433,1422,18,2025-04-30,,In Progress
2434,182,21,2024-09-07,,Dropped
2435,1651,25,2025-07-31,2025-08-05,Completed
2436,1236,13,2025-05-15,2025-05-27,Completed
2437,1742,33,2025-12-07,2026-01-05,Completed
2438,982,6,2025-11-29,2025-12-25,Completed
2439,1763,16,2024-09-22,2024-10-13,Completed
2440,1888,4,2024-09-02,,In Progress
2441,1671,15,2026-04-03,,Dropped
2442,943,14,2026-05-30,2026-06-08,Completed
2443,529,5,2025-04-29,,Dropped
2444,1274,38,2024-06-12,2024-07-01,Completed
2445,1777,12,2024-05-24,2024-06-07,Completed
2446,1405,5,2025-08-12,2025-09-15,Completed
2447,1,2,2025-09-23,2025-10-25,Completed
2448,1636,5,2024-10-12,2024-10-30,Completed
2449,1970,10,2025-11-06,2025-11-30,Completed
2450,1076,4,2025-09-14,2025-10-11,Completed
2451,990,11,2024-11-24,,Dropped
2452,673,34,2025-12-07,2025-12-24,Completed
2453,118,37,2025-03-29,2025-04-18,Completed
2454,1413,23,2024-03-12,2024-03-24,Completed
2455,255,1,2026-01-03,,In Progress
2456,1616,10,2024-09-08,2024-09-18,Completed
2457,378,31,2025-03-18,,Not Started
2458,1485,31,2026-07-24,2026-08-15,Completed
2459,958,18,2024-07-27,,Not Started
2460,849,36,2025-06-02,2025-06-05,Completed
2461,1956,15,2026-08-08,2026-08-28,Completed
2462,58,38,2025-03-29,2025-04-17,Completed
2463,741,2,2025-01-22,,In Progress
2464,687,23,2024-06-22,2024-07-22,Completed
2465,624,4,2024-10-21,2024-10-28,Completed
2466,1312,18,2025-12-26,2025-12-31,Completed
2467,271,37,2024-10-03,2024-10-25,Completed
2468,1779,16,2026-03-11,,In Progress
2469,1037,5,2025-04-09,2025-05-02,Completed
2470,1166,38,2026-05-12,,Not Started
2471,1701,4,2026-05-12,2026-06-09,Completed
2472,830,5,2025-06-04,2025-06-27,Completed
2473,1300,35,2026-04-09,,Not Started
2474,1809,39,2024-09-25,,Not Started
2475,1493,2,2025-08-10,2025-08-28,Completed
2476,1219,18,2025-08-23,2025-09-12,Completed
2477,1896,6,2025-08-24,2025-09-19,Completed
2478,1392,18,2025-08-11,,In Progress
2479,1451,9,2025-09-04,,In Progress
2480,528,23,2025-12-24,2025-12-30,Completed
2481,1207,29,2026-06-29,2026-07-15,Completed
2482,30,36,2025-09-03,2025-09-26,Completed
2483,426,4,2025-03-02,,In Progress
2484,894,10,2024-05-10,2024-05-23,Completed
2485,1998,22,2026-07-03,2026-07-11,Completed
2486,207,4,2025-07-15,2025-08-07,Completed
2487,1650,25,2025-11-07,,Dropped
2488,214,11,2024-10-22,2024-11-06,Completed
2489,467,8,2024-01-05,2024-01-16,Completed
2490,1403,17,2026-01-29,2026-02-08,Completed
2491,282,37,2026-04-16,2026-05-04,Completed
2492,1441,37,2025-05-24,2025-06-15,Completed
2493,331,12,2026-01-02,2026-01-25,Completed
2494,1426,18,2026-05-17,2026-06-06,Completed
2495,1078,4,2024-05-11,2024-06-02,Completed
2496,1317,21,2025-05-09,2025-06-02,Completed
2497,1120,39,2024-10-24,2024-11-11,Completed
2498,102,14,2024-03-19,,Not Started
2499,410,27,2024-09-18,2024-10-05,Completed
2500,821,10,2026-02-04,,Not Started
2501,1228,20,2026-06-09,,Not Started
2502,802,1,2025-11-26,2025-12-15,Completed
2503,1407,17,2024-10-02,2024-11-01,Completed
2504,793,5,2025-11-25,2025-12-07,Completed
2505,1754,24,2026-07-29,2026-08-09,Completed
2506,809,32,2024-02-21,,In Progress
2507,122,22,2024-05-24,2024-06-09,Completed
2508,821,4,2024-04-11,2024-04-28,Completed
2509,1845,11,2025-04-05,2025-04-23,Completed
2510,1948,9,2025-05-26,2025-06-16,Completed
2511,1940,15,2024-12-01,,In Progress
2512,735,36,2024-12-26,2025-01-02,Completed
2513,522,18,2024-10-08,2024-10-13,Completed
2514,792,20,2024-12-11,2025-01-10,Completed
2515,850,33,2026-05-26,2026-06-23,Completed
2516,118,13,2025-02-28,2025-03-14,Completed
2517,666,3,2024-06-28,,Dropped
2518,1765,10,2024-03-11,,In Progress
2519,1206,23,2026-08-13,2026-08-22,Completed
2520,1642,35,2024-07-25,2024-08-13,Completed
2521,1869,20,2025-03-12,2025-04-10,Completed
2522,478,34,2026-04-20,2026-04-26,Completed
2523,1496,2,2024-01-21,,Not Started
2524,837,6,2026-06-22,2026-07-25,Completed
2525,1919,9,2026-07-27,2026-08-21,Completed
2526,843,2,2024-02-16,,In Progress
2527,682,29,2025-07-07,2025-07-30,Completed
2528,458,1,2025-09-15,,In Progress
2529,570,30,2024-08-05,2024-08-30,Completed
2530,25,22,2025-03-19,2025-04-11,Completed
2531,975,22,2026-06-07,,Dropped
2532,1682,37,2026-06-17,2026-06-27,Completed
2533,690,40,2025-07-22,2025-07-31,Completed
2534,743,15,2024-10-03,2024-10-17,Completed
2535,651,37,2025-04-20,2025-05-16,Completed
2536,1578,14,2025-12-08,2025-12-28,Completed
2537,1995,40,2025-08-09,2025-09-01,Completed
2538,1309,39,2025-08-09,2025-08-11,Completed
2539,1820,12,2026-04-28,2026-05-22,Completed
2540,93,4,2025-03-18,2025-04-15,Completed
2541,1264,8,2024-05-30,2024-06-30,Completed
2542,1755,2,2024-08-26,,Not Started
2543,725,37,2025-09-06,,Not Started
2544,287,11,2024-10-14,2024-10-19,Completed
2545,960,5,2024-11-15,2024-12-04,Completed
2546,198,21,2025-03-26,2025-04-13,Completed
2547,586,20,2025-04-16,2025-05-02,Completed
2548,1958,38,2025-11-03,2025-11-21,Completed
2549,1842,16,2024-09-30,,Not Started
2550,1407,20,2024-06-11,2024-07-02,Completed
2551,1070,30,2024-05-12,,In Progress
2552,656,32,2025-06-16,,Dropped
2553,1427,19,2024-10-10,2024-10-27,Completed
2554,326,8,2026-02-23,2026-03-14,Completed
2555,64,29,2025-01-04,,In Progress
2556,772,28,2026-02-13,2026-03-04,Completed
2557,861,34,2024-10-26,,Not Started
2558,430,3,2025-03-30,2025-04-09,Completed
2559,787,15,2026-05-13,2026-06-08,Completed
2560,1980,25,2025-11-28,2025-12-05,Completed
2561,1663,20,2026-07-03,,In Progress
2562,185,18,2025-05-27,2025-06-24,Completed
2563,301,36,2026-04-23,2026-05-05,Completed
2564,1154,11,2025-09-29,2025-10-04,Completed
2565,1912,16,2024-06-05,2024-06-23,Completed
2566,1485,4,2025-10-31,2025-11-20,Completed
2567,1280,19,2025-08-16,2025-08-24,Completed
2568,1811,5,2025-04-27,2025-05-27,Completed
2569,116,1,2026-04-12,,In Progress
2570,878,11,2024-10-06,,Dropped
2571,1464,21,2025-10-15,2025-11-08,Completed
2572,1820,21,2026-04-09,2026-04-26,Completed
2573,1190,11,2024-09-22,2024-10-22,Completed
2574,912,16,2024-11-17,2024-12-09,Completed
2575,1075,2,2026-04-18,,Dropped
2576,1116,21,2025-12-02,2025-12-19,Completed
2577,1534,6,2025-06-10,2025-07-06,Completed
2578,133,11,2025-09-08,2025-10-01,Completed
2579,620,14,2025-09-15,,In Progress
2580,1285,15,2025-02-18,,In Progress
2581,431,19,2025-07-17,2025-08-03,Completed
2582,421,20,2026-05-31,2026-06-05,Completed
2583,1404,18,2024-03-22,2024-04-13,Completed
2584,818,26,2024-07-03,2024-07-29,Completed
2585,1611,26,2024-01-29,2024-02-14,Completed
2586,1512,3,2026-06-18,,In Progress
2587,205,4,2025-08-03,2025-08-26,Completed
2588,1072,25,2026-05-17,2026-06-15,Completed
2589,202,19,2024-05-17,,In Progress
2590,55,25,2025-05-15,2025-06-01,Completed
2591,795,28,2026-05-20,,Not Started
2592,76,36,2024-02-18,2024-02-24,Completed
2593,450,18,2024-05-30,2024-06-07,Completed
2594,794,21,2026-07-03,2026-07-14,Completed
2595,1855,28,2025-11-09,,Not Started
2596,895,26,2025-09-14,,Dropped
2597,1887,2,2025-12-31,2026-01-21,Completed
2598,1006,11,2025-06-07,2025-06-28,Completed
2599,1604,29,2024-08-18,,Not Started
2600,392,12,2025-12-08,2026-01-09,Completed
2601,998,17,2026-01-27,2026-02-06,Completed
2602,1721,32,2026-07-09,,Dropped
2603,206,11,2024-12-14,2025-01-09,Completed
2604,1729,31,2025-03-26,2025-04-04,Completed
2605,733,3,2024-04-05,2024-05-04,Completed
2606,1236,26,2026-01-26,2026-02-09,Completed
2607,1456,33,2024-09-26,2024-10-14,Completed
2608,1043,20,2024-04-17,,Not Started
2609,638,2,2026-06-28,2026-07-07,Completed
2610,1335,37,2024-04-14,,In Progress
2611,1918,7,2025-10-25,,In Progress
2612,1743,2,2025-02-14,2025-03-08,Completed
2613,234,11,2026-02-07,2026-03-08,Completed
2614,1094,23,2026-01-31,2026-02-25,Completed
2615,897,36,2025-04-06,2025-04-25,Completed
2616,110,36,2024-05-25,2024-06-05,Completed
2617,1648,31,2024-09-30,2024-10-24,Completed
2618,598,8,2025-04-29,2025-05-14,Completed
2619,51,37,2024-08-25,,In Progress
2620,867,28,2025-03-13,,Not Started
2621,1668,1,2025-03-18,2025-03-28,Completed
2622,1256,11,2024-08-11,,In Progress
2623,1037,26,2026-06-08,2026-07-02,Completed
2624,1936,19,2025-04-08,2025-04-17,Completed
2625,1232,37,2025-11-16,2025-12-02,Completed
2626,479,3,2025-02-06,,Not Started
2627,1586,29,2025-12-28,2026-01-21,Completed
2628,1700,3,2025-07-26,2025-08-27,Completed
2629,1356,10,2024-06-16,,Not Started
2630,465,7,2024-11-03,2024-12-03,Completed
2631,764,2,2024-12-21,2025-01-06,Completed
2632,1101,8,2025-03-19,,In Progress
2633,50,38,2026-07-21,2026-08-01,Completed
2634,1628,14,2025-04-27,2025-05-13,Completed
2635,362,28,2024-12-19,,In Progress
2636,1173,13,2024-10-17,2024-11-12,Completed
2637,998,9,2026-08-12,,Not Started
2638,1249,3,2024-03-06,2024-03-26,Completed
2639,27,38,2026-07-08,2026-07-26,Completed
2640,1361,3,2025-08-01,2025-08-31,Completed
2641,1709,38,2026-07-01,,Not Started
2642,467,32,2024-11-03,,In Progress
2643,1368,18,2025-12-16,,Dropped
2644,1445,22,2026-04-16,2026-05-12,Completed
2645,998,33,2024-10-21,2024-11-01,Completed
2646,1212,33,2026-05-30,2026-06-18,Completed
2647,592,26,2024-09-04,,Not Started
2648,1579,38,2026-04-11,2026-05-03,Completed
2649,713,39,2026-02-06,2026-03-03,Completed
2650,1323,22,2025-12-25,,In Progress
2651,239,21,2024-07-12,2024-07-29,Completed
2652,942,3,2026-02-03,2026-02-26,Completed
2653,848,16,2024-03-20,2024-04-03,Completed
2654,1530,15,2024-09-03,2024-10-03,Completed
2655,1946,38,2024-05-17,,In Progress
2656,1717,3,2025-11-27,2025-12-14,Completed
2657,551,23,2025-07-11,2025-07-22,Completed
2658,1486,17,2025-03-09,2025-03-27,Completed
2659,1000,13,2026-01-28,2026-02-18,Completed
2660,1770,17,2024-03-14,2024-04-08,Completed
2661,624,9,2025-02-17,2025-03-03,Completed
2662,56,23,2024-08-04,2024-08-20,Completed
2663,129,17,2026-05-21,2026-06-06,Completed
2664,890,36,2024-05-23,,Dropped
2665,772,33,2024-04-22,2024-05-06,Completed
2666,1003,30,2025-01-23,2025-02-17,Completed
2667,1198,31,2024-12-31,,In Progress
2668,1317,14,2025-09-19,2025-10-04,Completed
2669,1194,30,2025-10-16,2025-11-13,Completed
2670,899,14,2026-06-20,2026-06-26,Completed
2671,612,23,2024-01-27,2024-02-26,Completed
2672,1883,33,2024-11-27,2024-12-09,Completed
2673,1522,32,2024-12-17,2025-01-15,Completed
2674,427,34,2026-03-11,,Not Started
2675,1597,10,2025-11-30,2025-12-23,Completed
2676,818,18,2024-07-03,2024-07-24,Completed
2677,469,22,2024-11-03,2024-11-14,Completed
2678,1960,7,2024-09-15,,Not Started
2679,566,14,2026-01-26,2026-02-10,Completed
2680,1407,18,2025-08-17,,In Progress
2681,305,13,2024-04-27,2024-05-28,Completed
2682,1205,17,2025-06-13,2025-06-28,Completed
2683,438,2,2026-06-14,2026-07-01,Completed
2684,29,22,2024-10-19,2024-11-07,Completed
2685,1333,16,2024-04-07,2024-04-12,Completed
2686,1431,20,2025-01-17,2025-01-23,Completed
2687,205,28,2025-07-02,2025-07-14,Completed
2688,176,11,2025-08-19,2025-08-26,Completed
2689,1922,2,2024-08-22,2024-09-16,Completed
2690,845,5,2024-04-16,,Not Started
2691,31,18,2025-07-15,2025-08-02,Completed
2692,200,2,2025-11-18,2025-12-12,Completed
2693,656,16,2024-05-11,2024-05-29,Completed
2694,1719,2,2025-10-19,2025-10-27,Completed
2695,293,36,2026-04-21,2026-04-29,Completed
2696,501,38,2026-01-08,2026-01-18,Completed
2697,368,28,2024-07-19,2024-07-25,Completed
2698,109,5,2024-02-25,2024-03-24,Completed
2699,885,36,2025-10-24,2025-11-05,Completed
2700,1864,27,2025-11-22,2025-12-02,Completed
2701,345,10,2024-04-07,2024-05-08,Completed
2702,315,1,2025-02-22,2025-03-03,Completed
2703,646,2,2024-11-23,,In Progress
2704,1160,4,2024-04-07,,Not Started
2705,823,16,2024-09-12,2024-10-09,Completed
2706,1064,4,2024-05-18,,Dropped
2707,570,1,2024-11-23,2024-12-17,Completed
2708,268,5,2024-06-29,2024-07-23,Completed
2709,287,25,2024-04-07,,Not Started
2710,1514,23,2024-02-17,,Dropped
2711,234,30,2024-09-19,2024-10-02,Completed
2712,458,22,2024-07-16,2024-07-25,Completed
2713,745,5,2025-01-22,,Not Started
2714,240,32,2024-06-11,2024-07-06,Completed
2715,521,12,2026-05-30,2026-06-15,Completed
2716,683,3,2024-11-07,2024-11-29,Completed
2717,612,31,2024-11-01,2024-11-22,Completed
2718,1625,1,2024-09-27,2024-10-16,Completed
2719,880,6,2024-06-27,,In Progress
2720,1495,33,2024-12-31,2025-01-31,Completed
2721,930,25,2025-04-29,2025-05-11,Completed
2722,567,26,2025-07-17,2025-08-03,Completed
2723,364,24,2026-04-30,2026-05-17,Completed
2724,1710,31,2024-12-08,2024-12-28,Completed
2725,1966,16,2026-04-13,2026-04-19,Completed
2726,548,18,2026-07-07,2026-07-16,Completed
2727,758,32,2026-06-12,2026-06-19,Completed
2728,1269,37,2025-03-02,2025-03-12,Completed
2729,969,31,2025-01-13,2025-02-02,Completed
2730,1739,22,2025-01-14,2025-02-01,Completed
2731,1593,40,2024-10-04,,Not Started
2732,807,16,2024-11-21,2024-12-05,Completed
2733,427,21,2025-12-16,2026-01-01,Completed
2734,261,31,2026-06-20,,In Progress
2735,1130,36,2026-02-04,2026-02-15,Completed
2736,415,36,2025-12-25,,In Progress
2737,796,18,2025-08-29,2025-09-05,Completed
2738,694,18,2024-06-09,2024-07-03,Completed
2739,1430,38,2024-07-20,,In Progress
2740,1121,38,2024-11-27,2024-12-20,Completed
2741,587,16,2024-12-02,2024-12-19,Completed
2742,505,26,2024-01-27,2024-02-05,Completed
2743,806,29,2024-05-30,2024-06-20,Completed
2744,1209,25,2025-09-22,2025-10-21,Completed
2745,1119,32,2024-03-20,2024-04-06,Completed
2746,1763,7,2025-05-27,2025-06-15,Completed
2747,1837,31,2025-11-02,2025-11-24,Completed
2748,182,1,2024-01-24,2024-02-05,Completed
2749,971,4,2024-03-01,2024-03-12,Completed
2750,1588,34,2024-01-05,,Not Started
2751,561,20,2025-03-09,,In Progress
2752,1964,21,2025-12-29,2026-01-05,Completed
2753,792,29,2025-08-10,2025-08-20,Completed
2754,251,40,2025-02-11,,In Progress
2755,1213,31,2026-03-12,,In Progress
2756,813,5,2025-10-19,2025-11-04,Completed
2757,1534,22,2026-05-01,2026-05-17,Completed
2758,1726,27,2024-12-18,,In Progress
2759,421,37,2024-07-14,2024-07-30,Completed
2760,285,30,2025-08-22,,Dropped
2761,1206,24,2024-11-03,2024-11-20,Completed
2762,1681,22,2025-06-01,,Dropped
2763,164,40,2024-04-22,2024-05-08,Completed
2764,1439,37,2026-01-05,2026-01-21,Completed
2765,182,24,2025-04-07,,Not Started
2766,53,16,2026-06-29,2026-07-09,Completed
2767,674,6,2024-04-23,2024-05-13,Completed
2768,221,5,2026-03-15,,In Progress
2769,57,3,2026-03-05,2026-04-02,Completed
2770,1233,9,2025-08-22,2025-09-20,Completed
2771,167,6,2024-08-25,2024-09-10,Completed
2772,442,18,2025-11-12,2025-12-01,Completed
2773,1346,32,2025-12-03,2026-01-03,Completed
2774,206,9,2026-04-25,2026-05-25,Completed
2775,1416,8,2026-01-15,2026-01-23,Completed
2776,1772,16,2025-09-06,2025-09-12,Completed
2777,515,37,2024-04-03,2024-04-05,Completed
2778,1998,9,2025-11-01,2025-11-27,Completed
2779,1347,2,2024-01-26,2024-02-12,Completed
2780,1344,37,2024-06-14,,Dropped
2781,80,4,2025-07-29,,In Progress
2782,855,35,2026-08-06,2026-08-29,Completed
2783,68,30,2024-03-15,,Dropped
2784,1234,1,2024-10-25,2024-11-24,Completed
2785,411,8,2026-07-05,,In Progress
2786,675,10,2024-09-24,,Dropped
2787,123,6,2024-07-21,2024-07-30,Completed
2788,1425,18,2025-11-18,2025-12-10,Completed
2789,205,6,2025-07-10,2025-07-20,Completed
2790,664,32,2024-04-11,,Dropped
2791,1810,3,2025-05-22,2025-06-05,Completed
2792,1603,28,2025-08-19,2025-08-24,Completed
2793,278,10,2025-04-20,2025-04-26,Completed
2794,331,39,2025-06-17,2025-07-09,Completed
2795,181,10,2024-05-02,2024-05-25,Completed
2796,941,35,2024-11-02,2024-11-23,Completed
2797,1913,27,2026-03-02,,Not Started
2798,437,39,2025-05-02,,Dropped
2799,755,18,2024-10-28,,Dropped
2800,385,23,2024-09-01,2024-09-08,Completed
2801,77,37,2025-05-26,2025-05-31,Completed
2802,1347,40,2024-05-05,,In Progress
2803,587,5,2025-10-18,2025-11-10,Completed
2804,582,36,2024-03-18,2024-03-22,Completed
2805,1885,12,2024-12-05,2024-12-31,Completed
2806,1359,16,2025-11-08,2025-11-14,Completed
2807,833,21,2026-04-13,2026-04-21,Completed
2808,662,5,2025-11-02,2025-11-23,Completed
2809,1830,2,2024-05-22,2024-06-08,Completed
2810,997,28,2024-03-07,,Not Started
2811,956,22,2025-09-03,2025-09-15,Completed
2812,1067,20,2026-07-20,2026-08-06,Completed
2813,1239,9,2025-08-06,,Not Started
2814,1225,6,2024-02-29,2024-03-11,Completed
2815,1211,40,2025-12-18,,In Progress
2816,887,17,2025-11-10,,Dropped
2817,427,13,2026-03-07,2026-03-17,Completed
2818,1745,40,2025-04-04,2025-04-09,Completed
2819,934,4,2025-02-17,2025-03-15,Completed
2820,741,16,2024-01-27,2024-01-31,Completed
2821,976,1,2024-02-13,2024-03-10,Completed
2822,1887,9,2026-05-08,2026-05-25,Completed
2823,1043,25,2025-03-07,,Dropped
2824,534,2,2025-12-18,2026-01-19,Completed
2825,1655,3,2024-01-06,2024-02-05,Completed
2826,1665,16,2025-07-08,2025-08-02,Completed
2827,557,40,2026-04-03,,In Progress
2828,996,4,2024-05-24,2024-06-12,Completed
2829,346,5,2026-01-07,2026-01-30,Completed
2830,1783,32,2024-06-14,2024-06-24,Completed
2831,1131,4,2024-06-28,2024-07-13,Completed
2832,27,20,2025-04-27,2025-05-06,Completed
2833,1078,5,2025-09-12,2025-10-03,Completed
2834,66,1,2024-04-04,2024-05-04,Completed
2835,1136,9,2025-09-11,,In Progress
2836,468,14,2026-03-11,2026-03-18,Completed
2837,1917,8,2025-11-14,2025-12-14,Completed
2838,644,6,2026-03-09,,Not Started
2839,1900,4,2026-02-23,2026-03-19,Completed
2840,269,38,2024-01-08,,In Progress
2841,895,10,2025-10-16,2025-11-12,Completed
2842,737,39,2025-07-23,,Not Started
2843,1227,30,2025-06-20,2025-07-01,Completed
2844,1898,21,2026-05-21,2026-06-02,Completed
2845,210,24,2026-07-20,,Dropped
2846,1932,11,2024-11-04,2024-11-19,Completed
2847,1786,30,2026-03-16,,In Progress
2848,1559,37,2026-08-10,2026-08-21,Completed
2849,962,21,2026-03-30,2026-04-25,Completed
2850,1810,24,2025-07-17,2025-07-24,Completed
2851,1314,19,2025-07-22,,Not Started
2852,458,1,2024-08-15,,In Progress
2853,1020,40,2025-07-26,2025-07-29,Completed
2854,1380,40,2025-04-20,2025-05-17,Completed
2855,237,26,2024-04-09,2024-05-06,Completed
2856,1271,28,2026-01-05,2026-01-17,Completed
2857,1684,28,2025-09-02,2025-09-17,Completed
2858,1668,11,2024-11-26,,Not Started
2859,1874,18,2025-01-16,2025-01-29,Completed
2860,1430,31,2025-07-11,,In Progress
2861,383,22,2026-01-24,2026-02-10,Completed
2862,1235,39,2025-08-03,2025-08-27,Completed
2863,611,13,2024-06-05,2024-07-06,Completed
2864,1113,16,2025-01-21,2025-01-26,Completed
2865,796,11,2025-04-15,2025-05-04,Completed
2866,1549,9,2025-03-30,,Dropped
2867,170,15,2024-05-27,2024-06-03,Completed
2868,1898,7,2025-11-10,2025-11-26,Completed
2869,1204,37,2024-02-29,2024-03-09,Completed
2870,1301,1,2024-10-14,2024-11-12,Completed
2871,817,23,2024-06-13,2024-06-30,Completed
2872,606,9,2025-04-15,,In Progress
2873,1022,35,2024-07-03,2024-08-03,Completed
2874,19,20,2025-11-22,2025-12-20,Completed
2875,289,37,2024-06-27,2024-07-15,Completed
2876,10,31,2024-10-07,2024-11-06,Completed
2877,259,11,2026-01-07,2026-01-19,Completed
2878,1930,36,2025-09-06,2025-09-25,Completed
2879,693,11,2024-10-15,,Dropped
2880,1198,38,2025-01-28,2025-02-14,Completed
2881,1154,33,2024-01-16,2024-01-28,Completed
2882,756,17,2024-09-01,,Not Started
2883,437,7,2024-05-27,2024-06-13,Completed
2884,1384,23,2025-01-02,2025-01-14,Completed
2885,1738,2,2025-10-17,2025-11-19,Completed
2886,286,20,2024-08-19,2024-08-24,Completed
2887,1868,33,2025-09-11,2025-09-23,Completed
2888,1854,36,2025-09-24,2025-10-10,Completed
2889,324,3,2024-10-29,,Not Started
2890,1230,4,2024-05-14,2024-05-22,Completed
2891,835,17,2026-08-07,,In Progress
2892,1854,3,2025-12-01,2025-12-16,Completed
2893,1843,16,2025-09-10,2025-09-14,Completed
2894,812,6,2024-05-09,,In Progress
2895,1540,1,2024-08-08,2024-08-21,Completed
2896,1201,4,2024-02-16,2024-03-17,Completed
2897,1921,33,2024-01-08,2024-01-16,Completed
2898,857,3,2025-08-22,2025-09-19,Completed
2899,491,25,2024-08-04,2024-08-16,Completed
2900,1003,23,2024-03-27,2024-04-01,Completed
2901,120,25,2024-07-07,2024-08-01,Completed
2902,700,16,2025-01-20,2025-02-03,Completed
2903,772,28,2025-11-24,2025-12-14,Completed
2904,132,19,2025-01-12,2025-02-04,Completed
2905,634,1,2025-04-05,2025-04-30,Completed
2906,1663,37,2024-08-20,2024-09-16,Completed
2907,1597,12,2026-04-03,,Not Started
2908,280,29,2024-03-25,,Not Started
2909,1334,24,2025-04-21,,Dropped
2910,1095,31,2024-10-18,2024-11-04,Completed
2911,904,29,2026-05-07,2026-05-13,Completed
2912,1603,29,2025-09-21,2025-10-21,Completed
2913,723,6,2025-09-21,2025-10-02,Completed
2914,1885,2,2025-04-07,,Not Started
2915,877,39,2025-12-29,2026-01-01,Completed
2916,706,5,2025-04-27,2025-06-02,Completed
2917,857,2,2024-01-28,,In Progress
2918,328,21,2026-04-21,2026-05-04,Completed
2919,977,21,2025-02-20,2025-03-20,Completed
2920,1478,24,2024-06-08,2024-06-15,Completed
2921,1383,3,2025-05-04,2025-06-04,Completed
2922,1900,17,2025-01-30,2025-02-19,Completed
2923,1296,16,2024-12-09,2024-12-17,Completed
2924,407,27,2024-05-06,2024-05-30,Completed
2925,319,2,2024-05-21,2024-06-18,Completed
2926,1059,28,2025-10-24,2025-11-11,Completed
2927,452,37,2024-03-26,2024-04-01,Completed
2928,1242,11,2024-01-23,2024-02-20,Completed
2929,502,17,2024-12-10,,In Progress
2930,504,22,2025-07-04,2025-07-30,Completed
2931,305,36,2025-12-20,2025-12-28,Completed
2932,294,8,2024-12-18,2025-01-13,Completed
2933,1029,35,2025-01-24,2025-02-03,Completed
2934,1989,18,2025-07-02,2025-07-09,Completed
2935,1006,26,2024-07-25,,In Progress
2936,1018,16,2025-08-06,2025-08-20,Completed
2937,1835,6,2025-06-20,2025-07-01,Completed
2938,202,31,2025-11-14,,Dropped
2939,1669,15,2024-12-27,2025-01-14,Completed
2940,805,10,2025-03-17,2025-04-17,Completed
2941,1796,6,2026-06-27,2026-07-30,Completed
2942,296,18,2024-10-13,2024-10-28,Completed
2943,452,39,2026-07-20,2026-08-02,Completed
2944,1378,15,2026-08-10,,In Progress
2945,1257,18,2025-02-24,2025-03-14,Completed
2946,1048,10,2025-03-12,2025-03-26,Completed
2947,1668,32,2024-10-21,2024-10-30,Completed
2948,45,11,2025-10-02,2025-10-07,Completed
2949,1964,16,2024-05-12,,Not Started
2950,858,11,2025-06-30,,Not Started
2951,1759,3,2026-04-18,2026-05-11,Completed
2952,1569,3,2025-04-03,,Dropped
2953,1457,18,2025-09-03,,Not Started
2954,1515,11,2024-01-23,2024-02-15,Completed
2955,1593,6,2025-12-02,,Dropped
2956,1775,4,2024-05-14,2024-05-29,Completed
2957,896,36,2025-11-03,2025-11-05,Completed
2958,382,4,2024-07-19,2024-08-09,Completed
2959,946,21,2026-05-27,2026-06-21,Completed
2960,1369,29,2024-01-07,2024-01-24,Completed
2961,1992,18,2025-08-03,2025-08-11,Completed
2962,766,3,2025-06-16,2025-07-16,Completed
2963,107,17,2024-07-27,2024-08-20,Completed
2964,1085,4,2024-10-26,2024-11-22,Completed
2965,1723,38,2024-05-27,,In Progress
2966,396,17,2026-01-18,,Dropped
2967,1421,2,2025-08-04,2025-08-20,Completed
2968,649,2,2026-08-02,2026-08-22,Completed
2969,1569,29,2024-01-13,2024-02-01,Completed
2970,1291,6,2024-05-23,,Dropped
2971,1606,40,2025-06-16,2025-06-19,Completed
2972,232,2,2024-05-21,,Dropped
2973,1691,4,2026-04-21,,Not Started
2974,101,36,2026-01-07,2026-01-18,Completed
2975,1031,37,2024-05-09,2024-05-19,Completed
2976,1584,39,2025-07-10,2025-08-05,Completed
2977,436,16,2025-04-07,2025-04-23,Completed
2978,47,38,2025-06-05,2025-06-29,Completed
2979,1107,23,2025-05-25,,In Progress
2980,1307,3,2024-07-30,2024-08-19,Completed
2981,1311,26,2025-09-13,,Dropped
2982,1825,16,2026-07-26,2026-07-30,Completed
2983,1152,40,2026-07-28,2026-08-18,Completed
2984,1465,34,2024-04-26,,Dropped
2985,299,8,2025-01-13,,In Progress
2986,192,37,2026-08-10,2026-08-13,Completed
2987,1690,25,2026-06-30,,Dropped
2988,159,3,2024-12-05,2024-12-18,Completed
2989,974,12,2026-07-10,2026-08-08,Completed
2990,1833,28,2024-03-02,2024-03-08,Completed
2991,444,39,2026-01-21,2026-02-12,Completed
2992,1552,29,2024-02-06,2024-03-03,Completed
2993,140,2,2024-03-03,2024-03-13,Completed
2994,714,16,2026-07-04,2026-07-10,Completed
2995,1408,6,2024-12-04,2025-01-01,Completed
2996,1341,3,2025-06-11,2025-07-06,Completed
2997,636,17,2024-12-26,2025-01-06,Completed
2998,87,24,2024-01-13,2024-01-30,Completed
2999,1058,38,2025-01-25,2025-01-30,Completed
3000,998,34,2025-04-06,2025-04-12,Completed
3001,187,39,2025-09-14,2025-09-30,Completed
3002,1619,37,2024-04-15,2024-05-06,Completed
3003,1080,27,2025-10-23,2025-11-13,Completed
3004,1438,3,2024-04-05,2024-05-01,Completed
3005,1901,15,2026-03-29,2026-04-16,Completed
3006,232,2,2025-08-07,2025-08-27,Completed
3007,899,13,2026-01-23,2026-02-04,Completed
3008,1360,6,2025-02-27,2025-03-08,Completed
3009,1474,11,2024-01-29,2024-02-20,Completed
3010,425,14,2024-09-18,2024-10-09,Completed
3011,138,22,2025-03-08,2025-04-03,Completed
3012,308,21,2024-09-09,2024-09-19,Completed
3013,507,22,2025-08-30,,In Progress
3014,1043,4,2024-06-12,2024-07-09,Completed
3015,291,3,2026-07-16,,In Progress
3016,988,11,2024-02-14,2024-02-29,Completed
3017,1105,33,2026-08-09,2026-09-02,Completed
3018,994,23,2024-08-01,2024-08-30,Completed
3019,415,1,2026-03-18,2026-03-30,Completed
3020,323,37,2025-04-18,2025-05-14,Completed
3021,787,16,2025-07-27,,In Progress
3022,455,8,2024-03-12,2024-04-12,Completed
3023,1513,28,2024-06-17,2024-07-08,Completed
3024,760,38,2025-03-12,2025-03-21,Completed
3025,10,32,2025-04-23,,In Progress
3026,1928,37,2025-07-02,,Dropped
3027,1893,18,2026-06-26,,In Progress
3028,17,25,2026-02-22,,In Progress
3029,1138,36,2026-05-14,2026-05-31,Completed
3030,1625,18,2025-04-11,,Dropped
3031,1946,30,2024-05-03,,Dropped
3032,1027,10,2024-11-22,2024-12-21,Completed
3033,985,25,2026-08-01,2026-08-06,Completed
3034,1598,23,2024-01-09,2024-01-16,Completed
3035,300,2,2026-04-27,2026-05-13,Completed
3036,289,6,2025-11-22,2025-12-06,Completed
3037,1820,26,2024-02-23,2024-03-21,Completed
3038,991,35,2025-12-09,2025-12-30,Completed
3039,193,30,2026-05-04,,Not Started
3040,1458,37,2026-08-15,2026-09-04,Completed
3041,1194,24,2024-04-20,2024-05-17,Completed
3042,1250,16,2026-03-01,2026-03-29,Completed
3043,933,16,2024-02-11,2024-03-09,Completed
3044,1396,14,2026-05-25,2026-06-07,Completed
3045,1596,8,2024-01-18,2024-02-04,Completed
3046,312,4,2026-04-23,,In Progress
3047,1936,4,2025-11-21,2025-12-19,Completed
3048,747,6,2025-04-14,2025-05-14,Completed
3049,374,3,2024-03-31,2024-05-04,Completed
3050,530,7,2025-09-30,2025-10-21,Completed
3051,44,13,2024-10-18,2024-10-31,Completed
3052,863,2,2024-04-26,2024-05-29,Completed
3053,1312,22,2024-03-25,,Dropped
3054,674,1,2025-12-19,2025-12-27,Completed
3055,813,28,2026-07-20,2026-07-25,Completed
3056,63,19,2024-05-17,2024-06-07,Completed
3057,1172,28,2025-11-16,2025-12-05,Completed
3058,1864,12,2025-04-11,,Dropped
3059,1882,35,2024-08-13,2024-09-04,Completed
3060,1025,28,2025-01-01,2025-01-08,Completed
3061,1230,5,2024-10-17,2024-11-13,Completed
3062,1168,3,2024-09-15,2024-10-17,Completed
3063,1035,38,2025-10-10,2025-10-21,Completed
3064,1391,34,2026-04-11,2026-04-22,Completed
3065,188,38,2025-05-21,2025-06-13,Completed
3066,835,16,2024-05-29,,In Progress
3067,291,11,2025-07-05,2025-07-28,Completed
3068,1847,5,2026-01-07,2026-01-23,Completed
3069,595,1,2026-04-10,2026-05-09,Completed
3070,1384,25,2024-01-22,2024-02-17,Completed
3071,102,3,2025-11-13,,In Progress
3072,1618,1,2024-03-29,2024-04-21,Completed
3073,1569,12,2024-08-01,,In Progress
3074,1015,36,2025-02-14,,Not Started
3075,416,29,2026-06-19,2026-07-18,Completed
3076,406,40,2024-11-23,,Dropped
3077,1731,25,2024-08-10,2024-09-06,Completed
3078,1562,34,2024-07-24,,In Progress
3079,184,37,2024-02-28,,In Progress
3080,1207,2,2026-04-20,2026-05-05,Completed
3081,136,21,2025-06-17,2025-06-20,Completed
3082,1658,38,2026-05-24,,In Progress
3083,1981,2,2025-06-23,2025-07-08,Completed
3084,688,27,2024-10-12,2024-11-04,Completed
3085,1804,38,2026-02-13,2026-03-08,Completed
3086,104,24,2024-08-23,2024-09-05,Completed
3087,1447,6,2025-03-30,2025-04-09,Completed
3088,497,31,2025-02-07,2025-03-07,Completed
3089,51,19,2026-04-10,2026-04-18,Completed
3090,1382,24,2025-06-16,2025-07-15,Completed
3091,1172,10,2025-04-14,,Dropped
3092,526,31,2026-05-17,2026-06-05,Completed
3093,1867,28,2024-03-16,,Not Started
3094,1768,40,2024-02-07,,Not Started
3095,1395,21,2024-08-05,2024-08-31,Completed
3096,501,1,2025-09-19,2025-10-01,Completed
3097,1239,17,2025-05-30,2025-06-08,Completed
3098,194,21,2024-05-07,,In Progress
3099,287,26,2025-09-12,2025-10-01,Completed
3100,1503,35,2025-10-25,2025-11-23,Completed
3101,213,16,2025-05-12,2025-06-07,Completed
3102,1776,3,2025-05-22,2025-06-05,Completed
3103,1348,20,2026-04-09,,Not Started
3104,838,38,2025-03-18,2025-04-10,Completed
3105,1366,13,2024-03-30,,In Progress
3106,813,36,2026-03-12,2026-03-28,Completed
3107,1894,15,2025-08-29,2025-09-16,Completed
3108,886,16,2025-06-11,,In Progress
3109,1055,1,2025-12-17,2026-01-06,Completed
3110,1319,15,2025-02-08,,Not Started
3111,666,5,2025-07-17,,Dropped
3112,1234,26,2026-01-01,2026-01-26,Completed
3113,2,17,2025-08-17,2025-09-16,Completed
3114,652,21,2024-04-18,2024-05-01,Completed
3115,1275,18,2025-04-21,2025-05-05,Completed
3116,1996,23,2025-05-22,2025-05-27,Completed
3117,1125,34,2026-07-23,2026-08-20,Completed
3118,1090,1,2024-01-31,,Not Started
3119,1881,28,2026-08-15,2026-09-13,Completed
3120,903,3,2026-03-10,2026-04-04,Completed
3121,1130,22,2025-08-08,2025-08-16,Completed
3122,1209,39,2026-06-02,2026-06-16,Completed
3123,719,32,2025-07-01,2025-07-09,Completed
3124,1328,3,2024-11-11,2024-11-22,Completed
3125,115,36,2025-01-04,,In Progress
3126,9,28,2024-07-07,2024-07-31,Completed
3127,1442,25,2025-06-19,,Not Started
3128,1150,34,2025-05-18,2025-06-06,Completed
3129,102,24,2025-10-19,2025-10-28,Completed
3130,1208,6,2024-05-06,2024-05-18,Completed
3131,697,24,2024-03-06,2024-03-23,Completed
3132,1712,24,2025-05-20,2025-06-12,Completed
3133,1545,39,2025-02-15,2025-03-08,Completed
3134,706,4,2024-07-04,2024-07-16,Completed
3135,836,23,2026-04-20,2026-05-12,Completed
3136,33,14,2026-06-26,2026-07-25,Completed
3137,1951,19,2024-07-19,2024-07-27,Completed
3138,1664,8,2024-06-25,,Dropped
3139,1334,28,2024-05-22,2024-06-21,Completed
3140,1176,17,2024-09-01,2024-10-01,Completed
3141,1505,24,2024-01-26,2024-02-10,Completed
3142,1014,36,2025-12-07,2025-12-29,Completed
3143,1562,9,2025-02-04,,Not Started
3144,1969,23,2026-07-11,2026-08-09,Completed
3145,1861,19,2024-02-20,,In Progress
3146,1112,37,2026-03-18,2026-04-09,Completed
3147,623,8,2025-01-16,2025-02-01,Completed
3148,1484,2,2025-01-24,2025-02-18,Completed
3149,1998,20,2026-04-22,2026-05-13,Completed
3150,407,26,2026-06-12,2026-06-24,Completed
3151,1611,10,2026-01-29,,Dropped
3152,1355,38,2024-12-27,2025-01-11,Completed
3153,1291,4,2025-03-02,,In Progress
3154,443,16,2025-02-05,,In Progress
3155,1061,11,2024-06-06,2024-07-02,Completed
3156,1662,17,2025-01-08,2025-01-13,Completed
3157,1893,19,2025-09-15,2025-09-24,Completed
3158,1584,36,2025-02-22,,In Progress
3159,1250,21,2025-11-03,,In Progress
3160,516,10,2026-06-11,,Not Started
3161,882,40,2025-12-08,2025-12-28,Completed
3162,65,13,2026-02-20,,In Progress
3163,626,11,2024-03-02,2024-03-30,Completed
3164,66,22,2025-06-28,2025-07-16,Completed
3165,339,29,2024-01-09,2024-01-21,Completed
3166,575,5,2026-02-15,2026-03-05,Completed
3167,1162,2,2025-04-23,2025-05-24,Completed
3168,1004,37,2026-05-14,,Not Started
3169,645,9,2026-03-18,,Not Started
3170,1366,24,2025-12-03,2025-12-25,Completed
3171,1896,1,2025-03-07,2025-03-30,Completed
3172,720,3,2024-02-09,2024-03-12,Completed
3173,1428,24,2024-11-03,,Not Started
3174,48,25,2025-07-29,2025-08-09,Completed
3175,704,7,2024-03-07,2024-03-28,Completed
3176,1222,8,2025-12-01,2025-12-28,Completed
3177,477,33,2026-02-07,2026-03-10,Completed
3178,678,5,2026-03-27,,In Progress
3179,1855,3,2024-05-25,2024-06-15,Completed
3180,1180,1,2026-06-08,2026-06-25,Completed
3181,379,36,2026-04-16,2026-05-05,Completed
3182,890,34,2025-01-24,,Dropped
3183,1651,26,2024-04-23,2024-05-15,Completed
3184,745,19,2025-06-25,2025-07-21,Completed
3185,1387,12,2024-10-26,2024-11-04,Completed
3186,532,24,2025-03-17,,Not Started
3187,1635,23,2026-07-19,2026-08-11,Completed
3188,476,11,2024-03-21,2024-04-04,Completed
3189,705,33,2024-11-16,,In Progress
3190,451,27,2025-12-16,2026-01-15,Completed
3191,856,4,2024-07-09,2024-07-18,Completed
3192,852,17,2024-09-10,2024-09-27,Completed
3193,196,40,2024-05-23,,Dropped
3194,1368,11,2025-05-02,2025-05-20,Completed
3195,1473,28,2026-06-09,,In Progress
3196,1559,16,2026-06-23,2026-07-21,Completed
3197,869,1,2024-09-20,2024-10-12,Completed
3198,1999,31,2025-03-28,2025-04-05,Completed
3199,1207,24,2024-03-01,2024-03-13,Completed
3200,172,23,2025-03-17,2025-04-16,Completed
3201,1729,7,2025-09-25,2025-10-04,Completed
3202,893,30,2024-03-01,2024-03-09,Completed
3203,1459,11,2025-09-22,,In Progress
3204,1106,4,2026-04-20,2026-05-17,Completed
3205,1442,28,2025-03-27,2025-04-26,Completed
3206,205,38,2026-02-17,2026-03-16,Completed
3207,470,33,2025-06-27,,Dropped
3208,1087,39,2024-11-11,2024-11-15,Completed
3209,1347,10,2024-06-04,2024-06-21,Completed
3210,1245,33,2025-02-14,2025-02-22,Completed
3211,1760,26,2025-07-20,2025-08-18,Completed
3212,487,3,2024-09-18,2024-10-09,Completed
3213,1572,14,2025-01-22,2025-02-14,Completed
3214,1249,2,2026-01-05,2026-01-31,Completed
3215,50,30,2025-10-05,2025-10-14,Completed
3216,1068,35,2024-07-26,2024-08-08,Completed
3217,893,36,2025-01-16,2025-02-12,Completed
3218,174,36,2025-12-03,2025-12-10,Completed
3219,1361,40,2025-05-10,2025-06-03,Completed
3220,1316,3,2024-01-17,2024-02-17,Completed
3221,1198,3,2025-11-20,,Not Started
3222,1239,3,2026-07-13,,In Progress
3223,696,33,2026-07-20,2026-08-01,Completed
3224,1043,3,2025-03-13,2025-04-11,Completed
3225,171,29,2026-01-18,2026-01-31,Completed
3226,1680,23,2024-06-09,2024-07-01,Completed
3227,505,15,2026-07-10,2026-07-25,Completed
3228,907,6,2025-04-16,2025-05-09,Completed
3229,234,31,2025-01-02,2025-01-26,Completed
3230,1398,17,2024-01-02,2024-01-16,Completed
3231,710,35,2026-01-28,2026-02-26,Completed
3232,166,14,2024-07-20,2024-08-01,Completed
3233,651,2,2026-04-08,,Not Started
3234,13,4,2025-10-23,2025-11-23,Completed
3235,1067,7,2025-05-21,2025-05-29,Completed
3236,1817,6,2024-11-13,2024-11-22,Completed
3237,349,22,2025-05-30,2025-06-27,Completed
3238,813,2,2025-10-26,,In Progress
3239,558,1,2026-03-10,2026-03-22,Completed
3240,560,16,2025-12-07,2025-12-22,Completed
3241,610,24,2025-07-03,2025-07-12,Completed
3242,492,32,2025-07-08,2025-07-15,Completed
3243,155,36,2026-04-30,2026-05-06,Completed
3244,915,5,2024-02-19,,Dropped
3245,643,3,2024-09-07,2024-09-18,Completed
3246,206,21,2024-06-12,2024-06-18,Completed
3247,482,20,2025-07-14,2025-08-13,Completed
3248,484,5,2026-02-28,2026-03-18,Completed
3249,1404,29,2026-06-21,,In Progress
3250,793,20,2026-01-11,,In Progress
3251,842,7,2026-05-11,2026-06-04,Completed
3252,1158,26,2025-11-27,2025-12-25,Completed
3253,981,40,2026-01-25,2026-01-28,Completed
3254,955,30,2025-08-29,2025-09-25,Completed
3255,996,16,2024-07-07,2024-07-11,Completed
3256,725,3,2024-09-20,2024-10-03,Completed
3257,1599,2,2025-04-30,,Dropped
3258,936,3,2024-09-04,2024-09-25,Completed
3259,1785,32,2026-03-24,2026-04-16,Completed
3260,1717,23,2024-04-16,2024-05-05,Completed
3261,14,20,2024-03-23,,In Progress
3262,1807,31,2026-02-10,2026-02-26,Completed
3263,1636,25,2025-01-05,2025-01-21,Completed
3264,861,23,2024-05-25,2024-06-10,Completed
3265,694,15,2024-04-27,2024-05-16,Completed
3266,877,19,2024-08-29,2024-09-25,Completed
3267,1402,33,2025-12-05,,In Progress
3268,1027,19,2026-02-07,2026-02-24,Completed
3269,493,22,2025-02-14,2025-03-13,Completed
3270,823,31,2025-01-25,,Not Started
3271,903,21,2024-01-26,2024-02-13,Completed
3272,425,17,2024-07-19,2024-08-09,Completed
3273,979,30,2026-04-22,,Not Started
3274,340,29,2024-08-10,2024-09-07,Completed
3275,1560,39,2025-11-14,2025-11-18,Completed
3276,619,10,2025-02-04,,Dropped
3277,361,18,2024-07-28,,In Progress
3278,2,10,2025-11-27,2025-12-28,Completed
3279,937,16,2024-04-09,2024-04-18,Completed
3280,1283,26,2025-01-18,2025-02-09,Completed
3281,465,3,2025-02-10,,Not Started
3282,1510,16,2026-06-27,,Not Started
3283,537,18,2026-05-11,2026-05-25,Completed
3284,773,20,2025-08-01,2025-08-22,Completed
3285,1849,18,2024-01-23,2024-02-13,Completed
3286,1145,31,2024-08-24,2024-09-09,Completed
3287,1109,6,2025-11-30,2025-12-28,Completed
3288,467,15,2024-08-20,2024-08-27,Completed
3289,1568,12,2024-07-04,,In Progress
3290,297,31,2025-12-24,,Not Started
3291,1217,3,2025-10-21,2025-11-01,Completed
3292,786,11,2024-08-16,2024-08-22,Completed
3293,1860,8,2025-01-21,,In Progress
3294,1405,4,2024-04-06,2024-04-26,Completed
3295,349,3,2024-06-09,2024-06-22,Completed
3296,1063,5,2024-03-30,2024-04-25,Completed
3297,1427,22,2025-02-14,2025-03-05,Completed
3298,686,26,2025-06-22,2025-07-23,Completed
3299,1714,28,2025-11-02,2025-11-25,Completed
3300,978,37,2025-08-18,2025-09-08,Completed
3301,1230,2,2024-06-14,,Not Started
3302,277,3,2024-05-07,2024-06-03,Completed
3303,1749,16,2024-12-09,,Not Started
3304,729,19,2024-04-07,2024-04-28,Completed
3305,1358,3,2026-07-01,,Not Started
3306,887,2,2024-08-04,2024-09-02,Completed
3307,1750,39,2025-12-24,2026-01-02,Completed
3308,194,40,2024-07-23,,In Progress
3309,345,22,2025-01-10,,In Progress
3310,919,33,2026-02-01,,Dropped
3311,849,3,2025-09-03,2025-09-26,Completed
3312,447,18,2025-07-28,2025-08-03,Completed
3313,1176,34,2024-08-04,2024-08-31,Completed
3314,1456,22,2025-08-17,,Dropped
3315,110,15,2024-06-19,2024-06-27,Completed
3316,1564,6,2026-04-23,2026-05-03,Completed
3317,873,40,2024-12-22,2025-01-15,Completed
3318,1425,5,2025-02-02,2025-03-08,Completed
3319,399,16,2024-05-03,,In Progress
3320,496,2,2025-09-20,,Dropped
3321,675,9,2024-02-07,,In Progress
3322,93,11,2025-09-08,,In Progress
3323,497,18,2024-06-16,2024-07-13,Completed
3324,606,14,2026-03-06,2026-03-17,Completed
3325,700,27,2026-07-14,,Not Started
3326,1777,7,2025-09-04,,Dropped
3327,1123,30,2024-05-06,2024-05-21,Completed
3328,1501,6,2025-10-09,2025-10-27,Completed
3329,1592,39,2024-12-16,2025-01-12,Completed
3330,558,2,2025-09-06,2025-09-19,Completed
3331,661,21,2026-06-18,2026-07-14,Completed
3332,1727,40,2026-05-01,2026-05-19,Completed
3333,1777,16,2024-07-02,,Dropped
3334,218,33,2024-07-05,2024-07-24,Completed
3335,1662,1,2025-12-13,2025-12-26,Completed
3336,1171,23,2025-01-01,2025-01-12,Completed
3337,1482,31,2024-09-14,2024-09-25,Completed
3338,643,15,2026-03-05,2026-03-17,Completed
3339,18,37,2026-03-31,2026-04-14,Completed
3340,1068,26,2024-12-11,,In Progress
3341,1274,2,2025-08-24,2025-09-22,Completed
3342,627,13,2026-03-18,2026-04-07,Completed
3343,278,24,2026-07-25,,In Progress
3344,1152,40,2025-09-17,2025-09-25,Completed
3345,1439,3,2025-05-10,2025-05-26,Completed
3346,674,25,2026-02-17,,Not Started
3347,858,15,2024-03-06,2024-03-17,Completed
3348,442,39,2025-04-26,2025-05-11,Completed
3349,928,1,2025-12-10,2025-12-31,Completed
3350,1346,7,2024-10-27,,Not Started
3351,1447,37,2024-11-08,2024-11-15,Completed
3352,1324,5,2026-05-21,,Not Started
3353,193,27,2025-06-21,,Dropped
3354,1720,28,2026-04-10,,In Progress
3355,844,26,2024-09-08,2024-09-21,Completed
3356,889,11,2026-07-12,2026-08-03,Completed
3357,205,25,2024-11-13,2024-11-23,Completed
3358,608,30,2025-07-20,,Dropped
3359,555,4,2025-11-15,2025-12-13,Completed
3360,573,8,2026-05-06,,In Progress
3361,15,27,2024-11-11,2024-11-28,Completed
3362,1437,37,2024-04-03,2024-04-28,Completed
3363,1055,16,2024-03-07,,Not Started
3364,854,40,2024-01-09,2024-01-30,Completed
3365,584,3,2025-05-21,2025-06-19,Completed
3366,1105,24,2024-03-07,,Dropped
3367,958,1,2024-11-14,,In Progress
3368,275,10,2024-11-28,,Not Started
3369,1402,24,2024-02-27,2024-03-08,Completed
3370,790,35,2025-11-14,,Dropped
3371,1598,2,2025-10-20,2025-11-09,Completed
3372,655,23,2024-07-04,,In Progress
3373,1216,40,2024-02-06,2024-02-14,Completed
3374,496,18,2025-12-29,2026-01-20,Completed
3375,1360,38,2025-03-09,2025-04-04,Completed
3376,344,22,2024-08-27,2024-09-12,Completed
3377,192,22,2024-04-05,,In Progress
3378,1281,33,2026-03-12,,In Progress
3379,1247,26,2026-05-05,2026-05-18,Completed
3380,1605,32,2024-05-09,2024-06-04,Completed
3381,1759,4,2024-01-03,2024-01-30,Completed
3382,364,19,2024-07-11,2024-07-21,Completed
3383,413,32,2025-11-21,2025-12-16,Completed
3384,472,39,2024-09-20,2024-10-03,Completed
3385,210,38,2026-01-25,2026-02-09,Completed
3386,1849,23,2026-01-19,2026-02-06,Completed
3387,1590,33,2026-04-11,2026-04-27,Completed
3388,511,29,2024-06-29,2024-07-24,Completed
3389,1935,4,2024-12-03,2024-12-23,Completed
3390,551,6,2026-04-20,,In Progress
3391,1183,35,2024-06-16,,Not Started
3392,1747,21,2026-07-14,,Not Started
3393,1653,24,2025-01-17,2025-02-06,Completed
3394,1728,24,2024-01-09,2024-01-27,Completed
3395,1653,37,2026-06-13,,Not Started
3396,581,11,2024-11-26,2024-12-16,Completed
3397,830,11,2024-09-21,2024-10-21,Completed
3398,1126,20,2024-01-05,2024-01-28,Completed
3399,1635,22,2024-10-07,2024-10-27,Completed
3400,1945,17,2026-08-14,2026-08-28,Completed
3401,1515,29,2025-10-22,2025-11-09,Completed
3402,1058,39,2025-03-16,2025-04-04,Completed
3403,1252,22,2025-04-12,2025-05-08,Completed
3404,219,17,2026-05-23,,Dropped
3405,46,36,2026-06-06,,Dropped
3406,1197,2,2026-05-16,2026-06-07,Completed
3407,1860,2,2024-01-27,,Not Started
3408,441,32,2024-09-23,,In Progress
3409,1948,28,2025-04-03,2025-04-20,Completed
3410,984,33,2025-03-04,2025-03-21,Completed
3411,1,25,2024-03-19,2024-04-09,Completed
3412,866,38,2025-12-03,2025-12-20,Completed
3413,1357,10,2025-07-30,,Dropped
3414,1399,5,2024-10-17,2024-11-09,Completed
3415,1251,36,2025-03-21,2025-04-02,Completed
3416,39,36,2026-08-06,2026-09-01,Completed
3417,1863,1,2024-12-09,,In Progress
3418,837,35,2025-08-13,,In Progress
3419,470,18,2024-11-14,2024-12-10,Completed
3420,1535,37,2026-07-11,2026-07-30,Completed
3421,891,2,2026-05-01,2026-05-27,Completed
3422,344,37,2026-03-31,2026-04-11,Completed
3423,1964,1,2024-05-13,2024-06-09,Completed
3424,1760,7,2024-11-27,,Dropped
3425,1005,16,2024-06-25,,In Progress
3426,1792,34,2025-06-10,,Not Started
3427,147,24,2026-02-17,,In Progress
3428,1060,25,2025-08-09,2025-09-06,Completed
3429,834,35,2026-06-08,2026-06-26,Completed
3430,402,11,2024-12-25,2025-01-22,Completed
3431,1721,2,2026-02-27,2026-03-31,Completed
3432,290,17,2025-08-14,2025-08-29,Completed
3433,173,39,2025-09-17,2025-09-19,Completed
3434,1555,10,2026-07-31,2026-08-17,Completed
3435,302,37,2026-07-14,2026-07-30,Completed
3436,718,20,2026-02-16,2026-02-27,Completed
3437,794,11,2024-05-30,2024-06-10,Completed
3438,1531,16,2024-09-16,2024-09-29,Completed
3439,433,24,2024-09-21,2024-10-20,Completed
3440,1225,14,2026-01-26,2026-02-06,Completed
3441,215,20,2025-11-21,,Not Started
3442,402,7,2025-03-26,2025-04-04,Completed
3443,977,28,2026-01-30,,Dropped
3444,919,36,2026-05-08,2026-05-24,Completed
3445,618,9,2024-12-31,2025-01-18,Completed
3446,355,26,2026-06-30,2026-07-13,Completed
3447,1932,15,2025-07-05,2025-07-11,Completed
3448,1044,23,2026-07-20,2026-08-13,Completed
3449,1001,33,2024-09-28,,In Progress
3450,1979,31,2025-01-18,2025-02-16,Completed
3451,588,25,2024-10-19,,In Progress
3452,1460,11,2025-08-24,2025-09-04,Completed
3453,914,30,2026-03-17,2026-03-24,Completed
3454,1971,30,2024-09-02,2024-09-23,Completed
3455,860,21,2024-10-15,2024-10-22,Completed
3456,47,39,2025-05-06,2025-05-19,Completed
3457,165,11,2025-03-31,2025-04-14,Completed
3458,181,2,2026-02-11,2026-02-25,Completed
3459,1335,31,2024-03-01,2024-03-10,Completed
3460,1616,1,2026-01-04,2026-01-18,Completed
3461,1513,1,2025-02-22,2025-03-11,Completed
3462,1487,19,2024-09-04,,In Progress
3463,1480,8,2024-09-07,2024-10-08,Completed
3464,684,25,2025-03-08,2025-03-23,Completed
3465,1954,5,2024-07-24,,Dropped
3466,267,38,2025-03-16,,Not Started
3467,1293,27,2026-07-26,2026-08-01,Completed
3468,1765,39,2024-09-23,2024-10-13,Completed
3469,1510,2,2024-03-02,,In Progress
3470,1669,11,2026-02-10,2026-02-28,Completed
3471,160,2,2025-12-06,,In Progress
3472,1028,21,2026-01-23,2026-02-05,Completed
3473,165,3,2024-04-14,2024-05-04,Completed
3474,1029,6,2025-04-03,,In Progress
3475,567,15,2024-03-19,2024-04-02,Completed
3476,964,17,2026-08-03,2026-08-28,Completed
3477,1565,25,2025-06-07,2025-06-12,Completed
3478,575,28,2026-01-20,2026-02-06,Completed
3479,1375,25,2026-03-11,,In Progress
3480,1122,36,2025-12-26,2026-01-20,Completed
3481,764,28,2025-01-12,2025-02-05,Completed
3482,1201,14,2025-06-23,2025-06-29,Completed
3483,566,28,2025-12-19,2025-12-31,Completed
3484,8,29,2025-08-11,2025-09-01,Completed
3485,866,37,2026-05-25,2026-06-04,Completed
3486,1717,18,2024-09-04,2024-09-21,Completed
3487,358,37,2024-03-09,2024-03-22,Completed
3488,138,6,2024-03-31,2024-04-20,Completed
3489,67,11,2024-11-10,2024-11-22,Completed
3490,437,21,2026-05-08,2026-05-25,Completed
3491,1502,29,2024-12-13,2025-01-02,Completed
3492,613,36,2026-04-27,2026-05-05,Completed
3493,671,23,2024-10-15,2024-11-12,Completed
3494,1790,26,2026-07-27,,In Progress
3495,1604,19,2025-10-22,2025-11-06,Completed
3496,169,20,2026-02-04,2026-03-05,Completed
3497,1761,16,2024-11-13,,Not Started
3498,1771,19,2024-11-05,2024-11-11,Completed
3499,1986,6,2025-01-10,2025-02-08,Completed
3500,385,1,2024-12-29,2025-01-10,Completed
3501,548,37,2025-03-04,,In Progress
3502,1095,33,2024-12-23,2025-01-18,Completed
3503,1917,20,2025-07-04,2025-07-14,Completed
3504,1421,3,2025-07-17,2025-08-06,Completed
3505,1796,24,2025-09-26,2025-10-19,Completed
3506,1071,10,2026-06-26,2026-07-04,Completed
3507,1878,5,2025-07-21,,Not Started
3508,677,13,2025-06-15,,In Progress
3509,1993,36,2025-01-20,2025-02-15,Completed
3510,1272,5,2025-07-04,2025-07-19,Completed
3511,1204,6,2025-06-29,,In Progress
3512,1172,3,2026-07-01,2026-07-12,Completed
3513,1500,2,2024-07-19,,Not Started
3514,134,33,2026-06-05,2026-06-20,Completed
3515,261,27,2026-04-16,2026-04-27,Completed
3516,211,27,2026-06-16,2026-07-06,Completed
3517,1525,34,2026-02-20,,Dropped
3518,1722,22,2026-08-03,2026-08-09,Completed
3519,1055,11,2025-04-28,,Dropped
3520,605,3,2024-03-30,2024-04-21,Completed
3521,181,6,2024-03-26,2024-04-23,Completed
3522,730,13,2026-05-19,2026-05-27,Completed
3523,657,7,2024-07-13,2024-07-29,Completed
3524,608,1,2025-03-27,2025-04-23,Completed
3525,1459,3,2024-02-18,2024-03-22,Completed
3526,835,13,2025-07-16,2025-08-15,Completed
3527,641,11,2025-02-20,,In Progress
3528,1450,16,2026-02-06,,In Progress
3529,667,40,2024-11-06,2024-11-26,Completed
3530,1520,39,2025-09-03,2025-09-09,Completed
3531,833,38,2026-05-28,,Dropped
3532,547,12,2024-02-26,2024-03-25,Completed
3533,169,38,2026-07-28,,In Progress
3534,211,1,2024-04-17,,Dropped
3535,1533,14,2025-10-18,2025-11-10,Completed
3536,192,1,2026-07-05,,In Progress
3537,1721,35,2026-01-14,2026-01-24,Completed
3538,328,26,2024-05-17,,In Progress
3539,253,16,2024-05-24,2024-06-13,Completed
3540,1895,3,2025-12-04,2026-01-08,Completed
3541,1023,13,2025-10-15,2025-11-10,Completed
3542,1602,14,2025-09-25,2025-10-11,Completed
3543,1956,4,2025-06-25,2025-07-09,Completed
3544,1017,22,2026-08-12,2026-09-08,Completed
3545,8,1,2025-08-05,2025-09-01,Completed
3546,1638,24,2026-08-02,,Not Started
3547,1298,12,2024-05-12,,In Progress
3548,1129,24,2024-02-20,2024-03-01,Completed
3549,299,1,2025-10-22,2025-11-05,Completed
3550,1145,12,2025-05-20,,In Progress
3551,521,32,2025-07-23,2025-08-01,Completed
3552,297,23,2024-03-31,2024-04-10,Completed
3553,1846,28,2024-02-15,2024-03-07,Completed
3554,1812,38,2025-10-19,2025-10-25,Completed
3555,1871,24,2025-06-12,2025-07-12,Completed
3556,779,2,2025-07-19,2025-08-21,Completed
3557,1916,34,2024-09-25,2024-10-25,Completed
3558,735,35,2026-06-26,2026-07-16,Completed
3559,1956,32,2025-12-10,,Not Started
3560,1979,12,2026-01-05,2026-01-20,Completed
3561,1784,2,2025-05-29,,Not Started
3562,1197,19,2025-03-22,2025-04-17,Completed
3563,532,6,2024-04-06,,Dropped
3564,675,24,2024-12-28,2025-01-06,Completed
3565,452,19,2025-05-18,2025-06-07,Completed
3566,907,29,2025-01-25,2025-02-22,Completed
3567,1867,39,2025-09-30,,In Progress
3568,152,6,2025-11-05,,Not Started
3569,854,25,2026-06-25,,Not Started
3570,1728,22,2026-06-24,2026-07-01,Completed
3571,1638,28,2024-07-17,2024-07-22,Completed
3572,1889,9,2026-04-30,2026-05-26,Completed
3573,1543,17,2026-06-22,2026-07-15,Completed
3574,1261,1,2025-06-05,2025-06-21,Completed
3575,249,30,2026-01-17,2026-02-09,Completed
3576,1202,32,2026-02-22,2026-03-07,Completed
3577,1148,5,2026-01-05,2026-01-26,Completed
3578,151,22,2026-02-10,2026-02-28,Completed
3579,1657,21,2024-02-18,,Not Started
3580,478,11,2024-05-11,2024-06-03,Completed
3581,735,36,2026-01-23,2026-01-31,Completed
3582,1310,2,2025-07-31,2025-08-15,Completed
3583,259,25,2025-02-07,2025-03-09,Completed
3584,1140,8,2025-06-06,,In Progress
3585,828,33,2025-06-25,,In Progress
3586,848,34,2024-12-05,2024-12-31,Completed
3587,306,22,2024-06-19,2024-07-14,Completed
3588,1924,26,2025-11-10,2025-11-21,Completed
3589,1077,37,2026-01-04,2026-01-06,Completed
3590,1557,31,2025-06-23,2025-07-08,Completed
3591,765,6,2025-03-23,,Dropped
3592,1054,12,2025-07-02,,In Progress
3593,1396,38,2025-03-08,2025-03-23,Completed
3594,1309,19,2024-01-19,2024-02-04,Completed
3595,571,11,2025-07-18,2025-07-31,Completed
3596,1504,9,2024-11-29,,In Progress
3597,973,11,2024-03-22,2024-04-16,Completed
3598,411,2,2025-05-04,2025-05-23,Completed
3599,1401,32,2024-12-03,2024-12-14,Completed
3600,1892,19,2025-09-29,2025-10-20,Completed
3601,1452,17,2024-10-10,2024-11-05,Completed
3602,132,28,2024-10-25,,Not Started
3603,791,27,2026-08-08,2026-08-28,Completed
3604,662,30,2026-05-09,,In Progress
3605,242,32,2025-09-25,2025-10-09,Completed
3606,686,7,2025-09-19,2025-10-21,Completed
3607,652,2,2025-01-01,,In Progress
3608,893,11,2024-04-24,2024-05-13,Completed
3609,1085,23,2024-08-31,,Not Started
3610,17,37,2024-02-21,2024-02-29,Completed
3611,719,29,2026-04-17,2026-04-26,Completed
3612,812,32,2026-05-07,2026-06-06,Completed
3613,1509,11,2025-05-01,2025-05-10,Completed
3614,354,38,2024-05-28,2024-06-07,Completed
3615,1556,21,2026-02-01,2026-02-28,Completed
3616,1358,23,2025-05-06,2025-05-28,Completed
3617,100,21,2025-06-16,,In Progress
3618,893,25,2024-02-20,,Not Started
3619,1648,24,2025-06-02,,Not Started
3620,563,1,2024-07-27,2024-08-11,Completed
3621,1134,1,2026-05-08,,Dropped
3622,1783,6,2026-02-04,2026-03-09,Completed
3623,1805,20,2025-02-13,,Not Started
3624,996,3,2024-12-20,2025-01-07,Completed
3625,854,36,2024-12-19,2024-12-25,Completed
3626,1828,15,2025-09-21,,Dropped
3627,993,35,2026-08-11,,In Progress
3628,826,24,2024-05-21,2024-05-27,Completed
3629,1289,11,2024-07-30,2024-08-26,Completed
3630,1747,32,2025-10-01,2025-10-10,Completed
3631,1228,27,2025-12-28,2026-01-14,Completed
3632,838,17,2025-10-03,,Not Started
3633,315,32,2025-01-08,,In Progress
3634,350,40,2026-06-19,,Dropped
3635,732,39,2026-01-09,,Dropped
3636,1607,25,2025-11-03,2025-11-15,Completed
3637,1764,1,2025-05-24,2025-06-09,Completed
3638,1125,4,2026-07-25,2026-08-05,Completed
3639,854,8,2025-09-13,2025-10-04,Completed
3640,1314,19,2024-10-22,,In Progress
3641,6,17,2025-09-16,,In Progress
3642,46,34,2026-04-30,2026-05-26,Completed
3643,1601,37,2025-12-14,2025-12-19,Completed
3644,1244,19,2025-04-12,2025-04-27,Completed
3645,141,4,2025-11-24,2025-12-09,Completed
3646,197,32,2025-09-10,,In Progress
3647,695,6,2024-04-12,2024-04-28,Completed
3648,1270,21,2025-06-16,,In Progress
3649,1557,8,2026-03-10,2026-04-06,Completed
3650,1169,18,2025-03-26,2025-04-10,Completed
3651,777,31,2025-08-19,,Dropped
3652,986,1,2024-11-29,2024-12-24,Completed
3653,540,25,2025-12-26,2026-01-09,Completed
3654,456,40,2025-03-18,2025-04-11,Completed
3655,1009,3,2026-05-30,2026-06-27,Completed
3656,358,39,2026-01-13,2026-02-02,Completed
3657,545,31,2026-05-29,,Dropped
3658,998,16,2025-12-11,2025-12-18,Completed
3659,709,6,2025-08-30,2025-09-10,Completed
3660,105,26,2024-04-22,2024-05-08,Completed
3661,1318,8,2025-04-10,,Dropped
3662,1570,10,2024-09-26,2024-10-04,Completed
3663,1677,37,2024-09-25,2024-10-12,Completed
3664,274,5,2025-01-09,2025-02-06,Completed
3665,690,15,2024-04-16,2024-04-29,Completed
3666,1328,39,2025-10-11,2025-10-16,Completed
3667,806,20,2026-06-15,2026-07-04,Completed
3668,439,24,2024-11-17,2024-11-26,Completed
3669,1099,13,2025-01-16,2025-01-22,Completed
3670,1709,31,2026-02-06,2026-02-25,Completed
3671,996,30,2024-11-04,,In Progress
3672,742,38,2024-04-10,2024-04-24,Completed
3673,91,4,2026-07-08,,Dropped
3674,1584,37,2025-10-05,2025-10-31,Completed
3675,397,16,2024-09-01,2024-09-28,Completed
3676,1342,32,2025-10-15,2025-10-21,Completed
3677,616,1,2024-04-14,2024-05-15,Completed
3678,1215,40,2025-03-31,2025-04-06,Completed
3679,522,29,2025-05-19,2025-06-09,Completed
3680,1476,33,2026-04-20,2026-05-06,Completed
3681,255,21,2025-12-31,2026-01-13,Completed
3682,86,20,2024-08-09,2024-08-23,Completed
3683,764,28,2025-02-16,2025-03-07,Completed
3684,53,5,2026-04-24,2026-05-06,Completed
3685,160,17,2025-09-22,2025-10-18,Completed
3686,1734,1,2024-04-17,2024-04-24,Completed
3687,1926,14,2025-08-09,,In Progress
3688,553,22,2025-05-15,2025-06-10,Completed
3689,1224,5,2025-06-25,2025-07-28,Completed
3690,201,15,2025-12-21,2026-01-18,Completed
3691,1635,13,2026-04-09,,In Progress
3692,1362,21,2026-03-21,,Not Started
3693,869,17,2025-11-24,2025-12-05,Completed
3694,1620,16,2024-09-02,2024-09-27,Completed
3695,1630,13,2025-06-23,2025-06-30,Completed
3696,1002,2,2024-05-11,2024-06-05,Completed
3697,440,9,2024-03-28,,Not Started
3698,473,32,2026-04-19,2026-05-01,Completed
3699,1254,1,2024-10-05,2024-10-30,Completed
3700,959,37,2024-11-13,2024-12-05,Completed
3701,635,39,2024-08-20,2024-09-12,Completed
3702,1891,7,2025-05-06,2025-06-05,Completed
3703,1163,16,2026-02-26,,In Progress
3704,129,39,2024-10-01,2024-10-03,Completed
3705,402,27,2026-05-24,,Not Started
3706,1368,1,2024-02-22,,Dropped
3707,1380,28,2026-04-03,2026-04-28,Completed
3708,895,34,2025-07-28,,In Progress
3709,799,33,2025-06-09,2025-06-26,Completed
3710,372,38,2025-11-16,2025-12-11,Completed
3711,965,33,2024-09-27,2024-10-29,Completed
3712,140,4,2025-06-02,,Dropped
3713,1072,15,2025-08-20,2025-09-19,Completed
3714,259,26,2024-07-19,,In Progress
3715,341,2,2025-10-03,2025-10-21,Completed
3716,1776,4,2025-01-21,2025-01-30,Completed
3717,1200,18,2025-10-19,2025-11-17,Completed
3718,301,34,2026-04-09,2026-04-23,Completed
3719,808,39,2026-02-15,2026-02-25,Completed
3720,1289,24,2025-01-21,,Dropped
3721,1434,6,2025-01-18,2025-02-05,Completed
3722,574,10,2024-03-19,2024-03-28,Completed
3723,1633,31,2025-06-29,2025-07-31,Completed
3724,1854,27,2024-03-28,2024-04-17,Completed
3725,385,19,2024-01-19,2024-01-27,Completed
3726,119,6,2026-04-25,2026-05-20,Completed
3727,206,27,2024-08-09,2024-09-07,Completed
3728,879,19,2026-03-10,2026-04-07,Completed
3729,1839,9,2025-05-23,,Not Started
3730,533,14,2024-05-17,2024-05-23,Completed
3731,535,26,2024-09-06,2024-09-22,Completed
3732,547,39,2026-07-09,2026-07-16,Completed
3733,908,5,2024-07-31,,Dropped
3734,24,6,2025-06-04,2025-07-06,Completed
3735,809,37,2025-04-24,,Dropped
3736,95,29,2024-01-11,,Not Started
3737,1355,26,2025-03-21,2025-04-13,Completed
3738,486,31,2025-01-21,2025-02-17,Completed
3739,765,1,2025-03-07,2025-04-04,Completed
3740,1717,2,2025-03-02,2025-03-13,Completed
3741,1022,4,2024-10-15,2024-11-06,Completed
3742,809,21,2025-11-03,2025-11-22,Completed
3743,799,33,2024-08-15,2024-09-12,Completed
3744,332,15,2024-10-31,2024-11-30,Completed
3745,821,8,2025-03-15,2025-03-24,Completed
3746,1206,23,2025-02-14,2025-03-13,Completed
3747,1856,27,2024-08-24,2024-08-30,Completed
3748,793,32,2024-09-13,,In Progress
3749,1166,1,2025-08-01,2025-08-31,Completed
3750,997,25,2024-08-22,2024-09-06,Completed
3751,1668,26,2024-04-27,2024-05-22,Completed
3752,923,27,2024-05-06,2024-06-04,Completed
3753,1769,14,2025-08-10,2025-08-26,Completed
3754,1116,4,2025-02-04,2025-02-10,Completed
3755,947,9,2024-04-30,,Not Started
3756,1889,8,2025-09-04,2025-09-22,Completed
3757,1493,4,2026-06-14,2026-06-25,Completed
3758,823,32,2024-05-23,2024-06-11,Completed
3759,1171,29,2026-02-13,2026-03-13,Completed
3760,1045,17,2026-03-22,2026-03-27,Completed
3761,290,36,2026-08-08,2026-08-16,Completed
3762,1583,40,2025-07-12,2025-07-31,Completed
3763,1695,10,2025-11-29,,In Progress
3764,1309,2,2025-02-22,2025-03-09,Completed
3765,1814,32,2026-05-21,2026-06-05,Completed
3766,693,37,2025-01-21,2025-02-16,Completed
3767,1414,28,2024-05-05,2024-05-15,Completed
3768,1505,2,2024-02-18,,Dropped
3769,1568,3,2026-07-21,2026-08-06,Completed
3770,178,22,2025-01-11,2025-02-04,Completed
3771,1194,28,2025-08-02,2025-08-14,Completed
3772,695,33,2026-06-02,2026-06-12,Completed
3773,1010,38,2024-03-24,,Dropped
3774,1433,1,2024-02-03,2024-02-25,Completed
3775,926,37,2026-07-03,2026-07-07,Completed
3776,266,8,2026-08-13,2026-08-19,Completed
3777,676,3,2025-02-05,2025-03-12,Completed
3778,475,30,2025-10-08,2025-10-25,Completed
3779,428,7,2025-01-29,2025-02-08,Completed
3780,1549,21,2026-02-21,,In Progress
3781,937,17,2025-11-14,2025-11-20,Completed
3782,20,15,2024-08-17,2024-09-11,Completed
3783,1727,28,2025-08-24,,In Progress
3784,932,26,2025-11-15,,Dropped
3785,1726,2,2026-02-19,2026-03-06,Completed
3786,92,7,2024-06-30,2024-08-01,Completed
3787,861,30,2026-01-09,,In Progress
3788,683,37,2025-05-26,,Dropped
3789,541,40,2024-12-14,2024-12-17,Completed
3790,619,21,2026-07-07,2026-07-11,Completed
3791,1202,10,2026-06-13,,Not Started
3792,1486,32,2026-05-13,2026-05-21,Completed
3793,706,15,2026-05-27,2026-06-10,Completed
3794,333,18,2025-04-10,2025-05-02,Completed
3795,1825,38,2026-04-17,2026-04-28,Completed
3796,1645,18,2026-05-01,2026-05-08,Completed
3797,105,18,2025-08-12,2025-08-25,Completed
3798,1805,17,2024-10-23,2024-11-08,Completed
3799,857,12,2024-06-02,2024-07-04,Completed
3800,934,4,2025-01-31,2025-02-12,Completed
3801,607,19,2024-10-01,,Not Started
3802,1394,1,2024-07-27,2024-08-21,Completed
3803,1040,8,2025-12-02,2025-12-19,Completed
3804,1519,16,2026-05-13,2026-06-09,Completed
3805,1209,29,2024-07-05,,Not Started
3806,1954,25,2026-06-02,2026-06-13,Completed
3807,1064,4,2025-02-23,,In Progress
3808,976,1,2026-02-24,,Dropped
3809,1809,17,2025-04-12,2025-04-28,Completed
3810,960,2,2025-10-31,2025-11-26,Completed
3811,1830,33,2024-05-27,2024-06-18,Completed
3812,960,22,2026-06-19,,In Progress
3813,1555,38,2024-03-12,2024-03-16,Completed
3814,113,38,2026-02-16,2026-03-01,Completed
3815,253,3,2025-09-03,2025-09-18,Completed
3816,1354,32,2025-02-20,2025-03-18,Completed
3817,1877,5,2024-07-25,2024-08-12,Completed
3818,1402,38,2024-09-04,2024-09-10,Completed
3819,442,23,2026-08-09,2026-08-22,Completed
3820,777,1,2025-02-14,,In Progress
3821,1822,1,2026-05-18,,Not Started
3822,774,21,2024-09-21,2024-10-15,Completed
3823,1879,1,2025-09-18,2025-09-28,Completed
3824,391,12,2025-07-04,,Dropped
3825,662,31,2025-09-05,2025-09-17,Completed
3826,1036,12,2025-05-08,2025-05-16,Completed
3827,68,32,2026-06-01,,Not Started
3828,520,20,2026-04-27,2026-05-11,Completed
3829,1089,18,2024-12-14,2024-12-21,Completed
3830,1970,22,2026-02-10,,In Progress
3831,1066,31,2024-09-19,2024-10-08,Completed
3832,1973,11,2024-05-26,2024-05-31,Completed
3833,664,8,2025-03-30,2025-04-14,Completed
3834,1988,4,2024-12-07,,In Progress
3835,983,21,2025-03-10,2025-04-02,Completed
3836,1968,17,2025-02-10,2025-02-20,Completed
3837,87,7,2025-08-27,,Not Started
3838,346,3,2026-06-28,2026-07-23,Completed
3839,71,37,2024-04-05,2024-04-29,Completed
3840,1851,11,2025-02-14,,Not Started
3841,1890,6,2025-08-29,,In Progress
3842,1356,4,2026-04-10,2026-05-02,Completed
3843,1591,18,2026-07-30,,Dropped
3844,1018,6,2026-03-27,2026-04-12,Completed
3845,1642,4,2024-11-13,2024-12-14,Completed
3846,838,5,2026-04-17,2026-05-20,Completed
3847,1183,15,2024-11-03,2024-11-08,Completed
3848,481,6,2024-07-06,2024-07-30,Completed
3849,14,18,2024-01-20,2024-02-15,Completed
3850,85,5,2025-05-14,2025-06-16,Completed
3851,163,4,2024-01-22,2024-02-02,Completed
3852,1497,27,2026-02-09,2026-03-10,Completed
3853,1818,18,2024-10-31,2024-11-12,Completed
3854,137,15,2025-06-26,2025-07-05,Completed
3855,1349,36,2024-03-10,2024-03-20,Completed
3856,832,16,2026-06-14,2026-07-08,Completed
3857,1515,1,2024-04-10,2024-04-28,Completed
3858,1395,26,2025-04-03,2025-04-14,Completed
3859,1691,2,2026-06-07,,In Progress
3860,114,18,2026-07-19,,In Progress
3861,599,29,2026-08-12,,Not Started
3862,387,6,2025-08-09,,Not Started
3863,1040,39,2024-05-25,,Dropped
3864,1411,21,2025-02-11,2025-03-06,Completed
3865,22,16,2026-03-25,2026-04-06,Completed
3866,688,17,2025-08-31,2025-09-09,Completed
3867,822,18,2024-10-01,,In Progress
3868,1089,12,2025-12-21,2026-01-17,Completed
3869,943,1,2025-01-08,2025-01-17,Completed
3870,1159,16,2025-09-15,,Not Started
3871,1998,18,2024-05-15,2024-05-23,Completed
3872,718,2,2024-05-13,2024-06-07,Completed
3873,317,21,2026-01-08,2026-01-18,Completed
3874,465,28,2025-08-01,2025-08-06,Completed
3875,1703,9,2025-10-24,,Dropped
3876,1545,18,2024-12-14,2025-01-05,Completed
3877,1863,3,2025-07-02,,Not Started
3878,1294,37,2026-07-25,2026-07-30,Completed
3879,159,16,2024-08-04,,In Progress
3880,1323,17,2024-10-16,2024-10-21,Completed
3881,1852,32,2024-12-08,,In Progress
3882,942,10,2026-05-29,2026-06-29,Completed
3883,1973,11,2024-07-06,2024-08-05,Completed
3884,958,33,2025-08-19,2025-09-07,Completed
3885,267,12,2024-03-22,2024-04-15,Completed
3886,487,27,2024-07-01,2024-07-25,Completed
3887,1951,39,2026-03-21,,Dropped
3888,1491,17,2026-02-16,,Not Started
3889,890,28,2025-04-17,2025-05-16,Completed
3890,529,10,2025-10-12,2025-11-07,Completed
3891,1810,12,2024-11-07,2024-11-28,Completed
3892,1063,19,2025-09-10,,Not Started
3893,771,13,2024-04-22,2024-05-10,Completed
3894,1542,28,2024-11-10,2024-12-01,Completed
3895,1775,26,2024-02-14,,In Progress
3896,1257,37,2024-02-18,,In Progress
3897,464,9,2025-06-30,2025-07-25,Completed
3898,608,3,2025-04-27,2025-05-20,Completed
3899,1969,2,2024-02-01,,In Progress
3900,1163,10,2025-09-07,2025-10-05,Completed
3901,726,18,2025-05-04,2025-05-17,Completed
3902,1801,5,2025-01-26,2025-03-01,Completed
3903,1707,4,2025-01-09,2025-01-19,Completed
3904,1890,1,2025-02-26,,In Progress
3905,473,2,2026-02-17,2026-03-05,Completed
3906,1891,34,2024-03-01,,Dropped
3907,1391,11,2025-04-22,2025-05-19,Completed
3908,233,30,2024-07-07,,In Progress
3909,812,11,2024-03-08,2024-03-23,Completed
3910,863,22,2026-03-17,2026-03-21,Completed
3911,1299,2,2024-09-29,2024-10-26,Completed
3912,1633,7,2024-12-03,2025-01-02,Completed
3913,559,17,2024-11-09,2024-12-02,Completed
3914,1104,25,2026-05-04,,In Progress
3915,1560,25,2024-11-26,2024-12-22,Completed
3916,851,37,2025-05-07,,In Progress
3917,1633,38,2024-12-27,2025-01-17,Completed
3918,41,32,2024-06-19,2024-06-30,Completed
3919,1520,10,2026-01-16,,In Progress
3920,825,11,2024-02-13,2024-02-22,Completed
3921,1240,21,2025-08-11,2025-09-03,Completed
3922,114,16,2026-05-12,2026-05-18,Completed
3923,1771,34,2024-11-15,2024-12-04,Completed
3924,1031,18,2026-05-12,,In Progress
3925,666,11,2025-11-05,,Not Started
3926,1464,38,2024-06-29,2024-07-04,Completed
3927,821,23,2025-09-05,2025-10-02,Completed
3928,1536,2,2025-03-19,2025-04-07,Completed
3929,1662,35,2025-08-07,2025-08-19,Completed
3930,627,39,2025-12-01,2025-12-21,Completed
3931,40,9,2026-05-24,2026-06-22,Completed
3932,1376,22,2024-07-06,,In Progress
3933,1411,12,2025-06-09,2025-07-08,Completed
3934,456,11,2024-07-21,2024-08-20,Completed
3935,1692,19,2026-07-02,2026-07-06,Completed
3936,1914,18,2024-10-10,2024-11-03,Completed
3937,1840,34,2024-08-01,2024-08-13,Completed
3938,867,11,2026-05-15,2026-05-29,Completed
3939,1553,18,2024-09-16,2024-10-08,Completed
3940,1104,14,2026-01-01,,In Progress
3941,323,2,2024-08-23,2024-09-10,Completed
3942,1876,2,2024-02-19,2024-03-02,Completed
3943,669,3,2024-01-30,2024-02-11,Completed
3944,749,38,2024-11-28,2024-12-15,Completed
3945,111,32,2024-09-30,2024-10-28,Completed
3946,108,9,2024-06-04,,Dropped
3947,1675,27,2024-11-02,,Not Started
3948,806,10,2024-03-21,2024-04-01,Completed
3949,761,33,2026-05-26,2026-06-12,Completed
3950,477,19,2026-04-12,2026-05-01,Completed
3951,1579,19,2025-08-23,2025-09-03,Completed
3952,1685,39,2026-06-26,2026-06-28,Completed
3953,716,28,2024-08-16,,In Progress
3954,636,23,2024-09-17,,Not Started
3955,1995,2,2025-12-31,,Dropped
3956,226,11,2025-05-24,,Dropped
3957,644,13,2024-05-04,,Dropped
3958,804,16,2024-08-24,2024-09-13,Completed
3959,1294,25,2024-10-11,2024-10-16,Completed
3960,1721,31,2024-05-03,,In Progress
3961,275,34,2024-03-17,2024-04-08,Completed
3962,1346,13,2026-01-03,2026-01-19,Completed
3963,270,1,2026-03-08,2026-03-27,Completed
3964,1925,2,2024-02-12,2024-02-21,Completed
3965,644,23,2025-11-06,2025-12-06,Completed
3966,735,26,2025-03-06,2025-03-26,Completed
3967,1797,2,2024-07-13,2024-08-12,Completed
3968,1975,16,2026-07-23,,Not Started
3969,87,30,2025-08-30,2025-09-07,Completed
3970,162,37,2026-02-22,,In Progress
3971,1501,3,2024-02-21,,In Progress
3972,1229,4,2026-05-01,2026-05-23,Completed
3973,1142,3,2025-08-31,2025-09-18,Completed
3974,1637,39,2025-02-04,2025-02-18,Completed
3975,1922,7,2025-06-19,2025-07-12,Completed
3976,969,28,2026-01-21,2026-02-11,Completed
3977,1674,27,2026-08-12,2026-09-06,Completed
3978,94,40,2025-10-04,2025-10-25,Completed
3979,782,11,2025-02-13,,In Progress
3980,1099,30,2025-01-24,2025-02-16,Completed
3981,71,1,2024-06-08,2024-06-19,Completed
3982,1688,1,2025-10-15,,Not Started
3983,230,26,2026-06-04,2026-06-14,Completed
3984,1295,5,2024-08-03,2024-08-24,Completed
3985,37,18,2024-08-16,,In Progress
3986,1459,31,2025-06-30,2025-08-01,Completed
3987,820,23,2026-06-24,2026-07-18,Completed
3988,1197,24,2025-08-06,2025-08-31,Completed
3989,523,12,2024-10-17,2024-10-30,Completed
3990,844,17,2024-03-22,2024-04-11,Completed
3991,540,21,2025-03-21,2025-04-09,Completed
3992,1482,16,2025-01-16,2025-02-06,Completed
3993,692,31,2026-07-03,2026-07-24,Completed
3994,624,13,2024-02-16,2024-03-12,Completed
3995,1630,13,2025-02-15,2025-03-02,Completed
3996,510,38,2024-04-01,2024-04-23,Completed
3997,1344,17,2025-08-25,,Not Started
3998,34,28,2024-05-17,2024-06-02,Completed
3999,878,11,2026-03-20,2026-04-18,Completed
4000,962,27,2025-05-08,,In Progress
4001,38,26,2024-04-11,2024-05-09,Completed
4002,1142,18,2025-08-29,,In Progress
4003,1720,16,2025-01-15,2025-02-03,Completed
4004,1379,4,2026-05-22,2026-06-05,Completed
4005,1362,2,2025-01-18,,Not Started
4006,595,12,2024-01-25,2024-02-11,Completed
4007,606,22,2024-02-02,2024-02-29,Completed
4008,1475,1,2025-07-31,2025-08-23,Completed
4009,1727,6,2026-05-16,2026-06-13,Completed
4010,939,7,2025-06-06,2025-06-22,Completed
4011,774,3,2024-08-07,2024-09-11,Completed
4012,1626,31,2024-09-11,2024-10-13,Completed
4013,1375,2,2024-01-31,2024-02-17,Completed
4014,458,11,2025-09-21,2025-10-03,Completed
4015,37,18,2026-01-01,2026-01-19,Completed
4016,1164,21,2025-10-21,2025-11-01,Completed
4017,847,30,2024-06-05,2024-06-27,Completed
4018,1420,6,2024-04-12,2024-05-15,Completed
4019,774,4,2024-12-10,2025-01-09,Completed
4020,671,24,2024-02-27,2024-03-07,Completed
4021,512,1,2024-08-17,,Dropped
4022,588,1,2025-01-26,,In Progress
4023,925,35,2024-04-14,2024-04-22,Completed
4024,1351,13,2025-07-31,,In Progress
4025,1692,8,2026-08-03,2026-08-29,Completed
4026,340,31,2025-06-03,,Dropped
4027,25,12,2025-02-26,2025-03-06,Completed
4028,1454,21,2024-04-27,,Dropped
4029,446,22,2025-05-14,2025-05-27,Completed
4030,1580,9,2025-10-12,2025-11-04,Completed
4031,1141,14,2024-07-17,2024-07-31,Completed
4032,288,18,2025-09-18,2025-10-09,Completed
4033,1660,33,2026-05-28,2026-06-13,Completed
4034,319,1,2024-06-12,,In Progress
4035,532,27,2024-06-01,2024-06-24,Completed
4036,1713,15,2026-01-11,2026-01-30,Completed
4037,481,17,2024-11-03,2024-11-15,Completed
4038,1932,2,2026-05-05,,Dropped
4039,1871,20,2025-12-13,2026-01-08,Completed
4040,780,24,2026-04-11,2026-04-24,Completed
4041,1614,3,2026-02-19,2026-03-19,Completed
4042,838,1,2024-03-28,2024-04-17,Completed
4043,1907,31,2024-04-04,,Dropped
4044,1163,34,2024-05-07,,In Progress
4045,1669,22,2026-03-29,2026-04-25,Completed
4046,646,35,2025-01-22,,Not Started
4047,1386,23,2026-06-28,2026-07-18,Completed
4048,839,21,2025-11-16,,In Progress
4049,593,2,2024-02-16,2024-02-26,Completed
4050,576,3,2026-02-12,2026-02-25,Completed
4051,228,38,2026-05-25,2026-05-30,Completed
4052,640,1,2024-12-16,,Not Started
4053,1429,27,2024-06-09,2024-06-18,Completed
4054,912,36,2025-11-15,2025-11-26,Completed
4055,923,1,2025-01-04,2025-01-28,Completed
4056,1526,9,2024-02-18,,In Progress
4057,1849,15,2024-04-12,2024-05-03,Completed
4058,940,20,2024-03-11,2024-03-19,Completed
4059,538,33,2024-12-28,,In Progress
4060,799,9,2025-04-30,2025-05-29,Completed
4061,313,17,2025-11-08,,Not Started
4062,1229,9,2024-02-25,2024-03-09,Completed
4063,56,7,2026-05-28,,Not Started
4064,922,8,2025-09-25,2025-10-20,Completed
4065,1887,39,2025-04-05,2025-04-14,Completed
4066,506,23,2025-12-26,2026-01-23,Completed
4067,1986,40,2024-10-22,2024-11-14,Completed
4068,829,39,2024-03-13,2024-03-27,Completed
4069,35,7,2025-03-12,,In Progress
4070,924,12,2024-03-07,2024-03-31,Completed
4071,94,12,2026-08-05,,Not Started
4072,495,3,2026-05-06,2026-05-16,Completed
4073,1094,23,2025-10-21,2025-11-08,Completed
4074,1612,3,2024-11-25,2024-12-06,Completed
4075,796,38,2024-01-22,2024-02-07,Completed
4076,596,39,2025-02-13,2025-02-24,Completed
4077,1796,21,2026-03-04,2026-03-25,Completed
4078,1672,20,2024-10-05,2024-10-26,Completed
4079,143,18,2026-07-08,2026-07-24,Completed
4080,1656,3,2024-02-24,,Not Started
4081,934,32,2024-01-05,,In Progress
4082,911,18,2026-02-22,,Dropped
4083,1340,18,2025-08-10,,Dropped
4084,1220,6,2024-07-25,,In Progress
4085,1914,1,2025-06-24,2025-07-02,Completed
4086,906,3,2025-12-21,,In Progress
4087,1705,2,2024-02-07,2024-02-15,Completed
4088,349,38,2024-10-01,2024-10-05,Completed
4089,1935,39,2024-12-31,2025-01-20,Completed
4090,867,17,2024-08-20,2024-09-15,Completed
4091,1356,20,2025-11-10,2025-11-28,Completed
4092,1437,38,2025-01-18,,Not Started
4093,469,21,2024-04-21,2024-05-15,Completed
4094,55,33,2026-01-14,2026-01-28,Completed
4095,1858,1,2026-02-14,2026-03-11,Completed
4096,1423,32,2025-08-20,2025-09-15,Completed
4097,828,40,2024-08-07,2024-09-01,Completed
4098,229,39,2025-09-20,2025-10-06,Completed
4099,483,3,2025-04-10,2025-05-08,Completed
4100,1780,10,2025-03-13,2025-03-23,Completed
4101,560,19,2026-01-04,,In Progress
4102,1903,37,2026-03-22,,In Progress
4103,1148,33,2026-05-16,2026-06-02,Completed
4104,1987,26,2026-05-05,2026-05-26,Completed
4105,1350,33,2025-07-20,2025-07-29,Completed
4106,535,27,2026-08-05,,Not Started
4107,561,22,2026-03-21,2026-04-18,Completed
4108,987,37,2025-02-03,2025-02-06,Completed
4109,882,1,2025-01-07,2025-01-16,Completed
4110,979,36,2026-04-24,2026-05-15,Completed
4111,257,3,2026-01-04,2026-01-18,Completed
4112,695,1,2025-12-15,,In Progress
4113,1142,23,2026-08-14,,Dropped
4114,1537,8,2024-11-05,2024-11-29,Completed
4115,1096,27,2025-04-03,2025-04-18,Completed
4116,1358,39,2025-10-23,2025-11-09,Completed
4117,11,35,2024-08-24,2024-09-06,Completed
4118,514,26,2025-05-01,2025-05-10,Completed
4119,1484,21,2025-02-08,2025-03-06,Completed
4120,1195,39,2025-01-05,2025-01-26,Completed
4121,1708,35,2024-02-26,2024-03-22,Completed
4122,1893,5,2024-02-24,2024-03-28,Completed
4123,165,31,2026-03-26,,In Progress
4124,1367,31,2024-02-26,2024-03-15,Completed
4125,869,2,2024-03-13,,Dropped
4126,942,5,2024-09-21,,In Progress
4127,1983,31,2025-09-30,2025-10-10,Completed
4128,286,38,2026-05-25,2026-05-28,Completed
4129,1378,29,2025-06-08,2025-07-08,Completed
4130,396,20,2024-11-06,2024-11-23,Completed
4131,1705,22,2024-02-22,,In Progress
4132,1407,39,2026-07-24,2026-08-12,Completed
4133,1747,16,2024-05-10,2024-05-20,Completed
4134,151,2,2025-11-12,2025-11-23,Completed
4135,1012,26,2025-04-22,,Not Started
4136,502,24,2025-02-26,,Dropped
4137,1923,13,2024-11-20,,In Progress
4138,144,23,2024-05-09,,Not Started
4139,1582,40,2025-07-14,2025-07-21,Completed
4140,43,16,2026-02-07,2026-03-06,Completed
4141,815,33,2024-05-04,2024-05-13,Completed
4142,1307,24,2026-01-05,2026-01-10,Completed
4143,319,5,2024-09-25,,In Progress
4144,1414,24,2025-09-14,2025-10-05,Completed
4145,388,11,2025-10-02,2025-10-09,Completed
4146,848,35,2025-03-20,2025-04-02,Completed
4147,302,7,2025-08-14,2025-09-12,Completed
4148,1171,29,2025-11-05,2025-11-21,Completed
4149,287,32,2025-06-30,2025-07-26,Completed
4150,1649,15,2025-04-10,,Dropped
4151,359,14,2025-09-08,2025-09-30,Completed
4152,533,23,2025-10-01,2025-10-11,Completed
4153,1918,5,2024-07-08,,Dropped
4154,849,31,2024-09-21,2024-10-15,Completed
4155,571,30,2024-09-11,,In Progress
4156,1530,24,2026-02-24,2026-03-18,Completed
4157,891,19,2026-06-12,,Not Started
4158,238,2,2026-03-12,,Not Started
4159,453,2,2024-09-20,2024-10-20,Completed
4160,1065,1,2025-07-29,2025-08-06,Completed
4161,1723,11,2025-12-20,2026-01-15,Completed
4162,1352,31,2024-02-27,,In Progress
4163,1864,15,2026-06-29,2026-07-19,Completed
4164,1087,18,2025-09-16,2025-10-01,Completed
4165,1182,3,2024-06-04,2024-07-07,Completed
4166,546,39,2024-08-29,2024-09-03,Completed
4167,845,5,2026-01-11,,Not Started
4168,810,28,2024-08-09,2024-08-24,Completed
4169,1042,10,2025-07-02,,In Progress
4170,359,24,2024-12-18,2025-01-10,Completed
4171,1163,39,2025-04-24,,In Progress
4172,1478,17,2026-07-27,,In Progress
4173,401,23,2025-01-02,,Not Started
4174,1747,22,2026-02-20,2026-03-14,Completed
4175,1970,25,2024-05-29,2024-06-17,Completed
4176,552,27,2024-03-16,2024-04-12,Completed
4177,444,40,2026-08-02,2026-08-11,Completed
4178,1456,20,2024-05-31,,Not Started
4179,805,39,2025-04-19,,Dropped
4180,214,3,2025-01-08,,Not Started
4181,598,29,2024-06-13,2024-06-19,Completed
4182,1632,1,2024-02-13,2024-02-26,Completed
4183,66,29,2025-06-04,2025-06-28,Completed
4184,1975,5,2024-09-15,,Not Started
4185,1145,4,2025-04-22,2025-05-03,Completed
4186,1638,3,2026-06-28,2026-07-30,Completed
4187,1069,20,2024-03-26,2024-04-14,Completed
4188,471,28,2024-12-27,,In Progress
4189,596,21,2024-06-01,2024-06-19,Completed
4190,274,1,2025-09-23,2025-09-29,Completed
4191,1128,10,2025-07-11,2025-08-07,Completed
4192,143,16,2026-01-03,2026-01-26,Completed
4193,1430,16,2026-06-28,2026-07-14,Completed
4194,669,2,2025-10-01,,In Progress
4195,671,13,2024-04-03,2024-04-09,Completed
4196,38,39,2026-06-25,2026-07-13,Completed
4197,236,23,2025-12-06,2025-12-19,Completed
4198,1455,3,2025-03-15,,Dropped
4199,426,27,2024-01-14,2024-01-20,Completed
4200,926,4,2024-09-03,2024-09-13,Completed
4201,1528,25,2024-08-24,2024-09-04,Completed
4202,1372,9,2024-05-25,,Dropped
4203,1311,9,2025-04-12,2025-04-23,Completed
4204,1177,3,2025-03-21,,In Progress
4205,290,35,2025-07-27,2025-08-21,Completed
4206,230,36,2025-12-27,2026-01-01,Completed
4207,865,34,2026-03-14,2026-03-31,Completed
4208,1713,21,2026-01-14,2026-01-17,Completed
4209,510,6,2024-01-02,2024-01-18,Completed
4210,1864,8,2024-01-20,2024-02-08,Completed
4211,801,8,2025-04-20,2025-05-17,Completed
4212,1120,10,2026-03-18,,In Progress
4213,1132,1,2024-12-03,,In Progress
4214,195,18,2024-11-02,2024-11-19,Completed
4215,1701,27,2025-06-12,2025-06-22,Completed
4216,606,3,2025-01-02,2025-01-12,Completed
4217,1340,23,2026-04-05,2026-04-28,Completed
4218,1445,16,2026-01-18,2026-01-28,Completed
4219,251,11,2024-06-15,2024-07-01,Completed
4220,328,27,2025-12-14,2026-01-10,Completed
4221,1625,40,2026-08-15,2026-09-03,Completed
4222,1716,21,2025-04-11,2025-05-04,Completed
4223,623,7,2026-08-01,2026-08-09,Completed
4224,1956,27,2025-12-31,2026-01-18,Completed
4225,358,38,2026-02-03,,Dropped
4226,407,22,2024-02-17,,In Progress
4227,179,3,2024-12-03,,In Progress
4228,1674,11,2025-06-02,2025-06-12,Completed
4229,949,17,2025-07-10,2025-07-20,Completed
4230,824,2,2024-03-25,,Not Started
4231,566,20,2024-01-20,,Not Started
4232,41,8,2025-01-02,,In Progress
4233,1093,36,2025-06-03,2025-06-29,Completed
4234,1215,18,2026-05-06,2026-05-12,Completed
4235,1637,36,2026-05-13,2026-05-19,Completed
4236,365,23,2026-07-03,2026-07-30,Completed
4237,673,39,2026-02-25,2026-03-22,Completed
4238,747,22,2024-07-04,2024-07-31,Completed
4239,1625,13,2025-02-20,2025-03-12,Completed
4240,1016,23,2026-05-23,2026-06-18,Completed
4241,386,32,2025-08-29,,In Progress
4242,458,1,2024-11-08,,In Progress
4243,958,16,2024-05-26,2024-06-07,Completed
4244,666,31,2025-11-30,2025-12-20,Completed
4245,2,21,2026-07-02,,Dropped
4246,1983,20,2025-04-20,,Dropped
4247,80,32,2024-04-21,,Dropped
4248,1351,38,2024-06-20,2024-07-16,Completed
4249,421,6,2025-12-27,2026-01-28,Completed
4250,770,2,2026-07-26,2026-08-11,Completed
4251,940,16,2026-02-05,2026-03-02,Completed
4252,1040,24,2026-06-28,2026-07-22,Completed
4253,1478,7,2025-12-04,,Not Started
4254,1016,9,2026-07-13,2026-07-21,Completed
4255,1532,8,2026-05-07,2026-06-06,Completed
4256,1309,18,2026-06-24,,Dropped
4257,1218,3,2024-04-17,2024-05-07,Completed
4258,1426,15,2024-02-19,,Dropped
4259,1754,35,2024-08-04,2024-08-25,Completed
4260,1533,21,2025-06-15,2025-06-22,Completed
4261,1052,13,2025-10-20,,Not Started
4262,1149,35,2025-06-08,2025-07-04,Completed
4263,215,21,2026-02-24,2026-03-06,Completed
4264,1985,22,2025-02-09,2025-02-14,Completed
4265,1458,37,2025-08-05,2025-08-07,Completed
4266,964,7,2025-08-24,2025-09-18,Completed
4267,1253,35,2026-01-15,2026-01-30,Completed
4268,1602,9,2025-04-18,2025-05-13,Completed
4269,1351,8,2026-03-30,2026-04-08,Completed
4270,1741,39,2025-04-07,2025-04-14,Completed
4271,1524,16,2025-01-29,2025-02-12,Completed
4272,584,25,2024-10-31,,In Progress
4273,1701,13,2025-08-04,2025-08-22,Completed
4274,64,38,2026-01-21,2026-02-02,Completed
4275,1188,25,2025-06-11,2025-07-05,Completed
4276,1057,11,2025-10-03,2025-10-26,Completed
4277,1518,2,2026-04-11,2026-05-14,Completed
4278,1173,39,2025-01-07,2025-01-19,Completed
4279,923,19,2024-08-16,,Not Started
4280,1018,11,2025-11-12,,Not Started
4281,1131,2,2025-05-03,2025-05-17,Completed
4282,628,26,2025-05-15,,Dropped
4283,1421,6,2025-03-29,2025-04-09,Completed
4284,1652,27,2025-04-22,2025-05-10,Completed
4285,193,36,2025-12-03,2025-12-11,Completed
4286,648,25,2025-10-19,2025-11-08,Completed
4287,1041,20,2025-02-01,2025-02-10,Completed
4288,391,6,2025-12-29,2026-01-15,Completed
4289,28,7,2024-07-12,2024-08-06,Completed
4290,1238,12,2025-07-21,2025-08-21,Completed
4291,89,29,2024-08-17,2024-08-27,Completed
4292,1905,33,2026-03-31,2026-04-13,Completed
4293,325,17,2024-11-17,2024-12-14,Completed
4294,678,33,2024-10-18,2024-10-29,Completed
4295,538,22,2024-02-24,2024-03-03,Completed
4296,504,9,2025-05-13,2025-05-31,Completed
4297,1623,23,2026-06-26,2026-07-08,Completed
4298,1455,13,2025-01-11,2025-01-31,Completed
4299,86,37,2024-06-01,2024-06-16,Completed
4300,233,18,2024-03-16,2024-03-29,Completed
4301,544,38,2026-03-22,2026-04-01,Completed
4302,1638,18,2025-02-05,2025-02-14,Completed
4303,221,21,2024-09-12,,Not Started
4304,1223,3,2025-10-12,2025-11-12,Completed
4305,1500,30,2024-01-15,,Dropped
4306,666,1,2026-01-22,2026-02-01,Completed
4307,346,36,2026-07-17,,Not Started
4308,1330,7,2025-12-28,2026-01-15,Completed
4309,791,10,2025-03-05,2025-03-22,Completed
4310,509,26,2024-09-19,2024-10-05,Completed
4311,1662,38,2025-08-17,2025-08-23,Completed
4312,1986,16,2025-12-23,2025-12-27,Completed
4313,1024,19,2026-02-25,2026-03-26,Completed
4314,1377,11,2026-03-23,2026-04-17,Completed
4315,281,18,2026-05-28,,Not Started
4316,1181,28,2024-03-04,2024-03-22,Completed
4317,73,1,2024-07-01,2024-07-14,Completed
4318,820,21,2026-01-08,2026-01-15,Completed
4319,1942,39,2026-06-30,,Not Started
4320,36,5,2025-12-03,2025-12-16,Completed
4321,1156,17,2024-12-11,2024-12-28,Completed
4322,214,17,2025-09-12,2025-10-07,Completed
4323,1923,37,2024-01-25,,Dropped
4324,138,39,2025-11-25,2025-11-28,Completed
4325,115,6,2026-05-18,2026-06-04,Completed
4326,1253,1,2025-03-22,2025-04-02,Completed
4327,1869,3,2024-07-05,,In Progress
4328,1129,25,2025-12-03,2025-12-29,Completed
4329,1676,7,2026-01-22,2026-01-31,Completed
4330,1517,22,2025-08-14,,Dropped
4331,1604,25,2024-05-30,2024-06-14,Completed
4332,460,1,2024-03-28,2024-04-16,Completed
4333,87,36,2026-07-08,2026-07-14,Completed
4334,1047,7,2025-04-19,2025-05-04,Completed
4335,373,17,2024-02-25,2024-03-20,Completed
4336,1147,11,2026-01-22,2026-02-10,Completed
4337,1617,5,2025-07-14,,Not Started
4338,128,15,2024-06-03,2024-06-29,Completed
4339,1062,34,2026-02-04,,In Progress
4340,1967,2,2024-06-20,2024-07-16,Completed
4341,1134,2,2024-10-25,2024-11-24,Completed
4342,859,13,2025-08-16,2025-09-14,Completed
4343,1805,9,2025-02-22,2025-03-17,Completed
4344,854,33,2026-04-21,2026-05-11,Completed
4345,1815,34,2024-09-28,2024-10-25,Completed
4346,1286,8,2026-04-16,,Not Started
4347,363,13,2024-08-10,2024-08-30,Completed
4348,1424,8,2025-05-21,2025-06-13,Completed
4349,535,1,2024-01-04,,In Progress
4350,1432,23,2025-03-02,2025-03-21,Completed
4351,939,31,2024-02-24,,Not Started
4352,177,4,2025-09-21,2025-10-16,Completed
4353,930,39,2024-06-05,2024-06-11,Completed
4354,817,20,2026-03-25,2026-04-15,Completed
4355,1632,40,2026-07-04,2026-07-30,Completed
4356,146,28,2026-02-13,2026-02-21,Completed
4357,897,1,2024-12-15,2025-01-05,Completed
4358,153,25,2025-03-10,2025-03-27,Completed
4359,1493,28,2025-07-09,2025-08-08,Completed
4360,413,2,2026-05-09,,Not Started
4361,823,14,2025-04-28,,Not Started
4362,1183,34,2025-10-13,2025-11-01,Completed
4363,1194,20,2026-07-08,2026-07-18,Completed
4364,1559,31,2024-09-25,2024-10-24,Completed
4365,740,7,2025-01-17,2025-02-01,Completed
4366,171,34,2026-03-21,2026-04-13,Completed
4367,1237,3,2025-09-23,2025-10-11,Completed
4368,1140,1,2025-03-26,2025-04-23,Completed
4369,243,18,2025-12-09,2026-01-05,Completed
4370,1404,15,2026-06-12,,Dropped
4371,752,5,2025-05-06,2025-05-21,Completed
4372,1484,39,2025-04-27,,In Progress
4373,120,10,2024-08-18,2024-09-10,Completed
4374,1186,14,2025-03-29,2025-04-16,Completed
4375,1433,4,2026-07-22,2026-07-30,Completed
4376,1372,2,2024-03-09,2024-04-04,Completed
4377,1895,1,2025-11-23,2025-12-02,Completed
4378,1017,21,2025-01-05,2025-01-13,Completed
4379,25,14,2024-06-01,2024-06-14,Completed
4380,1158,18,2025-12-03,,In Progress
4381,1284,7,2025-11-30,2025-12-08,Completed
4382,168,1,2025-11-21,2025-12-12,Completed
4383,747,37,2026-03-20,2026-03-30,Completed
4384,1328,17,2025-12-10,2025-12-25,Completed
4385,1311,7,2025-09-05,2025-10-01,Completed
4386,1776,30,2025-04-07,,In Progress
4387,522,34,2024-06-20,2024-07-07,Completed
4388,1359,26,2025-09-22,,In Progress
4389,529,26,2024-06-18,2024-06-26,Completed
4390,829,10,2024-12-23,,In Progress
4391,433,17,2024-02-10,,Not Started
4392,1612,26,2025-01-10,2025-01-22,Completed
4393,489,17,2026-03-10,,Not Started
4394,1572,7,2025-03-30,,In Progress
4395,1631,30,2026-01-29,2026-03-02,Completed
4396,1407,23,2025-01-23,2025-02-20,Completed
4397,1385,37,2026-02-24,,Dropped
4398,1716,20,2024-12-17,2024-12-24,Completed
4399,1656,32,2024-11-04,2024-11-11,Completed
4400,1639,13,2024-11-01,2024-11-19,Completed
4401,1058,19,2024-10-08,2024-10-31,Completed
4402,72,19,2024-08-04,,Not Started
4403,1633,12,2025-02-14,2025-03-16,Completed
4404,93,26,2025-03-30,2025-04-15,Completed
4405,55,21,2025-08-14,2025-08-23,Completed
4406,375,8,2026-02-22,2026-03-04,Completed
4407,1995,17,2025-08-28,2025-09-05,Completed
4408,186,27,2024-02-28,,Dropped
4409,1062,14,2025-12-10,,Dropped
4410,1971,20,2025-02-24,2025-03-17,Completed
4411,1249,21,2026-01-14,2026-01-24,Completed
4412,1677,5,2024-09-05,2024-10-05,Completed
4413,844,3,2025-11-12,2025-12-13,Completed
4414,930,28,2024-07-22,2024-08-18,Completed
4415,1919,35,2024-01-09,,Dropped
4416,82,36,2024-05-31,2024-06-15,Completed
4417,543,4,2025-09-22,,Not Started
4418,1015,26,2024-05-17,2024-06-02,Completed
4419,608,21,2024-06-16,,In Progress
4420,1059,36,2026-08-07,2026-09-03,Completed
4421,1123,36,2026-01-05,2026-01-09,Completed
4422,1749,30,2024-10-15,2024-11-12,Completed
4423,524,23,2025-07-06,2025-07-20,Completed
4424,792,1,2024-06-27,2024-07-17,Completed
4425,1963,3,2026-01-08,2026-01-26,Completed
4426,1398,18,2026-03-24,,Dropped
4427,166,8,2024-03-21,2024-04-11,Completed
4428,689,20,2026-04-08,2026-05-08,Completed
4429,296,24,2026-07-07,2026-07-26,Completed
4430,1771,38,2025-03-14,2025-04-01,Completed
4431,1062,25,2025-04-10,2025-05-02,Completed
4432,1075,17,2025-04-26,2025-05-09,Completed
4433,675,19,2026-06-23,2026-07-06,Completed
4434,1980,2,2024-10-11,2024-11-07,Completed
4435,1897,40,2026-01-09,,Not Started
4436,1418,40,2025-03-01,,Not Started
4437,1878,1,2024-12-02,,Not Started
4438,891,5,2025-04-09,2025-04-23,Completed
4439,1431,22,2024-09-14,2024-09-25,Completed
4440,1057,23,2024-04-23,2024-05-06,Completed
4441,1724,40,2024-10-20,,In Progress
4442,981,23,2025-03-08,2025-04-03,Completed
4443,716,16,2026-08-01,,Dropped
4444,738,16,2026-04-02,2026-04-28,Completed
4445,271,27,2024-09-02,,Dropped
4446,128,39,2026-04-10,2026-05-03,Completed
4447,858,12,2024-09-15,2024-10-02,Completed
4448,1983,7,2025-01-22,2025-02-20,Completed
4449,268,17,2026-08-03,2026-08-15,Completed
4450,109,6,2025-03-26,,Not Started
4451,361,33,2026-07-24,2026-08-24,Completed
4452,1861,18,2025-07-03,2025-07-27,Completed
4453,332,10,2025-04-12,,Dropped
4454,722,16,2026-06-01,2026-06-30,Completed
4455,216,3,2024-03-19,2024-04-20,Completed
4456,30,18,2026-05-17,2026-06-05,Completed
4457,1106,30,2024-02-18,,Dropped
4458,853,2,2025-12-14,,Dropped
4459,711,24,2025-06-06,2025-06-23,Completed
4460,772,7,2025-03-19,2025-04-04,Completed
4461,164,20,2024-01-30,2024-02-21,Completed
4462,1394,20,2024-12-12,2024-12-22,Completed
4463,1874,26,2025-12-22,2026-01-10,Completed
4464,1197,2,2026-08-05,2026-09-01,Completed
4465,559,15,2026-08-02,2026-08-23,Completed
4466,1559,11,2025-07-03,2025-07-13,Completed
4467,1419,34,2024-10-20,2024-10-26,Completed
4468,673,4,2024-09-05,2024-09-18,Completed
4469,1720,26,2026-04-14,2026-05-07,Completed
4470,1776,37,2024-04-03,,In Progress
4471,1546,36,2024-08-02,,In Progress
4472,1880,1,2026-06-07,2026-06-25,Completed
4473,1072,16,2024-10-27,2024-11-14,Completed
4474,1904,36,2025-05-07,2025-05-13,Completed
4475,876,38,2025-12-20,2026-01-01,Completed
4476,382,18,2025-06-25,2025-07-11,Completed
4477,60,28,2024-06-02,2024-06-22,Completed
4478,920,21,2026-05-01,2026-05-06,Completed
4479,1960,29,2025-02-20,2025-03-15,Completed
4480,467,33,2024-09-29,2024-10-17,Completed
4481,1666,36,2026-02-13,,Not Started
4482,1304,27,2025-05-06,2025-05-25,Completed
4483,356,5,2025-10-27,2025-12-03,Completed
4484,1744,34,2025-05-26,2025-06-24,Completed
4485,75,2,2024-12-04,2024-12-28,Completed
4486,731,28,2025-04-26,2025-05-05,Completed
4487,1590,17,2026-02-02,2026-02-11,Completed
4488,349,21,2026-04-15,,Not Started
4489,918,38,2024-01-24,2024-01-31,Completed
4490,1616,8,2026-02-20,,In Progress
4491,313,11,2024-12-11,2024-12-29,Completed
4492,1068,23,2026-03-19,2026-03-31,Completed
4493,1186,32,2026-07-02,,Dropped
4494,939,25,2024-10-27,2024-11-14,Completed
4495,977,39,2025-07-04,,Dropped
4496,142,13,2025-08-20,2025-09-20,Completed
4497,1770,10,2026-06-09,2026-06-22,Completed
4498,1081,15,2026-03-16,,Not Started
4499,704,14,2024-01-11,2024-01-23,Completed
4500,1055,26,2026-07-08,2026-08-04,Completed
4501,884,19,2024-08-21,2024-09-16,Completed
4502,366,24,2024-03-13,,Not Started
4503,334,9,2025-09-08,2025-09-30,Completed
4504,953,37,2025-03-24,2025-04-16,Completed
4505,1739,16,2024-06-14,2024-07-07,Completed
4506,537,38,2025-08-19,,Dropped
4507,1388,34,2024-06-12,2024-06-18,Completed
4508,1000,16,2025-10-13,2025-10-27,Completed
4509,423,2,2024-05-11,,Not Started
4510,97,7,2024-09-07,2024-09-14,Completed
4511,1421,3,2026-01-08,,Not Started
4512,1022,3,2026-02-16,2026-03-15,Completed
4513,459,8,2025-03-10,2025-03-17,Completed
4514,657,36,2025-07-15,,In Progress
4515,156,1,2025-11-20,2025-11-29,Completed
4516,750,33,2024-07-30,2024-08-31,Completed
4517,405,11,2025-04-14,2025-05-09,Completed
4518,1344,17,2024-06-18,2024-07-07,Completed
4519,146,40,2026-08-06,2026-08-28,Completed
4520,884,26,2025-01-11,2025-02-04,Completed
4521,1368,37,2024-12-27,,Not Started
4522,698,22,2025-09-18,2025-10-03,Completed
4523,53,36,2024-11-27,,Dropped
4524,492,27,2025-01-31,2025-02-28,Completed
4525,1294,2,2024-04-27,2024-05-16,Completed
4526,1793,36,2026-05-09,2026-05-13,Completed
4527,1146,7,2024-12-19,,Not Started
4528,1413,11,2026-01-26,,Dropped
4529,1837,13,2026-04-08,,Not Started
4530,1931,17,2025-11-15,,In Progress
4531,1322,39,2024-06-16,,In Progress
4532,153,15,2024-11-16,2024-11-23,Completed
4533,1250,24,2024-07-08,2024-07-24,Completed
4534,1007,10,2024-10-29,2024-11-05,Completed
4535,1647,6,2026-03-19,,In Progress
4536,278,18,2025-01-29,,In Progress
4537,1806,8,2024-07-26,2024-08-24,Completed
4538,1587,21,2024-11-03,,Not Started
4539,387,33,2025-01-06,2025-01-20,Completed
4540,353,28,2024-04-03,,In Progress
4541,1512,40,2026-06-18,,Not Started
4542,20,29,2024-06-26,2024-07-26,Completed
4543,894,7,2025-10-21,,In Progress
4544,1610,1,2024-09-13,2024-10-14,Completed
4545,1468,3,2025-07-18,,Dropped
4546,741,28,2025-11-06,2025-11-26,Completed
4547,1171,11,2025-08-04,2025-08-09,Completed
4548,579,38,2025-05-04,2025-05-14,Completed
4549,182,4,2026-07-21,2026-07-31,Completed
4550,666,10,2024-01-09,2024-02-03,Completed
4551,179,39,2026-03-11,2026-04-07,Completed
4552,620,29,2026-01-17,,Not Started
4553,537,32,2025-12-28,2026-01-05,Completed
4554,414,6,2026-02-24,2026-03-17,Completed
4555,1418,5,2025-04-17,2025-05-12,Completed
4556,179,5,2024-09-01,2024-09-17,Completed
4557,238,31,2024-06-03,2024-06-16,Completed
4558,1269,3,2025-12-13,2026-01-08,Completed
4559,172,40,2024-02-10,2024-03-02,Completed
4560,1760,10,2024-02-05,2024-02-27,Completed
4561,1948,23,2025-07-23,2025-08-13,Completed
4562,1457,2,2025-01-23,2025-02-09,Completed
4563,1658,13,2024-07-11,2024-08-04,Completed
4564,221,26,2026-06-08,2026-06-30,Completed
4565,316,2,2024-08-10,2024-08-30,Completed
4566,1975,21,2026-04-16,2026-04-22,Completed
4567,906,39,2024-08-27,,In Progress
4568,1805,35,2025-02-12,2025-02-27,Completed
4569,1995,38,2026-06-20,2026-06-24,Completed
4570,1867,18,2024-01-12,,Dropped
4571,446,27,2026-07-12,2026-08-06,Completed
4572,236,36,2026-03-23,,In Progress
4573,596,1,2026-04-12,,Dropped
4574,230,7,2024-07-29,,In Progress
4575,47,31,2024-09-11,2024-10-14,Completed
4576,540,22,2025-03-16,2025-04-04,Completed
4577,157,8,2025-06-15,2025-07-03,Completed
4578,707,2,2026-01-02,2026-01-21,Completed
4579,1539,27,2025-01-01,2025-01-27,Completed
4580,941,4,2024-03-18,,In Progress
4581,1549,30,2024-04-30,2024-05-13,Completed
4582,1357,19,2025-10-19,2025-10-25,Completed
4583,191,25,2026-05-23,2026-06-21,Completed
4584,113,11,2026-06-29,2026-07-18,Completed
4585,2000,35,2024-02-01,,Not Started
4586,1556,35,2025-09-18,2025-10-18,Completed
4587,422,2,2025-02-12,,Dropped
4588,47,1,2025-08-31,2025-09-18,Completed
4589,1872,23,2026-05-07,,Not Started
4590,814,27,2024-09-08,,Dropped
4591,281,40,2024-09-10,2024-09-27,Completed
4592,122,1,2024-04-20,,In Progress
4593,652,20,2024-01-10,,In Progress
4594,1188,19,2026-07-23,2026-08-16,Completed
4595,100,21,2024-07-21,2024-07-30,Completed
4596,611,6,2024-02-01,,In Progress
4597,832,12,2025-07-01,,In Progress
4598,601,10,2025-12-13,2026-01-04,Completed
4599,1131,5,2026-06-15,2026-07-04,Completed
4600,959,11,2026-01-19,2026-02-11,Completed
4601,1010,5,2025-06-21,,Dropped
4602,666,37,2026-05-08,2026-05-31,Completed
4603,766,21,2024-12-11,,In Progress
4604,730,11,2026-06-10,2026-07-04,Completed
4605,1576,3,2025-08-12,,Not Started
4606,1601,1,2024-08-07,,Dropped
4607,1064,35,2026-03-07,,In Progress
4608,878,19,2025-07-28,,Dropped
4609,1122,28,2024-07-19,2024-08-11,Completed
4610,1723,24,2024-05-28,,Not Started
4611,1090,1,2024-09-21,2024-10-10,Completed
4612,523,17,2025-06-15,2025-07-03,Completed
4613,1841,32,2025-06-13,2025-07-04,Completed
4614,1933,28,2024-04-10,2024-04-30,Completed
4615,1571,3,2024-02-09,2024-02-22,Completed
4616,937,11,2026-06-30,2026-07-19,Completed
4617,985,15,2024-05-04,2024-05-25,Completed
4618,619,1,2024-04-15,2024-05-15,Completed
4619,552,8,2024-03-22,2024-04-02,Completed
4620,1115,3,2024-11-15,2024-12-17,Completed
4621,777,36,2024-03-15,2024-03-29,Completed
4622,243,3,2025-01-30,,Dropped
4623,1761,6,2025-01-19,2025-02-12,Completed
4624,1245,5,2026-02-05,,In Progress
4625,1603,11,2024-12-13,2024-12-26,Completed
4626,777,39,2026-07-20,2026-08-14,Completed
4627,816,19,2024-09-09,2024-10-07,Completed
4628,524,38,2026-03-08,,Not Started
4629,475,19,2024-04-01,,Not Started
4630,1653,1,2024-10-24,,Dropped
4631,1386,9,2025-12-03,2025-12-18,Completed
4632,1736,21,2025-11-21,2025-12-07,Completed
4633,59,1,2024-01-08,,Dropped
4634,190,23,2025-02-27,2025-03-08,Completed
4635,312,19,2024-06-02,,Not Started
4636,1984,20,2026-03-30,2026-04-12,Completed
4637,1407,3,2024-04-11,2024-05-14,Completed
4638,1979,31,2026-01-31,,Dropped
4639,426,15,2025-06-27,2025-07-13,Completed
4640,1348,32,2024-02-26,,Not Started
4641,666,34,2025-10-08,2025-11-07,Completed
4642,1200,6,2024-01-31,,In Progress
4643,1239,22,2025-02-20,2025-03-07,Completed
4644,68,21,2024-03-12,2024-04-09,Completed
4645,1420,32,2026-05-26,,Dropped
4646,1585,38,2024-09-03,2024-09-21,Completed
4647,1287,8,2024-10-05,2024-11-03,Completed
4648,1969,18,2025-04-19,2025-05-15,Completed
4649,861,5,2025-05-13,,Not Started
4650,678,28,2025-08-13,2025-09-09,Completed
4651,255,10,2024-07-04,2024-07-21,Completed
4652,523,10,2026-02-05,2026-03-01,Completed
4653,675,10,2026-05-05,2026-06-03,Completed
4654,1540,27,2026-05-12,2026-05-29,Completed
4655,1731,16,2025-05-01,2025-05-21,Completed
4656,16,39,2024-04-24,2024-05-19,Completed
4657,1821,40,2026-08-11,2026-08-16,Completed
4658,1328,40,2024-07-28,2024-08-14,Completed
4659,1188,26,2024-10-18,2024-11-03,Completed
4660,1199,5,2024-11-16,2024-12-11,Completed
4661,1458,6,2024-08-21,,In Progress
4662,866,9,2026-01-19,2026-02-08,Completed
4663,1472,3,2025-11-30,,Dropped
4664,109,3,2024-01-14,2024-01-27,Completed
4665,257,27,2025-09-29,2025-10-25,Completed
4666,692,17,2024-03-17,,In Progress
4667,491,2,2024-10-04,,Dropped
4668,1594,38,2025-08-02,2025-08-13,Completed
4669,185,27,2026-05-23,2026-06-18,Completed
4670,1446,36,2026-05-18,,Dropped
4671,503,11,2024-12-25,,In Progress
4672,1613,40,2026-04-13,,Dropped
4673,414,25,2025-05-09,2025-05-31,Completed
4674,1659,18,2025-01-02,,Dropped
4675,1349,18,2025-07-22,2025-08-01,Completed
4676,99,37,2025-02-28,,Dropped
4677,775,9,2025-04-12,,Not Started
4678,968,3,2024-03-25,2024-04-21,Completed
4679,267,36,2026-01-16,,Not Started
4680,1712,20,2025-04-24,,Not Started
4681,1383,36,2026-03-20,2026-03-24,Completed
4682,1910,28,2024-01-03,2024-01-26,Completed
4683,248,3,2025-03-02,2025-03-21,Completed
4684,1911,15,2024-09-17,2024-10-12,Completed
4685,168,39,2025-08-19,,Dropped
4686,494,2,2025-08-13,2025-09-15,Completed
4687,622,5,2026-02-24,2026-03-23,Completed
4688,436,39,2026-04-12,,In Progress
4689,1058,37,2026-05-28,2026-06-09,Completed
4690,1987,28,2024-09-03,2024-10-01,Completed
4691,1371,18,2024-10-26,2024-11-22,Completed
4692,1015,17,2024-02-27,2024-03-20,Completed
4693,1818,3,2024-05-30,2024-06-14,Completed
4694,685,38,2024-06-09,2024-07-01,Completed
4695,1490,31,2026-04-28,2026-05-11,Completed
4696,1547,5,2025-05-09,2025-06-08,Completed
4697,124,23,2025-11-12,2025-12-10,Completed
4698,40,4,2025-03-16,2025-04-14,Completed
4699,1728,6,2024-08-08,,In Progress
4700,1325,40,2025-04-15,2025-04-27,Completed
4701,825,30,2025-11-15,2025-11-25,Completed
4702,1574,28,2026-04-29,2026-05-25,Completed
4703,1526,18,2026-05-01,,In Progress
4704,1216,34,2024-01-22,2024-02-21,Completed
4705,504,18,2026-03-06,2026-03-30,Completed
4706,1049,30,2025-03-02,,Dropped
4707,1444,31,2026-02-08,,In Progress
4708,1188,7,2024-02-07,2024-03-10,Completed
4709,1542,28,2025-08-07,,Not Started
4710,1823,19,2024-10-06,2024-10-29,Completed
4711,317,26,2025-12-09,2026-01-07,Completed
4712,624,21,2026-06-04,2026-06-28,Completed
4713,361,23,2024-12-21,2025-01-10,Completed
4714,1636,10,2026-06-03,2026-06-19,Completed
4715,809,11,2024-05-16,2024-06-02,Completed
4716,739,26,2024-04-01,,In Progress
4717,1045,4,2024-04-15,2024-05-09,Completed
4718,556,19,2025-08-14,2025-09-12,Completed
4719,83,6,2024-12-07,,In Progress
4720,1546,4,2024-07-09,2024-07-20,Completed
4721,814,23,2024-08-19,2024-08-28,Completed
4722,1731,29,2025-11-10,,Not Started
4723,524,12,2026-08-06,2026-08-27,Completed
4724,457,7,2025-09-18,,Dropped
4725,1555,1,2025-04-17,,In Progress
4726,1680,8,2026-02-17,2026-03-07,Completed
4727,466,11,2025-03-19,2025-03-28,Completed
4728,1326,4,2025-04-21,2025-05-12,Completed
4729,754,3,2024-12-16,2025-01-01,Completed
4730,988,30,2025-08-11,2025-08-18,Completed
4731,127,28,2025-01-01,,Dropped
4732,1802,6,2026-01-10,,Not Started
4733,836,23,2024-08-01,2024-08-21,Completed
4734,890,7,2024-09-21,2024-10-15,Completed
4735,1933,13,2025-02-13,2025-03-15,Completed
4736,1065,7,2024-05-23,,Dropped
4737,1706,35,2024-08-12,2024-08-23,Completed
4738,382,12,2025-08-16,2025-08-24,Completed
4739,478,33,2026-01-04,2026-02-04,Completed
4740,1502,27,2026-06-25,2026-07-18,Completed
4741,1420,22,2024-05-25,2024-06-06,Completed
4742,1917,37,2024-07-28,,In Progress
4743,23,9,2024-07-14,2024-08-12,Completed
4744,403,27,2025-10-09,2025-11-09,Completed
4745,1054,6,2024-10-14,2024-11-11,Completed
4746,1569,39,2024-05-10,2024-05-27,Completed
4747,1825,21,2026-08-02,2026-08-19,Completed
4748,449,17,2025-08-29,2025-09-25,Completed
4749,1315,24,2026-02-09,,Not Started
4750,1388,3,2025-03-07,2025-03-29,Completed
4751,1107,1,2025-10-30,2025-11-14,Completed
4752,757,34,2024-12-31,2025-01-28,Completed
4753,1704,27,2024-04-08,2024-05-05,Completed
4754,1427,20,2024-08-15,2024-09-10,Completed
4755,323,16,2024-01-31,2024-02-26,Completed
4756,298,24,2025-04-06,2025-04-30,Completed
4757,878,20,2025-01-06,2025-01-19,Completed
4758,1487,39,2025-06-22,,Not Started
4759,438,24,2025-08-08,2025-09-01,Completed
4760,936,23,2025-09-13,2025-10-09,Completed
4761,1377,20,2024-08-10,2024-08-17,Completed
4762,1421,14,2024-08-31,2024-09-23,Completed
4763,1045,14,2025-08-18,,In Progress
4764,862,39,2026-03-28,2026-04-01,Completed
4765,1395,27,2024-01-31,2024-02-06,Completed
4766,812,16,2026-06-16,,Dropped
4767,1330,20,2025-10-15,2025-10-21,Completed
4768,826,25,2024-08-16,,Not Started
4769,1013,16,2024-04-05,,Dropped
4770,1698,22,2025-11-25,2025-12-06,Completed
4771,292,21,2025-01-01,,In Progress
4772,183,36,2024-01-01,2024-01-13,Completed
4773,380,11,2026-05-27,2026-06-06,Completed
4774,313,3,2024-12-26,2025-01-17,Completed
4775,496,37,2025-03-28,2025-04-17,Completed
4776,1386,40,2024-08-21,2024-09-01,Completed
4777,1260,12,2025-09-02,2025-09-15,Completed
4778,1140,21,2024-11-24,,In Progress
4779,586,16,2025-03-21,,In Progress
4780,1338,13,2024-03-17,2024-04-08,Completed
4781,1005,6,2024-02-24,2024-03-05,Completed
4782,33,26,2026-01-23,,In Progress
4783,958,38,2025-01-24,2025-02-02,Completed
4784,1399,29,2024-06-20,2024-07-08,Completed
4785,1346,32,2024-07-28,2024-08-08,Completed
4786,349,38,2024-07-28,2024-08-15,Completed
4787,926,9,2024-08-06,2024-08-13,Completed
4788,873,26,2024-01-06,,In Progress
4789,1189,3,2025-09-09,2025-10-06,Completed
4790,1064,16,2026-01-07,,Not Started
4791,47,30,2024-07-31,,Not Started
4792,1528,4,2024-11-12,2024-12-12,Completed
4793,917,31,2025-07-25,,Dropped
4794,1287,27,2025-11-11,2025-11-28,Completed
4795,1258,13,2024-10-13,2024-11-01,Completed
4796,1629,2,2026-04-15,2026-04-23,Completed
4797,1228,6,2024-04-09,,Dropped
4798,600,37,2026-02-28,2026-03-23,Completed
4799,750,25,2025-07-26,2025-08-09,Completed
4800,717,30,2026-04-14,2026-04-29,Completed
4801,858,16,2025-08-11,,In Progress
4802,523,37,2026-03-22,2026-03-31,Completed
4803,1106,17,2025-07-16,,Dropped
4804,1525,31,2026-07-02,,Not Started
4805,667,4,2025-08-09,2025-08-25,Completed
4806,797,16,2026-07-29,,Not Started
4807,1133,5,2025-07-09,,In Progress
4808,621,29,2025-03-29,2025-04-20,Completed
4809,1889,30,2025-05-29,2025-06-19,Completed
4810,561,8,2024-09-27,2024-10-22,Completed
4811,1679,15,2024-11-22,2024-12-13,Completed
4812,84,15,2026-02-03,2026-02-12,Completed
4813,491,2,2026-05-31,2026-06-26,Completed
4814,1698,26,2024-10-14,2024-11-08,Completed
4815,1951,25,2024-09-28,,Not Started
4816,611,31,2024-08-25,2024-09-18,Completed
4817,831,22,2024-06-30,,Not Started
4818,383,33,2025-12-03,2025-12-11,Completed
4819,1685,7,2025-04-07,2025-04-30,Completed
4820,1119,2,2024-12-04,,Dropped
4821,860,24,2025-01-25,2025-02-08,Completed
4822,1204,32,2024-08-05,2024-08-19,Completed
4823,904,9,2025-03-16,,In Progress
4824,1194,3,2026-01-29,,Dropped
4825,873,2,2024-06-30,2024-07-18,Completed
4826,91,40,2024-08-31,,In Progress
4827,1672,26,2025-12-16,2026-01-02,Completed
4828,1129,32,2025-12-28,2026-01-25,Completed
4829,144,25,2026-07-13,2026-07-19,Completed
4830,1614,33,2024-05-05,2024-05-31,Completed
4831,454,6,2025-01-16,2025-02-10,Completed
4832,852,28,2025-11-08,2025-11-16,Completed
4833,1669,7,2024-11-17,2024-11-24,Completed
4834,1570,35,2024-06-20,2024-07-21,Completed
4835,1751,18,2026-03-19,2026-03-26,Completed
4836,1794,36,2024-03-11,2024-03-22,Completed
4837,1661,13,2025-04-21,2025-05-14,Completed
4838,190,37,2025-07-26,2025-08-20,Completed
4839,1873,25,2024-04-02,2024-04-26,Completed
4840,1164,31,2024-04-28,2024-05-18,Completed
4841,1281,32,2025-01-17,2025-02-03,Completed
4842,689,3,2024-04-07,2024-05-10,Completed
4843,1661,22,2026-05-03,,Not Started
4844,844,20,2024-03-24,2024-04-23,Completed
4845,1353,18,2025-05-09,2025-05-13,Completed
4846,1315,11,2024-05-31,2024-06-11,Completed
4847,1449,4,2026-05-05,,Not Started
4848,1741,21,2026-01-02,,Not Started
4849,1736,38,2025-01-09,2025-02-02,Completed
4850,208,23,2024-03-26,2024-04-18,Completed
4851,451,6,2024-05-23,2024-06-06,Completed
4852,573,22,2024-06-16,,Not Started
4853,87,21,2026-05-30,,In Progress
4854,544,2,2024-02-23,,Not Started
4855,1694,6,2026-06-12,2026-07-05,Completed
4856,1016,13,2025-07-23,2025-08-02,Completed
4857,1468,17,2025-07-07,2025-07-24,Completed
4858,218,2,2026-07-29,,Dropped
4859,372,37,2026-03-18,,Not Started
4860,269,28,2025-10-27,2025-11-02,Completed
4861,796,22,2026-04-30,2026-05-06,Completed
4862,880,11,2025-11-20,2025-11-28,Completed
4863,242,21,2024-02-19,,In Progress
4864,130,21,2026-07-09,2026-08-04,Completed
4865,270,35,2025-12-28,2026-01-10,Completed
4866,1792,26,2026-05-14,2026-05-27,Completed
4867,401,2,2024-11-28,2024-12-29,Completed
4868,1041,31,2025-08-17,,In Progress
4869,278,2,2026-03-17,2026-03-28,Completed
4870,1620,10,2025-11-09,2025-11-28,Completed
4871,1137,25,2025-06-01,2025-06-09,Completed
4872,1733,1,2025-08-19,2025-09-14,Completed
4873,221,22,2025-02-18,,Dropped
4874,100,39,2025-01-02,2025-01-09,Completed
4875,183,2,2026-02-11,2026-02-25,Completed
4876,1624,16,2025-06-15,2025-07-14,Completed
4877,562,31,2025-12-06,,Dropped
4878,1575,1,2024-09-18,,In Progress
4879,1654,16,2024-02-13,,Dropped
4880,1437,2,2025-09-17,2025-09-28,Completed
4881,526,1,2026-03-04,2026-03-17,Completed
4882,560,16,2024-11-29,2024-12-21,Completed
4883,1793,13,2026-04-19,2026-05-13,Completed
4884,1393,33,2026-01-27,2026-02-19,Completed
4885,72,16,2024-05-14,2024-06-01,Completed
4886,538,12,2025-03-18,2025-04-01,Completed
4887,1402,23,2025-07-13,,Dropped
4888,714,22,2024-02-11,2024-02-19,Completed
4889,1246,40,2024-03-21,2024-04-14,Completed
4890,1268,25,2024-10-24,2024-11-12,Completed
4891,1905,35,2025-10-28,2025-11-16,Completed
4892,367,11,2024-07-14,2024-08-08,Completed
4893,1093,10,2025-02-19,,In Progress
4894,1239,3,2025-09-06,,In Progress
4895,400,2,2025-02-04,,Not Started
4896,1981,10,2024-05-22,2024-06-17,Completed
4897,821,3,2024-10-27,2024-11-18,Completed
4898,1824,20,2025-08-19,,Dropped
4899,276,39,2025-12-03,2025-12-24,Completed
4900,1652,17,2025-02-01,2025-03-02,Completed
4901,800,15,2026-02-26,2026-03-15,Completed
4902,892,1,2024-07-13,2024-08-04,Completed
4903,262,9,2025-02-13,,Dropped
4904,1218,37,2026-03-15,2026-04-01,Completed
4905,1333,2,2025-02-09,2025-02-22,Completed
4906,1719,19,2025-05-17,,In Progress
4907,605,2,2024-03-05,,Dropped
4908,1684,38,2024-05-15,2024-06-08,Completed
4909,1921,4,2024-05-31,2024-06-12,Completed
4910,697,4,2026-04-27,,In Progress
4911,1703,1,2025-06-17,2025-07-09,Completed
4912,1716,23,2025-09-06,2025-09-13,Completed
4913,927,5,2025-01-05,,Not Started
4914,116,12,2024-06-02,2024-06-20,Completed
4915,1860,29,2024-08-21,2024-09-20,Completed
4916,180,5,2024-05-01,2024-05-24,Completed
4917,1882,16,2024-12-03,2024-12-26,Completed
4918,471,10,2024-06-01,2024-06-11,Completed
4919,1487,28,2024-05-06,2024-05-13,Completed
4920,1809,4,2026-06-18,2026-07-02,Completed
4921,1821,29,2026-01-12,2026-01-26,Completed
4922,1862,27,2026-03-28,2026-04-03,Completed
4923,1654,37,2026-08-06,,In Progress
4924,1049,7,2025-12-12,,Dropped
4925,1758,6,2026-05-13,2026-06-05,Completed
4926,1212,31,2024-06-03,2024-06-20,Completed
4927,93,30,2024-04-08,,Not Started
4928,875,38,2024-05-30,2024-06-07,Completed
4929,1008,24,2025-08-02,,Dropped
4930,1846,30,2024-03-23,2024-04-19,Completed
4931,32,39,2026-04-03,2026-04-17,Completed
4932,309,35,2024-06-15,,Not Started
4933,705,40,2025-06-15,,In Progress
4934,1546,32,2026-04-10,2026-04-26,Completed
4935,741,19,2025-04-07,,Not Started
4936,1590,38,2024-12-21,,Dropped
4937,855,6,2025-12-20,2026-01-13,Completed
4938,1947,20,2024-07-19,,In Progress
4939,1012,33,2024-06-01,2024-06-17,Completed
4940,1532,5,2025-10-16,2025-11-07,Completed
4941,240,2,2025-04-22,,Not Started
4942,1392,21,2024-07-10,2024-07-23,Completed
4943,95,40,2024-09-14,2024-09-24,Completed
4944,1135,29,2024-07-10,2024-07-31,Completed
4945,326,1,2024-09-25,2024-10-16,Completed
4946,892,14,2025-01-22,2025-02-12,Completed
4947,264,21,2025-05-22,2025-06-16,Completed
4948,1427,33,2025-04-02,2025-04-30,Completed
4949,265,2,2025-04-28,2025-05-08,Completed
4950,1401,34,2024-08-08,2024-08-25,Completed
4951,1138,13,2024-07-13,2024-08-12,Completed
4952,1537,28,2025-02-09,2025-03-07,Completed
4953,1342,1,2026-05-11,2026-05-19,Completed
4954,527,32,2024-09-26,2024-10-22,Completed
4955,1678,3,2026-04-04,2026-04-22,Completed
4956,1889,10,2024-05-25,2024-06-19,Completed
4957,783,38,2024-12-26,2025-01-06,Completed
4958,556,38,2024-08-06,2024-09-02,Completed
4959,1255,35,2024-04-09,,In Progress
4960,1400,35,2024-08-20,2024-09-02,Completed
4961,1817,9,2025-08-17,,Not Started
4962,338,24,2026-05-12,2026-05-17,Completed
4963,189,1,2024-02-16,,In Progress
4964,1622,24,2024-08-19,2024-09-12,Completed
4965,1229,19,2026-01-26,2026-02-21,Completed
4966,729,33,2026-01-04,2026-01-13,Completed
4967,1503,20,2025-06-02,2025-06-22,Completed
4968,1049,16,2025-12-28,,Not Started
4969,1657,36,2024-04-28,2024-05-18,Completed
4970,315,19,2024-09-18,2024-10-05,Completed
4971,1881,6,2024-05-10,2024-05-27,Completed
4972,1195,36,2026-07-30,2026-08-04,Completed
4973,329,5,2024-08-22,,Dropped
4974,659,8,2024-02-11,,Not Started
4975,900,1,2025-04-06,2025-04-15,Completed
4976,640,29,2026-06-18,,In Progress
4977,1850,20,2026-03-27,2026-04-15,Completed
4978,635,17,2026-01-10,,Dropped
4979,524,1,2024-01-19,2024-02-06,Completed
4980,842,35,2026-02-19,2026-02-25,Completed
4981,8,26,2025-04-05,2025-05-03,Completed
4982,286,4,2025-07-16,,Dropped
4983,247,36,2024-07-04,,In Progress
4984,1321,20,2024-05-03,2024-05-14,Completed
4985,1759,35,2025-03-01,,Dropped
4986,1101,5,2025-07-22,,In Progress
4987,1562,17,2025-03-12,2025-04-11,Completed
4988,442,23,2024-07-21,,Dropped
4989,1857,10,2026-03-08,2026-04-01,Completed
4990,1718,16,2024-06-19,2024-06-24,Completed
4991,1844,15,2025-11-06,,Not Started
4992,67,36,2025-07-10,2025-07-19,Completed
4993,194,5,2024-09-15,2024-10-05,Completed
4994,422,40,2025-06-17,,In Progress
4995,568,22,2025-07-29,2025-08-18,Completed
4996,1348,11,2026-05-30,,In Progress
4997,720,3,2024-09-24,2024-10-04,Completed
4998,1788,15,2024-08-28,2024-09-23,Completed
4999,181,18,2025-12-25,2026-01-15,Completed
5000,1455,28,2024-08-18,,In Progress
5001,517,24,2025-06-25,2025-07-22,Completed
5002,842,28,2025-08-16,2025-09-01,Completed
5003,1512,40,2025-07-19,,In Progress
5004,1454,14,2026-08-12,2026-08-18,Completed
5005,1276,8,2025-08-10,,In Progress
5006,1888,3,2026-02-20,,Dropped
5007,397,37,2025-02-07,2025-02-24,Completed
5008,364,18,2025-04-17,2025-05-06,Completed
5009,976,18,2025-08-04,2025-09-02,Completed
5010,1145,16,2024-08-01,,In Progress
5011,633,3,2024-09-20,,Not Started
5012,150,22,2024-08-13,,In Progress
5013,1138,1,2025-07-14,2025-08-14,Completed
5014,610,5,2026-03-16,2026-04-01,Completed
5015,394,6,2025-09-13,2025-10-16,Completed
5016,1004,35,2024-04-27,2024-05-03,Completed
5017,68,3,2024-03-24,2024-04-06,Completed
5018,685,11,2024-01-01,2024-01-11,Completed
5019,1535,6,2024-09-14,2024-09-27,Completed
5020,1553,2,2025-08-22,2025-09-01,Completed
5021,6,36,2025-06-21,,Not Started
5022,200,32,2025-01-28,,In Progress
5023,1859,33,2026-04-25,2026-05-21,Completed
5024,38,11,2025-10-05,,Not Started
5025,1349,23,2024-04-01,2024-04-21,Completed
5026,460,20,2026-08-02,2026-08-21,Completed
5027,1256,38,2025-01-25,2025-02-03,Completed
5028,793,17,2024-02-07,2024-02-24,Completed
5029,243,2,2024-07-04,,In Progress
5030,939,5,2024-11-08,2024-11-25,Completed
5031,118,13,2026-03-28,2026-04-21,Completed
5032,899,40,2026-07-06,2026-07-20,Completed
5033,1271,40,2024-04-16,2024-05-13,Completed
5034,1323,13,2026-07-25,2026-08-19,Completed
5035,401,4,2026-06-16,2026-06-22,Completed
5036,243,3,2024-12-09,2025-01-07,Completed
5037,197,34,2025-04-22,2025-05-03,Completed
5038,1281,33,2026-01-17,,In Progress
5039,848,1,2025-08-23,2025-09-08,Completed
5040,833,19,2025-12-05,2025-12-29,Completed
5041,1407,21,2026-02-11,2026-03-10,Completed
5042,1073,12,2025-09-11,2025-09-29,Completed
5043,1026,14,2025-05-05,,Dropped
5044,1675,37,2025-08-28,2025-09-05,Completed
5045,1944,27,2024-07-18,,Not Started
5046,842,9,2026-06-23,2026-07-03,Completed
5047,784,6,2025-05-16,2025-06-08,Completed
5048,1348,16,2026-04-01,,In Progress
5049,719,22,2026-04-07,,Dropped
5050,541,29,2025-06-14,2025-07-13,Completed
5051,794,14,2024-09-22,,In Progress
5052,1297,8,2025-03-29,,In Progress
5053,715,13,2025-10-05,,In Progress
5054,489,9,2025-03-29,,Dropped
5055,1769,11,2024-02-06,2024-02-15,Completed
5056,519,1,2025-01-08,2025-01-29,Completed
5057,348,23,2024-01-06,2024-01-19,Completed
5058,1392,34,2025-06-20,2025-07-05,Completed
5059,1800,7,2025-09-30,2025-10-07,Completed
5060,486,17,2026-04-14,2026-05-06,Completed
5061,1776,38,2026-03-02,,Not Started
5062,1076,1,2024-08-23,2024-09-04,Completed
5063,1494,20,2026-08-05,2026-08-16,Completed
5064,383,28,2024-05-03,2024-05-27,Completed
5065,778,10,2026-01-28,2026-02-25,Completed
5066,1882,9,2026-03-10,2026-03-22,Completed
5067,940,6,2026-04-02,,Dropped
5068,179,12,2026-01-09,,Dropped
5069,448,5,2025-12-24,2026-01-05,Completed
5070,644,3,2026-04-01,,In Progress
5071,290,16,2025-06-12,2025-07-03,Completed
5072,926,24,2025-03-18,2025-04-01,Completed
5073,1894,15,2024-10-14,2024-10-27,Completed
5074,1417,40,2026-03-18,,Not Started
5075,808,36,2026-02-02,2026-02-10,Completed
5076,1743,35,2024-05-19,,Dropped
5077,403,33,2025-08-07,2025-08-22,Completed
5078,229,12,2024-05-30,,In Progress
5079,1452,39,2025-08-12,2025-08-16,Completed
5080,110,36,2024-01-22,2024-02-08,Completed
5081,894,2,2026-04-03,2026-05-02,Completed
5082,1790,22,2024-04-27,2024-05-17,Completed
5083,538,22,2025-04-17,2025-05-11,Completed
5084,962,6,2024-07-20,,Not Started
5085,1768,34,2025-03-13,2025-03-26,Completed
5086,441,36,2025-04-02,,Dropped
5087,761,9,2025-04-29,2025-05-10,Completed
5088,1752,12,2026-04-07,,Dropped
5089,1370,30,2025-10-18,2025-11-07,Completed
5090,65,5,2025-04-23,2025-05-17,Completed
5091,1763,20,2024-12-08,2024-12-28,Completed
5092,124,18,2025-10-13,,Dropped
5093,1433,21,2024-05-02,,Not Started
5094,1229,5,2026-06-23,2026-07-08,Completed
5095,1767,6,2024-04-22,2024-05-15,Completed
5096,946,8,2025-09-04,2025-09-26,Completed
5097,1978,10,2025-11-19,2025-12-18,Completed
5098,1979,6,2026-07-24,2026-08-14,Completed
5099,1916,19,2024-01-10,2024-02-05,Completed
5100,1035,31,2024-01-12,2024-01-22,Completed
5101,1554,2,2026-04-01,,In Progress
5102,1731,25,2024-05-01,,Dropped
5103,1677,16,2024-02-11,2024-02-29,Completed
5104,1081,6,2025-07-04,2025-07-21,Completed
5105,904,20,2024-10-02,2024-10-13,Completed
5106,1650,1,2024-09-17,2024-10-17,Completed
5107,720,17,2025-03-19,,Not Started
5108,673,26,2025-12-07,2025-12-22,Completed
5109,1798,8,2024-05-12,2024-06-03,Completed
5110,119,23,2024-07-12,2024-07-31,Completed
5111,1135,36,2025-06-02,2025-06-25,Completed
5112,1610,15,2024-09-19,2024-09-26,Completed
5113,877,18,2025-06-15,2025-07-08,Completed
5114,1030,33,2024-09-24,,Not Started
5115,1821,2,2025-07-29,2025-08-16,Completed
5116,1521,22,2024-01-25,2024-02-03,Completed
5117,1991,24,2025-04-17,2025-05-03,Completed
5118,893,1,2025-12-31,,In Progress
5119,317,16,2025-10-01,,In Progress
5120,255,29,2024-06-11,2024-07-07,Completed
5121,78,37,2025-09-13,,Not Started
5122,1349,24,2025-01-25,2025-01-30,Completed
5123,1965,23,2026-07-01,2026-07-13,Completed
5124,734,35,2025-02-13,2025-02-19,Completed
5125,502,1,2025-09-03,2025-09-12,Completed
5126,1646,13,2026-04-04,,In Progress
5127,124,32,2025-11-30,2025-12-11,Completed
5128,53,3,2026-06-06,,Not Started
5129,1248,13,2024-04-05,2024-04-21,Completed
5130,9,1,2024-05-11,2024-06-07,Completed
5131,1941,20,2025-12-17,2026-01-13,Completed
5132,1750,14,2025-06-13,2025-06-18,Completed
5133,617,20,2024-05-07,,In Progress
5134,67,21,2026-07-20,,Not Started
5135,1863,39,2024-10-31,2024-11-24,Completed
5136,919,6,2025-06-12,2025-07-14,Completed
5137,1689,18,2025-04-02,,Dropped
5138,1202,33,2026-02-05,2026-03-06,Completed
5139,675,25,2024-12-01,2024-12-09,Completed
5140,768,35,2025-07-02,2025-07-12,Completed
5141,1761,26,2026-02-22,2026-03-04,Completed
5142,895,38,2026-05-22,2026-06-04,Completed
5143,1778,39,2025-05-31,2025-06-13,Completed
5144,748,25,2025-12-03,2025-12-24,Completed
5145,1605,20,2026-01-11,2026-01-26,Completed
5146,1212,2,2024-02-24,,Not Started
5147,254,22,2026-01-15,,In Progress
5148,1702,24,2026-05-15,2026-06-12,Completed
5149,1028,17,2024-04-15,2024-04-30,Completed
5150,31,33,2026-02-19,2026-03-15,Completed
5151,577,22,2024-04-27,,Dropped
5152,1732,11,2024-02-01,2024-02-10,Completed
5153,1341,8,2025-02-20,2025-02-27,Completed
5154,487,37,2024-01-28,2024-02-12,Completed
5155,1220,38,2024-12-20,,In Progress
5156,1232,27,2026-03-03,,Not Started
5157,755,35,2025-06-04,2025-06-11,Completed
5158,1040,30,2024-05-17,2024-06-07,Completed
5159,899,31,2024-11-03,2024-11-25,Completed
5160,1286,19,2025-05-19,2025-06-10,Completed
5161,1790,5,2024-10-17,,Dropped
5162,241,3,2025-06-10,2025-06-29,Completed
5163,1509,22,2026-04-10,2026-05-03,Completed
5164,963,23,2024-01-18,2024-02-14,Completed
5165,584,36,2026-07-03,2026-07-14,Completed
5166,1122,34,2025-08-05,2025-08-23,Completed
5167,946,37,2026-08-02,2026-08-07,Completed
5168,894,16,2024-07-21,2024-08-04,Completed
5169,1615,16,2026-05-15,2026-05-23,Completed
5170,676,13,2024-08-14,2024-08-20,Completed
5171,1905,5,2025-04-06,2025-04-26,Completed
5172,1279,29,2024-01-22,2024-01-31,Completed
5173,1603,4,2026-03-05,,Not Started
5174,1006,4,2025-05-09,2025-05-21,Completed
5175,1650,2,2024-10-16,,In Progress
5176,1943,3,2025-10-04,2025-10-17,Completed
5177,1017,37,2025-10-14,,In Progress
5178,115,12,2025-01-08,2025-01-22,Completed
5179,1619,10,2024-12-30,2025-01-15,Completed
5180,1819,34,2026-08-03,2026-08-13,Completed
5181,1963,3,2025-07-25,,Not Started
5182,1359,6,2025-01-16,,In Progress
5183,1901,25,2025-12-17,,Not Started
5184,1566,16,2025-06-05,2025-07-04,Completed
5185,1255,13,2024-01-08,2024-02-08,Completed
5186,1524,22,2024-01-31,2024-02-28,Completed
5187,1470,2,2024-07-24,2024-08-03,Completed
5188,759,37,2025-11-27,2025-12-09,Completed
5189,1569,4,2025-10-02,2025-10-22,Completed
5190,1195,7,2025-02-04,2025-02-12,Completed
5191,1595,38,2025-11-29,,Not Started
5192,1783,2,2025-11-27,2025-12-21,Completed
5193,1180,39,2026-06-23,2026-07-11,Completed
5194,1119,12,2025-11-26,2025-12-05,Completed
5195,69,13,2026-03-20,,In Progress
5196,404,23,2024-04-05,2024-04-16,Completed
5197,355,2,2025-02-19,2025-02-28,Completed
5198,1252,28,2025-12-03,2025-12-15,Completed
5199,1450,6,2025-08-07,2025-08-30,Completed
5200,1204,2,2026-07-20,2026-08-18,Completed
5201,1822,7,2025-07-27,2025-08-19,Completed
5202,348,38,2024-03-05,2024-03-26,Completed
5203,433,20,2024-10-17,,Not Started
5204,922,20,2026-02-09,,In Progress
5205,1583,17,2025-02-17,2025-03-02,Completed
5206,1804,34,2024-05-18,,In Progress
5207,1114,7,2025-06-08,2025-06-20,Completed
5208,603,5,2026-02-23,2026-03-16,Completed
5209,985,9,2026-01-15,,In Progress
5210,629,9,2024-01-31,2024-02-25,Completed
5211,1145,6,2025-12-01,,In Progress
5212,1560,19,2026-04-20,2026-05-01,Completed
5213,906,22,2025-10-28,2025-11-03,Completed
5214,1399,27,2025-04-30,2025-05-15,Completed
5215,559,23,2024-06-21,2024-07-12,Completed
5216,914,26,2024-11-09,,Not Started
5217,527,14,2025-09-16,2025-10-15,Completed
5218,1166,23,2024-12-08,2025-01-07,Completed
5219,670,11,2025-03-23,2025-04-17,Completed
5220,296,6,2024-10-12,2024-10-24,Completed
5221,1284,14,2026-03-23,2026-03-27,Completed
5222,1735,21,2025-08-01,,In Progress
5223,550,31,2025-08-26,2025-09-16,Completed
5224,1368,40,2025-06-15,2025-06-21,Completed
5225,1355,40,2024-07-05,,In Progress
5226,1181,31,2024-05-29,2024-06-30,Completed
5227,1332,24,2026-06-21,2026-07-04,Completed
5228,786,21,2024-05-20,2024-05-24,Completed
5229,464,18,2024-08-23,2024-09-13,Completed
5230,1585,9,2025-01-31,2025-02-07,Completed
5231,418,19,2025-05-18,,Dropped
5232,1448,36,2025-06-17,,Not Started
5233,1016,19,2024-02-22,,Not Started
5234,1613,11,2025-08-21,2025-09-20,Completed
5235,1871,36,2025-11-22,,In Progress
5236,1357,15,2026-04-19,2026-05-19,Completed
5237,762,33,2025-04-16,2025-05-10,Completed
5238,1387,1,2026-06-26,2026-07-04,Completed
5239,1741,29,2026-07-27,2026-08-25,Completed
5240,981,25,2024-09-24,2024-10-18,Completed
5241,541,6,2025-02-28,,Dropped
5242,340,18,2025-01-11,2025-01-23,Completed
5243,1971,16,2024-07-16,,Dropped
5244,1638,8,2024-02-13,2024-02-23,Completed
5245,180,40,2025-06-06,2025-06-17,Completed
5246,934,28,2026-06-05,2026-06-11,Completed
5247,512,11,2025-10-08,2025-10-31,Completed
5248,1989,20,2025-11-17,,Not Started
5249,45,32,2025-02-22,2025-03-03,Completed
5250,483,7,2026-06-19,,Dropped
5251,655,2,2024-03-30,2024-04-13,Completed
5252,1869,5,2024-07-09,2024-08-06,Completed
5253,1778,38,2026-07-09,2026-08-02,Completed
5254,420,5,2025-05-16,2025-06-19,Completed
5255,1468,2,2024-10-12,2024-10-26,Completed
5256,1123,3,2025-02-15,2025-03-20,Completed
5257,1640,19,2024-03-20,,In Progress
5258,1006,2,2025-01-07,2025-02-03,Completed
5259,167,20,2024-12-23,2025-01-17,Completed
5260,1595,34,2024-10-29,2024-11-27,Completed
5261,833,13,2025-09-04,2025-09-14,Completed
5262,969,1,2024-07-03,2024-07-28,Completed
5263,880,3,2024-04-25,,In Progress
5264,442,11,2025-05-30,,In Progress
5265,92,11,2026-06-07,2026-06-27,Completed
5266,982,29,2026-01-29,2026-02-07,Completed
5267,453,2,2024-03-19,2024-04-20,Completed
5268,314,37,2024-05-23,2024-06-11,Completed
5269,1204,17,2024-12-13,,In Progress
5270,412,33,2024-04-22,2024-05-13,Completed
5271,490,39,2024-06-07,2024-06-16,Completed
5272,170,23,2025-03-30,2025-04-29,Completed
5273,179,5,2025-03-11,2025-04-04,Completed
5274,1753,2,2024-08-14,2024-08-24,Completed
5275,1853,16,2024-12-30,2025-01-03,Completed
5276,858,31,2024-09-13,2024-10-01,Completed
5277,693,4,2025-04-12,,Not Started
5278,1832,2,2024-09-04,2024-09-27,Completed
5279,1531,2,2025-04-10,,In Progress
5280,231,1,2026-06-29,,Not Started
5281,1851,30,2026-05-12,,Dropped
5282,1891,16,2025-05-14,2025-06-05,Completed
5283,6,11,2024-03-18,,In Progress
5284,1990,5,2025-12-15,2026-01-08,Completed
5285,930,36,2025-09-05,2025-09-12,Completed
5286,1991,7,2026-03-29,,In Progress
5287,1177,32,2026-02-17,2026-03-02,Completed
5288,35,24,2025-01-14,2025-01-28,Completed
5289,1504,22,2024-11-23,,Not Started
5290,1784,36,2024-12-04,2024-12-07,Completed
5291,1836,17,2024-10-30,2024-11-07,Completed
5292,1447,20,2024-02-02,2024-02-12,Completed
5293,811,27,2025-02-26,,In Progress
5294,1606,11,2026-08-09,2026-09-06,Completed
5295,227,22,2024-05-26,,In Progress
5296,624,2,2026-03-04,2026-03-14,Completed
5297,662,28,2025-07-11,2025-08-09,Completed
5298,648,3,2025-09-13,2025-10-02,Completed
5299,802,31,2026-01-10,2026-01-31,Completed
5300,416,31,2024-01-07,2024-02-06,Completed
5301,1582,13,2024-11-05,2024-12-03,Completed
5302,1783,2,2025-08-14,,In Progress
5303,1843,9,2025-02-19,,In Progress
5304,540,7,2026-08-09,2026-09-05,Completed
5305,1325,4,2026-03-16,2026-04-14,Completed
5306,553,17,2024-04-23,,In Progress
5307,699,27,2026-06-13,2026-07-06,Completed
5308,1841,26,2026-04-04,2026-04-16,Completed
5309,1886,37,2026-04-19,2026-05-06,Completed
5310,190,17,2026-05-10,,Dropped
5311,767,14,2024-04-21,2024-05-14,Completed
5312,911,14,2024-12-29,2025-01-17,Completed
5313,1950,29,2025-12-06,,In Progress
5314,490,1,2025-12-19,2025-12-26,Completed
5315,1405,12,2025-01-06,,Dropped
5316,1208,2,2025-01-22,2025-02-16,Completed
5317,388,8,2025-10-28,2025-11-21,Completed
5318,434,40,2025-01-19,2025-02-06,Completed
5319,58,20,2025-12-31,,In Progress
5320,1481,10,2025-01-29,2025-02-26,Completed
5321,1642,24,2026-08-08,,Not Started
5322,727,33,2026-01-27,2026-02-09,Completed
5323,1908,34,2025-04-23,2025-05-13,Completed
5324,1746,38,2025-01-26,,Dropped
5325,14,22,2025-02-05,2025-02-09,Completed
5326,961,20,2025-10-25,2025-11-03,Completed
5327,1337,38,2024-07-05,2024-07-25,Completed
5328,1356,33,2025-02-24,2025-03-07,Completed
5329,1910,34,2025-11-04,2025-12-02,Completed
5330,1678,39,2024-05-04,2024-05-22,Completed
5331,1763,36,2026-01-27,2026-02-17,Completed
5332,1815,38,2024-08-13,2024-08-15,Completed
5333,1204,25,2025-08-26,2025-09-18,Completed
5334,8,33,2024-03-09,2024-03-17,Completed
5335,101,36,2024-05-19,2024-06-02,Completed
5336,1366,5,2024-01-25,2024-03-02,Completed
5337,1369,26,2025-06-20,2025-07-11,Completed
5338,1744,19,2024-02-20,2024-03-16,Completed
5339,1206,17,2025-12-15,2025-12-24,Completed
5340,1805,39,2024-04-17,2024-05-02,Completed
5341,1327,25,2026-01-22,2026-02-08,Completed
5342,627,16,2025-05-17,2025-06-10,Completed
5343,652,39,2025-01-05,2025-02-01,Completed
5344,1153,27,2025-08-30,,In Progress
5345,306,1,2026-06-05,,In Progress
5346,1730,3,2024-07-28,2024-08-14,Completed
5347,1753,38,2026-05-03,2026-05-28,Completed
5348,1358,17,2024-10-16,,In Progress
5349,1603,26,2024-06-27,2024-07-04,Completed
5350,1016,13,2025-03-10,2025-03-24,Completed
5351,1801,33,2025-06-21,2025-07-13,Completed
5352,388,13,2024-05-03,2024-06-01,Completed
5353,232,18,2025-05-23,2025-06-10,Completed
5354,1934,40,2025-05-26,2025-06-05,Completed
5355,766,35,2025-09-20,,Not Started
5356,1366,26,2024-12-07,2024-12-22,Completed
5357,443,20,2025-01-16,2025-02-08,Completed
5358,1209,18,2024-05-07,2024-05-15,Completed
5359,1584,1,2024-03-23,2024-03-30,Completed
5360,1428,14,2024-09-17,2024-10-09,Completed
5361,253,4,2026-04-09,2026-05-03,Completed
5362,183,22,2025-08-22,2025-09-01,Completed
5363,757,7,2024-02-08,2024-02-17,Completed
5364,503,31,2025-05-04,2025-05-13,Completed
5365,658,25,2025-06-27,2025-07-27,Completed
5366,1512,28,2025-05-03,2025-05-15,Completed
5367,675,34,2024-07-01,2024-07-11,Completed
5368,110,4,2025-11-22,2025-12-15,Completed
5369,1959,18,2025-05-06,2025-05-13,Completed
5370,382,21,2025-02-16,2025-03-12,Completed
5371,1207,6,2026-02-02,2026-02-24,Completed
5372,473,22,2024-06-18,,In Progress
5373,282,22,2024-03-25,2024-04-12,Completed
5374,1046,16,2026-07-16,,Not Started
5375,1625,7,2025-10-28,2025-11-27,Completed
5376,1662,34,2025-01-17,,In Progress
5377,1320,25,2024-11-19,2024-12-09,Completed
5378,1419,26,2026-01-12,2026-02-05,Completed
5379,162,17,2024-07-27,2024-08-05,Completed
5380,1371,10,2024-11-05,2024-11-17,Completed
5381,717,8,2026-08-05,2026-08-13,Completed
5382,1413,11,2024-12-26,2025-01-18,Completed
5383,289,37,2025-04-15,2025-05-06,Completed
5384,557,19,2026-01-20,,In Progress
5385,780,22,2026-05-25,2026-06-18,Completed
5386,722,40,2024-07-09,,Dropped
5387,526,6,2025-08-13,2025-09-07,Completed
5388,774,36,2026-03-20,2026-03-22,Completed
5389,1652,20,2024-11-18,2024-12-05,Completed
5390,1173,30,2024-08-21,,In Progress
5391,1187,25,2024-10-06,2024-10-14,Completed
5392,124,32,2024-03-10,2024-03-20,Completed
5393,1758,18,2026-02-05,2026-02-17,Completed
5394,1275,5,2024-10-12,,Dropped
5395,308,3,2024-01-02,2024-01-28,Completed
5396,1638,2,2025-07-12,,Dropped
5397,1260,16,2026-07-04,,Not Started
5398,1314,3,2024-06-08,,In Progress
5399,1767,24,2024-09-08,2024-09-23,Completed
5400,431,20,2026-03-26,2026-04-20,Completed
5401,159,3,2024-11-28,2024-12-09,Completed
5402,1752,5,2025-04-14,2025-04-27,Completed
5403,1317,3,2026-05-07,2026-06-07,Completed
5404,331,14,2024-11-05,,In Progress
5405,685,37,2024-10-17,2024-10-24,Completed
5406,7,37,2024-05-06,,In Progress
5407,700,28,2026-03-23,2026-04-19,Completed
5408,1425,5,2025-11-10,2025-12-01,Completed
5409,9,18,2026-05-30,2026-06-17,Completed
5410,505,26,2024-08-22,2024-09-09,Completed
5411,1870,2,2026-03-31,2026-04-18,Completed
5412,1707,38,2025-04-28,2025-05-23,Completed
5413,1356,2,2024-02-21,,In Progress
5414,512,38,2025-06-22,,Dropped
5415,158,2,2025-08-14,,Not Started
5416,733,3,2024-07-13,2024-07-25,Completed
5417,532,24,2026-01-25,2026-02-04,Completed
5418,1,37,2024-06-18,2024-06-23,Completed
5419,999,12,2024-03-09,2024-03-17,Completed
5420,1855,23,2025-03-22,2025-03-29,Completed
5421,1083,29,2026-07-18,2026-07-27,Completed
5422,393,6,2024-07-20,2024-08-08,Completed
5423,1497,32,2024-05-23,2024-06-17,Completed
5424,1639,38,2024-12-02,,Dropped
5425,1427,30,2024-11-23,2024-12-14,Completed
5426,1325,23,2025-11-13,2025-12-03,Completed
5427,1124,5,2024-03-01,2024-03-18,Completed
5428,1511,32,2025-08-29,2025-09-06,Completed
5429,1668,22,2024-04-28,2024-05-05,Completed
5430,1333,9,2025-08-07,2025-08-31,Completed
5431,554,19,2024-10-24,2024-10-28,Completed
5432,1539,2,2026-04-15,2026-05-04,Completed
5433,1421,27,2026-07-11,2026-07-23,Completed
5434,1189,3,2026-05-25,2026-06-14,Completed
5435,316,1,2024-05-03,,In Progress
5436,1681,28,2024-04-20,2024-04-26,Completed
5437,312,2,2026-07-12,2026-07-29,Completed
5438,1438,11,2025-09-25,,Not Started
5439,1052,39,2025-02-04,2025-02-25,Completed
5440,609,21,2025-12-08,2025-12-25,Completed
5441,383,38,2025-09-06,2025-09-29,Completed
5442,790,17,2025-11-15,2025-12-09,Completed
5443,1949,3,2025-03-02,2025-03-20,Completed
5444,1422,25,2024-05-06,,Not Started
5445,1980,11,2026-03-25,2026-04-02,Completed
5446,1147,25,2026-07-02,2026-07-13,Completed
5447,127,20,2026-06-22,2026-06-30,Completed
5448,736,15,2026-06-17,2026-06-27,Completed
5449,1818,39,2024-10-23,2024-11-02,Completed
5450,1914,28,2024-01-13,,In Progress
5451,303,36,2026-06-16,,In Progress
5452,516,15,2025-02-06,2025-02-13,Completed
5453,1290,7,2026-03-10,2026-03-21,Completed
5454,642,8,2026-05-05,,Not Started
5455,1805,8,2024-09-04,2024-09-24,Completed
5456,1639,1,2025-04-03,2025-04-09,Completed
5457,637,31,2025-09-25,,Dropped
5458,406,25,2025-10-11,,Not Started
5459,1354,22,2025-07-02,2025-07-28,Completed
5460,1864,37,2025-12-26,2026-01-12,Completed
5461,620,2,2025-07-06,2025-07-29,Completed
5462,997,35,2024-03-17,2024-04-12,Completed
5463,693,5,2024-10-26,,Dropped
5464,107,1,2026-05-02,2026-05-09,Completed
5465,1808,32,2026-05-24,2026-06-21,Completed
5466,1379,33,2026-02-11,2026-03-05,Completed
5467,1980,37,2024-10-17,,In Progress
5468,1648,39,2024-12-18,2025-01-02,Completed
5469,710,10,2024-03-07,2024-04-07,Completed
5470,1365,40,2025-08-29,2025-09-19,Completed
5471,365,18,2026-05-14,2026-06-10,Completed
5472,1953,30,2025-12-31,2026-01-24,Completed
5473,654,27,2024-08-12,2024-08-21,Completed
5474,1649,21,2026-03-25,,Not Started
5475,1181,5,2025-01-25,2025-02-27,Completed
5476,1284,5,2026-05-04,2026-06-05,Completed
5477,874,19,2025-05-04,,Dropped
5478,1511,37,2024-10-07,2024-10-16,Completed
5479,722,37,2025-04-12,,In Progress
5480,474,2,2025-09-20,2025-10-16,Completed
5481,482,2,2024-03-23,,In Progress
5482,1397,22,2024-07-10,2024-08-03,Completed
5483,392,11,2024-11-15,2024-12-13,Completed
5484,117,12,2026-04-14,2026-05-11,Completed
5485,7,19,2025-01-18,2025-02-08,Completed
5486,1130,37,2026-07-13,2026-07-24,Completed
5487,1349,22,2025-09-18,,In Progress
5488,819,6,2024-12-20,2025-01-13,Completed
5489,853,27,2025-02-28,2025-03-08,Completed
5490,487,21,2024-01-12,,In Progress
5491,1868,22,2024-03-15,2024-03-27,Completed
5492,1132,9,2025-01-02,2025-01-12,Completed
5493,334,37,2025-08-19,2025-08-24,Completed
5494,402,33,2026-04-24,2026-05-02,Completed
5495,1521,11,2024-03-09,2024-03-17,Completed
5496,1192,16,2025-11-06,2025-11-13,Completed
5497,1886,30,2026-08-04,,Dropped
5498,54,23,2025-05-24,2025-06-01,Completed
5499,1378,7,2026-05-31,,In Progress
5500,879,7,2026-02-13,2026-03-11,Completed
5501,21,38,2024-12-09,,In Progress
5502,516,2,2024-08-31,2024-09-12,Completed
5503,289,7,2024-05-17,2024-06-15,Completed
5504,998,34,2026-03-16,,In Progress
5505,1779,39,2024-02-10,,Not Started
5506,407,36,2026-04-25,2026-05-03,Completed
5507,1298,33,2024-04-24,2024-05-03,Completed
5508,904,2,2026-03-22,,Dropped
5509,1672,24,2026-01-12,2026-01-24,Completed
5510,724,38,2024-11-10,2024-12-05,Completed
5511,1397,35,2024-11-23,,Dropped
5512,1955,33,2024-03-13,,Dropped
5513,904,30,2025-08-18,2025-09-18,Completed
5514,1755,19,2026-04-16,2026-04-22,Completed
5515,627,23,2024-07-29,2024-08-06,Completed
5516,1839,1,2025-07-01,2025-07-12,Completed
5517,1995,7,2026-04-16,2026-05-17,Completed
5518,685,31,2025-08-18,,Dropped
5519,1379,34,2024-01-28,2024-02-19,Completed
5520,196,19,2024-01-20,2024-02-06,Completed
5521,610,21,2025-01-16,2025-02-09,Completed
5522,77,37,2024-05-12,2024-05-18,Completed
5523,624,2,2024-09-15,2024-09-25,Completed
5524,917,2,2025-06-14,2025-07-05,Completed
5525,129,16,2025-07-17,2025-08-04,Completed
5526,1314,32,2024-07-15,2024-07-23,Completed
5527,577,21,2025-08-10,2025-08-13,Completed
5528,430,26,2024-01-22,2024-02-17,Completed
5529,638,26,2024-09-18,2024-09-30,Completed
5530,629,10,2024-04-16,2024-05-03,Completed
5531,136,36,2026-04-04,2026-04-18,Completed
5532,4,2,2025-10-06,2025-10-20,Completed
5533,250,7,2025-01-10,2025-02-09,Completed
5534,933,22,2024-05-16,2024-06-04,Completed
5535,1557,39,2024-05-30,2024-06-05,Completed
5536,1391,7,2024-12-31,2025-01-29,Completed
5537,951,3,2024-03-28,2024-05-02,Completed
5538,1600,2,2025-06-19,,In Progress
5539,1229,36,2025-07-26,,Not Started
5540,1136,19,2025-07-21,,Dropped
5541,1686,17,2025-03-09,2025-03-28,Completed
5542,1880,14,2024-03-06,2024-03-25,Completed
5543,952,25,2024-05-11,,In Progress
5544,1243,20,2025-06-29,,Not Started
5545,458,23,2025-10-20,2025-10-30,Completed
5546,86,9,2025-05-02,2025-05-15,Completed
5547,740,3,2024-09-15,2024-10-18,Completed
5548,1027,16,2025-06-06,,In Progress
5549,174,25,2026-03-20,2026-04-17,Completed
5550,458,9,2025-07-05,2025-07-31,Completed
5551,63,19,2025-08-15,2025-09-12,Completed
5552,639,29,2024-02-11,2024-03-08,Completed
5553,1629,3,2026-06-16,2026-07-06,Completed
5554,1045,11,2024-07-16,,Dropped
5555,218,31,2025-07-06,2025-07-21,Completed
5556,1356,15,2024-05-23,2024-06-05,Completed
5557,1695,10,2024-07-14,,In Progress
5558,1196,5,2024-03-24,2024-04-15,Completed
5559,516,1,2025-02-24,2025-03-12,Completed
5560,1736,16,2025-04-12,2025-04-17,Completed
5561,1514,18,2025-10-12,2025-10-27,Completed
5562,404,17,2025-11-03,2025-11-09,Completed
5563,1407,37,2025-01-02,2025-01-15,Completed
5564,1473,12,2024-08-12,2024-08-27,Completed
5565,579,38,2026-05-19,2026-06-14,Completed
5566,1924,37,2025-12-26,2026-01-10,Completed
5567,934,18,2025-05-30,,Dropped
5568,1102,39,2025-08-24,,Not Started
5569,338,25,2026-07-08,,In Progress
5570,1997,39,2024-04-18,,In Progress
5571,65,29,2025-04-11,,In Progress
5572,1391,26,2026-08-05,2026-09-04,Completed
5573,1549,23,2025-05-21,,In Progress
5574,140,40,2026-03-12,2026-03-27,Completed
5575,217,27,2025-01-10,2025-02-02,Completed
5576,1419,1,2024-10-13,2024-10-19,Completed
5577,1951,27,2024-11-14,2024-12-03,Completed
5578,991,2,2025-03-04,2025-03-20,Completed
5579,306,39,2024-05-09,,In Progress
5580,616,33,2025-05-24,2025-06-08,Completed
5581,1153,21,2025-04-26,2025-05-24,Completed
5582,33,40,2025-05-29,2025-06-25,Completed
5583,29,7,2024-06-09,2024-07-10,Completed
5584,97,27,2025-11-06,2025-12-07,Completed
5585,1546,1,2024-09-07,2024-09-25,Completed
5586,1351,16,2025-06-26,2025-07-19,Completed
5587,1792,18,2026-07-02,2026-07-31,Completed
5588,1661,26,2026-02-11,2026-03-13,Completed
5589,117,8,2024-08-21,2024-08-30,Completed
5590,1645,17,2025-10-01,2025-10-29,Completed
5591,1025,38,2025-08-10,2025-08-24,Completed
5592,1724,22,2024-10-17,2024-10-30,Completed
5593,1752,20,2024-04-17,,Not Started
5594,1393,5,2024-04-05,2024-05-11,Completed
5595,591,8,2024-09-10,2024-09-24,Completed
5596,1889,13,2025-01-23,,In Progress
5597,199,19,2024-05-07,2024-05-22,Completed
5598,1218,2,2026-04-16,2026-04-24,Completed
5599,504,9,2026-07-14,,In Progress
5600,555,6,2026-05-13,2026-06-02,Completed
5601,1651,27,2024-10-30,2024-11-30,Completed
5602,1982,31,2024-12-04,2024-12-16,Completed
5603,646,3,2025-10-26,2025-11-11,Completed
5604,253,2,2024-12-10,2025-01-07,Completed
5605,137,3,2026-05-06,,Not Started
5606,56,25,2024-01-29,2024-02-18,Completed
5607,210,8,2025-02-15,2025-02-27,Completed
5608,109,31,2025-01-04,,Dropped
5609,362,2,2025-11-22,2025-12-05,Completed
5610,1325,36,2026-03-13,,Not Started
5611,1340,40,2024-09-07,,In Progress
5612,749,33,2025-07-27,2025-08-07,Completed
5613,648,31,2024-05-02,2024-05-23,Completed
5614,223,39,2024-11-16,2024-12-07,Completed
5615,1170,28,2024-11-14,2024-11-23,Completed
5616,847,32,2024-03-28,2024-04-13,Completed
5617,645,6,2026-02-20,,In Progress
5618,1798,11,2024-06-06,2024-06-15,Completed
5619,1475,25,2025-01-12,2025-01-20,Completed
5620,553,35,2025-08-17,,In Progress
5621,1346,11,2024-02-02,2024-02-13,Completed
5622,274,6,2025-07-22,2025-08-06,Completed
5623,1691,12,2024-02-27,2024-03-26,Completed
5624,1509,38,2024-12-07,,Dropped
5625,352,19,2024-01-31,2024-02-29,Completed
5626,1016,11,2026-06-12,2026-07-08,Completed
5627,1042,3,2025-12-03,,Dropped
5628,1292,33,2026-04-07,2026-04-22,Completed
5629,1615,32,2024-10-28,,Dropped
5630,734,5,2025-12-21,2026-01-17,Completed
5631,1001,18,2024-10-19,,In Progress
5632,561,21,2024-09-27,,In Progress
5633,503,1,2025-03-13,2025-03-20,Completed
5634,100,16,2025-01-30,2025-02-19,Completed
5635,1893,4,2024-10-31,2024-11-10,Completed
5636,1967,29,2025-04-13,2025-04-30,Completed
5637,1644,6,2025-04-18,2025-05-21,Completed
5638,1815,33,2025-07-29,2025-08-25,Completed
5639,1773,10,2026-04-03,2026-04-27,Completed
5640,207,4,2024-01-23,,Dropped
5641,521,1,2024-06-09,,Dropped
5642,519,33,2024-12-28,,In Progress
5643,1236,16,2024-04-04,,In Progress
5644,124,22,2025-09-21,,Dropped
5645,1668,7,2026-05-12,2026-05-27,Completed
5646,960,1,2025-07-31,2025-08-10,Completed
5647,739,26,2026-07-03,,In Progress
5648,1448,18,2024-07-25,2024-08-10,Completed
5649,1585,2,2024-05-14,2024-06-11,Completed
5650,1691,7,2025-11-27,,Not Started
5651,1592,22,2024-09-09,2024-10-02,Completed
5652,1042,38,2024-09-21,,Not Started
5653,1921,4,2025-07-24,2025-08-03,Completed
5654,1405,38,2025-03-13,2025-03-30,Completed
5655,1212,37,2025-08-06,2025-08-16,Completed
5656,689,38,2024-11-09,2024-12-04,Completed
5657,1835,13,2025-09-30,2025-10-20,Completed
5658,1502,19,2024-04-28,2024-05-25,Completed
5659,396,28,2025-05-19,2025-06-02,Completed
5660,1395,29,2025-11-05,,In Progress
5661,900,29,2025-06-25,2025-07-05,Completed
5662,1909,27,2026-07-12,2026-07-24,Completed
5663,1229,39,2025-02-07,,Dropped
5664,1873,3,2025-01-31,2025-02-23,Completed
5665,1881,33,2025-12-28,2026-01-25,Completed
5666,567,40,2024-10-11,,In Progress
5667,798,12,2025-01-10,2025-01-22,Completed
5668,1132,14,2025-05-31,2025-06-07,Completed
5669,1976,1,2024-01-07,,Not Started
5670,1449,36,2024-05-14,2024-06-04,Completed
5671,332,1,2026-03-04,2026-03-31,Completed
5672,1304,12,2024-12-31,2025-01-23,Completed
5673,1471,38,2025-03-28,,In Progress
5674,1844,16,2025-05-08,,In Progress
5675,374,6,2024-08-03,2024-08-19,Completed
5676,445,37,2024-08-22,,In Progress
5677,1803,17,2026-01-18,,In Progress
5678,1466,17,2024-08-09,2024-09-07,Completed
5679,1529,22,2024-03-22,,In Progress
5680,706,3,2024-01-13,2024-01-23,Completed
5681,1003,17,2024-06-18,2024-06-29,Completed
5682,1831,24,2024-09-14,,Not Started
5683,1428,20,2026-06-17,2026-07-17,Completed
5684,784,39,2026-08-06,,In Progress
5685,444,36,2024-03-10,2024-03-23,Completed
5686,976,8,2024-01-27,2024-02-02,Completed
5687,1148,21,2024-07-18,2024-08-04,Completed
5688,455,1,2026-04-09,2026-04-26,Completed
5689,106,18,2024-08-02,,Dropped
5690,957,17,2026-04-29,,Dropped
5691,216,40,2025-09-18,2025-09-27,Completed
5692,1821,38,2024-03-28,,In Progress
5693,1060,12,2026-07-04,,Not Started
5694,328,27,2025-04-09,2025-04-26,Completed
5695,1243,25,2026-07-05,2026-07-26,Completed
5696,306,16,2026-01-03,2026-01-26,Completed
5697,121,18,2024-06-25,2024-07-19,Completed
5698,1287,18,2026-06-11,2026-07-09,Completed
5699,249,20,2026-05-15,,In Progress
5700,572,12,2024-09-08,2024-10-05,Completed
5701,1433,11,2025-02-27,,In Progress
5702,270,7,2024-03-18,,In Progress
5703,1661,24,2026-03-09,,Dropped
5704,1057,28,2024-12-25,2025-01-10,Completed
5705,913,32,2024-01-31,2024-02-12,Completed
5706,29,33,2025-07-18,2025-07-26,Completed
5707,1627,16,2024-01-04,,Dropped
5708,580,38,2025-04-21,2025-04-28,Completed
5709,1956,32,2024-10-13,2024-10-26,Completed
5710,1911,1,2025-03-30,2025-04-22,Completed
5711,867,18,2024-12-23,2025-01-21,Completed
5712,993,11,2025-11-30,2025-12-05,Completed
5713,1204,12,2026-02-10,2026-02-27,Completed
5714,89,10,2026-04-28,,Dropped
5715,361,37,2025-02-04,2025-02-15,Completed
5716,1387,15,2025-04-01,2025-04-19,Completed
5717,1957,12,2025-07-07,,Dropped
5718,590,31,2024-05-17,2024-06-19,Completed
5719,1982,37,2025-10-28,2025-11-23,Completed
5720,1357,11,2024-02-17,2024-03-15,Completed
5721,531,37,2024-05-29,2024-06-12,Completed
5722,535,26,2026-08-09,2026-08-21,Completed
5723,1758,22,2024-10-20,2024-11-18,Completed
5724,1800,38,2026-01-02,,In Progress
5725,774,17,2024-02-04,2024-03-01,Completed
5726,1147,26,2025-12-12,2026-01-03,Completed
5727,1507,34,2025-12-14,,Dropped
5728,1940,13,2024-11-18,2024-12-13,Completed
5729,155,39,2024-03-29,2024-04-20,Completed
5730,1662,38,2025-04-13,2025-04-28,Completed
5731,594,39,2025-05-31,2025-06-09,Completed
5732,1338,22,2025-07-04,2025-07-18,Completed
5733,444,17,2024-02-23,2024-03-04,Completed
5734,571,22,2026-06-18,,Dropped
5735,884,29,2024-12-30,2025-01-24,Completed
5736,1069,40,2026-08-06,,Dropped
5737,506,40,2025-03-25,2025-04-05,Completed
5738,902,1,2024-02-10,2024-03-05,Completed
5739,412,15,2024-03-10,,In Progress
5740,1717,17,2025-02-07,,In Progress
5741,366,40,2026-07-10,2026-07-31,Completed
5742,286,30,2026-05-03,,Not Started
5743,1593,38,2024-08-13,2024-09-07,Completed
5744,326,18,2024-08-01,,Not Started
5745,1590,19,2024-05-24,2024-06-12,Completed
5746,379,40,2024-06-07,,Dropped
5747,10,1,2026-03-10,2026-04-06,Completed
5748,1037,35,2024-12-23,,In Progress
5749,236,13,2024-05-25,2024-06-05,Completed
5750,698,31,2025-01-24,2025-02-19,Completed
5751,1106,32,2026-05-24,2026-06-09,Completed
5752,1878,18,2025-07-04,2025-07-28,Completed
5753,1241,2,2024-07-29,2024-08-14,Completed
5754,150,33,2024-09-08,,In Progress
5755,831,12,2024-07-12,2024-08-04,Completed
5756,662,16,2025-07-02,2025-07-27,Completed
5757,1234,40,2025-03-30,,Dropped
5758,1644,17,2024-01-29,,In Progress
5759,1641,2,2024-02-15,2024-03-02,Completed
5760,1923,14,2026-05-01,2026-05-12,Completed
5761,507,36,2024-02-02,,Not Started
5762,1606,9,2025-08-28,2025-09-23,Completed
5763,1000,40,2026-07-02,,Not Started
5764,404,15,2025-03-24,2025-04-21,Completed
5765,1305,33,2026-07-13,2026-08-05,Completed
5766,1865,27,2025-03-23,2025-03-31,Completed
5767,1857,13,2025-05-04,2025-06-04,Completed
5768,617,34,2026-01-26,2026-02-11,Completed
5769,1707,19,2025-03-15,2025-03-23,Completed
5770,595,30,2026-01-11,2026-01-20,Completed
5771,562,5,2025-06-02,2025-06-21,Completed
5772,1286,2,2024-04-21,,In Progress
5773,1238,19,2025-04-26,2025-05-06,Completed
5774,1452,8,2025-08-08,2025-09-03,Completed
5775,330,4,2025-12-31,2026-01-24,Completed
5776,1710,32,2026-07-07,,Dropped
5777,1881,4,2024-11-17,2024-11-23,Completed
5778,30,17,2026-04-21,2026-04-30,Completed
5779,1356,27,2024-10-23,2024-11-14,Completed
5780,530,38,2024-12-25,2025-01-21,Completed
5781,990,2,2026-04-29,,In Progress
5782,545,3,2025-04-20,2025-05-12,Completed
5783,800,1,2024-11-19,2024-12-13,Completed
5784,1716,7,2024-03-27,,Dropped
5785,824,27,2026-01-26,2026-02-15,Completed
5786,1338,15,2026-07-31,,In Progress
5787,1367,38,2026-02-08,,In Progress
5788,1910,14,2025-04-30,2025-05-16,Completed
5789,821,35,2025-05-07,,Not Started
5790,96,21,2024-05-08,2024-06-01,Completed
5791,1511,38,2026-05-20,2026-06-09,Completed
5792,893,11,2026-06-20,2026-06-30,Completed
5793,145,18,2024-03-04,2024-03-27,Completed
5794,1101,20,2025-06-25,2025-07-17,Completed
5795,1027,18,2024-05-27,2024-06-09,Completed
5796,1517,9,2024-06-19,2024-06-26,Completed
5797,1407,27,2025-01-05,2025-01-24,Completed
5798,1824,23,2025-09-01,,In Progress
5799,958,31,2024-08-25,2024-09-15,Completed
5800,1608,27,2024-02-05,2024-03-07,Completed
5801,981,4,2025-02-28,,Dropped
5802,885,6,2024-02-08,2024-03-12,Completed
5803,1776,3,2024-09-10,2024-09-22,Completed
5804,1115,27,2025-08-03,,In Progress
5805,490,7,2024-01-21,,Dropped
5806,223,38,2026-03-31,,Dropped
5807,539,26,2025-02-14,2025-03-08,Completed
5808,1090,11,2025-06-19,2025-07-05,Completed
5809,274,27,2024-12-30,2025-01-17,Completed
5810,214,12,2024-10-10,2024-11-05,Completed
5811,937,38,2024-12-20,2025-01-07,Completed
5812,433,11,2025-04-08,,Not Started
5813,1802,21,2025-10-27,2025-11-21,Completed
5814,1896,3,2024-09-04,2024-09-26,Completed
5815,1957,16,2025-09-24,2025-10-05,Completed
5816,1346,40,2026-04-07,,Dropped
5817,1459,32,2024-12-29,2025-01-27,Completed
5818,1101,16,2024-09-13,2024-10-07,Completed
5819,1094,38,2024-11-30,,Not Started
5820,793,37,2025-12-10,2025-12-31,Completed
5821,1536,22,2024-04-23,,In Progress
5822,1877,29,2024-05-12,2024-05-31,Completed
5823,1914,23,2025-10-11,2025-11-07,Completed
5824,1944,5,2024-07-19,2024-08-21,Completed
5825,1917,20,2024-05-20,2024-06-05,Completed
5826,1714,3,2025-08-27,2025-09-19,Completed
5827,986,21,2026-05-08,2026-05-12,Completed
5828,186,33,2024-01-05,2024-01-27,Completed
5829,1666,2,2026-02-16,2026-03-21,Completed
5830,1271,11,2026-01-07,,In Progress
5831,1770,3,2024-01-10,2024-02-10,Completed
5832,931,4,2026-07-26,2026-08-25,Completed
5833,1763,32,2025-10-14,2025-10-21,Completed
5834,1299,9,2024-12-26,,In Progress
5835,784,5,2024-11-08,,In Progress
5836,1481,9,2025-12-06,2025-12-12,Completed
5837,193,15,2025-03-11,2025-04-05,Completed
5838,1622,7,2024-08-05,,Not Started
5839,723,1,2024-06-08,2024-07-07,Completed
5840,270,14,2024-11-26,2024-12-17,Completed
5841,188,39,2024-01-15,2024-02-06,Completed
5842,1013,11,2026-05-25,2026-06-15,Completed
5843,1717,9,2025-11-19,2025-11-29,Completed
5844,126,4,2024-10-16,2024-10-28,Completed
5845,1543,38,2024-02-20,2024-03-04,Completed
5846,30,30,2026-02-02,2026-03-04,Completed
5847,1776,8,2024-07-07,2024-07-31,Completed
5848,1311,38,2025-08-01,2025-08-17,Completed
5849,51,4,2024-10-03,2024-11-03,Completed
5850,415,3,2026-07-18,2026-08-11,Completed
5851,992,3,2025-07-24,2025-08-24,Completed
5852,673,27,2024-09-04,,Not Started
5853,265,30,2025-05-15,2025-06-11,Completed
5854,452,18,2024-12-29,2025-01-16,Completed
5855,815,2,2024-05-10,2024-06-02,Completed
5856,1940,7,2024-11-24,2024-12-04,Completed
5857,591,18,2024-04-09,2024-04-25,Completed
5858,833,16,2024-12-13,,Dropped
5859,506,22,2026-03-28,,In Progress
5860,1526,36,2025-09-13,2025-09-29,Completed
5861,1450,2,2024-05-22,,Not Started
5862,709,2,2025-10-19,2025-11-04,Completed
5863,1701,35,2025-10-13,2025-10-20,Completed
5864,895,4,2025-09-25,,Dropped
5865,1106,39,2025-10-21,,Dropped
5866,1033,5,2024-10-21,,In Progress
5867,970,5,2025-12-22,,Dropped
5868,1158,2,2024-05-14,2024-06-10,Completed
5869,1771,2,2025-04-05,,Dropped
5870,1411,23,2024-05-31,,Not Started
5871,710,23,2025-08-03,2025-08-19,Completed
5872,646,17,2026-07-31,2026-08-14,Completed
5873,1643,5,2026-03-19,,In Progress
5874,864,38,2024-07-10,,Not Started
5875,69,34,2025-12-24,2026-01-18,Completed
5876,1478,26,2025-09-04,2025-09-10,Completed
5877,1469,9,2024-09-14,2024-09-27,Completed
5878,1796,6,2024-09-30,2024-10-14,Completed
5879,1687,4,2026-03-07,2026-04-07,Completed
5880,857,22,2024-09-15,2024-10-11,Completed
5881,1557,40,2025-12-25,2025-12-29,Completed
5882,950,24,2024-06-18,,Dropped
5883,1962,17,2026-01-05,2026-01-20,Completed
5884,322,17,2024-02-18,,Dropped
5885,1039,37,2026-07-31,2026-08-19,Completed
5886,655,26,2024-04-18,2024-04-30,Completed
5887,386,21,2025-01-16,2025-01-19,Completed
5888,90,22,2026-07-10,2026-07-27,Completed
5889,434,24,2024-05-23,2024-06-20,Completed
5890,1763,16,2025-05-02,,Not Started
5891,1812,11,2025-02-16,2025-03-06,Completed
5892,247,18,2025-07-20,2025-08-07,Completed
5893,1340,1,2024-10-23,2024-11-11,Completed
5894,1307,6,2024-07-07,2024-07-27,Completed
5895,725,25,2026-02-17,2026-03-10,Completed
5896,584,38,2026-02-28,2026-03-11,Completed
5897,1534,16,2024-07-24,2024-08-11,Completed
5898,641,19,2024-11-17,,Not Started
5899,1549,2,2025-06-11,2025-07-14,Completed
5900,1494,34,2025-05-26,2025-06-21,Completed
5901,792,13,2026-04-16,2026-05-10,Completed
5902,837,11,2025-02-25,2025-03-27,Completed
5903,1902,25,2026-02-26,,Dropped
5904,469,28,2025-04-03,,In Progress
5905,315,5,2026-05-13,2026-06-02,Completed
5906,1057,8,2024-05-23,2024-06-16,Completed
5907,328,5,2026-06-27,2026-07-11,Completed
5908,1500,8,2024-12-27,2025-01-20,Completed
5909,1299,13,2026-01-07,2026-02-02,Completed
5910,268,7,2025-02-10,2025-02-25,Completed
5911,144,10,2025-03-15,2025-03-22,Completed
5912,379,23,2025-04-28,2025-05-05,Completed
5913,452,32,2024-06-07,2024-06-30,Completed
5914,293,3,2025-09-26,,In Progress
5915,741,25,2024-06-01,2024-06-27,Completed
5916,390,23,2024-06-19,2024-07-05,Completed
5917,68,3,2025-11-20,2025-12-09,Completed
5918,1163,15,2024-05-16,2024-05-21,Completed
5919,944,32,2025-11-24,2025-12-18,Completed
5920,1659,11,2025-09-09,2025-10-01,Completed
5921,959,20,2024-08-05,2024-08-31,Completed
5922,603,30,2025-02-16,2025-03-14,Completed
5923,50,2,2025-03-24,2025-04-10,Completed
5924,622,15,2025-02-05,2025-02-19,Completed
5925,1409,21,2025-03-17,,Not Started
5926,1679,1,2025-08-01,2025-08-13,Completed
5927,1061,16,2024-06-11,,Dropped
5928,1523,13,2026-01-16,2026-02-01,Completed
5929,687,22,2024-12-08,,In Progress
5930,875,5,2025-05-03,,In Progress
5931,773,14,2026-02-07,,Dropped
5932,432,33,2026-03-07,2026-03-28,Completed
5933,1505,33,2025-05-14,2025-05-30,Completed
5934,1471,33,2025-02-26,,Not Started
5935,1680,28,2025-12-29,2026-01-04,Completed
5936,1491,27,2025-04-23,2025-05-23,Completed
5937,1377,26,2024-09-16,2024-10-05,Completed
5938,853,15,2024-02-17,2024-03-02,Completed
5939,1228,29,2025-01-30,2025-02-06,Completed
5940,776,36,2025-02-09,2025-02-28,Completed
5941,791,30,2026-02-03,2026-02-26,Completed
5942,1958,18,2025-09-22,,Not Started
5943,557,39,2025-09-10,,Dropped
5944,522,36,2026-02-11,2026-03-10,Completed
5945,1555,25,2026-07-19,2026-07-26,Completed
5946,1066,39,2025-09-28,2025-10-13,Completed
5947,1639,3,2025-11-14,2025-11-25,Completed
5948,1741,21,2025-07-07,2025-07-30,Completed
5949,482,36,2025-07-11,2025-07-13,Completed
5950,249,15,2026-01-28,2026-02-17,Completed
5951,862,22,2026-04-03,2026-05-02,Completed
5952,1881,6,2025-05-20,2025-06-22,Completed
5953,508,24,2025-09-16,2025-09-21,Completed
5954,187,31,2026-06-16,2026-07-19,Completed
5955,57,2,2024-08-08,2024-09-09,Completed
5956,752,5,2024-01-07,2024-01-26,Completed
5957,1188,3,2024-06-04,2024-06-20,Completed
5958,497,33,2025-02-08,2025-03-08,Completed
5959,445,26,2024-10-25,,In Progress
5960,1216,21,2024-03-22,2024-03-26,Completed
5961,376,8,2025-07-16,2025-08-04,Completed
5962,992,5,2026-05-03,2026-06-03,Completed
5963,713,23,2026-07-08,,Dropped
5964,502,3,2026-03-02,2026-04-01,Completed
5965,656,15,2025-08-12,2025-08-17,Completed
5966,16,27,2025-12-07,2025-12-31,Completed
5967,1309,40,2026-02-05,2026-02-22,Completed
5968,771,36,2026-05-13,,Not Started
5969,436,33,2024-06-27,,Not Started
5970,1741,11,2024-09-01,2024-09-12,Completed
5971,1606,36,2026-07-20,,In Progress
5972,233,14,2024-03-15,2024-04-11,Completed
5973,1010,10,2025-09-25,2025-10-15,Completed
5974,2000,24,2026-07-08,2026-07-30,Completed
5975,927,1,2025-05-09,2025-05-20,Completed
5976,1856,1,2024-09-17,2024-10-12,Completed
5977,487,25,2026-01-20,2026-01-25,Completed
5978,1764,36,2026-08-13,,In Progress
5979,580,24,2025-08-04,2025-08-14,Completed
5980,1715,6,2024-04-25,2024-05-24,Completed
5981,26,1,2026-05-31,2026-06-28,Completed
5982,440,5,2025-12-15,2026-01-03,Completed
5983,285,27,2026-02-11,2026-03-11,Completed
5984,924,14,2025-01-04,2025-01-09,Completed
5985,1811,4,2024-08-13,2024-09-01,Completed
5986,958,21,2026-01-12,2026-01-31,Completed
5987,1955,37,2024-08-08,2024-08-22,Completed
5988,1012,26,2024-04-13,,In Progress
5989,171,15,2025-06-01,2025-07-01,Completed
5990,887,40,2025-04-24,,In Progress
5991,1520,20,2026-01-24,2026-02-17,Completed
5992,15,5,2024-04-08,2024-05-06,Completed
5993,814,36,2026-02-11,2026-02-27,Completed
5994,479,31,2024-06-23,2024-07-20,Completed
5995,1175,10,2025-05-09,2025-05-25,Completed
5996,428,25,2024-01-24,2024-02-19,Completed
5997,25,13,2024-07-21,2024-08-12,Completed
5998,576,31,2024-03-03,2024-03-11,Completed
5999,917,11,2024-11-23,2024-12-06,Completed
6000,1028,11,2025-07-14,2025-08-03,Completed
6001,915,2,2026-03-11,2026-03-27,Completed
6002,894,17,2025-05-18,2025-05-23,Completed
6003,1146,25,2024-08-20,,Not Started
6004,1333,17,2024-10-06,2024-10-12,Completed
6005,696,38,2024-08-25,2024-09-18,Completed
6006,1835,1,2025-05-24,,Dropped
6007,905,5,2025-10-18,2025-11-13,Completed
6008,497,38,2024-05-20,2024-06-09,Completed
6009,53,3,2025-12-07,2025-12-24,Completed
6010,268,1,2024-04-20,2024-05-01,Completed
6011,130,33,2024-09-18,2024-10-01,Completed
6012,1741,14,2024-02-01,2024-02-24,Completed
6013,1222,1,2024-01-31,2024-02-07,Completed
6014,822,11,2024-03-08,2024-04-02,Completed
6015,1461,34,2026-05-26,,Not Started
6016,1643,2,2024-03-31,2024-04-29,Completed
6017,805,9,2024-12-26,,Not Started
6018,1757,17,2025-03-22,,Dropped
6019,1139,16,2024-07-18,2024-07-24,Completed
6020,335,37,2026-03-15,,In Progress
6021,1699,2,2026-01-25,2026-02-02,Completed
6022,631,24,2025-07-10,2025-07-22,Completed
6023,1111,40,2025-06-17,2025-06-21,Completed
6024,1872,3,2026-02-10,,Not Started
6025,562,33,2024-12-09,2024-12-31,Completed
6026,1630,27,2025-04-20,2025-04-28,Completed
6027,1197,35,2024-05-12,2024-05-30,Completed
6028,1512,1,2025-05-10,2025-05-20,Completed
6029,1619,3,2025-03-08,2025-03-20,Completed
6030,1909,37,2026-06-09,,Not Started
6031,1554,32,2024-05-12,,Dropped
6032,1363,6,2024-01-05,2024-01-24,Completed
6033,1961,7,2025-04-07,2025-04-19,Completed
6034,902,17,2024-05-19,2024-05-30,Completed
6035,1493,4,2025-09-24,,Dropped
6036,1303,22,2025-12-07,2025-12-19,Completed
6037,1074,21,2025-04-30,,In Progress
6038,739,28,2025-05-25,2025-06-13,Completed
6039,1961,5,2025-09-14,,Dropped
6040,390,6,2026-01-12,2026-02-04,Completed
6041,1827,27,2024-01-17,2024-01-31,Completed
6042,62,37,2025-09-19,2025-10-07,Completed
6043,822,26,2024-07-19,2024-08-19,Completed
6044,1083,11,2025-01-28,2025-02-11,Completed
6045,546,4,2025-04-10,2025-05-03,Completed
6046,477,11,2026-02-16,2026-03-14,Completed
6047,711,4,2024-09-02,2024-09-25,Completed
6048,1502,21,2025-11-08,2025-11-16,Completed
6049,1616,39,2025-04-29,2025-05-08,Completed
6050,1701,7,2024-11-15,,Dropped
6051,1924,15,2024-06-10,2024-06-18,Completed
6052,842,16,2024-09-08,2024-09-13,Completed
6053,239,8,2026-06-17,2026-07-04,Completed
6054,816,27,2024-09-18,,Dropped
6055,704,5,2026-06-13,2026-07-07,Completed
6056,351,32,2025-06-24,2025-07-05,Completed
6057,1817,6,2025-01-08,2025-01-25,Completed
6058,566,8,2025-01-06,,In Progress
6059,241,29,2026-06-24,2026-07-09,Completed
6060,417,9,2024-10-24,,Not Started
6061,173,2,2025-04-23,2025-05-19,Completed
6062,543,10,2025-08-04,2025-08-30,Completed
6063,592,5,2026-04-12,2026-05-11,Completed
6064,1089,28,2024-07-02,,Dropped
6065,1574,10,2024-08-31,2024-09-17,Completed
6066,153,4,2024-04-23,2024-05-12,Completed
6067,560,30,2025-10-19,2025-11-03,Completed
6068,1353,15,2024-07-01,2024-07-22,Completed
6069,906,5,2025-03-27,,In Progress
6070,662,6,2026-07-18,2026-08-11,Completed
6071,1807,19,2026-02-22,2026-03-23,Completed
6072,243,13,2026-05-24,2026-06-13,Completed
6073,648,33,2024-09-24,2024-10-21,Completed
6074,155,32,2024-08-13,,Dropped
6075,984,36,2024-06-30,,Dropped
6076,1839,7,2024-12-13,,Not Started
6077,1665,36,2024-06-24,2024-07-19,Completed
6078,403,40,2024-01-27,,In Progress
6079,188,4,2025-02-18,,Not Started
6080,1852,39,2026-01-30,2026-02-21,Completed
6081,1394,33,2025-01-28,,Not Started
6082,632,6,2024-02-18,,Not Started
6083,1302,2,2024-10-02,2024-10-10,Completed
6084,872,16,2026-01-31,2026-02-07,Completed
6085,1486,1,2026-04-08,,Dropped
6086,1284,16,2026-02-06,2026-02-19,Completed
6087,1244,3,2026-04-11,2026-05-16,Completed
6088,131,20,2025-05-17,2025-06-13,Completed
6089,1288,1,2024-12-12,2024-12-20,Completed
6090,1740,31,2025-03-24,2025-04-19,Completed
6091,19,3,2026-07-11,2026-07-21,Completed
6092,285,28,2024-07-14,2024-07-20,Completed
6093,4,37,2026-02-18,2026-03-07,Completed
6094,339,21,2026-04-10,2026-04-26,Completed
6095,1617,40,2026-05-30,2026-06-09,Completed
6096,1309,4,2026-08-05,2026-08-28,Completed
6097,801,36,2024-09-27,,In Progress
6098,1264,21,2024-05-24,2024-06-10,Completed
6099,1267,15,2025-01-24,2025-02-18,Completed
6100,1542,39,2025-06-01,,Dropped
6101,336,1,2024-03-04,2024-03-19,Completed
6102,174,9,2024-10-03,2024-10-20,Completed
6103,29,25,2024-08-16,,Dropped
6104,348,8,2026-05-14,2026-06-02,Completed
6105,139,28,2024-12-28,2025-01-07,Completed
6106,1063,28,2026-05-13,2026-06-06,Completed
6107,1452,36,2024-10-06,2024-10-18,Completed
6108,1352,18,2025-03-23,2025-04-20,Completed
6109,1839,18,2026-02-22,2026-03-03,Completed
6110,1215,7,2024-12-14,2025-01-05,Completed
6111,1178,18,2026-04-20,2026-05-11,Completed
6112,1738,34,2025-02-03,2025-02-08,Completed
6113,961,11,2025-10-02,2025-10-18,Completed
6114,1202,6,2024-10-06,,In Progress
6115,1097,3,2024-01-05,,In Progress
6116,1674,35,2025-08-06,2025-08-19,Completed
6117,699,39,2025-03-20,,In Progress
6118,1792,4,2024-12-30,,In Progress
6119,1296,16,2025-10-09,,Not Started
6120,872,28,2026-05-25,2026-06-05,Completed
6121,732,11,2025-04-24,,Dropped
6122,805,1,2025-05-12,2025-05-20,Completed
6123,1633,5,2024-02-28,2024-03-20,Completed
6124,266,15,2025-11-10,2025-11-24,Completed
6125,1718,25,2026-07-25,2026-07-30,Completed
6126,1795,32,2026-05-25,2026-06-18,Completed
6127,601,2,2024-12-23,,Not Started
6128,1243,24,2024-11-25,2024-12-07,Completed
6129,689,4,2024-10-10,2024-10-31,Completed
6130,1583,17,2026-01-17,,Not Started
6131,678,1,2025-04-02,,In Progress
6132,855,38,2026-08-06,2026-09-01,Completed
6133,661,17,2024-08-16,2024-08-29,Completed
6134,1148,33,2026-03-29,,In Progress
6135,1490,38,2024-06-07,2024-06-14,Completed
6136,350,38,2026-04-17,,In Progress
6137,1699,10,2025-04-13,,In Progress
6138,1732,25,2024-03-25,2024-04-24,Completed
6139,665,31,2026-05-22,2026-06-14,Completed
6140,1207,30,2026-07-18,2026-08-02,Completed
6141,1153,27,2026-05-17,,Not Started
6142,672,36,2024-08-02,,In Progress
6143,814,19,2025-11-25,,Dropped
6144,1947,38,2025-09-23,2025-09-26,Completed
6145,1680,7,2025-06-13,2025-06-21,Completed
6146,897,1,2025-07-27,2025-08-04,Completed
6147,702,22,2024-03-25,,Not Started
6148,580,4,2025-07-31,,In Progress
6149,963,36,2024-08-14,,In Progress
6150,1113,12,2025-12-25,,Not Started
6151,1384,38,2026-06-10,2026-07-04,Completed
6152,508,11,2025-09-21,2025-09-28,Completed
6153,640,4,2025-03-20,,In Progress
6154,45,9,2025-06-07,2025-06-12,Completed
6155,815,32,2024-07-28,2024-08-16,Completed
6156,157,2,2025-09-05,2025-09-28,Completed
6157,387,17,2025-06-17,2025-07-04,Completed
6158,1848,12,2025-09-09,,Dropped
6159,387,25,2025-12-09,2025-12-23,Completed
6160,210,28,2025-09-19,2025-09-26,Completed
6161,1648,36,2025-01-28,2025-02-06,Completed
6162,415,40,2026-01-25,,In Progress
6163,474,2,2026-04-14,2026-05-01,Completed
6164,178,20,2024-11-04,2024-11-29,Completed
6165,1648,36,2024-02-25,2024-03-19,Completed
6166,33,24,2026-07-29,2026-08-10,Completed
6167,966,37,2025-07-07,2025-07-14,Completed
6168,1402,37,2024-02-02,2024-02-17,Completed
6169,995,28,2026-01-10,,Not Started
6170,1022,38,2026-03-12,2026-03-21,Completed
6171,1748,16,2026-02-22,,Not Started
6172,774,11,2024-12-22,2025-01-15,Completed
6173,1814,2,2024-09-13,,Dropped
6174,1033,3,2024-12-04,,In Progress
6175,1426,8,2025-01-01,,In Progress
6176,1479,3,2026-07-12,2026-08-03,Completed
6177,1279,6,2024-11-18,2024-12-03,Completed
6178,1685,2,2025-09-25,,In Progress
6179,278,5,2024-09-12,2024-09-26,Completed
6180,422,13,2026-02-02,,Not Started
6181,638,39,2025-06-16,2025-07-11,Completed
6182,1609,1,2024-01-24,2024-02-07,Completed
6183,36,16,2026-03-30,,In Progress
6184,30,14,2024-10-15,2024-10-29,Completed
6185,1295,40,2026-02-03,,In Progress
6186,627,33,2025-05-03,2025-05-13,Completed
6187,1910,38,2025-03-06,,Not Started
6188,1152,40,2026-01-22,,Not Started
6189,1354,4,2025-12-14,,Dropped
6190,1826,22,2024-09-12,2024-10-04,Completed
6191,578,2,2025-08-03,2025-08-26,Completed
6192,1881,5,2024-06-20,2024-07-07,Completed
6193,469,29,2026-03-04,,Not Started
6194,1039,24,2025-04-09,2025-04-17,Completed
6195,330,14,2024-07-04,2024-07-24,Completed
6196,1570,21,2026-07-04,2026-07-28,Completed
6197,1824,33,2025-08-26,,Not Started
6198,615,34,2025-01-01,,Not Started
6199,787,26,2024-12-07,2024-12-15,Completed
6200,1535,28,2025-08-20,2025-09-06,Completed
6201,1346,40,2024-11-01,2024-11-28,Completed
6202,659,4,2026-04-24,2026-04-30,Completed
6203,529,2,2025-01-14,2025-01-26,Completed
6204,1795,36,2026-01-25,2026-02-11,Completed
6205,1103,13,2024-09-18,2024-09-24,Completed
6206,1613,2,2025-08-25,2025-09-17,Completed
6207,1227,27,2026-02-21,2026-03-20,Completed
6208,617,14,2024-02-14,,In Progress
6209,1262,26,2024-08-21,2024-08-31,Completed
6210,1554,25,2024-12-17,,Dropped
6211,1522,3,2025-05-30,2025-06-10,Completed
6212,1634,27,2025-11-13,2025-12-04,Completed
6213,1844,28,2026-04-28,2026-05-10,Completed
6214,553,27,2025-03-09,2025-03-22,Completed
6215,217,16,2024-08-14,2024-08-18,Completed
6216,1529,18,2025-09-24,2025-10-19,Completed
6217,1528,3,2026-06-25,2026-07-20,Completed
6218,663,34,2025-05-14,2025-06-08,Completed
6219,367,28,2025-12-29,,Not Started
6220,1790,6,2024-05-08,,In Progress
6221,1546,15,2025-12-04,,Dropped
6222,694,37,2024-12-29,2025-01-13,Completed
6223,1859,36,2025-06-17,,Not Started
6224,144,12,2026-01-30,2026-02-28,Completed
6225,666,13,2025-03-01,2025-03-09,Completed
6226,1761,16,2025-07-27,,Not Started
6227,1826,10,2024-02-14,2024-03-04,Completed
6228,1914,30,2025-02-01,2025-02-28,Completed
6229,29,12,2026-06-22,2026-07-02,Completed
6230,1425,16,2026-06-03,,Dropped
6231,449,6,2024-12-08,2024-12-22,Completed
6232,384,4,2026-07-17,2026-07-25,Completed
6233,1047,4,2025-02-08,2025-02-16,Completed
6234,1216,3,2024-05-28,2024-06-20,Completed
6235,1851,21,2026-05-15,,In Progress
6236,639,21,2026-02-17,2026-03-04,Completed
6237,1188,18,2024-11-07,2024-11-29,Completed
6238,1544,33,2025-10-04,2025-10-24,Completed
6239,1515,6,2025-08-08,2025-08-23,Completed
6240,120,12,2025-05-21,2025-06-05,Completed
6241,1452,6,2025-08-07,,Dropped
6242,376,5,2024-12-21,,In Progress
6243,1499,2,2024-09-13,2024-09-21,Completed
6244,1928,3,2025-05-09,2025-06-06,Completed
6245,1878,28,2024-01-11,2024-01-28,Completed
6246,418,39,2026-02-10,2026-03-02,Completed
6247,1691,19,2025-03-11,2025-04-05,Completed
6248,1335,1,2025-06-20,2025-07-07,Completed
6249,464,33,2024-01-05,2024-01-16,Completed
6250,356,5,2025-02-27,2025-03-24,Completed
6251,964,6,2026-01-24,2026-02-15,Completed
6252,766,15,2026-01-18,2026-02-16,Completed
6253,1246,20,2026-03-30,2026-04-29,Completed
6254,611,36,2026-05-08,,Not Started
6255,73,6,2026-02-01,2026-02-15,Completed
6256,38,6,2024-05-10,2024-06-03,Completed
6257,357,28,2024-11-07,,Dropped
6258,781,6,2026-03-23,2026-04-21,Completed
6259,1485,7,2024-12-15,,In Progress
6260,166,3,2025-06-11,2025-06-25,Completed
6261,27,39,2026-05-04,,Not Started
6262,7,27,2025-03-15,,Dropped
6263,1378,27,2025-08-19,2025-09-15,Completed
6264,846,39,2025-11-08,2025-11-20,Completed
6265,410,37,2025-11-11,,Dropped
6266,1455,3,2025-11-02,,Not Started
6267,1030,31,2025-04-22,2025-05-19,Completed
6268,62,33,2024-08-02,2024-08-22,Completed
6269,789,15,2025-02-05,2025-03-01,Completed
6270,623,18,2025-06-03,2025-06-14,Completed
6271,325,16,2026-05-19,2026-06-08,Completed
6272,574,12,2024-07-16,2024-08-13,Completed
6273,1007,23,2026-01-04,2026-01-30,Completed
6274,1232,9,2024-02-01,,In Progress
6275,1005,13,2024-12-19,2024-12-31,Completed
6276,1365,29,2025-11-06,2025-12-04,Completed
6277,514,29,2024-05-09,,Dropped
6278,918,39,2024-12-03,2024-12-08,Completed
6279,1193,24,2024-02-18,,In Progress
6280,1697,31,2024-09-12,2024-10-02,Completed
6281,1027,17,2024-03-04,2024-03-11,Completed
6282,258,27,2026-03-02,2026-03-12,Completed
6283,582,35,2025-09-29,2025-10-22,Completed
6284,1237,2,2024-12-30,2025-01-30,Completed
6285,1228,39,2024-08-31,2024-09-07,Completed
6286,1863,1,2025-12-31,2026-01-09,Completed
6287,567,22,2025-03-28,2025-04-09,Completed
6288,1177,3,2025-02-13,,In Progress
6289,837,35,2025-03-27,2025-04-13,Completed
6290,282,19,2024-06-19,,Not Started
6291,1441,38,2026-02-07,2026-02-27,Completed
6292,1343,11,2024-10-02,2024-10-25,Completed
6293,1365,33,2026-06-29,,Dropped
6294,269,21,2025-07-29,,Dropped
6295,1189,31,2024-07-13,2024-08-13,Completed
6296,1668,8,2026-05-28,2026-06-18,Completed
6297,1708,33,2025-02-23,,Dropped
6298,158,28,2024-08-31,,Dropped
6299,1098,34,2024-12-17,2024-12-22,Completed
6300,1592,29,2026-06-21,,Dropped
6301,1449,37,2026-05-21,2026-06-03,Completed
6302,1218,12,2025-02-13,,In Progress
6303,1056,5,2024-08-01,2024-09-02,Completed
6304,1993,29,2026-02-21,2026-03-23,Completed
6305,1211,30,2025-01-27,,In Progress
6306,1892,3,2026-03-09,2026-03-23,Completed
6307,1305,17,2025-03-01,2025-03-23,Completed
6308,1588,11,2024-08-23,2024-09-19,Completed
6309,1088,18,2024-02-12,,Not Started
6310,898,4,2025-11-15,2025-11-28,Completed
6311,1898,24,2024-08-07,2024-08-29,Completed
6312,206,38,2024-06-10,2024-06-30,Completed
6313,1266,16,2026-05-22,2026-06-02,Completed
6314,908,4,2024-01-18,2024-02-07,Completed
6315,458,10,2024-09-13,2024-10-01,Completed
6316,741,16,2024-01-01,2024-01-08,Completed
6317,1187,24,2024-01-03,2024-01-29,Completed
6318,1756,11,2026-04-04,2026-04-15,Completed
6319,1207,16,2025-05-04,2025-05-16,Completed
6320,801,33,2024-07-25,2024-08-03,Completed
6321,804,8,2025-09-03,2025-10-02,Completed
6322,700,9,2025-03-11,,Dropped
6323,1339,20,2026-02-03,,Not Started
6324,1472,26,2026-02-12,2026-03-06,Completed
6325,879,20,2024-02-29,,Dropped
6326,677,6,2024-04-06,2024-05-02,Completed
6327,1641,5,2026-05-09,,Dropped
6328,262,11,2025-05-22,,In Progress
6329,1833,2,2024-02-03,2024-02-27,Completed
6330,106,10,2026-05-19,2026-06-03,Completed
6331,791,3,2024-11-19,2024-12-13,Completed
6332,1575,29,2024-02-11,2024-03-06,Completed
6333,1376,2,2026-06-29,,Not Started
6334,924,6,2025-06-02,,Not Started
6335,528,15,2026-07-28,,In Progress
6336,475,24,2026-01-15,2026-01-27,Completed
6337,1730,15,2025-08-09,2025-09-01,Completed
6338,1303,39,2025-07-21,2025-07-26,Completed
6339,432,3,2025-06-27,2025-07-25,Completed
6340,775,19,2025-06-20,2025-06-27,Completed
6341,412,39,2024-12-24,2025-01-16,Completed
6342,1110,25,2025-11-01,,In Progress
6343,359,13,2024-03-10,2024-04-03,Completed
6344,1344,2,2026-02-12,2026-03-01,Completed
6345,1761,30,2025-08-14,2025-09-11,Completed
6346,1183,9,2026-04-25,2026-05-18,Completed
6347,919,24,2026-01-26,,In Progress
6348,75,29,2024-08-21,,In Progress
6349,286,8,2025-07-09,2025-08-05,Completed
6350,858,40,2025-02-02,,Dropped
6351,75,40,2025-01-31,,In Progress
6352,1724,29,2025-08-14,,Not Started
6353,1836,40,2024-03-13,,Dropped
6354,1600,39,2024-11-13,2024-11-21,Completed
6355,1156,23,2025-04-26,2025-05-18,Completed
6356,945,10,2025-11-16,2025-11-28,Completed
6357,44,20,2025-06-06,2025-06-18,Completed
6358,330,27,2025-08-05,2025-08-31,Completed
6359,1277,36,2026-04-18,2026-04-20,Completed
6360,370,14,2025-01-26,2025-02-04,Completed
6361,1798,1,2024-05-05,2024-05-20,Completed
6362,1146,2,2024-11-29,2024-12-14,Completed
6363,1690,36,2024-03-20,,In Progress
6364,1044,16,2024-12-15,2025-01-02,Completed
6365,832,34,2025-05-20,2025-05-29,Completed
6366,1443,31,2026-04-12,2026-05-07,Completed
6367,1243,4,2024-02-04,,Dropped
6368,121,38,2025-06-27,,Not Started
6369,910,11,2025-03-24,2025-04-09,Completed
6370,1032,24,2026-07-18,2026-08-13,Completed
6371,1713,1,2025-03-03,2025-03-23,Completed
6372,1002,20,2024-04-23,2024-05-18,Completed
6373,348,8,2025-09-03,2025-09-14,Completed
6374,775,11,2026-02-07,,Dropped
6375,132,5,2025-02-18,2025-03-15,Completed
6376,977,38,2025-12-15,2026-01-08,Completed
6377,1526,11,2024-08-22,2024-09-20,Completed
6378,364,13,2026-01-06,2026-02-06,Completed
6379,609,26,2026-04-23,2026-05-03,Completed
6380,1754,11,2026-01-07,2026-01-31,Completed
6381,1175,39,2025-12-25,2026-01-12,Completed
6382,749,38,2026-02-19,,Not Started
6383,1678,3,2026-01-23,2026-02-09,Completed
6384,1613,7,2026-06-04,2026-06-21,Completed
6385,942,16,2026-01-23,2026-01-28,Completed
6386,1330,13,2025-11-07,2025-11-30,Completed
6387,19,39,2025-07-11,2025-08-05,Completed
6388,430,40,2026-05-30,2026-06-10,Completed
6389,889,11,2024-03-02,2024-03-22,Completed
6390,656,19,2025-03-14,2025-04-07,Completed
6391,613,30,2026-07-10,2026-07-23,Completed
6392,1410,7,2024-07-30,,In Progress
6393,1184,4,2024-11-03,2024-11-20,Completed
6394,284,9,2024-11-24,2024-12-09,Completed
6395,158,11,2026-06-20,,Dropped
6396,1480,18,2025-06-27,,Not Started
6397,1307,4,2024-07-15,2024-07-21,Completed
6398,1688,25,2026-04-03,2026-04-16,Completed
6399,1387,29,2026-07-18,2026-07-26,Completed
6400,774,3,2025-06-21,,In Progress
6401,799,31,2026-01-02,,Not Started
6402,1048,37,2025-01-21,2025-02-06,Completed
6403,1964,29,2025-05-07,2025-06-07,Completed
6404,369,39,2024-08-08,2024-08-10,Completed
6405,429,27,2024-12-18,2025-01-01,Completed
6406,962,21,2025-03-30,,In Progress
6407,1424,5,2025-06-23,2025-07-11,Completed
6408,1881,3,2025-09-17,2025-10-20,Completed
6409,1172,39,2024-04-02,,In Progress
6410,1460,39,2026-08-13,,Not Started
6411,457,4,2026-02-10,2026-03-12,Completed
6412,1752,15,2024-12-22,2025-01-14,Completed
6413,514,36,2024-04-07,,Dropped
6414,739,9,2025-01-11,2025-02-02,Completed
6415,1256,4,2025-07-05,,Dropped
6416,1819,38,2024-09-01,2024-09-27,Completed
6417,8,2,2024-08-25,2024-09-09,Completed
6418,58,6,2026-07-25,2026-08-06,Completed
6419,883,18,2024-11-30,2024-12-23,Completed
6420,19,11,2025-04-02,2025-05-01,Completed
6421,1120,39,2025-01-03,2025-01-18,Completed
6422,1697,32,2025-08-21,2025-09-16,Completed
6423,286,3,2024-05-31,,In Progress
6424,1626,13,2025-06-21,2025-07-14,Completed
6425,836,37,2024-11-17,2024-12-09,Completed
6426,431,10,2025-01-30,2025-02-26,Completed
6427,1073,33,2025-07-05,2025-07-12,Completed
6428,1181,5,2025-01-05,2025-01-22,Completed
6429,1067,23,2025-10-28,2025-11-14,Completed
6430,957,38,2025-11-11,2025-11-19,Completed
6431,160,15,2024-09-06,2024-09-28,Completed
6432,602,15,2024-04-15,2024-05-13,Completed
6433,808,39,2024-06-04,2024-06-06,Completed
6434,483,38,2025-12-18,,Dropped
6435,639,23,2025-06-11,,In Progress
6436,582,31,2025-11-14,2025-12-10,Completed
6437,166,24,2025-03-19,,In Progress
6438,491,8,2025-10-29,2025-11-25,Completed
6439,71,7,2024-04-07,2024-05-06,Completed
6440,201,15,2024-08-28,,In Progress
6441,884,5,2026-02-08,,Not Started
6442,1074,9,2026-05-07,2026-05-14,Completed
6443,595,30,2025-06-30,2025-07-21,Completed
6444,1261,37,2026-05-24,,Not Started
6445,312,4,2025-08-11,2025-09-10,Completed
6446,1716,3,2024-01-02,2024-01-28,Completed
6447,875,2,2025-01-26,,In Progress
6448,1586,16,2024-02-14,,In Progress
6449,1619,2,2026-06-06,2026-06-14,Completed
6450,607,16,2024-01-19,2024-02-06,Completed
6451,537,23,2024-12-09,2025-01-03,Completed
6452,1279,3,2026-04-22,2026-05-06,Completed
6453,1847,11,2024-03-15,,Not Started
6454,853,15,2025-05-18,2025-06-01,Completed
6455,655,40,2026-06-13,,Not Started
6456,1738,33,2026-07-19,2026-08-06,Completed
6457,115,36,2026-07-22,2026-07-28,Completed
6458,1837,6,2025-06-21,2025-07-10,Completed
6459,545,29,2026-05-17,,In Progress
6460,944,2,2024-03-10,2024-03-18,Completed
6461,1408,17,2024-06-24,2024-07-10,Completed
6462,50,5,2025-11-08,2025-12-01,Completed
6463,1309,38,2024-02-01,,Dropped
6464,889,17,2024-09-15,2024-09-27,Completed
6465,1905,7,2024-07-22,,In Progress
6466,1024,31,2024-09-17,2024-10-19,Completed
6467,649,13,2026-01-23,,In Progress
6468,350,21,2026-03-29,,Dropped
6469,1424,5,2026-02-10,,In Progress
6470,365,4,2026-04-20,,In Progress
6471,1040,39,2026-07-11,2026-07-24,Completed
6472,1611,25,2024-02-18,2024-03-15,Completed
6473,726,4,2026-05-15,2026-06-02,Completed
6474,1122,1,2026-04-14,2026-05-09,Completed
6475,881,5,2024-02-16,,Dropped
6476,1555,2,2026-01-24,2026-02-23,Completed
6477,279,9,2026-07-29,2026-08-10,Completed
6478,1818,23,2024-09-01,2024-09-28,Completed
6479,1537,5,2024-02-16,,In Progress
6480,345,18,2025-09-06,2025-09-14,Completed
6481,1615,39,2025-07-28,2025-08-08,Completed
6482,606,2,2026-07-23,,Not Started
6483,1993,39,2026-05-09,2026-05-31,Completed
6484,805,13,2024-08-03,2024-08-27,Completed
6485,545,4,2026-01-18,2026-02-04,Completed
6486,1511,20,2024-07-14,2024-07-19,Completed
6487,1071,16,2024-09-17,,In Progress
6488,589,21,2025-11-02,2025-11-09,Completed
6489,1210,25,2025-06-11,2025-06-16,Completed
6490,682,39,2026-02-11,,In Progress
6491,1920,26,2026-05-25,2026-06-03,Completed
6492,686,22,2026-05-06,2026-05-27,Completed
6493,257,37,2025-04-22,2025-04-27,Completed
6494,122,23,2025-05-09,2025-05-22,Completed
6495,964,22,2024-08-25,2024-09-20,Completed
6496,147,18,2025-05-11,,Not Started
6497,1750,28,2024-01-31,2024-02-13,Completed
6498,731,15,2025-11-26,,Dropped
6499,1409,9,2025-06-26,2025-07-22,Completed
6500,1912,18,2024-08-01,2024-08-29,Completed
6501,570,23,2025-02-18,2025-02-23,Completed
6502,907,4,2025-02-07,2025-02-14,Completed
6503,1572,10,2026-06-21,,In Progress
6504,540,3,2024-01-07,2024-02-03,Completed
6505,4,5,2025-06-13,2025-07-11,Completed
6506,1310,4,2026-05-10,,Dropped
6507,1619,20,2025-08-22,2025-08-27,Completed
6508,627,6,2024-09-09,,In Progress
6509,240,15,2024-05-20,2024-06-18,Completed
6510,1452,11,2025-03-27,2025-04-23,Completed
6511,1881,16,2025-07-28,2025-08-18,Completed
6512,1916,2,2025-11-13,,In Progress
6513,876,6,2025-04-26,2025-05-18,Completed
6514,646,4,2026-05-04,2026-05-12,Completed
6515,509,12,2025-05-14,2025-05-29,Completed
6516,321,23,2026-06-19,,Not Started
6517,472,30,2024-08-13,2024-09-08,Completed
6518,1563,40,2024-09-03,2024-09-10,Completed
6519,1517,27,2026-05-19,2026-06-10,Completed
6520,1339,20,2024-12-20,2025-01-13,Completed
6521,1651,21,2025-04-24,,Dropped
6522,595,28,2024-01-31,2024-02-13,Completed
6523,1269,33,2025-05-15,,In Progress
6524,624,17,2024-12-02,2024-12-22,Completed
6525,414,26,2025-10-31,2025-11-20,Completed
6526,76,9,2025-08-25,,Not Started
6527,82,22,2025-03-03,2025-03-09,Completed
6528,1236,11,2026-04-22,,In Progress
6529,1762,12,2025-05-05,,Not Started
6530,478,23,2024-04-06,,In Progress
6531,65,26,2026-03-02,2026-03-08,Completed
6532,703,18,2026-07-19,,Dropped
6533,1109,37,2026-01-16,2026-01-19,Completed
6534,1063,36,2024-01-21,2024-01-26,Completed
6535,1446,26,2026-06-23,2026-07-18,Completed
6536,1309,9,2024-08-07,2024-09-03,Completed
6537,1868,4,2024-04-16,,Dropped
6538,1030,26,2025-06-02,2025-06-22,Completed
6539,1643,2,2026-01-06,2026-02-01,Completed
6540,1205,3,2024-11-23,2024-12-08,Completed
6541,475,16,2024-11-11,,In Progress
6542,244,1,2025-07-04,,Dropped
6543,901,40,2026-07-28,2026-08-14,Completed
6544,1911,37,2024-05-28,2024-06-24,Completed
6545,978,27,2025-07-16,,In Progress
6546,1134,39,2026-05-11,,In Progress
6547,1721,3,2026-05-19,2026-06-15,Completed
6548,1278,25,2025-06-30,2025-07-25,Completed
6549,338,8,2025-11-20,2025-12-15,Completed
6550,1801,16,2025-10-15,2025-10-22,Completed
6551,1473,27,2025-11-24,,Not Started
6552,1595,11,2025-01-11,2025-02-07,Completed
6553,465,2,2026-03-24,2026-04-15,Completed
6554,1842,16,2024-05-06,2024-05-21,Completed
6555,1159,16,2025-05-20,2025-05-27,Completed
6556,892,30,2026-05-04,2026-05-28,Completed
6557,1455,38,2024-04-07,2024-04-18,Completed
6558,5,1,2026-02-03,,In Progress
6559,75,32,2025-01-13,2025-01-23,Completed
6560,489,31,2024-05-05,2024-05-26,Completed
6561,640,39,2024-02-11,2024-03-03,Completed
6562,996,4,2025-02-24,2025-03-07,Completed
6563,362,29,2025-05-30,2025-06-15,Completed
6564,1535,32,2024-06-06,2024-06-18,Completed
6565,1521,9,2025-08-25,2025-09-17,Completed
6566,1686,29,2024-06-01,,Dropped
6567,768,3,2026-05-23,2026-06-21,Completed
6568,984,27,2026-04-11,2026-05-07,Completed
6569,1688,36,2024-10-09,2024-10-22,Completed
6570,1042,37,2025-04-17,,In Progress
6571,1439,40,2025-11-14,,Not Started
6572,499,39,2025-05-10,,Dropped
6573,1865,2,2025-12-18,2026-01-13,Completed
6574,1526,27,2024-12-29,2025-01-22,Completed
6575,113,32,2025-12-10,,In Progress
6576,942,3,2024-11-27,2024-12-19,Completed
6577,5,31,2024-04-19,2024-05-04,Completed
6578,1435,1,2024-03-03,,Not Started
6579,324,12,2026-03-23,2026-04-08,Completed
6580,248,6,2024-04-11,2024-05-01,Completed
6581,1735,18,2024-12-26,2025-01-23,Completed
6582,2,17,2024-06-08,,Dropped
6583,1179,40,2026-01-22,2026-01-28,Completed
6584,900,16,2026-01-29,,Not Started
6585,19,16,2026-03-26,,In Progress
6586,366,40,2025-04-14,2025-05-10,Completed
6587,1245,37,2025-12-05,2025-12-23,Completed
6588,1122,24,2025-05-13,,Dropped
6589,834,17,2024-05-18,,Not Started
6590,344,35,2025-03-24,2025-04-22,Completed
6591,713,11,2024-03-14,2024-03-26,Completed
6592,1177,2,2025-06-06,2025-06-27,Completed
6593,559,36,2024-05-09,2024-05-12,Completed
6594,1692,9,2026-04-06,2026-04-27,Completed
6595,323,40,2024-02-15,2024-03-02,Completed
6596,1271,1,2025-12-11,,Dropped
6597,656,28,2025-12-20,2026-01-15,Completed
6598,1666,5,2026-07-21,2026-08-10,Completed
6599,61,27,2026-06-10,,Not Started
6600,464,3,2024-05-18,2024-06-21,Completed
6601,1377,2,2026-04-13,2026-05-03,Completed
6602,900,16,2024-11-26,2024-11-30,Completed
6603,665,7,2025-10-12,2025-10-24,Completed
6604,1285,39,2024-04-26,2024-05-11,Completed
6605,1158,9,2024-12-08,2024-12-18,Completed
6606,1936,39,2026-02-02,2026-02-06,Completed
6607,956,21,2024-01-13,2024-01-18,Completed
6608,492,39,2025-06-15,2025-06-27,Completed
6609,928,7,2024-04-28,2024-05-29,Completed
6610,1652,17,2025-07-25,,In Progress
6611,1870,25,2025-01-29,2025-02-13,Completed
6612,1705,14,2025-02-22,2025-03-01,Completed
6613,62,17,2026-01-22,2026-02-07,Completed
6614,1020,1,2024-06-09,2024-06-26,Completed
6615,74,21,2025-06-28,2025-07-26,Completed
6616,547,10,2024-05-09,,In Progress
6617,704,38,2025-08-23,2025-09-16,Completed
6618,1119,22,2025-11-02,2025-11-16,Completed
6619,1150,15,2024-06-03,,Dropped
6620,505,11,2024-01-26,2024-02-20,Completed
6621,384,11,2024-12-20,2024-12-27,Completed
6622,989,32,2025-08-24,,Dropped
6623,915,27,2025-01-06,2025-01-30,Completed
6624,412,18,2025-06-17,2025-07-01,Completed
6625,447,2,2024-06-25,2024-07-09,Completed
6626,548,31,2024-09-14,,In Progress
6627,685,20,2024-01-21,2024-02-14,Completed
6628,1009,16,2024-06-12,2024-06-24,Completed
6629,854,31,2025-02-10,2025-03-02,Completed
6630,158,11,2025-12-17,,In Progress
6631,884,31,2024-09-11,2024-09-23,Completed
6632,262,35,2026-03-20,2026-04-19,Completed
6633,921,1,2025-11-23,2025-11-29,Completed
6634,220,9,2025-12-08,2025-12-31,Completed
6635,1476,17,2025-09-22,2025-10-05,Completed
6636,90,31,2025-07-22,2025-08-20,Completed
6637,515,8,2026-02-25,,In Progress
6638,619,21,2026-02-21,,Dropped
6639,1327,29,2026-01-20,,Dropped
6640,1658,4,2025-02-15,2025-03-08,Completed
6641,1545,38,2024-09-12,2024-09-14,Completed
6642,1068,35,2024-11-27,2024-12-28,Completed
6643,1214,23,2024-01-13,2024-02-07,Completed
6644,1862,40,2024-02-12,2024-02-23,Completed
6645,33,5,2024-10-16,2024-10-28,Completed
6646,697,40,2025-07-20,,In Progress
6647,231,27,2026-07-03,2026-07-21,Completed
6648,1944,28,2024-12-15,,Not Started
6649,1062,28,2025-11-04,2025-12-04,Completed
6650,1212,22,2025-10-11,2025-10-18,Completed
6651,1594,7,2024-03-11,2024-04-09,Completed
6652,850,22,2025-03-04,2025-03-12,Completed
6653,1968,25,2024-06-13,,Dropped
6654,1803,10,2025-03-16,,Not Started
6655,1699,16,2024-09-21,2024-09-28,Completed
6656,306,28,2026-01-11,,In Progress
6657,1160,20,2024-07-13,2024-07-23,Completed
6658,106,17,2026-04-08,2026-04-29,Completed
6659,1687,21,2026-05-09,2026-06-03,Completed
6660,1484,11,2024-03-17,,Dropped
6661,797,1,2025-08-15,2025-08-28,Completed
6662,459,2,2026-05-13,2026-06-03,Completed
6663,757,16,2025-12-04,2025-12-30,Completed
6664,1847,36,2026-02-16,2026-03-01,Completed
6665,1006,35,2026-07-30,2026-08-08,Completed
6666,433,1,2025-08-11,2025-08-18,Completed
6667,621,7,2025-05-28,2025-06-28,Completed
6668,812,10,2024-04-12,2024-04-29,Completed
6669,81,20,2024-05-27,,Dropped
6670,1447,38,2026-06-17,2026-07-14,Completed
6671,1818,3,2024-05-10,,Dropped
6672,48,18,2024-05-31,,Not Started
6673,1830,29,2025-07-19,,Dropped
6674,790,8,2026-07-27,2026-08-05,Completed
6675,1829,6,2026-06-06,2026-07-08,Completed
6676,744,18,2024-11-24,2024-12-01,Completed
6677,1033,30,2025-12-05,2025-12-28,Completed
6678,410,22,2024-11-15,,Dropped
6679,75,20,2025-01-12,2025-01-25,Completed
6680,1722,4,2025-10-16,2025-11-07,Completed
6681,723,21,2026-08-08,2026-08-29,Completed
6682,353,1,2025-09-18,2025-10-06,Completed
6683,1256,6,2025-01-14,2025-02-10,Completed
6684,850,33,2025-04-14,2025-04-26,Completed
6685,285,7,2025-07-05,2025-08-06,Completed
6686,357,18,2024-08-24,,Dropped
6687,252,20,2025-09-19,,In Progress
6688,1442,30,2024-12-18,,Not Started
6689,1301,40,2026-05-05,2026-05-31,Completed
6690,1596,39,2024-06-13,,Dropped
6691,1605,38,2026-05-20,,Dropped
6692,1831,19,2024-03-31,,Dropped
6693,1019,2,2024-01-28,2024-02-23,Completed
6694,607,13,2026-07-25,2026-08-23,Completed
6695,792,26,2025-08-08,2025-08-28,Completed
6696,458,31,2025-11-13,2025-11-24,Completed
6697,1803,34,2024-10-15,2024-11-08,Completed
6698,150,1,2024-08-10,2024-08-23,Completed
6699,1508,27,2026-04-26,2026-05-23,Completed
6700,1533,16,2025-04-24,,Dropped
6701,1305,2,2025-03-10,2025-04-02,Completed
6702,1966,30,2025-04-26,2025-05-23,Completed
6703,279,30,2025-12-30,,Not Started
6704,163,26,2024-03-03,2024-03-26,Completed
6705,472,19,2024-09-09,,In Progress
6706,1733,21,2025-02-07,2025-02-12,Completed
6707,1316,21,2025-04-25,2025-05-23,Completed
6708,1272,30,2025-10-21,2025-11-20,Completed
6709,1910,9,2024-05-16,2024-06-08,Completed
6710,463,38,2024-05-12,2024-05-18,Completed
6711,738,36,2025-05-19,2025-06-14,Completed
6712,372,17,2024-09-15,2024-10-11,Completed
6713,695,2,2024-04-19,2024-05-13,Completed
6714,1077,36,2024-07-10,2024-07-21,Completed
6715,1078,11,2024-02-05,2024-02-22,Completed
6716,389,20,2025-08-19,,In Progress
6717,1458,31,2025-05-15,2025-06-08,Completed
6718,1789,10,2026-04-10,,In Progress
6719,1553,30,2025-11-14,2025-12-01,Completed
6720,1844,27,2025-12-09,,Dropped
6721,1581,21,2025-01-12,2025-02-09,Completed
6722,1217,11,2026-02-09,2026-02-26,Completed
6723,1181,27,2026-01-09,,In Progress
6724,1398,22,2025-06-22,2025-06-30,Completed
6725,1322,25,2024-06-02,,Not Started
6726,1913,11,2025-02-21,2025-03-11,Completed
6727,1460,26,2025-10-22,2025-11-06,Completed
6728,843,30,2025-03-31,2025-04-23,Completed
6729,1361,32,2025-06-16,,Not Started
6730,1167,19,2025-03-20,2025-04-06,Completed
6731,1529,37,2026-06-13,2026-07-03,Completed
6732,667,23,2024-10-24,,In Progress
6733,672,40,2025-08-22,2025-08-27,Completed
6734,236,28,2024-12-09,,In Progress
6735,355,7,2025-10-09,2025-11-05,Completed
6736,106,3,2024-10-14,2024-11-08,Completed
6737,999,22,2024-05-20,2024-05-30,Completed
6738,1035,37,2025-08-20,2025-09-02,Completed
6739,599,31,2025-07-30,,Not Started
6740,1798,18,2025-04-20,2025-05-16,Completed
6741,981,21,2025-10-08,2025-11-05,Completed
6742,277,1,2025-07-17,2025-07-26,Completed
6743,48,32,2024-04-09,,In Progress
6744,365,19,2025-02-21,2025-03-16,Completed
6745,119,15,2024-11-23,2024-12-13,Completed
6746,663,22,2024-04-20,2024-05-12,Completed
6747,1572,30,2024-02-13,2024-03-03,Completed
6748,912,3,2025-12-15,,In Progress
6749,1648,1,2025-06-07,2025-07-05,Completed
6750,544,24,2024-12-27,2025-01-16,Completed
6751,1844,5,2024-06-09,2024-07-06,Completed
6752,1757,26,2025-10-18,2025-11-16,Completed
6753,1418,22,2025-02-07,2025-03-05,Completed
6754,1351,3,2024-10-31,,In Progress
6755,407,35,2024-12-19,2024-12-28,Completed
6756,1201,17,2026-01-30,2026-02-09,Completed
6757,1337,6,2026-07-20,2026-08-21,Completed
6758,1932,7,2024-08-25,,Not Started
6759,949,14,2025-04-03,2025-04-22,Completed
6760,910,6,2026-07-13,,In Progress
6761,1681,3,2026-03-29,,In Progress
6762,686,20,2025-05-08,2025-05-19,Completed
6763,1364,2,2024-11-02,2024-11-28,Completed
6764,897,23,2024-09-19,2024-10-09,Completed
6765,154,24,2025-12-03,2025-12-24,Completed
6766,62,39,2025-02-26,2025-03-21,Completed
6767,1181,22,2025-05-07,,Dropped
6768,808,15,2025-12-25,,Not Started
6769,1238,31,2026-05-02,2026-05-25,Completed
6770,311,32,2026-07-08,,Dropped
6771,185,17,2026-02-07,,Not Started
6772,594,31,2025-01-12,2025-02-05,Completed
6773,1345,33,2026-03-12,,Not Started
6774,104,6,2024-12-22,,In Progress
6775,793,38,2026-05-17,,Dropped
6776,762,28,2026-06-23,2026-07-15,Completed
6777,913,29,2026-06-29,2026-07-11,Completed
6778,656,29,2025-04-30,,Not Started
6779,1555,3,2024-02-26,2024-03-12,Completed
6780,1071,27,2025-10-30,2025-11-30,Completed
6781,945,34,2024-10-01,,Not Started
6782,851,30,2024-03-14,2024-04-02,Completed
6783,181,8,2025-12-15,2026-01-09,Completed
6784,420,25,2025-11-17,,Not Started
6785,220,31,2025-02-08,2025-03-02,Completed
6786,684,15,2024-11-01,2024-11-24,Completed
6787,1777,31,2025-08-20,2025-09-17,Completed
6788,1240,34,2025-02-06,,Dropped
6789,822,6,2024-01-17,2024-02-06,Completed
6790,412,15,2025-12-29,,Not Started
6791,1624,40,2025-01-02,2025-01-17,Completed
6792,531,2,2025-06-06,2025-07-07,Completed
6793,1977,39,2025-12-30,,Dropped
6794,114,36,2026-05-09,,Dropped
6795,222,3,2026-01-28,2026-03-03,Completed
6796,1769,36,2024-07-19,,Dropped
6797,1409,29,2026-02-05,2026-03-04,Completed
6798,1293,8,2025-03-01,2025-03-12,Completed
6799,989,38,2026-06-27,2026-07-24,Completed
6800,1220,11,2026-02-06,2026-02-25,Completed
6801,944,18,2024-03-03,2024-03-16,Completed
6802,1059,22,2026-01-01,,In Progress
6803,972,3,2024-07-05,2024-08-03,Completed
6804,787,23,2025-09-07,,Not Started
6805,667,10,2025-07-16,2025-08-06,Completed
6806,20,2,2024-05-10,2024-05-24,Completed
6807,1590,27,2024-04-17,2024-04-27,Completed
6808,801,19,2024-07-18,2024-07-30,Completed
6809,862,1,2024-03-06,2024-04-05,Completed
6810,1117,34,2024-10-21,2024-11-10,Completed
6811,988,2,2024-05-18,,In Progress
6812,139,20,2024-06-25,2024-07-20,Completed
6813,767,2,2025-08-27,2025-09-17,Completed
6814,1542,2,2025-03-22,2025-04-10,Completed
6815,689,21,2024-06-09,2024-07-04,Completed
6816,755,13,2024-05-12,2024-05-28,Completed
6817,1140,18,2024-01-27,,Dropped
6818,1840,16,2024-01-06,,In Progress
6819,310,31,2025-07-14,,In Progress
6820,1462,5,2026-08-08,2026-08-27,Completed
6821,731,39,2025-07-10,,Dropped
6822,1080,23,2024-04-16,2024-04-27,Completed
6823,719,32,2025-09-04,2025-09-19,Completed
6824,993,38,2025-02-24,2025-03-07,Completed
6825,1742,29,2024-09-29,2024-10-26,Completed
6826,738,11,2025-04-10,2025-05-01,Completed
6827,503,3,2024-01-11,,Not Started
6828,252,40,2024-12-27,,In Progress
6829,101,20,2024-02-20,,Not Started
6830,984,11,2026-01-27,2026-02-12,Completed
6831,1537,1,2025-11-24,2025-12-03,Completed
6832,1333,1,2025-06-26,2025-07-02,Completed
6833,1152,37,2025-07-23,,Dropped
6834,1687,16,2025-08-31,2025-09-12,Completed
6835,520,19,2024-03-22,2024-04-09,Completed
6836,1089,33,2026-01-17,2026-02-06,Completed
6837,772,6,2025-01-28,,In Progress
6838,606,15,2024-12-04,2024-12-16,Completed
6839,480,10,2025-03-30,2025-04-28,Completed
6840,1176,16,2024-08-22,2024-09-10,Completed
6841,1183,37,2024-05-31,2024-06-24,Completed
6842,882,37,2024-06-23,2024-07-14,Completed
6843,1895,2,2024-01-01,2024-01-24,Completed
6844,595,6,2026-06-26,2026-07-11,Completed
6845,591,40,2024-02-21,2024-02-29,Completed
6846,237,23,2024-01-09,2024-02-03,Completed
6847,8,8,2024-05-13,,In Progress
6848,55,24,2026-06-04,,Dropped
6849,1155,16,2025-09-01,2025-09-16,Completed
6850,1945,22,2025-04-06,2025-04-23,Completed
6851,774,1,2025-06-29,,In Progress
6852,1917,11,2024-04-27,2024-05-04,Completed
6853,900,30,2025-05-11,,Not Started
6854,475,15,2025-01-08,2025-01-27,Completed
6855,1323,20,2024-12-24,2025-01-23,Completed
6856,614,19,2025-09-01,2025-09-16,Completed
6857,1850,25,2025-01-05,2025-01-17,Completed
6858,232,32,2025-09-18,2025-10-02,Completed
6859,541,39,2026-01-10,2026-01-24,Completed
6860,133,37,2024-09-05,,Dropped
6861,656,5,2025-05-05,2025-06-01,Completed
6862,990,9,2025-03-25,2025-04-01,Completed
6863,291,7,2024-10-07,2024-10-28,Completed
6864,757,14,2026-04-14,2026-05-07,Completed
6865,167,38,2026-02-13,2026-03-03,Completed
6866,961,11,2025-05-19,2025-06-14,Completed
6867,1102,35,2024-08-14,2024-08-25,Completed
6868,1668,22,2025-10-16,,In Progress
6869,1881,2,2025-08-26,2025-09-12,Completed
6870,719,29,2025-03-24,2025-04-09,Completed
6871,1128,13,2024-02-03,2024-02-27,Completed
6872,138,22,2024-10-10,2024-10-19,Completed
6873,595,16,2026-05-30,2026-06-18,Completed
6874,212,40,2024-07-11,2024-07-21,Completed
6875,1921,36,2024-02-26,,In Progress
6876,1563,16,2024-08-30,2024-09-28,Completed
6877,399,36,2025-01-12,2025-01-29,Completed
6878,643,38,2026-04-20,2026-05-09,Completed
6879,42,22,2026-04-10,2026-04-19,Completed
6880,1496,27,2025-08-31,2025-09-06,Completed
6881,1076,18,2025-05-15,,In Progress
6882,667,24,2025-05-31,2025-06-22,Completed
6883,300,31,2026-03-16,2026-03-30,Completed
6884,953,35,2025-03-11,2025-04-04,Completed
6885,1909,18,2024-08-12,2024-09-01,Completed
6886,1485,8,2025-03-23,,Dropped
6887,844,1,2025-05-26,2025-06-16,Completed
6888,1031,33,2026-08-10,2026-08-17,Completed
6889,1620,36,2024-02-26,2024-03-08,Completed
6890,569,40,2025-11-08,2025-12-03,Completed
6891,288,23,2024-06-09,,Not Started
6892,1833,39,2026-03-02,,In Progress
6893,1406,2,2026-08-09,2026-08-24,Completed
6894,1456,5,2024-05-31,2024-06-16,Completed
6895,919,19,2024-12-19,2024-12-30,Completed
6896,33,11,2024-11-07,2024-12-05,Completed
6897,720,16,2024-05-03,2024-05-21,Completed
6898,655,6,2025-07-18,,Dropped
6899,1961,28,2026-03-18,2026-03-31,Completed
6900,1642,25,2025-07-20,2025-08-12,Completed
6901,1611,34,2025-07-20,2025-07-26,Completed
6902,1037,26,2024-11-07,2024-11-23,Completed
6903,1458,11,2024-07-24,2024-08-23,Completed
6904,5,13,2026-01-29,2026-02-23,Completed
6905,1284,18,2025-03-23,2025-04-15,Completed
6906,1937,14,2026-02-26,2026-03-24,Completed
6907,1995,1,2024-03-25,,In Progress
6908,1746,2,2025-09-12,2025-09-25,Completed
6909,133,31,2025-07-01,2025-07-21,Completed
6910,1122,7,2025-04-05,,In Progress
6911,1696,38,2025-05-10,,Dropped
6912,1067,38,2024-08-17,2024-09-05,Completed
6913,1579,4,2024-10-22,,Not Started
6914,1485,22,2024-11-13,2024-12-02,Completed
6915,212,18,2024-01-03,,Dropped
6916,873,27,2025-08-02,2025-08-24,Completed
6917,762,20,2024-02-04,2024-02-17,Completed
6918,1400,38,2024-07-28,,Not Started
6919,871,31,2026-02-20,2026-03-03,Completed
6920,868,17,2024-07-22,2024-08-09,Completed
6921,689,26,2024-02-17,,Not Started
6922,973,18,2026-08-14,2026-08-29,Completed
6923,920,32,2026-01-22,,Dropped
6924,1620,11,2024-04-12,,In Progress
6925,653,38,2026-02-14,2026-03-02,Completed
6926,986,37,2024-05-13,2024-05-15,Completed
6927,602,1,2024-12-02,2025-01-02,Completed
6928,1534,20,2025-09-21,,In Progress
6929,1123,2,2025-10-05,2025-10-23,Completed
6930,1651,11,2025-04-03,2025-04-18,Completed
6931,993,19,2026-02-13,2026-03-04,Completed
6932,1289,4,2025-06-23,2025-07-08,Completed
6933,1928,3,2026-03-23,2026-04-13,Completed
6934,122,32,2026-01-22,,Not Started
6935,1563,10,2024-09-07,2024-09-25,Completed
6936,29,20,2024-05-01,2024-05-27,Completed
6937,1684,3,2024-12-17,2025-01-16,Completed
6938,784,39,2024-04-01,2024-04-12,Completed
6939,35,28,2025-03-27,2025-04-12,Completed
6940,93,2,2026-06-11,,In Progress
6941,688,21,2024-02-04,,Not Started
6942,1135,22,2024-05-13,2024-05-17,Completed
6943,832,36,2025-08-07,2025-08-10,Completed
6944,1899,25,2024-11-13,2024-11-27,Completed
6945,1278,7,2025-03-23,2025-04-22,Completed
6946,1426,35,2025-10-27,,In Progress
6947,1937,2,2025-11-25,2025-12-23,Completed
6948,807,6,2024-08-10,2024-09-02,Completed
6949,287,36,2024-11-07,2024-12-03,Completed
6950,1045,37,2024-04-09,2024-04-27,Completed
6951,1495,6,2024-12-23,2025-01-24,Completed
6952,1583,10,2025-10-20,2025-11-03,Completed
6953,558,25,2026-06-11,,In Progress
6954,1292,34,2025-02-20,2025-03-04,Completed
6955,1375,23,2026-02-27,2026-03-05,Completed
6956,533,13,2025-08-28,,Dropped
6957,1455,21,2024-10-06,2024-11-01,Completed
6958,1127,36,2025-07-10,,In Progress
6959,855,19,2024-06-18,,Dropped
6960,214,10,2025-12-04,2025-12-13,Completed
6961,1513,17,2025-08-01,2025-08-20,Completed
6962,432,2,2026-04-24,2026-05-20,Completed
6963,1027,39,2026-06-27,2026-07-12,Completed
6964,1965,20,2025-07-28,2025-08-02,Completed
6965,471,35,2025-07-12,2025-08-06,Completed
6966,223,26,2025-07-16,2025-07-23,Completed
6967,208,14,2024-11-29,2024-12-16,Completed
6968,789,40,2025-01-13,2025-01-19,Completed
6969,318,36,2024-08-12,2024-08-18,Completed
6970,904,15,2025-05-27,2025-06-06,Completed
6971,1578,36,2026-03-16,,In Progress
6972,1816,22,2026-08-08,2026-09-04,Completed
6973,1309,22,2024-11-12,2024-11-27,Completed
6974,77,21,2025-10-08,2025-10-27,Completed
6975,1264,31,2024-05-02,2024-05-17,Completed
6976,1336,6,2026-02-15,2026-03-10,Completed
6977,193,38,2024-02-07,,Dropped
6978,354,14,2026-04-26,2026-05-24,Completed
6979,518,17,2026-07-07,2026-07-13,Completed
6980,1738,8,2026-02-23,2026-03-06,Completed
6981,881,8,2024-12-19,2025-01-10,Completed
6982,1516,24,2025-09-05,,Dropped
6983,849,29,2024-10-19,,In Progress
6984,756,8,2025-11-06,2025-11-30,Completed
6985,1635,36,2026-05-05,2026-05-30,Completed
6986,1675,17,2024-02-15,2024-03-07,Completed
6987,994,33,2024-05-18,2024-05-31,Completed
6988,1661,21,2024-07-15,2024-08-06,Completed
6989,804,38,2026-01-23,2026-01-30,Completed
6990,1673,18,2025-03-02,2025-03-31,Completed
6991,996,9,2025-11-23,2025-12-11,Completed
6992,536,34,2026-07-03,2026-08-02,Completed
6993,349,16,2024-05-06,2024-05-16,Completed
6994,579,4,2024-12-27,2025-01-04,Completed
6995,1141,6,2026-04-16,,Not Started
6996,1475,4,2024-03-31,2024-04-14,Completed
6997,1923,3,2025-12-05,2025-12-17,Completed
6998,1726,1,2025-11-14,2025-11-24,Completed
6999,1784,39,2025-01-05,,In Progress
7000,1775,18,2024-01-07,2024-01-28,Completed
7001,1031,25,2025-06-06,,Dropped
7002,1326,36,2026-08-02,2026-08-04,Completed
7003,899,4,2024-03-14,2024-03-26,Completed
7004,421,11,2025-12-09,2026-01-04,Completed
7005,1267,6,2025-06-26,,Not Started
7006,1502,31,2024-06-04,2024-06-17,Completed
7007,925,8,2024-06-07,,Dropped
7008,257,17,2026-07-26,,In Progress
7009,900,10,2026-06-22,2026-07-14,Completed
7010,1626,19,2024-05-06,2024-05-19,Completed
7011,1562,14,2025-04-02,2025-04-20,Completed
7012,1542,10,2025-12-03,2025-12-27,Completed
7013,593,9,2025-09-17,2025-09-24,Completed
7014,413,16,2024-12-20,2025-01-08,Completed
7015,322,40,2026-04-29,,In Progress
7016,1812,15,2025-05-31,2025-06-24,Completed
7017,1975,36,2026-07-20,2026-07-29,Completed
7018,829,25,2026-07-08,2026-07-29,Completed
7019,429,31,2024-02-02,2024-02-22,Completed
7020,253,37,2025-12-29,,In Progress
7021,1791,3,2025-04-05,2025-04-25,Completed
7022,499,10,2026-07-26,2026-08-22,Completed
7023,1094,7,2024-07-23,2024-08-09,Completed
7024,1630,39,2026-06-27,,In Progress
7025,1049,1,2025-02-11,2025-03-06,Completed
7026,1675,1,2024-09-12,2024-10-05,Completed
7027,120,36,2026-06-11,2026-06-29,Completed
7028,1083,34,2026-01-25,,Dropped
7029,1320,36,2024-07-17,2024-07-30,Completed
7030,566,31,2025-11-15,,Dropped
7031,1154,18,2026-07-19,2026-08-07,Completed
7032,504,8,2024-03-29,,Dropped
7033,1188,32,2024-01-23,2024-02-22,Completed
7034,874,1,2025-03-06,,Dropped
7035,483,28,2024-12-27,2025-01-13,Completed
7036,78,39,2025-02-24,,Dropped
7037,1338,5,2024-05-26,2024-06-22,Completed
7038,1131,25,2024-05-14,2024-05-29,Completed
7039,215,25,2025-07-17,,Not Started
7040,300,36,2026-07-04,2026-07-26,Completed
7041,204,38,2026-03-05,2026-03-08,Completed
7042,1957,16,2024-03-07,2024-03-20,Completed
7043,68,2,2026-06-06,2026-07-03,Completed
7044,1823,22,2026-08-03,2026-08-19,Completed
7045,279,28,2026-06-24,2026-06-30,Completed
7046,1156,40,2025-05-04,2025-05-12,Completed
7047,1777,39,2025-06-27,2025-07-10,Completed
7048,102,40,2024-08-07,2024-08-12,Completed
7049,1563,15,2026-08-10,,In Progress
7050,1911,4,2024-10-24,2024-11-06,Completed
7051,965,40,2024-02-25,2024-03-13,Completed
7052,170,38,2026-02-11,2026-02-13,Completed
7053,400,23,2025-09-09,,Dropped
7054,318,1,2024-02-23,2024-03-25,Completed
7055,1514,26,2024-06-30,2024-07-07,Completed
7056,988,1,2024-06-30,,Not Started
7057,1917,10,2024-10-19,2024-11-04,Completed
7058,1829,25,2025-09-30,2025-10-22,Completed
7059,1727,20,2024-06-24,2024-07-04,Completed
7060,946,7,2024-04-30,,Dropped
7061,1924,5,2025-09-02,,In Progress
7062,425,5,2025-08-11,2025-09-13,Completed
7063,358,39,2024-12-01,2024-12-06,Completed
7064,608,22,2026-05-23,2026-06-13,Completed
7065,1401,39,2026-07-03,2026-07-29,Completed
7066,1810,13,2024-08-28,2024-09-19,Completed
7067,1100,15,2024-11-14,2024-11-27,Completed
7068,931,21,2024-02-28,2024-03-22,Completed
7069,1703,34,2024-06-26,,In Progress
7070,553,30,2024-08-09,2024-09-04,Completed
7071,1712,20,2025-05-04,,Dropped
7072,737,40,2025-10-27,2025-10-30,Completed
7073,574,34,2024-12-10,2025-01-01,Completed
7074,1010,13,2024-01-14,,Dropped
7075,1024,30,2024-02-02,2024-02-10,Completed
7076,1499,5,2025-03-30,,In Progress
7077,195,24,2024-03-20,,In Progress
7078,1569,13,2025-08-24,2025-08-30,Completed
7079,580,5,2024-08-30,2024-10-05,Completed
7080,768,26,2025-08-17,2025-08-23,Completed
7081,237,2,2024-11-15,2024-11-25,Completed
7082,1816,23,2024-07-23,,Not Started
7083,1882,6,2024-07-09,2024-07-30,Completed
7084,341,40,2026-04-08,,Not Started
7085,112,27,2024-07-31,2024-08-18,Completed
7086,1523,9,2026-02-17,2026-03-01,Completed
7087,474,3,2024-04-06,2024-05-03,Completed
7088,1953,4,2024-04-17,2024-05-08,Completed
7089,176,27,2024-05-03,2024-05-27,Completed
7090,605,11,2026-08-01,,In Progress
7091,95,11,2024-04-22,2024-05-17,Completed
7092,1173,13,2025-07-21,2025-08-18,Completed
7093,24,1,2026-04-29,,In Progress
7094,682,16,2025-03-27,,In Progress
7095,477,25,2024-06-10,,In Progress
7096,463,13,2025-01-12,2025-02-12,Completed
7097,886,7,2024-07-05,2024-07-19,Completed
7098,1336,38,2024-06-02,2024-06-29,Completed
7099,1902,39,2026-03-13,,In Progress
7100,981,40,2024-02-25,2024-03-09,Completed
7101,1521,16,2024-06-21,2024-06-30,Completed
7102,1981,6,2026-06-23,2026-07-15,Completed
7103,589,2,2024-11-04,2024-11-23,Completed
7104,965,3,2024-12-11,2024-12-25,Completed
7105,1461,19,2025-11-29,2025-12-22,Completed
7106,1735,34,2025-12-11,,In Progress
7107,1574,12,2025-02-07,,Not Started
7108,647,20,2026-07-23,2026-08-19,Completed
7109,1864,34,2025-06-20,2025-07-17,Completed
7110,237,15,2026-01-16,2026-01-28,Completed
7111,203,18,2024-04-18,2024-04-25,Completed
7112,192,2,2024-06-15,,In Progress
7113,238,4,2025-12-19,,In Progress
7114,639,40,2026-06-27,2026-07-13,Completed
7115,901,6,2026-07-26,2026-08-09,Completed
7116,909,2,2026-01-28,2026-02-27,Completed
7117,541,3,2026-07-01,,Not Started
7118,1398,16,2025-09-03,2025-09-17,Completed
7119,1341,2,2024-12-26,2025-01-03,Completed
7120,394,8,2026-07-03,2026-08-03,Completed
7121,186,38,2025-02-16,,Dropped
7122,183,17,2025-01-31,2025-02-25,Completed
7123,1796,1,2024-04-16,2024-05-06,Completed
7124,437,20,2026-05-27,2026-06-17,Completed
7125,1294,33,2024-03-30,2024-04-06,Completed
7126,1921,8,2024-11-21,2024-12-09,Completed
7127,733,39,2025-03-08,2025-03-10,Completed
7128,131,22,2025-11-12,,In Progress
7129,1332,38,2026-07-21,2026-07-27,Completed
7130,1600,15,2024-02-28,2024-03-18,Completed
7131,1133,33,2024-06-01,,Dropped
7132,154,3,2026-06-09,2026-06-27,Completed
7133,1562,27,2024-11-06,,Not Started
7134,1449,40,2024-03-12,,In Progress
7135,520,36,2025-04-29,2025-05-10,Completed
7136,1350,15,2025-03-22,2025-04-20,Completed
7137,1082,4,2024-08-22,,Not Started
7138,128,25,2026-07-05,,Not Started
7139,602,3,2024-03-16,,In Progress
7140,866,38,2024-09-24,2024-10-03,Completed
7141,1062,32,2025-09-03,,In Progress
7142,201,24,2024-12-12,2024-12-24,Completed
7143,572,37,2025-03-08,2025-03-14,Completed
7144,133,34,2025-05-22,2025-06-04,Completed
7145,666,5,2026-08-05,2026-08-30,Completed
7146,1541,36,2025-08-17,,In Progress
7147,20,16,2026-03-08,2026-03-21,Completed
7148,212,3,2026-06-21,2026-07-21,Completed
7149,214,38,2025-10-19,2025-11-10,Completed
7150,871,29,2026-03-19,2026-03-28,Completed
7151,1551,27,2025-05-23,2025-06-19,Completed
7152,94,25,2025-07-02,2025-07-28,Completed
7153,1535,11,2026-02-04,2026-02-12,Completed
7154,1142,32,2025-06-23,2025-06-29,Completed
7155,562,3,2025-11-20,2025-12-08,Completed
7156,1309,9,2024-11-09,,In Progress
7157,493,7,2025-12-19,2026-01-15,Completed
7158,1700,25,2025-09-15,2025-10-03,Completed
7159,1555,23,2024-02-05,2024-02-23,Completed
7160,1029,31,2024-06-08,,In Progress
7161,744,34,2024-03-19,2024-04-15,Completed
7162,991,32,2024-11-23,2024-11-29,Completed
7163,1629,21,2025-04-30,2025-05-26,Completed
7164,237,20,2025-09-28,2025-10-21,Completed
7165,1427,17,2025-10-21,2025-11-14,Completed
7166,735,5,2024-01-22,2024-02-28,Completed
7167,1346,38,2024-02-03,2024-02-20,Completed
7168,1888,22,2025-05-29,2025-06-10,Completed
7169,916,29,2025-02-03,2025-02-10,Completed
7170,813,38,2026-01-28,,Dropped
7171,1241,24,2024-06-25,2024-07-13,Completed
7172,1925,24,2024-04-02,2024-04-15,Completed
7173,73,33,2026-01-08,,In Progress
7174,1841,24,2026-08-10,,In Progress
7175,364,29,2025-06-09,2025-07-04,Completed
7176,54,19,2025-06-29,,Not Started
7177,1527,25,2025-02-07,2025-02-18,Completed
7178,183,31,2024-06-02,,Not Started
7179,1683,3,2025-08-19,2025-09-02,Completed
7180,1799,21,2026-03-08,,In Progress
7181,329,6,2024-03-24,2024-04-13,Completed
7182,996,19,2024-12-20,2025-01-15,Completed
7183,1451,34,2025-06-15,,Dropped
7184,1932,30,2025-03-15,2025-03-27,Completed
7185,1412,17,2024-04-28,,Not Started
7186,535,3,2024-10-12,,In Progress
7187,1018,25,2025-05-21,2025-06-01,Completed
7188,647,25,2024-08-26,2024-09-08,Completed
7189,369,37,2024-04-13,2024-04-24,Completed
7190,1480,4,2025-09-15,2025-09-22,Completed
7191,900,22,2026-07-06,2026-07-13,Completed
7192,757,25,2025-04-11,2025-05-08,Completed
7193,1263,10,2024-12-16,2025-01-12,Completed
7194,675,40,2024-05-19,2024-06-16,Completed
7195,676,7,2026-06-09,,Dropped
7196,1653,37,2026-06-03,,In Progress
7197,746,13,2026-05-18,,In Progress
7198,1122,18,2025-09-14,,In Progress
7199,1447,23,2025-02-08,2025-03-10,Completed
7200,374,18,2025-04-16,2025-05-04,Completed
7201,306,7,2026-01-08,2026-01-28,Completed
7202,1968,26,2026-07-15,2026-08-08,Completed
7203,305,2,2024-11-24,2024-12-23,Completed
7204,1819,25,2024-09-02,2024-09-08,Completed
7205,219,1,2024-12-02,2025-01-01,Completed
7206,1386,2,2026-06-08,2026-07-04,Completed
7207,572,39,2026-05-02,,In Progress
7208,591,28,2026-06-16,2026-06-27,Completed
7209,286,33,2024-05-09,2024-05-21,Completed
7210,1857,1,2025-05-10,,In Progress
7211,1073,30,2026-06-26,2026-07-28,Completed
7212,972,2,2026-02-25,,In Progress
7213,1474,22,2024-07-31,2024-08-07,Completed
7214,510,18,2025-06-23,,Not Started
7215,1151,36,2025-06-15,2025-07-06,Completed
7216,348,3,2024-04-24,2024-05-27,Completed
7217,1135,5,2025-01-19,2025-02-16,Completed
7218,14,23,2026-04-09,2026-04-28,Completed
7219,139,14,2025-10-01,2025-10-19,Completed
7220,1726,21,2024-10-03,2024-10-23,Completed
7221,1146,32,2026-04-03,2026-04-09,Completed
7222,405,17,2024-10-11,,Not Started
7223,897,36,2026-04-03,2026-04-08,Completed
7224,197,7,2024-08-01,2024-08-29,Completed
7225,513,22,2025-02-09,2025-02-24,Completed
7226,642,11,2025-03-26,,Dropped
7227,1808,40,2024-01-16,2024-01-26,Completed
7228,1881,13,2025-10-27,,Not Started
7229,1063,3,2024-07-28,,Dropped
7230,1131,28,2025-11-14,2025-12-05,Completed
7231,57,26,2026-04-10,2026-05-06,Completed
7232,1528,7,2024-11-25,2024-12-06,Completed
7233,1494,37,2024-10-14,2024-11-03,Completed
7234,1998,21,2024-06-18,,Not Started
7235,1056,18,2024-12-28,2025-01-03,Completed
7236,761,16,2024-10-28,2024-11-26,Completed
7237,1940,7,2026-01-31,2026-03-03,Completed
7238,34,14,2025-03-02,2025-03-21,Completed
7239,125,25,2025-11-09,2025-11-20,Completed
7240,1568,37,2024-04-02,2024-04-29,Completed
7241,142,28,2025-12-14,2025-12-22,Completed
7242,1973,22,2024-12-11,,In Progress
7243,53,22,2025-05-16,2025-05-23,Completed
7244,1723,5,2025-12-02,2025-12-29,Completed
7245,1010,24,2025-04-22,2025-05-03,Completed
7246,995,22,2025-10-29,2025-11-15,Completed
7247,200,33,2025-08-17,2025-08-25,Completed
7248,1836,1,2026-07-30,2026-08-09,Completed
7249,93,18,2026-04-05,2026-04-14,Completed
7250,1697,9,2025-12-10,2025-12-24,Completed
7251,884,21,2026-08-12,2026-08-19,Completed
7252,738,36,2026-08-01,2026-08-27,Completed
7253,870,38,2026-05-04,2026-05-27,Completed
7254,1241,1,2026-01-03,,Dropped
7255,788,33,2025-03-27,2025-04-06,Completed
7256,265,1,2025-04-06,,Not Started
7257,1857,37,2026-01-15,2026-01-28,Completed
7258,977,21,2025-11-08,,Not Started
7259,47,35,2024-11-17,2024-12-15,Completed
7260,658,1,2025-07-04,2025-07-29,Completed
7261,1544,32,2026-05-20,2026-06-20,Completed
7262,1921,38,2024-09-26,2024-10-11,Completed
7263,669,39,2025-04-02,,Not Started
7264,1524,27,2025-07-05,,In Progress
7265,1689,29,2024-09-26,2024-10-07,Completed
7266,69,39,2024-09-23,2024-10-15,Completed
7267,741,37,2026-07-03,,Not Started
7268,1891,27,2024-11-29,2024-12-30,Completed
7269,575,1,2026-03-16,2026-03-25,Completed
7270,1494,15,2025-05-25,,In Progress
7271,1232,29,2025-11-26,2025-12-02,Completed
7272,147,7,2024-09-20,,Dropped
7273,161,10,2024-02-04,2024-03-01,Completed
7274,1104,2,2025-10-07,2025-11-02,Completed
7275,148,34,2026-03-13,,In Progress
7276,1953,16,2024-11-12,2024-11-16,Completed
7277,2000,2,2024-02-11,,Dropped
7278,77,1,2025-12-31,2026-01-17,Completed
7279,516,24,2025-01-29,2025-02-09,Completed
7280,606,29,2025-07-02,,In Progress
7281,719,5,2025-02-20,2025-03-21,Completed
7282,1190,23,2026-05-30,2026-06-17,Completed
7283,276,11,2025-03-08,2025-03-19,Completed
7284,1087,1,2025-04-26,2025-05-25,Completed
7285,163,3,2025-06-03,2025-07-04,Completed
7286,1828,3,2026-04-13,2026-04-28,Completed
7287,1396,25,2024-03-02,2024-03-10,Completed
7288,754,21,2025-09-08,2025-09-18,Completed
7289,223,12,2024-01-23,2024-02-01,Completed
7290,1590,19,2024-03-13,2024-04-07,Completed
7291,563,18,2026-04-03,2026-05-01,Completed
7292,1988,28,2025-01-31,,Dropped
7293,1677,31,2026-04-14,2026-04-23,Completed
7294,1415,39,2024-08-22,,In Progress
7295,321,27,2024-05-04,2024-05-22,Completed
7296,967,2,2025-01-05,2025-01-25,Completed
7297,205,16,2024-09-17,,Not Started
7298,570,14,2025-03-05,2025-04-02,Completed
7299,1943,25,2025-09-13,,Dropped
7300,369,8,2024-11-11,2024-12-08,Completed
7301,1111,7,2025-06-04,,Dropped
7302,138,36,2026-05-26,,In Progress
7303,496,36,2025-10-09,2025-11-03,Completed
7304,1399,26,2026-02-24,2026-03-24,Completed
7305,1220,33,2024-06-09,,In Progress
7306,938,30,2024-11-28,,Not Started
7307,190,28,2024-09-29,,Dropped
7308,614,39,2026-07-20,,Not Started
7309,627,1,2024-01-06,2024-01-21,Completed
7310,788,12,2026-02-17,,Dropped
7311,523,37,2024-08-28,,Dropped
7312,1630,22,2025-10-21,,In Progress
7313,1148,29,2026-03-30,2026-04-22,Completed
7314,38,25,2025-05-03,,In Progress
7315,980,15,2025-10-15,2025-11-04,Completed
7316,857,32,2026-05-24,2026-06-05,Completed
7317,928,20,2024-11-25,2024-12-04,Completed
7318,719,3,2024-04-12,,Dropped
7319,931,3,2024-05-09,,Dropped
7320,1171,17,2025-03-28,2025-04-16,Completed
7321,886,16,2025-02-13,,In Progress
7322,1418,23,2025-08-25,2025-09-05,Completed
7323,1832,13,2025-01-24,,In Progress
7324,259,12,2025-11-04,2025-11-17,Completed
7325,232,17,2026-06-04,2026-06-09,Completed
7326,1088,32,2025-03-06,,In Progress
7327,917,11,2024-04-29,2024-05-15,Completed
7328,1733,25,2026-01-21,,In Progress
7329,1632,36,2025-08-28,2025-09-12,Completed
7330,994,2,2024-11-06,,Dropped
7331,1608,17,2025-05-07,,Dropped
7332,228,9,2024-12-29,,In Progress
7333,1733,35,2026-08-05,2026-08-22,Completed
7334,1949,30,2025-12-14,2026-01-01,Completed
7335,1972,9,2025-09-24,2025-10-19,Completed
7336,1702,32,2025-12-09,2026-01-01,Completed
7337,657,17,2024-11-27,2024-12-14,Completed
7338,1291,6,2024-09-21,,Not Started
7339,548,38,2025-07-16,2025-07-28,Completed
7340,1501,12,2025-11-16,2025-12-05,Completed
7341,1930,34,2026-02-09,2026-02-20,Completed
7342,496,33,2025-12-07,2025-12-19,Completed
7343,7,28,2024-12-07,2024-12-30,Completed
7344,1841,12,2024-08-08,,In Progress
7345,1405,17,2025-04-26,,Not Started
7346,963,4,2025-10-02,2025-11-01,Completed
7347,293,18,2025-08-08,2025-08-28,Completed
7348,1804,21,2024-03-02,,Not Started
7349,1138,22,2024-10-06,,Dropped
7350,1769,4,2026-06-21,2026-07-10,Completed
7351,1674,15,2024-08-28,2024-09-15,Completed
7352,1661,23,2024-02-01,,In Progress
7353,384,31,2025-03-21,2025-04-07,Completed
7354,542,21,2025-10-18,,Dropped
7355,1229,39,2026-04-03,,Not Started
7356,403,27,2024-02-17,2024-03-09,Completed
7357,1236,34,2026-04-01,2026-04-17,Completed
7358,459,18,2026-06-10,,In Progress
7359,1395,20,2024-05-22,2024-05-30,Completed
7360,861,40,2025-07-31,,Not Started
7361,1201,3,2024-07-16,,Not Started
7362,878,22,2024-01-23,,Dropped
7363,1407,18,2024-06-26,2024-07-05,Completed
7364,706,1,2025-02-01,2025-02-18,Completed
7365,875,23,2025-06-26,2025-07-20,Completed
7366,1044,4,2024-02-24,2024-03-02,Completed
7367,44,20,2024-07-20,2024-08-17,Completed
7368,631,33,2025-08-16,2025-08-29,Completed
7369,1940,31,2024-11-02,2024-11-23,Completed
7370,1176,35,2024-06-28,,In Progress
7371,571,24,2024-04-10,2024-04-17,Completed
7372,1427,14,2025-08-14,2025-09-06,Completed
7373,1256,3,2025-10-22,2025-11-19,Completed
7374,1735,10,2026-07-11,2026-07-24,Completed
7375,140,40,2025-07-09,2025-07-26,Completed
7376,1228,37,2024-09-26,2024-10-09,Completed
7377,1209,12,2024-03-25,2024-04-01,Completed
7378,1659,5,2024-08-24,2024-09-28,Completed
7379,122,40,2025-09-09,,Not Started
7380,886,26,2025-10-23,2025-11-02,Completed
7381,445,22,2026-08-07,2026-08-17,Completed
7382,1143,26,2026-01-08,2026-02-04,Completed
7383,1528,36,2024-10-20,,Dropped
7384,1086,19,2025-01-29,2025-02-25,Completed
7385,982,7,2025-10-04,2025-11-04,Completed
7386,665,2,2024-09-06,2024-10-07,Completed
7387,368,36,2025-05-01,,In Progress
7388,1401,32,2025-04-09,2025-04-17,Completed
7389,822,4,2024-02-17,,Not Started
7390,676,13,2024-06-10,2024-07-05,Completed
7391,1242,4,2026-06-01,,Dropped
7392,1298,10,2026-03-03,2026-03-16,Completed
7393,1416,17,2025-02-08,,Not Started
7394,1472,17,2025-12-25,2026-01-06,Completed
7395,1503,19,2025-11-12,2025-11-24,Completed
7396,1763,22,2026-03-31,2026-04-20,Completed
7397,1982,16,2024-06-18,2024-07-07,Completed
7398,527,19,2025-07-05,2025-07-28,Completed
7399,171,2,2024-01-19,2024-02-18,Completed
7400,1786,35,2024-06-18,2024-07-13,Completed
7401,1961,32,2024-11-17,2024-12-16,Completed
7402,577,3,2024-11-20,2024-12-02,Completed
7403,1364,19,2024-05-24,2024-05-28,Completed
7404,541,2,2026-07-06,2026-08-08,Completed
7405,210,21,2024-05-17,2024-06-14,Completed
7406,574,8,2025-12-05,2025-12-12,Completed
7407,1897,5,2025-01-08,2025-01-23,Completed
7408,597,24,2024-08-15,,In Progress
7409,651,1,2025-08-19,2025-08-31,Completed
7410,1849,2,2024-03-22,2024-04-02,Completed
7411,1474,11,2024-11-05,2024-11-24,Completed
7412,1728,7,2026-06-15,2026-06-29,Completed
7413,978,2,2024-02-17,,In Progress
7414,1467,2,2025-11-11,2025-11-27,Completed
7415,1162,5,2026-07-15,,Not Started
7416,737,16,2024-01-29,,In Progress
7417,478,1,2024-04-16,2024-05-14,Completed
7418,1741,39,2024-08-06,2024-08-15,Completed
7419,1708,22,2026-04-10,2026-04-15,Completed
7420,171,34,2026-06-14,2026-07-10,Completed
7421,1805,38,2025-08-02,2025-08-09,Completed
7422,158,33,2025-07-18,2025-07-30,Completed
7423,1883,36,2026-01-13,2026-01-23,Completed
7424,32,40,2025-03-01,2025-03-20,Completed
7425,781,11,2026-05-16,2026-06-03,Completed
7426,1898,15,2024-06-24,,Dropped
7427,642,35,2024-10-04,2024-10-27,Completed
7428,1479,2,2024-10-10,,In Progress
7429,171,2,2025-07-24,2025-08-01,Completed
7430,1611,1,2024-11-06,2024-11-14,Completed
7431,1832,11,2024-09-05,,Not Started
7432,1450,3,2024-12-01,2024-12-31,Completed
7433,833,2,2024-06-03,2024-06-30,Completed
7434,1599,5,2026-06-29,2026-07-19,Completed
7435,1632,38,2026-02-13,2026-03-02,Completed
7436,1244,16,2024-02-20,,Dropped
7437,526,37,2026-05-12,,Dropped
7438,771,4,2025-04-28,2025-05-12,Completed
7439,347,5,2025-02-14,,Dropped
7440,1551,2,2025-08-27,,Dropped
7441,1358,30,2025-05-27,2025-06-06,Completed
7442,1599,29,2025-05-18,2025-06-01,Completed
7443,1802,3,2025-06-14,2025-07-18,Completed
7444,1022,3,2024-04-28,2024-05-25,Completed
7445,1695,32,2025-01-26,2025-02-18,Completed
7446,44,38,2025-08-04,2025-08-31,Completed
7447,1768,11,2026-07-21,2026-08-12,Completed
7448,349,15,2026-01-25,2026-02-09,Completed
7449,1818,2,2024-10-04,,In Progress
7450,188,37,2026-07-16,,Not Started
7451,1530,4,2026-08-04,2026-08-14,Completed
7452,1534,16,2026-03-20,2026-04-09,Completed
7453,1104,2,2024-12-20,,Dropped
7454,133,11,2024-05-06,2024-06-01,Completed
7455,1049,25,2026-02-28,,Dropped
7456,842,19,2026-06-17,2026-07-05,Completed
7457,89,10,2024-09-17,2024-10-16,Completed
7458,1154,26,2024-04-29,2024-05-05,Completed
7459,912,39,2025-11-06,2025-11-22,Completed
7460,1339,1,2025-03-15,2025-03-29,Completed
7461,451,16,2025-08-13,2025-09-07,Completed
7462,1909,7,2026-02-05,2026-02-26,Completed
7463,802,16,2024-04-17,2024-05-01,Completed
7464,516,3,2025-04-15,,In Progress
7465,661,1,2026-03-26,2026-04-01,Completed
7466,165,27,2026-06-10,2026-07-10,Completed
7467,1970,3,2026-01-30,2026-02-09,Completed
7468,12,37,2026-07-23,2026-08-02,Completed
7469,367,19,2025-01-11,2025-01-28,Completed
7470,211,20,2025-03-14,,Not Started
7471,988,32,2025-03-19,2025-03-29,Completed
7472,1410,3,2026-01-13,2026-01-28,Completed
7473,1134,30,2024-11-02,2024-11-12,Completed
7474,531,6,2025-10-12,2025-10-24,Completed
7475,227,13,2025-04-08,,Not Started
7476,1527,13,2025-05-11,2025-05-23,Completed
7477,866,39,2025-04-19,,Dropped
7478,575,32,2024-02-25,,Dropped
7479,1389,22,2024-06-23,2024-06-28,Completed
7480,708,22,2026-04-07,2026-04-20,Completed
7481,1410,17,2026-06-18,,In Progress
7482,1211,29,2025-06-30,,Not Started
7483,1105,1,2024-06-29,2024-07-10,Completed
7484,701,30,2026-03-27,2026-04-20,Completed
7485,443,16,2026-01-30,2026-02-20,Completed
7486,1106,1,2025-01-01,2025-01-28,Completed
7487,79,32,2026-05-20,2026-06-15,Completed
7488,345,28,2026-01-22,2026-02-18,Completed
7489,494,17,2024-08-19,,Dropped
7490,1899,12,2024-12-26,,Dropped
7491,1276,3,2024-05-06,2024-05-28,Completed
7492,1543,2,2025-12-23,2026-01-18,Completed
7493,832,36,2024-12-21,2025-01-04,Completed
7494,1892,36,2024-07-16,2024-07-19,Completed
7495,272,31,2024-09-06,,Not Started
7496,770,19,2024-07-11,,Not Started
7497,1658,2,2024-05-31,2024-06-16,Completed
7498,737,2,2025-07-16,,Not Started
7499,1872,1,2025-09-21,2025-10-16,Completed
7500,900,21,2026-08-11,2026-08-20,Completed
7501,1685,39,2025-10-27,,Dropped
7502,1020,37,2026-04-16,,Dropped
7503,1874,6,2026-06-29,2026-07-10,Completed
7504,1546,2,2024-02-22,2024-03-14,Completed
7505,798,11,2024-10-26,2024-11-07,Completed
7506,1745,28,2026-04-08,,In Progress
7507,474,39,2026-02-13,2026-02-28,Completed
7508,127,7,2026-04-11,2026-05-08,Completed
7509,1464,16,2025-12-26,2026-01-21,Completed
7510,1747,39,2025-05-23,,Dropped
7511,787,9,2026-06-01,,Dropped
7512,502,18,2025-09-30,,In Progress
7513,583,9,2026-06-23,2026-06-29,Completed
7514,1302,34,2024-11-18,,In Progress
7515,1683,7,2024-09-26,2024-10-07,Completed
7516,1001,25,2025-08-13,2025-09-01,Completed
7517,872,8,2024-04-26,,Not Started
7518,9,27,2026-02-25,2026-03-23,Completed
7519,1629,2,2026-05-24,2026-06-20,Completed
7520,1118,38,2024-12-01,,Dropped
7521,673,10,2024-08-02,,Dropped
7522,1041,31,2025-07-08,2025-07-31,Completed
7523,630,1,2024-06-12,2024-07-04,Completed
7524,667,31,2025-03-31,2025-04-18,Completed
7525,459,5,2025-01-14,2025-02-12,Completed
7526,739,2,2026-05-12,2026-05-21,Completed
7527,240,5,2024-06-09,2024-06-23,Completed
7528,189,32,2025-07-20,2025-08-16,Completed
7529,1559,40,2024-12-19,2025-01-02,Completed
7530,251,6,2026-06-05,2026-07-05,Completed
7531,247,36,2025-10-12,2025-10-30,Completed
7532,51,13,2024-04-04,,In Progress
7533,209,3,2025-12-31,,Not Started
7534,7,18,2025-10-09,,Not Started
7535,563,29,2025-01-17,2025-02-05,Completed
7536,1189,23,2026-05-07,2026-06-06,Completed
7537,1581,4,2025-02-20,2025-03-02,Completed
7538,1607,31,2025-07-29,2025-08-24,Completed
7539,544,17,2025-06-07,2025-07-01,Completed
7540,416,2,2024-06-03,2024-06-16,Completed
7541,1743,6,2024-02-19,2024-02-28,Completed
7542,752,16,2025-02-25,,In Progress
7543,899,2,2024-11-04,,In Progress
7544,1736,3,2025-05-03,2025-05-22,Completed
7545,1261,3,2025-10-22,2025-11-03,Completed
7546,1163,7,2025-03-16,2025-04-01,Completed
7547,1782,5,2024-10-31,2024-11-25,Completed
7548,717,26,2024-07-18,2024-08-02,Completed
7549,1846,29,2024-11-18,2024-12-13,Completed
7550,1997,32,2025-01-16,,Not Started
7551,1131,30,2025-01-11,2025-02-04,Completed
7552,1196,11,2024-04-21,,Dropped
7553,782,27,2026-03-19,2026-03-28,Completed
7554,1094,17,2025-07-17,2025-08-04,Completed
7555,1600,7,2025-11-20,,In Progress
7556,264,6,2024-10-14,2024-10-28,Completed
7557,493,33,2025-12-09,2026-01-05,Completed
7558,1555,7,2025-11-08,2025-11-15,Completed
7559,1574,4,2024-01-28,2024-02-25,Completed
7560,1350,4,2024-01-17,2024-01-23,Completed
7561,1594,11,2026-03-04,,In Progress
7562,1878,16,2025-01-23,2025-02-05,Completed
7563,958,2,2025-05-26,2025-06-15,Completed
7564,88,29,2025-04-20,2025-05-19,Completed
7565,1037,23,2025-03-12,2025-04-02,Completed
7566,60,13,2025-05-12,2025-05-19,Completed
7567,1727,21,2025-06-22,,Not Started
7568,302,6,2026-06-23,,Dropped
7569,1156,17,2024-04-05,2024-04-28,Completed
7570,1111,5,2025-04-20,2025-05-22,Completed
7571,1408,18,2024-04-11,2024-04-27,Completed
7572,284,3,2025-07-30,2025-08-29,Completed
7573,1795,32,2026-04-29,,Dropped
7574,1720,5,2025-04-16,2025-05-19,Completed
7575,357,19,2025-10-27,2025-11-13,Completed
7576,1116,38,2025-01-31,2025-02-14,Completed
7577,1588,36,2025-02-12,,Dropped
7578,1033,26,2025-06-20,2025-07-01,Completed
7579,997,22,2024-11-15,,In Progress
7580,335,14,2025-07-11,2025-07-27,Completed
7581,661,19,2024-01-24,2024-02-21,Completed
7582,154,26,2025-09-03,2025-09-29,Completed
7583,585,3,2025-09-17,2025-10-11,Completed
7584,1239,17,2024-08-10,2024-09-01,Completed
7585,128,20,2024-09-27,2024-10-02,Completed
7586,1266,21,2026-05-20,2026-06-15,Completed
7587,530,8,2025-06-27,,Not Started
7588,1129,22,2026-04-19,,In Progress
7589,557,37,2025-06-30,2025-07-10,Completed
7590,853,37,2024-11-21,2024-12-15,Completed
7591,938,37,2025-10-11,2025-10-14,Completed
7592,375,3,2024-03-12,2024-04-07,Completed
7593,1409,1,2025-12-21,2026-01-19,Completed
7594,850,10,2024-11-23,,Not Started
7595,1241,36,2025-05-02,2025-05-13,Completed
7596,456,25,2025-06-27,2025-07-19,Completed
7597,18,34,2024-08-04,2024-08-14,Completed
7598,1889,39,2026-03-05,2026-03-14,Completed
7599,899,3,2025-03-04,,In Progress
7600,1791,20,2025-05-23,2025-05-30,Completed
7601,684,32,2024-11-23,2024-12-19,Completed
7602,202,7,2026-01-21,2026-02-19,Completed
7603,160,9,2024-06-20,,Not Started
7604,245,34,2025-11-15,2025-11-24,Completed
7605,554,18,2025-09-08,2025-10-05,Completed
7606,517,8,2026-05-05,2026-05-28,Completed
7607,326,17,2026-01-09,,In Progress
7608,721,25,2025-09-23,2025-10-11,Completed
7609,277,1,2024-11-12,,In Progress
7610,1888,37,2025-06-17,2025-07-01,Completed
7611,519,37,2026-02-21,2026-03-09,Completed
7612,920,10,2025-01-30,2025-02-24,Completed
7613,1259,27,2025-06-07,2025-06-26,Completed
7614,703,24,2024-11-19,,Dropped
7615,1360,35,2024-06-02,2024-06-25,Completed
7616,1615,16,2025-04-10,2025-04-19,Completed
7617,1173,23,2025-04-19,2025-05-16,Completed
7618,861,18,2024-10-04,2024-10-29,Completed
7619,49,3,2026-03-03,2026-03-20,Completed
7620,1059,4,2026-01-04,,Not Started
7621,478,21,2025-11-18,2025-11-27,Completed
7622,485,23,2026-04-02,2026-04-24,Completed
7623,1365,30,2025-06-21,2025-07-02,Completed
7624,734,25,2024-09-15,2024-10-06,Completed
7625,1515,16,2025-07-30,2025-08-16,Completed
7626,178,2,2025-01-04,2025-01-27,Completed
7627,551,25,2024-02-23,2024-03-08,Completed
7628,412,18,2026-08-06,2026-08-19,Completed
7629,1705,31,2024-06-13,2024-07-06,Completed
7630,475,24,2024-01-05,2024-01-11,Completed
7631,108,29,2024-06-01,,In Progress
7632,845,35,2026-05-25,2026-06-01,Completed
7633,1200,32,2024-03-18,2024-04-18,Completed
7634,75,21,2026-05-27,2026-05-31,Completed
7635,1224,3,2025-02-05,2025-03-08,Completed
7636,1215,36,2024-11-12,2024-11-23,Completed
7637,1916,28,2024-02-09,2024-02-29,Completed
7638,1813,20,2024-10-02,,Dropped
7639,267,25,2026-06-09,2026-06-23,Completed
7640,1766,30,2025-12-08,2025-12-15,Completed
7641,1867,25,2024-07-04,,In Progress
7642,268,12,2025-11-21,2025-12-14,Completed
7643,1913,37,2025-12-03,,Not Started
7644,405,2,2026-03-03,,Not Started
7645,324,3,2025-02-10,2025-03-16,Completed
7646,1846,15,2026-06-26,2026-07-24,Completed
7647,917,2,2025-06-28,2025-07-18,Completed
7648,1539,37,2026-06-04,2026-06-21,Completed
7649,191,6,2026-07-23,2026-08-20,Completed
7650,301,13,2024-01-23,2024-02-03,Completed
7651,303,40,2025-03-06,,Dropped
7652,527,8,2026-05-02,2026-05-17,Completed
7653,1563,26,2024-12-12,2024-12-31,Completed
7654,1380,27,2024-12-30,2025-01-15,Completed
7655,1994,5,2025-05-26,,Dropped
7656,1377,35,2024-03-22,2024-04-10,Completed
7657,31,4,2025-01-17,2025-02-03,Completed
7658,394,28,2026-07-13,,Not Started
7659,1101,28,2024-12-17,2025-01-11,Completed
7660,1844,21,2026-08-03,2026-08-29,Completed
7661,384,2,2026-01-11,2026-01-30,Completed
7662,1806,11,2026-03-19,,Not Started
7663,1511,32,2026-07-27,2026-08-09,Completed
7664,102,32,2024-04-11,2024-04-25,Completed
7665,1493,7,2026-07-21,2026-08-17,Completed
7666,1979,40,2025-09-09,,Not Started
7667,938,28,2024-10-28,2024-11-11,Completed
7668,466,7,2026-01-04,,Not Started
7669,1215,27,2024-12-19,2025-01-10,Completed
7670,878,38,2026-07-26,2026-08-17,Completed
7671,1499,9,2025-12-25,2026-01-14,Completed
7672,1932,17,2024-09-25,2024-10-24,Completed
7673,806,28,2026-07-24,2026-08-02,Completed
7674,1612,36,2026-01-26,,In Progress
7675,433,26,2024-10-29,2024-11-29,Completed
7676,21,16,2025-10-04,,Dropped
7677,1350,36,2024-01-23,2024-02-12,Completed
7678,906,21,2024-10-25,,Not Started
7679,1257,19,2025-08-15,2025-08-21,Completed
7680,777,24,2024-05-14,2024-06-04,Completed
7681,260,16,2025-06-02,2025-06-25,Completed
7682,963,39,2024-02-21,,Not Started
7683,1775,31,2024-10-18,2024-10-28,Completed
7684,4,12,2025-01-07,2025-02-01,Completed
7685,1164,3,2026-02-24,,Dropped
7686,1083,29,2024-08-22,2024-09-08,Completed
7687,1828,14,2024-04-29,2024-05-27,Completed
7688,457,10,2026-07-30,2026-08-06,Completed
7689,1468,36,2025-12-09,2026-01-04,Completed
7690,42,16,2025-10-29,2025-11-25,Completed
7691,491,22,2025-09-16,2025-09-27,Completed
7692,661,38,2025-07-06,,In Progress
7693,1344,37,2026-05-27,2026-05-29,Completed
7694,1521,18,2025-12-08,,In Progress
7695,253,4,2024-06-16,2024-06-25,Completed
7696,1627,2,2025-02-06,2025-02-18,Completed
7697,194,39,2025-06-07,2025-06-17,Completed
7698,538,31,2025-07-20,2025-08-03,Completed
7699,1572,17,2025-04-11,2025-04-17,Completed
7700,758,35,2025-03-30,2025-04-16,Completed
7701,1940,25,2024-01-21,2024-01-30,Completed
7702,789,26,2024-07-08,2024-07-19,Completed
7703,1909,8,2025-11-03,,Dropped
7704,1797,40,2024-05-13,2024-05-30,Completed
7705,314,1,2026-02-26,2026-03-20,Completed
7706,108,8,2025-05-17,2025-06-08,Completed
7707,1273,40,2026-01-30,,Dropped
7708,495,17,2026-08-04,2026-08-24,Completed
7709,1359,11,2025-12-18,,Not Started
7710,391,24,2025-09-28,2025-10-09,Completed
7711,797,21,2024-04-21,,In Progress
7712,616,13,2024-10-01,2024-10-28,Completed
7713,1652,22,2025-11-20,2025-12-10,Completed
7714,1873,13,2026-01-05,,Dropped
7715,315,20,2025-02-13,,In Progress
7716,1521,23,2024-04-13,2024-04-29,Completed
7717,215,11,2026-01-10,2026-01-20,Completed
7718,987,38,2025-04-02,,Dropped
7719,1113,34,2025-05-20,,Not Started
7720,740,25,2026-01-22,2026-02-02,Completed
7721,145,39,2025-04-01,2025-04-27,Completed
7722,467,2,2025-11-12,2025-11-29,Completed
7723,1674,19,2026-07-07,2026-07-13,Completed
7724,1263,34,2026-02-06,2026-02-25,Completed
7725,778,13,2024-02-21,2024-03-23,Completed
7726,42,32,2026-03-15,2026-04-05,Completed
7727,1083,16,2025-11-09,2025-12-01,Completed
7728,731,36,2026-04-21,2026-05-17,Completed
7729,1779,36,2024-02-27,,In Progress
7730,719,3,2024-05-08,,Not Started
7731,466,19,2025-10-29,2025-11-22,Completed
7732,1609,16,2024-04-07,2024-04-11,Completed
7733,678,37,2026-06-27,2026-07-11,Completed
7734,1225,6,2026-01-17,2026-02-14,Completed
7735,1179,37,2025-12-01,2025-12-18,Completed
7736,588,26,2026-03-23,2026-04-03,Completed
7737,367,15,2025-06-11,2025-07-01,Completed
7738,650,6,2024-03-19,,In Progress
7739,713,4,2024-09-23,,In Progress
7740,423,20,2024-05-17,,Dropped
7741,54,17,2025-04-01,2025-04-29,Completed
7742,199,11,2025-10-28,2025-11-22,Completed
7743,1247,9,2026-03-12,,In Progress
7744,1216,28,2025-01-19,2025-02-03,Completed
7745,1985,26,2026-02-16,,In Progress
7746,788,5,2024-09-26,2024-10-25,Completed
7747,570,1,2025-08-11,,Not Started
7748,1468,33,2026-02-24,2026-03-24,Completed
7749,153,34,2025-04-06,,Dropped
7750,469,26,2025-02-27,2025-03-05,Completed
7751,1326,17,2024-11-24,2024-12-16,Completed
7752,320,12,2025-10-23,,Dropped
7753,1619,1,2024-07-15,2024-08-07,Completed
7754,890,17,2024-01-20,2024-02-12,Completed
7755,216,9,2026-04-28,,In Progress
7756,849,16,2026-07-22,2026-08-08,Completed
7757,1651,15,2025-04-15,2025-05-15,Completed
7758,20,39,2026-01-07,2026-01-31,Completed
7759,554,7,2024-01-02,,In Progress
7760,3,40,2025-02-05,2025-02-18,Completed
7761,929,14,2024-11-07,2024-11-24,Completed
7762,1729,25,2026-02-27,,In Progress
7763,809,13,2025-04-13,,Dropped
7764,1486,4,2025-10-20,2025-11-04,Completed
7765,172,31,2024-12-11,2025-01-04,Completed
7766,665,23,2026-03-22,,In Progress
7767,1488,4,2024-09-06,2024-10-07,Completed
7768,609,36,2025-03-12,,In Progress
7769,381,3,2025-12-20,2025-12-30,Completed
7770,1770,16,2024-04-10,,In Progress
7771,1948,34,2024-08-13,,Dropped
7772,1838,17,2026-05-06,,In Progress
7773,26,11,2026-03-05,,Dropped
7774,607,5,2025-09-02,2025-09-29,Completed
7775,1453,20,2025-10-12,,Dropped
7776,856,4,2024-07-26,2024-08-19,Completed
7777,1645,25,2024-04-24,2024-04-30,Completed
7778,981,3,2026-05-12,2026-06-03,Completed
7779,250,15,2024-02-25,2024-03-15,Completed
7780,119,11,2024-03-01,2024-03-09,Completed
7781,943,25,2025-08-10,2025-09-05,Completed
7782,962,17,2025-03-17,2025-03-25,Completed
7783,1218,22,2024-10-18,2024-10-23,Completed
7784,1163,38,2025-01-31,2025-02-19,Completed
7785,945,9,2025-03-06,,In Progress
7786,1768,4,2025-09-11,,Dropped
7787,1048,6,2025-06-09,2025-07-02,Completed
7788,1109,20,2025-12-30,2026-01-22,Completed
7789,1105,19,2025-05-31,2025-06-28,Completed
7790,444,17,2025-09-28,2025-10-19,Completed
7791,1518,15,2025-12-04,2025-12-14,Completed
7792,916,40,2026-07-31,2026-08-25,Completed
7793,480,1,2026-03-09,,Not Started
7794,1168,28,2024-03-07,,Dropped
7795,528,18,2024-12-06,2024-12-21,Completed
7796,33,3,2024-07-18,,Dropped
7797,1643,38,2025-01-28,2025-02-03,Completed
7798,1489,25,2024-03-08,,In Progress
7799,783,17,2026-01-19,2026-01-26,Completed
7800,568,1,2024-06-12,,Dropped
7801,374,38,2026-02-09,,In Progress
7802,632,38,2025-10-19,,In Progress
7803,1630,33,2024-05-01,2024-05-22,Completed
7804,164,16,2024-11-29,2024-12-11,Completed
7805,1373,25,2025-11-10,,In Progress
7806,444,26,2025-01-17,,Dropped
7807,837,25,2025-04-25,,Not Started
7808,176,32,2024-04-30,,Dropped
7809,1700,23,2025-01-08,2025-02-05,Completed
7810,153,28,2025-01-25,,In Progress
7811,1646,1,2024-10-09,,Dropped
7812,1217,2,2025-03-18,,In Progress
7813,577,23,2024-03-02,,In Progress
7814,1398,32,2024-03-07,2024-04-01,Completed
7815,1558,7,2024-09-18,,Dropped
7816,1013,21,2026-06-26,2026-07-21,Completed
7817,1282,39,2025-09-29,,Not Started
7818,329,16,2026-05-12,2026-05-17,Completed
7819,44,24,2026-05-14,,Not Started
7820,1961,26,2025-10-17,2025-11-08,Completed
7821,149,37,2026-05-02,2026-05-06,Completed
7822,879,37,2025-03-12,,Dropped
7823,797,3,2025-05-03,,In Progress
7824,1403,4,2025-09-15,2025-09-21,Completed
7825,839,36,2025-04-25,2025-04-27,Completed
7826,702,29,2026-01-31,,Not Started
7827,1136,4,2025-11-25,2025-12-20,Completed
7828,1327,18,2025-12-29,2026-01-24,Completed
7829,661,27,2024-06-29,2024-07-05,Completed
7830,69,7,2024-07-21,2024-07-30,Completed
7831,1529,32,2026-06-04,2026-06-24,Completed
7832,712,22,2025-09-15,2025-10-13,Completed
7833,312,27,2025-09-17,2025-10-07,Completed
7834,859,8,2024-04-12,2024-05-06,Completed
7835,1977,34,2026-06-03,2026-06-14,Completed
7836,371,40,2024-03-18,2024-03-22,Completed
7837,170,1,2026-05-31,,Dropped
7838,827,7,2024-09-25,,Not Started
7839,1711,4,2024-05-28,2024-06-27,Completed
7840,996,27,2025-04-29,2025-05-15,Completed
7841,1183,10,2025-11-26,2025-12-18,Completed
7842,353,7,2025-11-05,,In Progress
7843,1519,14,2024-07-22,2024-08-03,Completed
7844,1103,32,2024-04-03,2024-04-29,Completed
7845,9,3,2024-11-16,2024-12-06,Completed
7846,978,16,2024-10-10,,In Progress
7847,1377,39,2026-06-09,,Not Started
7848,432,24,2026-02-20,,Dropped
7849,755,32,2024-09-11,2024-09-23,Completed
7850,964,13,2025-05-31,,In Progress
7851,1249,19,2024-04-30,2024-05-09,Completed
7852,1671,11,2025-11-28,,Not Started
7853,452,4,2024-08-28,2024-09-07,Completed
7854,197,29,2025-08-05,2025-09-03,Completed
7855,989,32,2026-06-26,2026-07-15,Completed
7856,340,21,2025-05-17,2025-05-27,Completed
7857,766,1,2025-03-06,2025-04-03,Completed
7858,668,31,2026-01-07,2026-01-24,Completed
7859,1602,20,2025-09-19,,Dropped
7860,86,18,2025-11-26,2025-12-16,Completed
7861,777,5,2026-01-22,2026-02-17,Completed
7862,1533,5,2024-07-12,,Dropped
7863,1535,17,2026-02-23,2026-03-24,Completed
7864,323,24,2025-01-04,,Dropped
7865,1950,17,2024-08-10,2024-08-31,Completed
7866,124,13,2025-07-05,2025-08-01,Completed
7867,279,16,2026-02-12,2026-03-10,Completed
7868,1361,2,2025-02-22,,Not Started
7869,765,35,2024-03-06,2024-03-18,Completed
7870,1742,4,2025-04-05,,In Progress
7871,1589,6,2024-11-03,,In Progress
7872,1699,37,2024-10-19,,Not Started
7873,909,18,2024-12-11,,In Progress
7874,1744,27,2025-06-05,2025-06-24,Completed
7875,434,29,2024-04-01,2024-04-21,Completed
7876,1209,22,2025-04-28,2025-05-02,Completed
7877,1765,33,2026-05-19,2026-06-11,Completed
7878,378,20,2025-08-20,2025-08-27,Completed
7879,1635,5,2024-06-02,2024-07-08,Completed
7880,457,40,2026-06-08,2026-07-06,Completed
7881,1696,11,2025-12-05,,In Progress
7882,1731,6,2025-10-22,2025-11-23,Completed
7883,797,9,2024-10-22,2024-11-01,Completed
7884,1283,11,2025-01-27,2025-02-06,Completed
7885,314,1,2026-06-16,2026-07-17,Completed
7886,575,31,2026-05-01,2026-05-17,Completed
7887,1639,40,2025-08-25,2025-09-20,Completed
7888,792,3,2025-06-14,2025-06-26,Completed
7889,1145,26,2025-01-20,2025-02-18,Completed
7890,886,22,2026-03-27,2026-04-19,Completed
7891,1227,8,2024-03-17,2024-04-04,Completed
7892,1348,35,2024-07-23,2024-08-02,Completed
7893,1263,4,2025-01-25,2025-02-18,Completed
7894,1058,40,2025-01-21,2025-02-15,Completed
7895,380,18,2025-01-17,2025-02-15,Completed
7896,1636,3,2024-02-28,2024-03-29,Completed
7897,391,24,2025-01-03,2025-01-18,Completed
7898,1334,39,2026-02-12,2026-02-19,Completed
7899,648,24,2025-12-04,2025-12-28,Completed
7900,615,2,2024-08-07,2024-09-01,Completed
7901,1083,21,2025-08-19,2025-08-22,Completed
7902,1388,39,2025-07-15,,Dropped
7903,1556,31,2025-01-27,,In Progress
7904,1076,2,2026-06-24,,Dropped
7905,943,3,2025-09-02,,In Progress
7906,1873,39,2025-12-21,2025-12-30,Completed
7907,1598,39,2025-06-07,2025-06-29,Completed
7908,684,40,2025-11-09,2025-11-20,Completed
7909,1602,31,2024-08-02,,In Progress
7910,1000,4,2024-04-25,,Dropped
7911,356,16,2026-03-20,2026-04-08,Completed
7912,1016,35,2024-08-05,,Dropped
7913,1601,39,2026-03-05,,Not Started
7914,1465,22,2025-12-01,,Not Started
7915,113,32,2024-08-26,2024-09-10,Completed
7916,1431,7,2026-02-28,2026-03-22,Completed
7917,1168,39,2024-12-03,,Not Started
7918,770,19,2026-03-16,2026-03-23,Completed
7919,1138,3,2026-02-16,,Not Started
7920,135,33,2026-05-18,,In Progress
7921,572,17,2025-09-04,2025-10-01,Completed
7922,1825,7,2024-05-05,2024-05-24,Completed
7923,731,23,2025-03-27,2025-04-01,Completed
7924,445,2,2025-12-03,2025-12-15,Completed
7925,148,18,2024-04-26,2024-05-24,Completed
7926,35,11,2025-12-21,2025-12-30,Completed
7927,1012,35,2025-06-22,2025-06-30,Completed
7928,1788,2,2024-11-21,2024-12-04,Completed
7929,50,16,2024-01-25,,Dropped
7930,239,14,2024-05-13,,Dropped
7931,343,36,2024-04-01,2024-04-21,Completed
7932,211,1,2024-12-18,2024-12-25,Completed
7933,39,39,2026-04-25,2026-05-16,Completed
7934,1350,34,2026-02-14,2026-02-26,Completed
7935,813,36,2024-06-22,2024-07-11,Completed
7936,1336,1,2024-08-08,2024-08-15,Completed
7937,362,1,2025-08-02,2025-08-25,Completed
7938,1818,35,2026-05-02,2026-05-08,Completed
7939,154,36,2026-02-12,2026-03-05,Completed
7940,794,2,2025-12-22,2026-01-11,Completed
7941,74,38,2025-05-22,2025-06-08,Completed
7942,321,1,2026-01-30,2026-02-06,Completed
7943,1426,28,2025-07-18,2025-08-15,Completed
7944,1726,37,2025-12-07,2025-12-20,Completed
7945,469,7,2024-07-30,2024-08-09,Completed
7946,1956,15,2024-07-10,2024-07-25,Completed
7947,1996,2,2024-11-15,,Dropped
7948,1181,9,2024-05-02,2024-05-08,Completed
7949,1800,37,2025-11-12,2025-12-07,Completed
7950,1941,12,2024-07-30,2024-08-10,Completed
7951,61,22,2025-03-29,2025-04-20,Completed
7952,1710,38,2026-03-22,2026-03-24,Completed
7953,979,11,2025-10-15,,Dropped
7954,693,21,2025-11-27,2025-12-10,Completed
7955,490,7,2024-02-21,2024-03-11,Completed
7956,462,26,2025-06-13,,Not Started
7957,742,18,2024-07-24,2024-07-31,Completed
7958,1205,11,2025-05-31,2025-06-05,Completed
7959,57,32,2024-11-01,2024-11-11,Completed
7960,1397,14,2025-01-04,2025-01-30,Completed
7961,636,16,2024-09-03,2024-09-15,Completed
7962,802,13,2026-04-30,,In Progress
7963,462,22,2026-02-25,2026-03-12,Completed
7964,1777,34,2025-06-07,2025-07-05,Completed
7965,1472,39,2025-02-01,,Dropped
7966,589,25,2024-03-01,2024-03-09,Completed
7967,1563,25,2025-09-04,2025-09-15,Completed
7968,347,1,2025-01-19,,Not Started
7969,216,23,2025-07-14,,Not Started
7970,15,16,2024-01-17,,Dropped
7971,230,35,2026-02-23,2026-03-15,Completed
7972,1985,12,2026-07-30,,Not Started
7973,1185,38,2025-02-03,,In Progress
7974,946,18,2024-12-28,,In Progress
7975,575,15,2026-06-25,2026-07-05,Completed
7976,1356,4,2025-10-14,,Dropped
7977,1285,38,2024-07-19,,In Progress
7978,1381,16,2025-03-11,2025-04-07,Completed
7979,1783,25,2026-05-01,,In Progress
7980,1023,32,2024-06-17,2024-06-23,Completed
7981,527,34,2025-07-23,,Not Started
7982,165,36,2026-04-28,2026-05-25,Completed
7983,1380,12,2024-10-18,2024-11-18,Completed
7984,605,3,2024-10-25,,In Progress
7985,1480,39,2026-05-31,,In Progress
7986,236,27,2025-08-19,,Not Started
7987,1921,10,2024-08-11,2024-08-26,Completed
7988,745,22,2024-12-29,2025-01-19,Completed
7989,1969,2,2024-05-28,2024-06-05,Completed
7990,874,28,2024-12-24,2025-01-04,Completed
7991,1995,11,2026-07-22,,Dropped
7992,277,33,2025-12-05,2025-12-20,Completed
7993,417,16,2024-04-05,2024-05-04,Completed
7994,1250,1,2025-06-17,,Not Started
7995,535,11,2025-10-22,2025-11-04,Completed
7996,1454,16,2024-10-31,2024-11-08,Completed
7997,1713,6,2024-01-07,2024-01-18,Completed
7998,1008,2,2025-03-14,2025-03-27,Completed
7999,744,5,2024-11-26,,Dropped
8000,415,26,2024-03-23,2024-04-21,Completed
8001,192,17,2024-07-09,,Not Started
8002,1119,1,2025-08-12,2025-08-20,Completed
8003,1008,14,2025-11-26,2025-12-12,Completed
8004,507,40,2025-04-04,2025-04-18,Completed
8005,1580,21,2025-07-21,2025-07-27,Completed
8006,913,5,2024-07-28,2024-08-28,Completed
8007,1522,16,2025-10-07,,Dropped
8008,54,30,2026-02-20,,Dropped
8009,1113,4,2025-08-22,2025-09-18,Completed
8010,1999,13,2024-04-21,2024-04-28,Completed
8011,1601,34,2025-01-26,2025-02-08,Completed
8012,1477,16,2025-05-06,2025-05-24,Completed
8013,1137,33,2025-01-26,2025-02-03,Completed
8014,1137,8,2024-12-27,2025-01-23,Completed
8015,160,25,2026-06-25,,Not Started
8016,508,32,2026-04-28,,Not Started
8017,1189,21,2024-12-30,2025-01-02,Completed
8018,1804,22,2026-06-24,2026-07-11,Completed
8019,246,1,2025-06-17,2025-07-03,Completed
8020,1567,34,2024-09-13,2024-10-09,Completed
8021,1758,4,2025-11-30,2025-12-06,Completed
8022,505,5,2026-08-05,2026-09-09,Completed
8023,1110,30,2024-12-11,,In Progress
8024,242,20,2024-05-05,,Dropped
8025,1153,32,2025-06-25,2025-07-12,Completed
8026,381,20,2024-07-29,,In Progress
8027,1580,40,2024-02-13,,Dropped
8028,694,6,2025-03-19,2025-03-27,Completed
8029,1504,26,2024-08-18,,In Progress
8030,465,21,2025-06-23,2025-06-29,Completed
8031,1511,16,2025-05-01,2025-05-17,Completed
8032,1214,4,2025-12-06,,Dropped
8033,1192,36,2024-05-05,,In Progress
8034,673,1,2025-05-16,,Dropped
8035,1186,17,2025-09-08,2025-09-28,Completed
8036,601,39,2026-02-16,2026-03-12,Completed
8037,569,1,2025-03-22,2025-03-31,Completed
8038,1822,11,2025-06-06,2025-06-24,Completed
8039,965,6,2025-10-20,2025-10-31,Completed
8040,1581,27,2025-10-10,2025-11-10,Completed
8041,764,16,2025-03-10,2025-04-02,Completed
8042,1874,17,2024-06-16,2024-06-26,Completed
8043,1510,16,2024-06-17,2024-06-27,Completed
8044,343,39,2024-08-21,2024-08-24,Completed
8045,391,26,2025-10-11,2025-11-04,Completed
8046,1366,40,2024-11-30,2024-12-27,Completed
8047,658,27,2024-04-21,,Not Started
8048,544,2,2024-08-27,2024-09-04,Completed
8049,1829,17,2025-06-14,2025-06-26,Completed
8050,308,39,2026-03-09,2026-03-23,Completed
8051,1661,27,2024-03-28,2024-04-26,Completed
8052,884,1,2024-12-28,,In Progress
8053,1285,3,2024-04-15,2024-04-25,Completed
8054,328,26,2024-07-09,,Dropped
8055,877,30,2025-03-28,2025-04-25,Completed
8056,441,17,2025-06-30,2025-07-11,Completed
8057,1987,2,2024-09-26,2024-10-06,Completed
8058,386,12,2025-11-21,2025-12-01,Completed
8059,1649,16,2025-07-29,2025-08-05,Completed
8060,134,3,2024-10-20,2024-11-04,Completed
8061,52,17,2024-09-18,2024-10-08,Completed
8062,1815,32,2024-08-22,,In Progress
8063,640,3,2026-04-24,,Not Started
8064,1909,12,2026-08-14,2026-08-30,Completed
8065,926,37,2024-07-17,2024-07-22,Completed
8066,1595,15,2025-06-30,2025-07-10,Completed
8067,829,15,2025-04-29,2025-05-04,Completed
8068,29,21,2025-10-24,2025-11-15,Completed
8069,550,7,2024-07-18,2024-08-03,Completed
8070,1121,26,2025-04-30,2025-05-09,Completed
8071,829,14,2025-03-19,2025-04-08,Completed
8072,1983,2,2025-11-25,,In Progress
8073,542,37,2025-06-04,2025-06-07,Completed
8074,1539,39,2024-05-12,2024-05-26,Completed
8075,1652,28,2025-07-23,2025-08-02,Completed
8076,886,2,2024-07-29,2024-08-18,Completed
8077,70,38,2026-04-11,2026-04-19,Completed
8078,1565,33,2026-05-04,2026-05-19,Completed
8079,1156,6,2024-04-05,2024-04-19,Completed
8080,925,37,2026-02-20,2026-03-17,Completed
8081,413,20,2024-01-08,2024-01-13,Completed
8082,1332,7,2026-03-05,,Dropped
8083,1075,32,2024-08-23,2024-09-01,Completed
8084,1341,2,2024-10-20,2024-11-05,Completed
8085,1190,5,2025-05-03,2025-06-06,Completed
8086,1995,16,2026-04-09,2026-04-20,Completed
8087,1897,29,2025-10-26,2025-11-23,Completed
8088,331,24,2026-04-09,2026-05-01,Completed
8089,212,21,2025-01-07,2025-01-16,Completed
8090,1350,22,2025-01-08,2025-01-29,Completed
8091,511,1,2024-06-28,2024-07-16,Completed
8092,997,2,2024-02-22,2024-03-08,Completed
8093,1032,11,2026-07-24,,In Progress
8094,1555,20,2025-02-17,2025-03-10,Completed
8095,1010,11,2024-01-15,2024-02-02,Completed
8096,1871,27,2024-09-13,2024-09-21,Completed
8097,8,12,2024-02-01,2024-02-10,Completed
8098,855,18,2024-03-17,2024-04-06,Completed
8099,1371,7,2025-09-16,2025-10-12,Completed
8100,1328,21,2026-07-16,2026-07-26,Completed
8101,1929,30,2024-02-29,,In Progress
8102,1829,4,2026-03-22,2026-04-11,Completed
8103,1324,39,2024-04-08,2024-04-28,Completed
8104,714,8,2024-11-20,2024-12-20,Completed
8105,864,22,2026-01-16,2026-02-13,Completed
8106,358,2,2024-06-20,2024-07-14,Completed
8107,849,3,2025-11-26,2025-12-19,Completed
8108,1638,36,2026-05-01,,In Progress
8109,1542,4,2024-02-23,,In Progress
8110,797,19,2024-01-31,2024-02-22,Completed
8111,573,14,2024-02-08,,Not Started
8112,568,27,2024-03-20,,Dropped
8113,1150,36,2024-01-01,2024-01-17,Completed
8114,216,40,2026-06-27,,Dropped
8115,77,40,2024-07-25,,In Progress
8116,263,10,2025-04-02,2025-04-18,Completed
8117,825,5,2026-04-15,2026-05-17,Completed
8118,1998,21,2025-12-20,2025-12-30,Completed
8119,1645,32,2026-03-27,2026-04-15,Completed
8120,52,27,2026-02-15,2026-03-13,Completed
8121,1407,11,2024-03-08,2024-03-26,Completed
8122,1142,22,2025-08-19,2025-09-03,Completed
8123,1583,18,2024-03-17,2024-04-08,Completed
8124,1124,8,2024-08-12,,Not Started
8125,851,16,2025-12-26,2026-01-06,Completed
8126,975,29,2026-05-02,2026-06-01,Completed
8127,176,37,2025-06-03,2025-06-12,Completed
8128,702,18,2025-05-08,2025-05-28,Completed
8129,742,21,2025-12-05,2025-12-18,Completed
8130,1035,7,2024-03-16,2024-04-13,Completed
8131,1903,32,2026-07-22,2026-08-11,Completed
8132,598,11,2026-06-16,2026-06-26,Completed
8133,390,30,2026-06-26,,Not Started
8134,77,9,2024-10-02,2024-10-07,Completed
8135,374,12,2026-05-17,2026-06-13,Completed
8136,128,4,2025-05-05,,In Progress
8137,355,23,2026-03-19,,Not Started
8138,1138,21,2024-03-14,,Dropped
8139,1555,3,2024-01-04,,Not Started
8140,898,28,2024-08-01,,In Progress
8141,1207,10,2024-08-16,,In Progress
8142,1041,40,2026-01-13,,Not Started
8143,623,6,2024-09-18,2024-10-01,Completed
8144,896,23,2026-04-21,2026-04-26,Completed
8145,1050,29,2024-11-22,2024-12-01,Completed
8146,32,20,2026-03-06,,Dropped
8147,1259,33,2025-04-18,,Dropped
8148,7,36,2026-05-18,,In Progress
8149,1029,6,2026-03-20,2026-03-30,Completed
8150,482,3,2024-11-07,2024-12-08,Completed
8151,965,32,2025-08-25,2025-09-11,Completed
8152,1847,2,2026-06-27,,Not Started
8153,765,17,2025-01-08,2025-01-22,Completed
8154,1068,14,2025-10-11,2025-10-17,Completed
8155,1992,1,2026-07-17,2026-08-13,Completed
8156,1533,30,2026-03-14,2026-03-22,Completed
8157,1785,36,2024-11-18,2024-12-06,Completed
8158,1469,24,2026-05-08,2026-05-14,Completed
8159,1172,16,2026-03-08,2026-03-25,Completed
8160,1901,14,2024-04-29,2024-05-28,Completed
8161,1381,35,2025-11-06,2025-11-14,Completed
8162,903,14,2024-01-22,,In Progress
8163,337,10,2025-12-11,2026-01-05,Completed
8164,949,27,2024-04-03,2024-04-18,Completed
8165,437,7,2025-12-08,,Dropped
8166,1673,15,2025-09-26,,Not Started
8167,673,17,2026-05-17,,In Progress
8168,539,15,2024-01-18,2024-01-29,Completed
8169,550,31,2024-07-03,2024-07-22,Completed
8170,399,7,2025-06-21,2025-07-18,Completed
8171,636,23,2025-08-25,,Not Started
8172,1206,15,2026-01-13,2026-02-09,Completed
8173,1601,35,2026-01-13,,In Progress
8174,237,19,2026-02-14,2026-03-07,Completed
8175,75,10,2024-10-23,2024-11-04,Completed
8176,859,40,2024-11-09,2024-11-20,Completed
8177,684,3,2026-04-01,,In Progress
8178,248,37,2026-06-19,2026-07-05,Completed
8179,1255,2,2024-06-17,2024-07-18,Completed
8180,1831,23,2026-06-19,2026-07-14,Completed
8181,1409,10,2024-08-08,,Not Started
8182,144,27,2024-03-27,,In Progress
8183,563,40,2025-12-31,2026-01-17,Completed
8184,1243,23,2024-02-01,,Dropped
8185,974,5,2025-02-14,2025-03-22,Completed
8186,1141,18,2024-09-12,2024-10-06,Completed
8187,430,38,2024-12-22,2025-01-09,Completed
8188,1998,6,2025-12-15,2026-01-13,Completed
8189,759,3,2026-03-17,2026-03-30,Completed
8190,484,15,2025-04-11,2025-04-28,Completed
8191,997,23,2026-04-03,2026-04-30,Completed
8192,1319,6,2024-05-11,2024-05-23,Completed
8193,556,36,2025-01-27,2025-02-12,Completed
8194,163,22,2025-04-27,2025-05-25,Completed
8195,925,22,2024-05-01,,In Progress
8196,62,34,2024-11-09,2024-12-05,Completed
8197,49,38,2025-07-05,2025-07-29,Completed
8198,569,37,2024-07-27,2024-08-21,Completed
8199,1083,4,2026-05-10,2026-05-28,Completed
8200,1171,9,2024-05-03,2024-05-20,Completed
8201,793,18,2026-02-23,2026-03-12,Completed
8202,1723,19,2025-08-20,2025-08-24,Completed
8203,1064,31,2025-06-14,2025-07-10,Completed
8204,1870,2,2024-10-31,2024-11-30,Completed
8205,491,11,2024-02-09,,In Progress
8206,1842,24,2025-09-16,2025-09-30,Completed
8207,1618,10,2025-04-22,2025-05-12,Completed
8208,110,17,2025-01-05,2025-01-20,Completed
8209,1488,4,2025-07-28,2025-08-04,Completed
8210,1233,11,2025-04-16,,In Progress
8211,335,21,2024-10-10,,Dropped
8212,935,11,2024-04-02,,Dropped
8213,504,23,2026-08-11,2026-09-10,Completed
8214,15,7,2025-07-13,2025-08-06,Completed
8215,1927,36,2024-08-21,2024-09-08,Completed
8216,1945,23,2025-12-06,2025-12-11,Completed
8217,1147,25,2025-01-16,2025-02-05,Completed
8218,941,1,2026-01-06,2026-01-12,Completed
8219,218,5,2025-10-31,2025-11-18,Completed
8220,1717,32,2025-10-04,2025-10-20,Completed
8221,807,39,2025-04-07,,In Progress
8222,1906,40,2025-05-04,2025-05-16,Completed
8223,1584,26,2025-02-07,,In Progress
8224,189,31,2025-05-05,,In Progress
8225,138,20,2024-07-04,2024-08-01,Completed
8226,901,29,2026-05-21,2026-05-29,Completed
8227,827,37,2026-03-25,2026-04-13,Completed
8228,804,6,2025-06-30,2025-07-08,Completed
8229,1922,6,2026-02-01,,In Progress
8230,266,10,2026-04-18,2026-05-07,Completed
8231,621,1,2024-09-15,2024-10-02,Completed
8232,1658,33,2025-08-03,2025-08-10,Completed
8233,1593,11,2025-02-07,2025-03-09,Completed
8234,509,33,2025-07-30,2025-08-15,Completed
8235,212,4,2025-10-30,2025-11-10,Completed
8236,100,37,2025-10-29,2025-11-02,Completed
8237,1435,5,2025-06-27,2025-07-17,Completed
8238,1880,19,2025-06-29,2025-07-03,Completed
8239,1618,26,2024-06-15,,In Progress
8240,728,8,2025-01-29,2025-02-13,Completed
8241,1297,13,2025-06-21,2025-07-10,Completed
8242,1227,1,2026-08-07,2026-08-18,Completed
8243,1796,6,2024-04-01,,In Progress
8244,648,4,2024-11-03,2024-11-17,Completed
8245,1828,39,2026-08-08,2026-08-24,Completed
8246,670,19,2024-09-30,2024-10-08,Completed
8247,947,16,2025-03-03,,Not Started
8248,191,25,2024-06-27,2024-07-25,Completed
8249,1956,34,2026-01-30,,Dropped
8250,1648,7,2024-09-01,,In Progress
8251,893,38,2025-09-22,2025-09-28,Completed
8252,41,3,2024-10-01,2024-10-21,Completed
8253,917,15,2025-01-22,2025-02-18,Completed
8254,1370,38,2026-06-24,2026-07-18,Completed
8255,1580,13,2026-01-18,2026-01-26,Completed
8256,29,6,2025-07-01,2025-07-29,Completed
8257,1333,38,2025-05-13,,Dropped
8258,1369,5,2025-02-21,2025-03-09,Completed
8259,435,8,2025-03-14,2025-03-31,Completed
8260,577,16,2024-03-06,2024-03-31,Completed
8261,1639,2,2026-02-18,,In Progress
8262,575,29,2025-02-25,2025-03-08,Completed
8263,893,8,2025-11-22,2025-12-17,Completed
8264,1933,33,2025-06-09,2025-07-08,Completed
8265,1045,37,2024-04-27,,Dropped
8266,1392,6,2024-12-07,,Not Started
8267,696,36,2025-10-17,2025-10-24,Completed
8268,703,24,2026-04-18,2026-05-10,Completed
8269,1369,35,2026-04-05,,In Progress
8270,5,19,2025-06-07,2025-07-05,Completed
8271,509,31,2025-06-02,2025-07-02,Completed
8272,932,32,2026-05-17,2026-06-15,Completed
8273,1567,8,2024-02-14,2024-02-28,Completed
8274,1267,3,2026-06-09,,In Progress
8275,38,14,2026-06-16,2026-06-24,Completed
8276,1372,8,2026-02-15,2026-03-03,Completed
8277,1575,9,2025-12-30,2026-01-08,Completed
8278,122,15,2024-01-24,2024-02-18,Completed
8279,883,3,2025-10-01,,Not Started
8280,1479,12,2025-08-29,2025-09-25,Completed
8281,901,4,2024-09-01,,In Progress
8282,476,3,2025-07-01,2025-07-20,Completed
8283,467,39,2025-09-02,,In Progress
8284,556,36,2026-02-15,2026-02-17,Completed
8285,1409,11,2025-11-19,2025-12-12,Completed
8286,338,31,2026-01-18,,In Progress
8287,221,22,2026-08-14,,Not Started
8288,1958,18,2025-05-23,2025-06-06,Completed
8289,1402,5,2024-01-28,,Dropped
8290,492,30,2025-10-11,,In Progress
8291,1296,6,2024-07-09,,In Progress
8292,326,36,2024-05-25,2024-06-06,Completed
8293,1396,13,2025-12-27,2026-01-13,Completed
8294,1924,38,2025-01-26,,In Progress
8295,1819,19,2025-09-13,2025-09-29,Completed
8296,1632,12,2026-08-04,2026-09-02,Completed
8297,450,34,2026-04-09,2026-04-21,Completed
8298,1234,22,2024-10-23,2024-10-27,Completed
8299,1185,27,2024-03-22,,Not Started
8300,1034,19,2026-02-19,2026-03-09,Completed
8301,1087,38,2026-03-15,,Dropped
8302,1926,35,2025-11-26,,Dropped
8303,697,18,2026-01-13,,Dropped
8304,1044,7,2025-04-01,2025-04-08,Completed
8305,1397,35,2025-07-28,2025-08-16,Completed
8306,1667,13,2025-10-20,2025-11-19,Completed
8307,1394,20,2025-02-17,,In Progress
8308,1301,27,2024-01-19,,In Progress
8309,1544,10,2026-06-08,2026-07-05,Completed
8310,655,26,2025-01-21,2025-01-27,Completed
8311,1835,6,2024-06-09,2024-07-04,Completed
8312,1654,25,2025-04-02,2025-04-21,Completed
8313,1685,11,2026-03-24,2026-03-30,Completed
8314,1361,4,2025-05-12,2025-06-08,Completed
8315,1857,3,2024-09-15,2024-10-13,Completed
8316,1867,2,2025-04-18,,Not Started
8317,427,22,2025-10-09,2025-10-21,Completed
8318,1884,20,2025-05-06,,Not Started
8319,390,23,2024-02-12,2024-03-08,Completed
8320,1627,8,2026-07-06,,In Progress
8321,27,27,2024-08-29,2024-09-22,Completed
8322,991,2,2025-07-08,2025-08-08,Completed
8323,1378,1,2024-03-10,2024-04-09,Completed
8324,402,30,2025-05-15,,Dropped
8325,1251,26,2025-10-26,2025-11-13,Completed
8326,1267,32,2024-09-15,,Not Started
8327,1830,16,2025-10-15,,In Progress
8328,804,16,2025-03-06,2025-03-12,Completed
8329,60,18,2025-08-09,2025-08-18,Completed
8330,908,12,2025-01-10,2025-02-08,Completed
8331,1449,1,2024-09-10,2024-10-07,Completed
8332,1846,37,2026-02-08,2026-03-02,Completed
8333,11,2,2025-01-30,2025-02-23,Completed
8334,454,5,2024-12-04,2025-01-03,Completed
8335,1915,2,2026-05-09,,Not Started
8336,605,2,2026-01-26,2026-02-15,Completed
8337,1457,27,2024-08-03,,Not Started
8338,1127,14,2026-04-02,2026-04-23,Completed
8339,1756,26,2024-04-08,2024-04-18,Completed
8340,435,4,2024-11-03,2024-12-02,Completed
8341,517,40,2025-04-30,2025-05-15,Completed
8342,99,32,2024-03-03,2024-03-29,Completed
8343,486,18,2025-04-09,2025-05-02,Completed
8344,337,2,2024-05-05,2024-05-14,Completed
8345,123,17,2026-04-05,2026-04-26,Completed
8346,1354,8,2025-09-27,,In Progress
8347,1704,20,2024-02-17,,In Progress
8348,1343,3,2024-03-03,,In Progress
8349,1572,15,2025-04-21,2025-05-17,Completed
8350,878,29,2025-07-06,2025-07-26,Completed
8351,1549,13,2025-08-29,2025-09-11,Completed
8352,1650,29,2025-02-12,2025-03-13,Completed
8353,656,24,2026-02-07,,In Progress
8354,573,31,2026-08-12,2026-08-22,Completed
8355,1707,39,2026-04-17,2026-05-08,Completed
8356,1467,23,2026-05-08,2026-06-05,Completed
8357,1689,38,2025-06-25,2025-07-19,Completed
8358,1748,15,2024-06-15,2024-06-21,Completed
8359,1102,1,2024-11-19,,In Progress
8360,397,8,2024-08-05,2024-08-30,Completed
8361,1675,21,2024-01-27,,In Progress
8362,1739,1,2024-01-25,2024-02-24,Completed
8363,960,12,2024-09-25,2024-10-08,Completed
8364,1664,28,2025-09-22,2025-10-06,Completed
8365,1618,28,2025-03-10,2025-03-19,Completed
8366,700,2,2025-04-27,,Dropped
8367,289,33,2025-10-11,2025-10-24,Completed
8368,1726,33,2025-06-03,2025-06-25,Completed
8369,1642,39,2025-02-01,,Not Started
8370,1404,8,2024-01-30,2024-02-06,Completed
8371,1604,38,2026-07-29,2026-08-20,Completed
8372,1307,1,2026-06-29,2026-07-27,Completed
8373,880,36,2024-03-21,2024-04-16,Completed
8374,753,19,2024-11-05,2024-11-16,Completed
8375,124,15,2024-11-22,2024-12-21,Completed
8376,952,38,2024-05-09,2024-05-15,Completed
8377,912,3,2025-02-18,2025-02-28,Completed
8378,1157,20,2024-04-07,,Not Started
8379,1743,26,2025-04-09,,Not Started
8380,1844,16,2024-08-26,,Dropped
8381,264,3,2024-06-04,,Not Started
8382,992,6,2025-10-31,2025-11-10,Completed
8383,26,17,2024-01-07,,Not Started
8384,1094,16,2025-10-22,2025-11-08,Completed
8385,1512,34,2024-04-13,2024-04-25,Completed
8386,717,36,2026-05-10,2026-05-29,Completed
8387,1166,12,2025-10-13,2025-10-25,Completed
8388,703,5,2025-04-15,2025-05-09,Completed
8389,1103,22,2025-08-06,2025-08-25,Completed
8390,1470,18,2026-02-10,2026-03-04,Completed
8391,766,3,2025-10-03,,Dropped
8392,70,7,2024-06-13,,Not Started
8393,1333,8,2025-05-06,,In Progress
8394,62,3,2025-11-23,,In Progress
8395,1807,23,2025-12-30,2026-01-05,Completed
8396,1391,17,2025-10-23,,In Progress
8397,720,25,2026-02-25,2026-03-21,Completed
8398,1938,14,2025-11-14,2025-11-25,Completed
8399,289,7,2025-10-28,2025-11-19,Completed
8400,310,12,2025-08-28,2025-09-26,Completed
8401,188,13,2025-10-19,2025-11-16,Completed
8402,706,27,2025-10-06,,Dropped
8403,472,32,2025-06-01,,In Progress
8404,188,15,2026-08-04,,In Progress
8405,1400,33,2025-11-30,,Not Started
8406,1847,31,2025-03-20,2025-04-20,Completed
8407,1565,19,2024-11-24,2024-12-21,Completed
8408,837,15,2025-11-08,,In Progress
8409,1861,5,2026-08-10,2026-08-23,Completed
8410,720,38,2025-10-16,2025-10-26,Completed
8411,1907,6,2026-04-15,2026-05-06,Completed
8412,512,11,2025-06-24,2025-07-15,Completed
8413,1022,17,2025-10-06,,Dropped
8414,1979,38,2024-10-18,2024-10-29,Completed
8415,1848,27,2024-04-06,2024-04-26,Completed
8416,794,4,2026-03-30,2026-04-28,Completed
8417,595,7,2025-09-24,2025-10-16,Completed
8418,618,3,2025-10-17,2025-11-08,Completed
8419,1082,7,2024-11-05,2024-11-12,Completed
8420,1238,28,2025-10-15,2025-10-30,Completed
8421,214,16,2024-06-21,2024-07-13,Completed
8422,83,21,2024-12-22,2025-01-19,Completed
8423,317,14,2025-03-24,2025-04-03,Completed
8424,458,3,2026-08-04,2026-08-30,Completed
8425,197,3,2026-02-25,,Not Started
8426,1148,37,2025-02-06,,Not Started
8427,457,8,2024-09-19,,In Progress
8428,1276,17,2026-06-06,,In Progress
8429,536,37,2025-04-23,2025-05-17,Completed
8430,373,35,2024-05-12,2024-06-06,Completed
8431,822,19,2024-12-05,,Not Started
8432,236,16,2024-07-01,2024-07-16,Completed
8433,148,17,2024-09-10,2024-10-06,Completed
8434,295,24,2024-10-31,2024-11-25,Completed
8435,931,1,2025-10-03,,In Progress
8436,15,24,2024-12-28,,In Progress
8437,901,8,2024-12-06,2024-12-13,Completed
8438,993,16,2024-11-15,2024-12-05,Completed
8439,611,3,2025-07-12,2025-07-25,Completed
8440,367,17,2024-02-17,2024-03-17,Completed
8441,482,6,2025-09-13,2025-09-26,Completed
8442,1305,37,2026-03-11,2026-03-21,Completed
8443,743,3,2026-04-25,,Not Started
8444,1551,21,2024-05-01,2024-05-04,Completed
8445,1359,5,2025-01-08,,In Progress
8446,634,3,2025-03-10,2025-03-31,Completed
8447,638,16,2026-04-06,2026-04-13,Completed
8448,1321,31,2025-11-02,2025-11-30,Completed
8449,205,10,2026-03-05,2026-03-18,Completed
8450,1164,25,2025-11-27,,Dropped
8451,1289,5,2025-08-13,2025-09-14,Completed
8452,482,38,2024-11-16,2024-11-27,Completed
8453,1147,40,2025-12-28,2026-01-03,Completed
8454,276,17,2024-03-16,2024-04-04,Completed
8455,1004,27,2026-07-25,2026-08-20,Completed
8456,1028,40,2024-07-18,,In Progress
8457,1233,1,2025-08-27,2025-09-16,Completed
8458,578,9,2025-08-06,,Dropped
8459,517,1,2025-06-22,2025-07-04,Completed
8460,59,32,2026-06-18,,In Progress
8461,1219,29,2024-06-19,2024-06-26,Completed
8462,1766,15,2026-04-27,2026-05-21,Completed
8463,1565,15,2025-07-23,,In Progress
8464,68,4,2025-08-01,2025-08-20,Completed
8465,516,11,2026-04-21,2026-05-06,Completed
8466,1137,17,2024-05-12,2024-05-22,Completed
8467,488,21,2025-01-29,2025-02-06,Completed
8468,848,2,2024-01-14,2024-02-02,Completed
8469,1188,21,2025-11-16,,Dropped
8470,1768,20,2025-07-18,2025-07-23,Completed
8471,1432,8,2024-01-01,2024-01-13,Completed
8472,935,20,2025-07-13,,Not Started
8473,1773,20,2025-05-05,2025-06-04,Completed
8474,1484,25,2025-10-04,2025-11-02,Completed
8475,391,1,2024-03-13,2024-04-05,Completed
8476,129,37,2025-03-10,2025-03-17,Completed
8477,1925,5,2026-06-13,2026-07-09,Completed
8478,776,38,2025-02-04,2025-02-17,Completed
8479,552,2,2026-05-21,,Not Started
8480,139,39,2025-07-28,2025-07-30,Completed
8481,1718,31,2026-07-05,2026-08-05,Completed
8482,275,24,2024-06-19,,In Progress
8483,1423,22,2026-05-19,,In Progress
8484,317,26,2025-02-22,2025-03-17,Completed
8485,1575,35,2024-11-09,2024-12-07,Completed
8486,1807,15,2025-07-26,2025-08-20,Completed
8487,1680,21,2025-10-22,2025-11-13,Completed
8488,664,12,2024-03-31,2024-04-11,Completed
8489,1580,31,2024-08-23,,Not Started
8490,737,13,2025-06-21,2025-07-11,Completed
8491,1732,39,2026-07-02,2026-07-11,Completed
8492,538,15,2024-08-08,2024-09-01,Completed
8493,200,36,2024-03-24,2024-03-26,Completed
8494,718,11,2026-07-21,2026-08-06,Completed
8495,426,1,2025-10-13,2025-11-01,Completed
8496,177,9,2025-08-22,2025-09-20,Completed
8497,117,40,2026-06-15,2026-07-07,Completed
8498,610,2,2025-04-24,2025-05-22,Completed
8499,1349,4,2024-02-13,2024-03-09,Completed
8500,1599,37,2025-09-21,2025-10-15,Completed
8501,197,9,2026-05-21,2026-06-12,Completed
8502,166,33,2025-07-29,,Not Started
8503,1963,3,2025-10-03,2025-10-21,Completed
8504,691,31,2024-11-04,2024-11-27,Completed
8505,554,22,2024-02-13,,Dropped
8506,1181,36,2025-03-06,2025-04-01,Completed
8507,1059,39,2024-12-20,,In Progress
8508,1721,1,2026-06-25,2026-07-06,Completed
8509,44,33,2025-07-24,2025-07-31,Completed
8510,729,17,2024-01-22,2024-02-11,Completed
8511,585,36,2026-02-19,2026-03-03,Completed
8512,915,11,2024-05-30,2024-06-23,Completed
8513,264,11,2026-04-18,,Dropped
8514,1556,14,2025-10-13,2025-10-17,Completed
8515,1439,27,2024-10-01,2024-10-26,Completed
8516,1493,1,2024-04-16,2024-05-12,Completed
8517,1152,3,2026-03-10,2026-03-24,Completed
8518,560,27,2024-10-27,2024-11-23,Completed
8519,585,32,2025-11-25,2025-12-05,Completed
8520,1993,37,2024-04-28,2024-05-01,Completed
8521,806,37,2025-04-04,,Dropped
8522,632,27,2026-03-10,2026-04-04,Completed
8523,1923,13,2025-04-29,2025-05-10,Completed
8524,1716,10,2025-05-05,2025-05-25,Completed
8525,792,7,2026-07-08,,Not Started
8526,1934,27,2024-08-05,2024-08-15,Completed
8527,1371,20,2024-01-31,,Not Started
8528,194,35,2025-11-21,2025-12-19,Completed
8529,1415,33,2024-09-12,2024-10-03,Completed
8530,630,24,2025-11-22,2025-11-27,Completed
8531,1680,8,2026-03-04,2026-03-31,Completed
8532,316,4,2024-01-16,2024-02-09,Completed
8533,977,36,2025-04-12,2025-05-08,Completed
8534,1692,16,2025-07-22,,In Progress
8535,1538,5,2025-05-28,,Dropped
8536,775,12,2025-04-05,2025-04-23,Completed
8537,711,4,2025-06-05,2025-06-21,Completed
8538,1927,14,2025-07-07,2025-08-03,Completed
8539,1959,16,2025-01-28,2025-02-17,Completed
8540,977,20,2025-11-04,2025-11-25,Completed
8541,969,3,2024-02-16,2024-03-02,Completed
8542,704,13,2025-02-18,2025-03-06,Completed
8543,1738,8,2024-10-19,2024-11-10,Completed
8544,716,4,2024-09-28,2024-10-20,Completed
8545,587,10,2024-01-07,2024-01-16,Completed
8546,1412,27,2025-01-15,2025-02-11,Completed
8547,1527,14,2026-02-22,2026-02-27,Completed
8548,876,23,2024-12-08,2024-12-15,Completed
8549,1071,3,2025-02-07,2025-02-23,Completed
8550,1096,25,2026-05-26,,Dropped
8551,1342,23,2024-11-29,2024-12-09,Completed
8552,365,22,2024-04-15,2024-04-26,Completed
8553,1812,38,2024-06-04,2024-06-25,Completed
8554,1368,23,2026-05-17,,Not Started
8555,947,28,2024-03-23,2024-03-31,Completed
8556,1462,27,2025-03-28,2025-04-17,Completed
8557,604,38,2024-07-17,2024-07-27,Completed
8558,1118,24,2024-01-03,,Dropped
8559,1065,11,2024-06-07,2024-06-20,Completed
8560,458,27,2025-08-10,,In Progress
8561,964,8,2025-09-10,2025-10-06,Completed
8562,627,31,2025-02-03,2025-02-27,Completed
8563,1093,22,2026-01-02,2026-01-08,Completed
8564,801,24,2024-04-02,2024-04-23,Completed
8565,1363,18,2025-04-15,2025-05-12,Completed
8566,648,20,2024-02-27,2024-03-09,Completed
8567,167,32,2025-02-28,2025-03-11,Completed
8568,1487,2,2025-12-11,2026-01-06,Completed
8569,1508,1,2026-03-18,2026-04-03,Completed
8570,397,26,2024-05-17,,Not Started
8571,41,14,2025-12-14,,Dropped
8572,613,2,2026-07-17,2026-08-19,Completed
8573,1089,30,2024-11-05,,Not Started
8574,1273,13,2026-02-19,,Not Started
8575,905,16,2024-11-24,2024-12-01,Completed
8576,1312,5,2025-06-12,2025-06-25,Completed
8577,1016,20,2025-04-06,,Dropped
8578,224,31,2025-12-12,2025-12-31,Completed
8579,1191,37,2024-04-21,2024-04-30,Completed
8580,1567,29,2024-09-24,2024-10-22,Completed
8581,354,6,2026-04-10,2026-05-04,Completed
8582,115,39,2024-07-04,2024-07-16,Completed
8583,1714,19,2026-07-28,2026-08-13,Completed
8584,367,33,2025-04-21,2025-05-04,Completed
8585,682,3,2026-03-13,2026-03-27,Completed
8586,1054,33,2024-07-24,2024-08-22,Completed
8587,113,4,2024-04-12,2024-05-08,Completed
8588,1849,39,2024-05-12,2024-05-16,Completed
8589,92,39,2024-01-03,,In Progress
8590,1748,18,2024-08-25,,In Progress
8591,561,6,2024-10-13,2024-10-21,Completed
8592,372,25,2026-06-26,,In Progress
8593,1988,39,2024-09-08,,In Progress
8594,816,9,2025-12-28,2026-01-07,Completed
8595,1214,32,2025-11-10,,Not Started
8596,78,33,2024-12-04,2024-12-22,Completed
8597,1477,28,2024-03-31,2024-04-25,Completed
8598,1960,29,2024-12-25,,Dropped
8599,196,18,2025-10-27,2025-11-12,Completed
8600,1891,19,2024-02-14,2024-03-12,Completed
8601,1627,26,2025-07-02,2025-07-20,Completed
8602,106,24,2026-02-08,2026-03-08,Completed
8603,504,11,2025-11-01,2025-11-11,Completed
8604,526,1,2024-11-23,,Not Started
8605,1911,13,2026-04-12,,Dropped
8606,94,31,2026-07-05,2026-07-16,Completed
8607,463,23,2024-01-05,2024-01-30,Completed
8608,1088,37,2024-05-18,2024-06-09,Completed
8609,339,6,2024-02-22,2024-03-02,Completed
8610,1541,14,2025-07-29,,In Progress
8611,1362,7,2024-12-08,2024-12-26,Completed
8612,823,7,2025-01-14,2025-01-23,Completed
8613,1077,31,2025-07-23,2025-08-06,Completed
8614,1255,21,2025-03-25,2025-04-22,Completed
8615,798,22,2024-02-13,2024-02-28,Completed
8616,1468,13,2025-12-29,,Not Started
8617,1691,35,2024-07-26,,Dropped
8618,7,17,2026-01-22,,Not Started
8619,832,24,2024-01-01,2024-01-15,Completed
8620,21,10,2025-04-11,,Dropped
8621,759,1,2025-04-10,,In Progress
8622,32,11,2025-11-26,,In Progress
8623,711,31,2025-06-12,2025-07-09,Completed
8624,1299,39,2024-02-09,2024-02-21,Completed
8625,1096,38,2026-06-07,2026-07-04,Completed
8626,1534,28,2024-05-16,2024-05-26,Completed
8627,593,5,2024-09-15,2024-09-28,Completed
8628,818,7,2024-03-06,2024-03-14,Completed
8629,1693,16,2025-07-31,2025-08-07,Completed
8630,1514,35,2025-01-25,,In Progress
8631,697,22,2026-02-19,2026-03-20,Completed
8632,187,34,2026-01-05,2026-01-11,Completed
8633,1999,34,2025-07-14,2025-07-23,Completed
8634,1671,4,2024-06-10,2024-07-07,Completed
8635,1754,37,2026-02-17,2026-02-19,Completed
8636,1466,31,2025-10-13,2025-10-31,Completed
8637,611,4,2024-09-24,,In Progress
8638,320,5,2024-09-02,2024-09-21,Completed
8639,1416,4,2025-12-20,2025-12-26,Completed
8640,198,5,2025-04-03,2025-05-04,Completed
8641,351,21,2025-11-19,2025-12-13,Completed
8642,483,11,2025-10-18,2025-11-07,Completed
8643,1162,3,2026-08-12,2026-08-29,Completed
8644,1555,4,2024-11-26,,Not Started
8645,239,24,2025-05-11,,Not Started
8646,377,22,2026-07-04,,In Progress
8647,1064,9,2026-01-22,2026-02-08,Completed
8648,586,2,2026-02-25,2026-03-24,Completed
8649,1779,17,2025-08-16,,Not Started
8650,442,14,2026-07-15,2026-08-05,Completed
8651,388,1,2025-04-21,2025-04-28,Completed
8652,804,8,2026-08-10,2026-08-17,Completed
8653,264,18,2024-07-11,,Dropped
8654,1478,39,2025-03-09,2025-04-03,Completed
8655,336,16,2025-05-16,,In Progress
8656,1873,31,2025-03-15,2025-03-27,Completed
8657,597,11,2025-09-04,2025-09-27,Completed
8658,964,28,2026-06-04,2026-06-26,Completed
8659,1488,29,2025-12-08,2025-12-30,Completed
8660,320,2,2025-03-18,2025-03-31,Completed
8661,340,5,2024-06-13,,Not Started
8662,1750,7,2025-06-18,,In Progress
8663,170,6,2026-08-08,2026-09-08,Completed
8664,335,6,2025-09-07,,Not Started
8665,789,4,2025-11-28,2025-12-22,Completed
8666,1765,28,2026-07-30,,Not Started
8667,1744,2,2026-01-06,2026-01-22,Completed
8668,613,2,2024-11-14,2024-11-27,Completed
8669,380,22,2024-06-07,2024-06-22,Completed
8670,795,17,2024-01-27,2024-02-21,Completed
8671,1162,6,2025-12-24,2026-01-23,Completed
8672,1320,12,2024-10-13,2024-10-25,Completed
8673,1422,39,2025-12-09,2025-12-31,Completed
8674,1955,17,2024-04-25,2024-05-06,Completed
8675,1760,12,2026-04-18,,In Progress
8676,1813,38,2024-08-27,2024-09-14,Completed
8677,916,19,2025-08-19,2025-09-11,Completed
8678,164,29,2026-04-05,,Not Started
8679,45,12,2026-02-19,2026-03-18,Completed
8680,1525,9,2025-07-28,2025-08-20,Completed
8681,708,2,2025-12-17,,Not Started
8682,708,33,2025-05-03,2025-05-15,Completed
8683,1518,27,2024-07-14,2024-08-04,Completed
8684,10,21,2026-06-13,,Dropped
8685,1142,16,2026-04-12,2026-04-25,Completed
8686,807,26,2024-10-18,2024-11-13,Completed
8687,1543,12,2026-01-30,2026-02-14,Completed
8688,1122,8,2025-01-10,,Not Started
8689,780,36,2024-02-12,2024-03-09,Completed
8690,781,22,2025-11-11,,In Progress
8691,939,34,2026-06-04,,Not Started
8692,2,30,2024-12-06,,In Progress
8693,1388,27,2026-04-02,,In Progress
8694,1369,28,2026-07-02,2026-08-01,Completed
8695,227,30,2024-03-04,,Dropped
8696,1791,13,2026-01-26,2026-02-21,Completed
8697,622,40,2024-05-26,2024-06-11,Completed
8698,913,16,2025-10-22,2025-11-20,Completed
8699,1326,38,2026-04-27,2026-04-30,Completed
8700,1514,11,2025-02-15,2025-02-21,Completed
8701,509,6,2026-04-21,2026-05-08,Completed
8702,1726,31,2026-02-16,2026-03-18,Completed
8703,320,1,2024-11-23,2024-12-22,Completed
8704,1501,7,2025-02-21,2025-03-09,Completed
8705,452,10,2024-03-01,2024-03-31,Completed
8706,1705,6,2024-03-13,2024-04-12,Completed
8707,546,5,2024-05-02,2024-05-16,Completed
8708,687,26,2025-02-25,2025-03-23,Completed
8709,1865,1,2026-07-24,,Dropped
8710,748,7,2024-03-20,,In Progress
8711,382,4,2025-01-07,2025-02-06,Completed
8712,823,9,2025-03-30,2025-04-21,Completed
8713,950,2,2025-03-24,2025-04-22,Completed
8714,781,10,2024-06-16,2024-07-12,Completed
8715,1918,36,2024-02-07,2024-03-01,Completed
8716,1510,1,2025-06-20,2025-06-27,Completed
8717,1499,2,2024-02-07,2024-02-24,Completed
8718,1719,39,2025-06-20,,In Progress
8719,762,15,2025-10-17,2025-10-26,Completed
8720,215,3,2025-06-05,2025-07-07,Completed
8721,1201,25,2024-01-27,2024-02-19,Completed
8722,143,33,2025-11-04,,Not Started
8723,1481,2,2024-06-22,2024-07-22,Completed
8724,147,29,2026-04-04,2026-04-28,Completed
8725,355,40,2024-10-17,2024-10-26,Completed
8726,34,28,2025-02-28,2025-03-13,Completed
8727,176,3,2024-03-01,2024-04-01,Completed
8728,1736,9,2024-07-30,2024-08-29,Completed
8729,713,14,2024-01-10,2024-01-25,Completed
8730,1491,20,2025-04-11,2025-04-17,Completed
8731,793,16,2026-02-28,2026-03-29,Completed
8732,733,25,2024-09-30,2024-10-21,Completed
8733,467,12,2024-03-14,2024-03-21,Completed
8734,1161,12,2024-09-29,2024-10-20,Completed
8735,972,2,2024-06-08,2024-07-10,Completed
8736,472,21,2024-04-27,2024-05-10,Completed
8737,251,3,2026-07-17,2026-08-01,Completed
8738,1772,28,2026-05-16,2026-05-27,Completed
8739,1539,14,2024-07-16,2024-07-21,Completed
8740,805,3,2026-05-27,2026-06-16,Completed
8741,22,24,2025-12-15,,Dropped
8742,383,38,2024-12-22,2025-01-15,Completed
8743,74,19,2025-05-26,,Dropped
8744,383,4,2025-03-25,2025-04-23,Completed
8745,66,21,2024-11-09,2024-12-05,Completed
8746,1532,5,2026-08-06,2026-09-03,Completed
8747,895,28,2024-02-05,,In Progress
8748,878,26,2024-05-11,2024-05-24,Completed
8749,1665,7,2024-02-09,2024-02-16,Completed
8750,1890,38,2026-01-23,2026-02-12,Completed
8751,487,31,2026-05-03,,Dropped
8752,202,38,2025-12-23,,In Progress
8753,1583,2,2026-04-10,2026-05-09,Completed
8754,1035,3,2026-05-04,2026-06-02,Completed
8755,926,38,2024-04-23,,Not Started
8756,1203,4,2025-12-18,,Dropped
8757,1317,5,2025-06-17,2025-07-08,Completed
8758,1502,2,2025-12-28,2026-01-13,Completed
8759,1276,4,2024-12-30,2025-01-11,Completed
8760,611,28,2026-04-20,2026-05-07,Completed
8761,874,8,2024-06-26,2024-07-19,Completed
8762,1919,28,2025-10-02,2025-10-19,Completed
8763,1721,16,2024-10-12,2024-10-18,Completed
8764,77,11,2026-02-23,2026-03-20,Completed
8765,1495,4,2026-06-18,2026-07-02,Completed
8766,388,1,2025-03-12,2025-04-02,Completed
8767,1265,19,2025-11-10,2025-11-28,Completed
8768,1040,2,2025-05-20,2025-06-19,Completed
8769,1825,4,2024-02-25,2024-03-27,Completed
8770,457,24,2024-03-26,2024-04-07,Completed
8771,392,29,2024-04-09,,Not Started
8772,931,22,2024-02-26,2024-03-22,Completed
8773,510,32,2025-01-29,2025-02-26,Completed
8774,794,25,2024-01-17,2024-01-26,Completed
8775,1208,33,2024-11-29,,In Progress
8776,1392,4,2025-10-21,,Dropped
8777,822,2,2025-11-29,2025-12-20,Completed
8778,1948,22,2026-03-05,2026-03-11,Completed
8779,1743,39,2025-07-21,2025-08-13,Completed
8780,491,24,2026-01-30,2026-02-25,Completed
8781,1342,26,2025-05-03,2025-05-24,Completed
8782,444,30,2024-01-22,,In Progress
8783,855,7,2026-04-03,2026-04-28,Completed
8784,1220,25,2024-12-20,2025-01-06,Completed
8785,1439,16,2025-05-20,2025-06-18,Completed
8786,1467,12,2024-01-21,2024-01-28,Completed
8787,1329,1,2026-05-01,,Not Started
8788,1391,23,2025-07-15,2025-08-02,Completed
8789,1282,24,2025-01-04,2025-01-31,Completed
8790,1210,31,2026-04-29,2026-05-18,Completed
8791,1826,16,2024-10-29,2024-11-04,Completed
8792,1199,22,2024-10-21,,In Progress
8793,1729,3,2024-08-04,2024-08-26,Completed
8794,99,14,2025-12-16,2026-01-09,Completed
8795,1540,39,2025-09-16,,Not Started
8796,902,15,2025-08-18,2025-09-12,Completed
8797,1034,3,2026-07-08,,Dropped
8798,1252,36,2024-08-03,2024-08-21,Completed
8799,540,23,2024-08-30,2024-09-06,Completed
8800,922,17,2025-07-31,,In Progress
8801,1425,3,2024-05-01,,In Progress
8802,892,17,2025-01-15,2025-02-11,Completed
8803,1368,32,2024-10-12,2024-11-02,Completed
8804,695,25,2024-07-22,,In Progress
8805,216,11,2025-04-01,2025-04-27,Completed
8806,1761,4,2024-06-30,2024-07-07,Completed
8807,1467,20,2026-04-23,2026-04-29,Completed
8808,1858,6,2025-08-20,2025-09-10,Completed
8809,1016,10,2025-03-15,2025-04-01,Completed
8810,1808,15,2025-01-11,,Dropped
8811,1582,32,2024-03-17,,Dropped
8812,509,8,2025-12-16,,Not Started
8813,1012,10,2025-09-04,,Not Started
8814,1017,1,2024-04-17,2024-05-07,Completed
8815,1118,2,2026-04-26,2026-05-10,Completed
8816,1009,21,2026-05-26,2026-05-29,Completed
8817,511,24,2026-04-01,,Dropped
8818,1030,4,2024-09-02,2024-09-11,Completed
8819,1665,31,2024-01-10,2024-02-06,Completed
8820,51,22,2024-12-21,2025-01-10,Completed
8821,1096,32,2024-12-28,2025-01-15,Completed
8822,817,2,2024-01-19,2024-02-08,Completed
8823,534,11,2026-07-06,2026-07-19,Completed
8824,458,31,2024-10-22,,In Progress
8825,1447,36,2025-02-12,2025-02-27,Completed
8826,1964,25,2024-05-08,2024-05-27,Completed
8827,1413,34,2025-03-30,2025-04-07,Completed
8828,39,12,2026-03-10,2026-03-18,Completed
8829,347,28,2024-01-20,,In Progress
8830,369,20,2024-11-05,,Dropped
8831,845,13,2024-12-05,2024-12-13,Completed
8832,1449,20,2024-11-20,2024-12-11,Completed
8833,1656,15,2024-09-13,,Dropped
8834,1280,22,2024-08-10,,Dropped
8835,1370,22,2024-10-08,2024-10-31,Completed
8836,1974,2,2024-02-13,2024-03-09,Completed
8837,603,21,2025-02-24,2025-03-19,Completed
8838,623,10,2024-08-17,,In Progress
8839,1736,7,2025-11-23,,In Progress
8840,1852,7,2026-02-28,2026-03-08,Completed
8841,1271,39,2024-03-04,2024-03-20,Completed
8842,696,7,2026-01-25,2026-02-10,Completed
8843,907,15,2024-08-09,2024-09-05,Completed
8844,447,25,2024-07-03,2024-07-08,Completed
8845,27,4,2026-08-12,2026-09-07,Completed
8846,998,20,2026-03-26,2026-04-06,Completed
8847,605,15,2025-11-05,2025-11-12,Completed
8848,1617,39,2024-06-12,2024-06-27,Completed
8849,1008,15,2024-01-05,,In Progress
8850,1908,23,2024-02-15,2024-03-03,Completed
8851,1937,37,2026-06-13,2026-07-04,Completed
8852,913,19,2024-06-12,2024-06-20,Completed
8853,1506,14,2025-03-07,2025-03-15,Completed
8854,1548,22,2025-07-24,,In Progress
8855,514,27,2026-07-27,2026-08-23,Completed
8856,616,28,2025-10-03,2025-10-30,Completed
8857,477,36,2025-07-17,2025-08-04,Completed
8858,1810,37,2026-02-03,2026-02-17,Completed
8859,1235,30,2025-06-19,2025-07-04,Completed
8860,603,23,2025-02-04,,Not Started
8861,282,23,2025-02-18,,In Progress
8862,462,5,2025-07-23,2025-08-11,Completed
8863,1774,2,2025-11-09,,Not Started
8864,46,18,2025-04-22,,Dropped
8865,1635,40,2025-09-24,2025-10-06,Completed
8866,1445,20,2025-05-23,2025-05-28,Completed
8867,156,13,2025-06-11,2025-07-07,Completed
8868,1642,7,2024-09-01,,Not Started
8869,568,33,2024-03-13,2024-04-05,Completed
8870,306,23,2025-10-23,,In Progress
8871,711,9,2024-03-30,2024-04-10,Completed
8872,1595,19,2025-06-17,2025-07-11,Completed
8873,1007,30,2025-12-26,2026-01-13,Completed
8874,49,17,2026-07-25,2026-08-15,Completed
8875,1729,4,2026-04-20,2026-05-07,Completed
8876,1692,26,2025-10-27,2025-11-03,Completed
8877,908,19,2025-04-02,2025-04-16,Completed
8878,685,1,2026-03-06,2026-04-04,Completed
8879,653,18,2026-07-18,,Dropped
8880,1295,37,2025-01-27,2025-02-18,Completed
8881,451,15,2025-04-08,2025-04-25,Completed
8882,140,9,2024-09-16,2024-09-23,Completed
8883,730,31,2024-04-05,,In Progress
8884,1505,7,2025-09-22,2025-10-12,Completed
8885,1452,2,2024-10-08,2024-11-09,Completed
8886,1628,32,2024-06-09,,Not Started
8887,542,25,2025-03-02,2025-03-17,Completed
8888,154,17,2024-06-14,2024-07-10,Completed
8889,741,30,2025-04-30,2025-05-31,Completed
8890,793,2,2026-06-10,,Dropped
8891,61,2,2025-11-16,2025-11-26,Completed
8892,1220,14,2024-01-27,,Dropped
8893,124,2,2026-01-15,2026-02-02,Completed
8894,845,26,2026-03-20,2026-04-16,Completed
8895,676,38,2025-11-01,,Not Started
8896,1698,3,2025-06-16,2025-07-21,Completed
8897,1975,21,2025-05-04,2025-05-17,Completed
8898,534,1,2024-08-17,2024-09-07,Completed
8899,1561,3,2024-12-18,2025-01-03,Completed
8900,926,9,2026-06-18,2026-06-27,Completed
8901,1089,25,2024-06-16,2024-07-02,Completed
8902,1634,33,2026-03-01,2026-03-18,Completed
8903,371,22,2026-07-24,2026-08-12,Completed
8904,742,15,2025-04-10,2025-04-23,Completed
8905,699,26,2024-09-21,2024-10-21,Completed
8906,625,22,2025-06-06,,In Progress
8907,1988,22,2025-09-11,2025-10-04,Completed
8908,734,11,2025-02-12,2025-03-09,Completed
8909,1924,5,2025-12-03,2026-01-02,Completed
8910,537,17,2024-12-05,2024-12-18,Completed
8911,1014,36,2025-01-01,2025-01-25,Completed
8912,1431,6,2025-11-08,,Not Started
8913,1450,35,2024-01-12,2024-02-04,Completed
8914,1493,25,2025-01-29,,In Progress
8915,1790,23,2026-05-04,2026-05-17,Completed
8916,1757,7,2025-07-07,2025-08-06,Completed
8917,301,36,2025-06-15,2025-06-28,Completed
8918,1576,27,2024-08-26,2024-09-21,Completed
8919,1594,8,2024-01-26,2024-02-19,Completed
8920,1270,27,2025-04-22,,Dropped
8921,492,21,2024-11-14,2024-11-22,Completed
8922,1645,9,2024-06-08,2024-07-07,Completed
8923,532,33,2025-07-02,,In Progress
8924,618,27,2025-06-11,2025-07-09,Completed
8925,1483,36,2025-09-26,2025-10-15,Completed
8926,1304,24,2025-07-06,2025-07-23,Completed
8927,409,36,2026-05-10,2026-06-02,Completed
8928,357,18,2024-11-10,2024-11-28,Completed
8929,213,3,2025-04-01,2025-04-17,Completed
8930,984,31,2025-07-03,2025-07-24,Completed
8931,252,34,2025-02-17,2025-03-17,Completed
8932,1002,6,2026-08-12,2026-08-22,Completed
8933,481,29,2026-01-09,2026-01-17,Completed
8934,598,1,2025-10-17,,Not Started
8935,1856,2,2025-12-08,,Dropped
8936,815,16,2026-06-06,,In Progress
8937,247,16,2024-11-14,,In Progress
8938,1354,15,2026-01-11,2026-02-08,Completed
8939,1183,25,2025-03-17,2025-04-03,Completed
8940,353,38,2024-03-18,2024-03-25,Completed
8941,640,17,2025-10-06,2025-10-15,Completed
8942,528,18,2025-10-29,,Not Started
8943,1902,21,2025-03-26,2025-04-19,Completed
8944,934,3,2026-05-12,2026-06-11,Completed
8945,549,20,2025-08-07,2025-08-31,Completed
8946,289,11,2025-07-03,2025-07-13,Completed
8947,394,39,2024-06-03,2024-06-06,Completed
8948,54,32,2024-07-12,2024-07-20,Completed
8949,457,31,2024-09-01,2024-09-17,Completed
8950,264,40,2025-05-04,,In Progress
8951,1676,30,2024-03-08,2024-03-25,Completed
8952,1061,40,2026-05-28,2026-06-02,Completed
8953,1142,3,2025-08-02,2025-08-26,Completed
8954,189,31,2024-01-02,2024-01-10,Completed
8955,891,17,2025-10-30,2025-11-25,Completed
8956,1241,6,2026-06-10,2026-06-21,Completed
8957,1625,35,2026-07-12,,Dropped
8958,641,7,2024-07-20,2024-08-05,Completed
8959,331,12,2024-01-09,,Dropped
8960,1969,13,2024-09-05,2024-10-04,Completed
8961,1531,28,2024-06-28,,In Progress
8962,182,1,2024-06-13,2024-06-28,Completed
8963,1430,16,2024-12-01,,In Progress
8964,1221,2,2025-08-16,2025-09-12,Completed
8965,734,35,2026-02-20,,Dropped
8966,920,18,2024-08-26,2024-09-24,Completed
8967,984,1,2025-03-14,2025-04-12,Completed
8968,258,14,2024-07-19,2024-07-25,Completed
8969,1842,8,2026-08-02,2026-08-17,Completed
8970,760,15,2026-07-25,,Dropped
8971,1609,15,2025-04-27,2025-05-18,Completed
8972,1406,32,2024-08-23,2024-09-11,Completed
8973,482,16,2026-05-22,,In Progress
8974,1371,11,2024-11-12,,Dropped
8975,1040,36,2024-02-01,2024-02-09,Completed
8976,1540,4,2025-02-26,,Dropped
8977,1560,5,2024-05-22,2024-06-15,Completed
8978,1681,28,2024-01-24,2024-02-16,Completed
8979,604,4,2025-09-16,,Dropped
8980,1549,2,2025-09-20,,In Progress
8981,546,17,2024-08-05,2024-09-04,Completed
8982,1292,12,2025-03-17,2025-04-08,Completed
8983,1109,37,2024-03-02,2024-03-27,Completed
8984,425,19,2024-05-17,,Dropped
8985,194,4,2024-01-19,2024-01-29,Completed
8986,1482,22,2025-06-01,2025-06-29,Completed
8987,1681,39,2026-06-20,,In Progress
8988,84,3,2026-06-29,2026-07-30,Completed
8989,1947,31,2025-01-11,2025-01-28,Completed
8990,1004,40,2024-03-21,2024-04-17,Completed
8991,125,28,2025-02-01,2025-02-13,Completed
8992,79,11,2026-05-25,2026-06-09,Completed
8993,1398,40,2024-10-03,,Dropped
8994,1067,1,2026-04-03,2026-04-15,Completed
8995,243,33,2026-07-13,2026-07-27,Completed
8996,853,1,2025-01-01,2025-01-13,Completed
8997,381,3,2026-06-22,2026-07-13,Completed
8998,545,22,2025-09-26,2025-10-20,Completed
8999,1325,24,2025-08-14,2025-09-09,Completed
9000,971,22,2024-04-20,2024-05-13,Completed
9001,1638,25,2025-09-08,,Dropped
9002,482,14,2024-03-08,2024-03-25,Completed
9003,650,39,2025-08-05,2025-08-18,Completed
9004,1176,10,2025-10-11,2025-10-29,Completed
9005,52,37,2024-01-28,,Dropped
9006,153,16,2025-06-16,2025-07-14,Completed
9007,169,12,2026-04-23,2026-05-23,Completed
9008,853,1,2025-01-29,2025-02-23,Completed
9009,614,13,2026-05-14,,Not Started
9010,1342,8,2025-09-14,2025-09-24,Completed
9011,121,1,2025-08-20,2025-08-29,Completed
9012,762,6,2024-07-25,,In Progress
9013,1996,32,2025-01-02,2025-02-02,Completed
9014,1580,12,2025-03-18,,In Progress
9015,1899,11,2025-07-28,2025-08-19,Completed
9016,1325,39,2026-04-19,,Not Started
9017,36,36,2024-11-03,,Not Started
9018,1015,2,2025-02-25,2025-03-27,Completed
9019,677,11,2024-04-09,2024-05-02,Completed
9020,1500,6,2026-01-04,2026-01-22,Completed
9021,1828,31,2026-07-03,2026-08-05,Completed
9022,1377,39,2024-10-23,2024-11-14,Completed
9023,1159,6,2024-07-22,2024-08-19,Completed
9024,4,7,2025-10-21,,In Progress
9025,151,27,2026-04-13,,In Progress
9026,1020,17,2024-01-28,2024-02-23,Completed
9027,738,4,2025-06-03,,Dropped
9028,681,26,2026-05-20,,Not Started
9029,1087,36,2024-02-13,2024-02-21,Completed
9030,1242,8,2025-08-27,2025-09-27,Completed
9031,1055,26,2025-06-27,2025-07-07,Completed
9032,669,31,2026-03-17,2026-04-14,Completed
9033,665,18,2026-03-20,2026-04-15,Completed
9034,1678,39,2024-02-16,2024-02-18,Completed
9035,439,17,2024-07-30,,In Progress
9036,315,2,2025-07-19,,In Progress
9037,839,21,2025-12-05,2025-12-19,Completed
9038,421,27,2025-04-12,2025-05-02,Completed
9039,1941,21,2026-04-03,2026-04-06,Completed
9040,1481,22,2025-12-08,2025-12-20,Completed
9041,30,11,2026-01-31,2026-02-08,Completed
9042,498,28,2025-12-27,2026-01-16,Completed
9043,1800,1,2024-02-08,,Not Started
9044,1055,33,2024-11-07,,In Progress
9045,224,28,2026-02-28,,Not Started
9046,277,27,2025-11-12,2025-11-21,Completed
9047,18,36,2025-08-19,2025-08-31,Completed
9048,339,11,2026-06-24,2026-07-17,Completed
9049,789,4,2026-05-12,2026-05-20,Completed
9050,557,9,2024-06-08,2024-07-05,Completed
9051,1563,27,2026-01-21,,Not Started
9052,1111,17,2024-03-05,,Dropped
9053,120,23,2025-11-08,2025-11-23,Completed
9054,299,22,2024-04-20,2024-05-07,Completed
9055,225,3,2026-06-25,,Dropped
9056,1055,39,2024-06-10,2024-07-04,Completed
9057,78,23,2026-02-06,2026-03-07,Completed
9058,278,38,2025-02-25,,In Progress
9059,270,3,2026-04-17,,In Progress
9060,1463,21,2025-06-12,2025-07-07,Completed
9061,1732,25,2024-01-02,2024-01-12,Completed
9062,1454,6,2025-12-13,2026-01-03,Completed
9063,932,22,2025-01-25,2025-02-09,Completed
9064,1282,40,2025-10-28,2025-11-07,Completed
9065,383,6,2026-01-14,2026-01-28,Completed
9066,796,19,2024-04-11,2024-04-24,Completed
9067,577,15,2024-06-22,2024-07-13,Completed
9068,47,30,2024-09-27,2024-10-24,Completed
9069,115,11,2024-07-23,2024-08-20,Completed
9070,1171,31,2024-01-14,2024-02-10,Completed
9071,753,1,2026-02-20,,Dropped
9072,1494,39,2024-06-14,2024-06-18,Completed
9073,893,21,2025-02-10,2025-02-27,Completed
9074,1008,5,2024-01-27,2024-02-23,Completed
9075,379,18,2026-08-04,2026-08-09,Completed
9076,1706,38,2025-08-19,2025-09-01,Completed
9077,1518,17,2026-06-09,2026-07-07,Completed
9078,1715,30,2024-03-27,2024-04-13,Completed
9079,187,21,2025-08-30,2025-09-27,Completed
9080,754,5,2025-03-10,2025-04-11,Completed
9081,651,4,2024-04-08,2024-04-18,Completed
9082,1130,10,2024-09-27,,In Progress
9083,983,38,2025-11-17,2025-12-06,Completed
9084,123,26,2024-01-24,,Dropped
9085,1265,2,2026-08-09,2026-08-22,Completed
9086,787,11,2024-04-18,2024-04-30,Completed
9087,1473,8,2024-02-03,2024-02-19,Completed
9088,1723,18,2026-02-10,2026-02-21,Completed
9089,219,10,2026-02-19,,Dropped
9090,281,28,2024-08-20,2024-08-26,Completed
9091,1810,4,2026-05-20,2026-05-26,Completed
9092,32,3,2024-08-03,2024-08-26,Completed
9093,620,34,2024-07-08,2024-07-20,Completed
9094,953,25,2025-05-29,2025-06-24,Completed
9095,57,39,2025-01-15,2025-02-05,Completed
9096,283,29,2026-07-01,2026-07-22,Completed
9097,49,38,2024-05-09,2024-06-03,Completed
9098,627,21,2025-02-13,2025-03-08,Completed
9099,969,23,2026-01-23,,Not Started
9100,1919,17,2024-07-07,2024-08-02,Completed
9101,1212,16,2026-03-09,2026-03-15,Completed
9102,434,12,2026-05-24,2026-06-13,Completed
9103,1611,10,2025-09-29,2025-10-10,Completed
9104,1435,17,2025-02-16,2025-03-11,Completed
9105,842,19,2024-02-11,2024-02-18,Completed
9106,1262,35,2025-05-26,2025-06-22,Completed
9107,1944,31,2025-10-12,2025-10-21,Completed
9108,195,2,2026-06-24,,Dropped
9109,1704,18,2026-04-10,,Not Started
9110,1500,9,2024-05-11,,Not Started
9111,757,38,2026-01-12,2026-02-03,Completed
9112,1470,37,2024-08-03,,In Progress
9113,176,33,2024-08-25,2024-09-14,Completed
9114,1833,39,2024-03-17,2024-03-31,Completed
9115,1513,35,2026-06-19,2026-07-04,Completed
9116,1389,11,2026-06-17,2026-07-07,Completed
9117,82,18,2024-04-24,2024-05-14,Completed
9118,1653,28,2024-12-04,,Dropped
9119,1622,3,2025-01-13,2025-02-06,Completed
9120,263,7,2024-03-02,,Dropped
9121,1014,3,2025-10-24,2025-11-19,Completed
9122,821,1,2025-02-15,2025-02-27,Completed
9123,826,36,2026-01-11,,Dropped
9124,695,32,2025-07-04,,In Progress
9125,585,28,2026-01-28,2026-02-08,Completed
9126,914,2,2024-10-14,2024-11-08,Completed
9127,1018,12,2024-01-27,2024-02-03,Completed
9128,732,25,2025-04-15,2025-04-22,Completed
9129,1821,39,2026-05-15,2026-05-25,Completed
9130,1295,10,2024-02-20,2024-03-20,Completed
9131,999,33,2026-03-03,2026-03-18,Completed
9132,349,9,2024-08-24,2024-09-04,Completed
9133,832,15,2024-02-23,2024-03-16,Completed
9134,1548,15,2026-01-22,2026-01-30,Completed
9135,1103,20,2025-02-20,2025-03-02,Completed
9136,1516,18,2025-03-27,2025-04-09,Completed
9137,1687,17,2024-10-22,2024-11-10,Completed
9138,1992,20,2024-10-25,2024-11-03,Completed
9139,948,37,2025-12-09,,Not Started
9140,1316,24,2024-04-14,2024-05-14,Completed
9141,1851,20,2024-11-21,2024-12-06,Completed
9142,1751,10,2026-04-19,2026-05-05,Completed
9143,568,24,2026-06-14,2026-06-29,Completed
9144,1356,17,2025-04-12,2025-04-17,Completed
9145,1483,17,2026-03-13,2026-04-02,Completed
9146,1830,17,2024-02-26,,In Progress
9147,1293,25,2024-12-11,,Not Started
9148,55,40,2024-03-13,2024-03-19,Completed
9149,1590,38,2024-04-16,2024-04-23,Completed
9150,1970,12,2024-06-28,2024-07-10,Completed
9151,1177,24,2024-12-31,2025-01-27,Completed
9152,261,8,2025-01-10,2025-02-10,Completed
9153,1323,37,2024-06-15,2024-06-20,Completed
9154,1021,18,2025-10-11,2025-10-28,Completed
9155,657,4,2025-10-27,2025-11-06,Completed
9156,1556,36,2024-10-03,2024-10-14,Completed
9157,317,19,2024-05-18,,In Progress
9158,49,5,2024-02-22,2024-03-05,Completed
9159,857,10,2025-08-07,2025-08-27,Completed
9160,332,14,2024-06-09,2024-07-04,Completed
9161,219,28,2025-06-09,2025-06-15,Completed
9162,1276,16,2024-08-25,2024-09-09,Completed
9163,69,2,2024-09-01,,Not Started
9164,1996,3,2025-08-09,2025-09-11,Completed
9165,1720,40,2024-07-18,,In Progress
9166,122,14,2024-01-02,2024-01-17,Completed
9167,86,15,2025-08-04,2025-08-29,Completed
9168,233,26,2026-02-25,,Not Started
9169,1875,21,2024-09-16,2024-09-30,Completed
9170,260,6,2024-09-13,2024-09-29,Completed
9171,148,3,2026-01-30,2026-02-10,Completed
9172,1628,36,2024-06-23,2024-07-13,Completed
9173,769,18,2026-02-03,2026-02-08,Completed
9174,1941,32,2024-05-27,2024-06-07,Completed
9175,198,34,2024-05-02,2024-05-21,Completed
9176,646,3,2025-01-20,2025-02-24,Completed
9177,367,36,2025-02-21,2025-03-11,Completed
9178,882,13,2024-03-23,,Not Started
9179,1391,32,2024-10-03,,Dropped
9180,368,1,2026-04-26,2026-05-11,Completed
9181,445,2,2025-12-02,2025-12-24,Completed
9182,937,5,2024-05-26,2024-06-15,Completed
9183,1266,38,2025-09-03,,Dropped
9184,1869,19,2024-07-16,,In Progress
9185,997,38,2024-06-17,2024-07-01,Completed
9186,68,2,2026-03-03,2026-04-02,Completed
9187,1314,18,2026-06-06,2026-06-16,Completed
9188,1855,19,2026-06-15,2026-06-22,Completed
9189,213,2,2024-07-30,2024-08-18,Completed
9190,353,27,2025-08-17,2025-08-29,Completed
9191,1085,7,2026-08-04,,Not Started
9192,303,6,2025-05-20,2025-06-05,Completed
9193,587,32,2026-04-01,2026-04-27,Completed
9194,496,24,2024-09-27,2024-10-23,Completed
9195,1249,15,2024-09-13,2024-09-26,Completed
9196,1729,3,2026-08-15,2026-09-07,Completed
9197,215,15,2026-01-31,2026-02-25,Completed
9198,637,3,2025-08-22,2025-09-22,Completed
9199,1205,22,2024-02-27,2024-03-11,Completed
9200,1373,14,2026-01-29,2026-02-25,Completed
9201,1553,1,2025-04-29,2025-05-07,Completed
9202,104,4,2025-09-17,,Dropped
9203,1356,30,2025-10-26,,Not Started
9204,540,10,2025-08-24,,In Progress
9205,1552,32,2024-07-22,2024-07-29,Completed
9206,342,23,2025-02-28,2025-03-06,Completed
9207,677,1,2024-11-25,2024-12-06,Completed
9208,487,39,2026-04-17,2026-05-13,Completed
9209,562,15,2024-10-01,,In Progress
9210,1656,15,2024-10-28,2024-11-13,Completed
9211,1787,3,2025-08-22,2025-09-13,Completed
9212,656,30,2026-01-19,2026-01-31,Completed
9213,1379,16,2025-09-11,2025-09-18,Completed
9214,158,33,2025-06-04,2025-06-16,Completed
9215,712,23,2024-06-24,2024-07-04,Completed
9216,1632,39,2024-03-20,2024-03-31,Completed
9217,1934,4,2024-05-29,2024-06-23,Completed
9218,291,38,2024-09-09,2024-09-13,Completed
9219,1131,17,2026-03-20,,Dropped
9220,1980,38,2024-03-29,2024-04-11,Completed
9221,1392,18,2024-06-12,2024-06-27,Completed
9222,1722,20,2026-04-17,2026-04-29,Completed
9223,893,16,2025-05-26,2025-06-05,Completed
9224,482,40,2024-10-16,2024-10-25,Completed
9225,1502,33,2024-07-18,2024-07-31,Completed
9226,804,35,2024-04-25,2024-05-21,Completed
9227,1181,5,2025-02-02,2025-02-26,Completed
9228,784,25,2024-01-25,2024-01-30,Completed
9229,986,22,2025-03-03,2025-03-08,Completed
9230,52,2,2026-04-11,2026-04-30,Completed
9231,28,23,2025-12-09,2025-12-14,Completed
9232,576,18,2024-01-06,2024-01-27,Completed
9233,74,7,2024-08-15,2024-08-24,Completed
9234,543,4,2024-04-24,2024-05-15,Completed
9235,592,17,2024-06-29,2024-07-22,Completed
9236,467,22,2025-10-08,2025-10-25,Completed
9237,1483,27,2025-09-29,2025-10-23,Completed
9238,672,8,2025-05-25,,In Progress
9239,1519,36,2025-09-17,2025-10-12,Completed
9240,1559,8,2025-02-08,,In Progress
9241,1787,39,2024-08-07,2024-08-18,Completed
9242,61,26,2024-06-27,,In Progress
9243,1055,3,2025-09-23,,In Progress
9244,1253,19,2025-10-07,,Dropped
9245,853,37,2025-11-11,2025-12-01,Completed
9246,1638,19,2026-02-08,2026-03-01,Completed
9247,1150,28,2024-09-26,2024-10-07,Completed
9248,474,15,2024-06-30,2024-07-13,Completed
9249,1593,10,2026-04-28,2026-05-19,Completed
9250,737,23,2024-05-19,2024-05-31,Completed
9251,1633,4,2025-12-21,2026-01-11,Completed
9252,368,5,2024-05-31,2024-06-22,Completed
9253,714,7,2024-11-23,2024-12-03,Completed
9254,804,23,2025-08-15,2025-08-25,Completed
9255,1161,38,2025-03-29,2025-04-03,Completed
9256,175,28,2025-02-08,2025-03-07,Completed
9257,1599,31,2025-03-08,2025-03-28,Completed
9258,356,31,2024-10-30,,In Progress
9259,1605,11,2024-04-18,2024-05-11,Completed
9260,871,16,2026-01-08,2026-02-04,Completed
9261,1947,12,2025-04-20,2025-05-01,Completed
9262,1314,22,2025-02-08,,In Progress
9263,1858,39,2024-03-08,,Not Started
9264,192,19,2024-08-05,,Dropped
9265,276,25,2025-04-09,2025-05-07,Completed
9266,1175,3,2025-12-27,2026-01-14,Completed
9267,1994,15,2026-08-06,2026-08-12,Completed
9268,1588,16,2024-08-10,2024-09-05,Completed
9269,1361,35,2024-12-14,,Not Started
9270,1614,2,2025-01-22,2025-02-22,Completed
9271,1782,16,2026-06-13,2026-07-06,Completed
9272,1268,38,2025-08-17,2025-09-07,Completed
9273,777,40,2025-02-26,2025-03-13,Completed
9274,126,29,2024-05-21,2024-06-04,Completed
9275,628,22,2025-08-10,,In Progress
9276,712,27,2026-05-17,2026-06-06,Completed
9277,1366,1,2024-10-02,2024-10-29,Completed
9278,516,39,2024-10-30,2024-11-14,Completed
9279,319,16,2024-05-02,2024-05-21,Completed
9280,1565,9,2026-07-11,2026-07-21,Completed
9281,298,3,2024-07-09,2024-07-23,Completed
9282,1981,25,2026-04-09,2026-05-02,Completed
9283,1724,18,2025-06-09,2025-07-06,Completed
9284,1790,32,2025-08-13,2025-08-26,Completed
9285,528,17,2024-04-16,2024-04-24,Completed
9286,65,26,2025-08-28,,Not Started
9287,1107,7,2025-07-26,2025-08-18,Completed
9288,1507,6,2024-06-21,2024-06-29,Completed
9289,612,11,2026-01-23,,Not Started
9290,180,39,2024-11-21,2024-12-16,Completed
9291,414,40,2025-12-26,2026-01-05,Completed
9292,135,27,2024-03-20,2024-04-15,Completed
9293,1979,2,2025-01-24,2025-02-26,Completed
9294,401,30,2024-09-24,2024-10-03,Completed
9295,1437,13,2024-09-23,,Dropped
9296,433,7,2025-10-16,2025-10-28,Completed
9297,663,10,2025-05-11,,In Progress
9298,1116,22,2024-05-24,2024-06-01,Completed
9299,67,15,2025-07-06,2025-07-31,Completed
9300,1213,37,2024-09-17,2024-10-06,Completed
9301,1409,2,2026-08-09,2026-08-26,Completed
9302,710,17,2025-11-21,2025-12-14,Completed
9303,1955,27,2024-04-12,,In Progress
9304,1360,25,2024-03-28,2024-04-07,Completed
9305,757,38,2025-09-03,2025-09-08,Completed
9306,1885,10,2024-09-11,,In Progress
9307,694,3,2024-08-10,,Not Started
9308,1980,16,2026-03-16,2026-04-03,Completed
9309,1418,10,2025-01-30,2025-02-08,Completed
9310,880,33,2024-11-22,2024-12-06,Completed
9311,928,27,2025-05-10,,In Progress
9312,1625,27,2024-08-30,2024-09-07,Completed
9313,261,19,2024-09-22,2024-10-09,Completed
9314,1241,30,2026-05-24,2026-06-07,Completed
9315,1648,2,2024-04-20,2024-05-14,Completed
9316,1670,31,2024-11-05,,Dropped
9317,1358,27,2025-09-28,,In Progress
9318,288,40,2025-03-12,2025-03-19,Completed
9319,1750,2,2024-04-01,2024-04-14,Completed
9320,1256,6,2025-09-22,,In Progress
9321,217,25,2026-06-29,2026-07-24,Completed
9322,927,11,2025-12-07,,Not Started
9323,789,27,2025-05-18,,Not Started
9324,30,36,2026-06-23,2026-06-29,Completed
9325,1308,13,2024-09-09,,Dropped
9326,928,39,2024-11-30,,In Progress
9327,534,15,2024-04-15,2024-04-29,Completed
9328,1446,7,2026-05-15,,In Progress
9329,1906,9,2024-08-20,2024-09-08,Completed
9330,258,34,2025-05-03,2025-05-19,Completed
9331,902,16,2025-08-26,2025-09-17,Completed
9332,603,3,2024-05-12,2024-06-12,Completed
9333,1541,2,2024-12-27,2025-01-17,Completed
9334,1387,29,2024-08-11,2024-09-06,Completed
9335,660,4,2026-02-12,2026-02-24,Completed
9336,238,38,2024-06-01,2024-06-16,Completed
9337,996,19,2026-07-04,,In Progress
9338,633,6,2025-01-02,2025-01-31,Completed
9339,1375,13,2025-08-15,2025-09-09,Completed
9340,949,36,2025-04-22,2025-05-10,Completed
9341,742,19,2025-02-05,2025-03-02,Completed
9342,1179,4,2024-12-08,2025-01-05,Completed
9343,553,7,2025-12-09,2025-12-29,Completed
9344,830,5,2025-05-24,2025-06-19,Completed
9345,1664,3,2026-04-07,2026-04-23,Completed
9346,1977,25,2025-09-03,,In Progress
9347,711,39,2025-09-12,2025-09-25,Completed
9348,1653,2,2025-11-12,2025-12-09,Completed
9349,690,19,2025-11-04,2025-11-16,Completed
9350,1103,16,2026-03-11,,In Progress
9351,1243,22,2025-04-17,2025-05-07,Completed
9352,684,11,2025-10-04,2025-10-23,Completed
9353,1189,6,2026-05-02,,In Progress
9354,613,37,2024-03-28,2024-04-17,Completed
9355,1444,3,2024-06-11,,Dropped
9356,730,8,2026-01-09,,Dropped
9357,1791,1,2025-02-15,2025-03-05,Completed
9358,302,11,2024-05-26,2024-06-11,Completed
9359,1013,8,2024-11-12,2024-12-12,Completed
9360,758,4,2025-11-16,2025-12-12,Completed
9361,1415,17,2026-08-08,,In Progress
9362,412,13,2026-08-01,2026-08-19,Completed
9363,1913,33,2026-04-13,2026-05-04,Completed
9364,1617,39,2026-06-21,2026-07-18,Completed
9365,1245,18,2024-03-19,2024-03-23,Completed
9366,1194,1,2025-12-21,2026-01-20,Completed
9367,1674,39,2024-04-10,2024-04-21,Completed
9368,48,18,2026-04-26,,In Progress
9369,468,9,2026-04-04,2026-04-20,Completed
9370,1488,2,2024-05-01,2024-05-11,Completed
9371,1023,2,2024-06-05,2024-06-17,Completed
9372,108,22,2026-04-22,2026-05-20,Completed
9373,1434,6,2024-01-30,2024-02-25,Completed
9374,1410,13,2024-03-06,,In Progress
9375,192,10,2024-09-19,,Dropped
9376,1698,34,2024-06-29,2024-07-05,Completed
9377,1451,12,2025-01-14,2025-01-28,Completed
9378,987,19,2025-12-11,2025-12-23,Completed
9379,1256,39,2025-05-21,2025-06-14,Completed
9380,1577,10,2025-01-20,,Not Started
9381,580,9,2026-04-24,2026-05-05,Completed
9382,432,33,2024-09-08,,In Progress
9383,1743,24,2025-07-11,,Dropped
9384,1812,29,2025-02-28,2025-03-24,Completed
9385,1882,2,2025-12-31,2026-01-14,Completed
9386,1622,2,2024-05-21,2024-06-04,Completed
9387,85,3,2026-03-24,2026-04-24,Completed
9388,1579,32,2025-11-08,,Dropped
9389,539,32,2024-02-12,2024-03-09,Completed
9390,1525,21,2026-06-14,,Not Started
9391,1900,38,2025-05-11,2025-06-05,Completed
9392,1811,24,2024-07-18,2024-08-14,Completed
9393,1408,25,2026-08-15,,In Progress
9394,1292,2,2026-02-15,2026-03-09,Completed
9395,228,21,2026-04-17,2026-04-23,Completed
9396,1282,35,2024-06-12,2024-06-30,Completed
9397,1374,1,2025-03-20,2025-04-13,Completed
9398,338,39,2024-03-09,2024-03-23,Completed
9399,945,40,2025-11-12,2025-12-06,Completed
9400,174,26,2026-04-23,2026-05-24,Completed
9401,1942,38,2024-06-06,,Not Started
9402,483,37,2025-07-24,2025-08-07,Completed
9403,1183,26,2026-07-20,2026-08-16,Completed
9404,288,32,2025-11-17,,In Progress
9405,922,23,2024-11-20,2024-12-06,Completed
9406,867,11,2025-11-06,2025-11-13,Completed
9407,1241,25,2024-07-12,2024-08-10,Completed
9408,925,27,2025-06-19,2025-07-13,Completed
9409,1159,27,2024-06-15,2024-06-21,Completed
9410,1359,4,2025-05-29,2025-06-23,Completed
9411,295,2,2024-03-13,2024-04-01,Completed
9412,1276,2,2024-11-24,2024-12-03,Completed
9413,1232,25,2025-11-01,2025-11-27,Completed
9414,748,31,2024-05-21,2024-06-10,Completed
9415,1261,7,2024-12-14,2025-01-10,Completed
9416,1602,38,2026-05-01,2026-05-15,Completed
9417,1742,28,2024-08-19,2024-09-09,Completed
9418,378,17,2024-11-23,,In Progress
9419,1942,30,2025-07-07,2025-07-19,Completed
9420,1418,10,2025-02-02,2025-02-27,Completed
9421,1178,27,2024-08-29,,Not Started
9422,742,21,2026-01-11,2026-01-19,Completed
9423,56,2,2025-11-27,,Not Started
9424,1300,27,2026-07-14,2026-08-14,Completed
9425,1393,13,2024-11-13,2024-11-28,Completed
9426,1128,35,2025-05-18,2025-05-24,Completed
9427,915,9,2025-01-10,2025-02-07,Completed
9428,1687,27,2026-05-26,,Not Started
9429,29,39,2025-11-25,2025-11-30,Completed
9430,1480,25,2025-04-12,2025-05-06,Completed
9431,112,4,2026-03-07,2026-04-02,Completed
9432,1223,38,2025-06-26,2025-06-30,Completed
9433,54,39,2024-08-01,2024-08-25,Completed
9434,562,3,2024-02-23,2024-03-19,Completed
9435,269,19,2024-03-10,2024-03-18,Completed
9436,1862,30,2025-09-03,2025-09-29,Completed
9437,700,33,2025-04-03,2025-04-21,Completed
9438,1812,39,2024-06-08,2024-06-24,Completed
9439,115,25,2025-05-20,,In Progress
9440,874,31,2026-08-12,2026-08-26,Completed
9441,426,27,2026-03-26,2026-04-12,Completed
9442,212,18,2025-03-15,2025-04-05,Completed
9443,1276,23,2024-04-30,,Dropped
9444,1002,10,2024-06-13,2024-06-25,Completed
9445,439,10,2025-08-13,,Dropped
9446,712,21,2025-10-16,2025-10-30,Completed
9447,1971,15,2024-12-24,2024-12-31,Completed
9448,1188,39,2025-09-04,,Not Started
9449,668,34,2024-02-03,2024-03-02,Completed
9450,1161,10,2024-10-31,2024-11-15,Completed
9451,1021,13,2024-08-01,,In Progress
9452,876,34,2026-02-12,2026-03-06,Completed
9453,1858,28,2026-04-22,2026-05-10,Completed
9454,1916,10,2025-06-04,2025-06-23,Completed
9455,1864,11,2025-05-24,2025-06-16,Completed
9456,734,37,2024-11-27,2024-12-14,Completed
9457,1481,1,2024-04-30,2024-05-17,Completed
9458,1928,34,2025-02-09,2025-03-09,Completed
9459,1586,22,2026-08-03,2026-08-17,Completed
9460,137,3,2025-08-22,2025-09-11,Completed
9461,1263,4,2026-05-13,2026-06-04,Completed
9462,935,1,2026-06-12,2026-06-26,Completed
9463,774,39,2025-05-26,2025-05-29,Completed
9464,1737,29,2024-02-18,,In Progress
9465,614,27,2025-02-21,,In Progress
9466,1419,39,2025-02-03,2025-02-27,Completed
9467,1602,33,2024-07-06,2024-07-14,Completed
9468,1467,10,2025-03-03,2025-03-23,Completed
9469,677,1,2026-03-28,2026-04-08,Completed
9470,57,25,2024-06-10,2024-06-20,Completed
9471,226,5,2026-03-05,,In Progress
9472,1150,1,2025-08-17,,In Progress
9473,1478,9,2025-12-17,,In Progress
9474,1800,34,2026-07-08,2026-07-20,Completed
9475,664,39,2024-04-08,,Dropped
9476,602,19,2024-09-26,2024-10-15,Completed
9477,1291,3,2025-11-17,2025-12-18,Completed
9478,1224,38,2024-10-09,2024-11-05,Completed
9479,1148,23,2026-01-17,,Not Started
9480,642,7,2025-10-09,,Not Started
9481,465,11,2026-06-03,2026-06-26,Completed
9482,1248,24,2025-09-09,2025-10-08,Completed
9483,137,16,2024-12-21,2025-01-05,Completed
9484,1889,31,2025-10-25,2025-11-12,Completed
9485,294,4,2026-01-02,2026-01-29,Completed
9486,659,2,2024-01-08,2024-01-17,Completed
9487,135,21,2025-05-23,2025-06-19,Completed
9488,1178,17,2026-02-23,2026-03-02,Completed
9489,589,37,2025-03-09,2025-03-24,Completed
9490,1743,1,2025-07-09,2025-07-18,Completed
9491,1904,36,2024-11-18,2024-11-29,Completed
9492,1378,40,2024-11-25,2024-12-10,Completed
9493,1301,35,2025-09-25,2025-10-21,Completed
9494,1971,9,2024-01-29,,Dropped
9495,742,23,2025-01-10,,In Progress
9496,426,8,2025-11-19,,Not Started
9497,733,23,2024-10-06,2024-10-11,Completed
9498,1467,10,2024-01-18,2024-02-02,Completed
9499,1667,3,2025-06-10,2025-07-10,Completed
9500,1897,39,2024-11-24,2024-11-27,Completed
9501,1707,17,2025-03-29,2025-04-13,Completed
9502,72,28,2024-11-14,2024-11-22,Completed
9503,1242,2,2024-07-28,2024-08-19,Completed
9504,1555,17,2024-01-03,,Not Started
9505,1751,17,2026-03-13,2026-03-30,Completed
9506,1347,37,2026-05-28,2026-06-01,Completed
9507,1860,26,2025-08-24,2025-09-05,Completed
9508,1558,13,2024-04-12,2024-05-05,Completed
9509,538,32,2025-07-23,2025-08-17,Completed
9510,642,40,2026-03-14,2026-03-28,Completed
9511,1103,39,2025-05-11,2025-05-14,Completed
9512,1420,16,2025-09-26,,Dropped
9513,1815,4,2025-09-05,,In Progress
9514,227,33,2025-02-01,2025-03-01,Completed
9515,1826,8,2024-01-30,2024-02-05,Completed
9516,1743,20,2024-07-01,2024-07-09,Completed
9517,40,1,2025-12-29,2026-01-06,Completed
9518,1348,4,2026-08-03,2026-08-17,Completed
9519,749,40,2025-12-26,,In Progress
9520,1196,3,2026-03-10,2026-04-11,Completed
9521,535,23,2026-06-20,2026-07-06,Completed
9522,1900,24,2025-03-09,2025-03-29,Completed
9523,735,21,2025-06-08,2025-06-19,Completed
9524,1213,27,2024-09-05,,In Progress
9525,1507,18,2025-12-24,2025-12-28,Completed
9526,232,21,2024-03-31,2024-04-24,Completed
9527,1411,35,2025-11-28,2025-12-27,Completed
9528,473,7,2025-04-29,2025-05-27,Completed
9529,1918,4,2024-07-25,2024-08-07,Completed
9530,341,9,2025-10-06,,Dropped
9531,26,26,2026-06-18,,In Progress
9532,202,4,2025-05-30,2025-06-24,Completed
9533,853,7,2026-02-02,2026-03-05,Completed
9534,1666,23,2024-02-11,,Dropped
9535,1485,2,2025-11-22,,Not Started
9536,354,29,2026-04-30,2026-05-10,Completed
9537,371,36,2024-11-08,2024-11-19,Completed
9538,1350,33,2024-09-01,,Dropped
9539,230,23,2025-06-11,,In Progress
9540,1594,21,2025-03-01,,Dropped
9541,1201,13,2024-04-24,,In Progress
9542,71,32,2024-05-24,2024-06-09,Completed
9543,1275,22,2024-01-16,2024-02-09,Completed
9544,382,19,2024-06-17,2024-07-15,Completed
9545,200,19,2025-12-24,2026-01-22,Completed
9546,1600,25,2024-08-16,,Dropped
9547,1609,3,2025-05-21,2025-06-08,Completed
9548,430,8,2024-08-17,,Not Started
9549,1859,2,2024-12-15,,In Progress
9550,969,22,2024-12-06,2024-12-30,Completed
9551,187,19,2024-08-16,2024-08-31,Completed
9552,1067,3,2025-02-22,2025-03-28,Completed
9553,333,2,2025-10-05,,Dropped
9554,1755,4,2026-08-07,2026-09-01,Completed
9555,857,21,2024-10-21,2024-10-26,Completed
9556,190,14,2025-04-07,2025-04-12,Completed
9557,855,4,2025-06-10,2025-06-19,Completed
9558,1687,4,2024-01-11,2024-02-10,Completed
9559,1345,14,2024-10-18,2024-11-11,Completed
9560,692,26,2024-08-06,2024-08-30,Completed
9561,262,3,2025-12-13,2026-01-15,Completed
9562,682,2,2026-05-24,2026-06-08,Completed
9563,555,8,2025-09-12,2025-10-10,Completed
9564,1807,33,2024-11-30,2024-12-11,Completed
9565,1680,21,2026-05-12,,In Progress
9566,585,19,2025-08-22,,Not Started
9567,526,13,2025-11-15,,Dropped
9568,1196,9,2025-08-31,2025-09-16,Completed
9569,604,18,2024-05-30,2024-06-27,Completed
9570,113,10,2024-09-13,,In Progress
9571,628,40,2025-11-26,2025-12-10,Completed
9572,844,7,2024-09-20,2024-10-05,Completed
9573,1666,14,2024-04-13,,Dropped
9574,617,8,2025-03-06,2025-03-23,Completed
9575,994,11,2024-03-10,,In Progress
9576,1514,11,2024-11-20,2024-12-11,Completed
9577,1549,19,2025-11-13,,In Progress
9578,611,14,2026-06-04,2026-06-25,Completed
9579,1251,7,2024-01-26,2024-02-04,Completed
9580,975,38,2024-10-27,2024-11-05,Completed
9581,1924,22,2024-08-17,,In Progress
9582,1440,23,2025-05-26,2025-06-16,Completed
9583,449,23,2025-05-14,2025-05-23,Completed
9584,1533,31,2025-03-27,,In Progress
9585,742,8,2024-06-04,2024-06-13,Completed
9586,337,40,2026-02-19,,Not Started
9587,4,28,2026-05-22,2026-06-02,Completed
9588,564,30,2024-07-09,2024-07-20,Completed
9589,370,7,2026-06-04,,Dropped
9590,1872,4,2025-03-31,2025-04-08,Completed
9591,1228,18,2024-08-09,,In Progress
9592,101,38,2024-02-23,,Dropped
9593,484,4,2025-09-02,,Dropped
9594,1238,21,2025-10-04,2025-10-22,Completed
9595,1922,17,2024-08-19,,Not Started
9596,327,3,2024-01-01,2024-01-27,Completed
9597,388,39,2025-04-16,2025-05-09,Completed
9598,1903,21,2026-03-15,,In Progress
9599,1986,16,2024-08-19,2024-08-25,Completed
9600,1081,23,2026-03-30,,Not Started
9601,1569,14,2024-04-12,,In Progress
9602,1141,20,2026-02-22,2026-03-21,Completed
9603,1412,22,2025-12-28,2026-01-17,Completed
9604,251,37,2026-03-29,,Not Started
9605,1271,9,2025-07-28,2025-08-24,Completed
9606,1148,7,2024-05-18,,In Progress
9607,5,16,2024-07-13,2024-08-04,Completed
9608,1527,25,2024-11-22,2024-12-22,Completed
9609,633,6,2024-10-17,2024-11-08,Completed
9610,1459,3,2025-09-02,2025-10-02,Completed
9611,26,9,2026-04-28,,Not Started
9612,1158,26,2024-08-08,2024-08-18,Completed
9613,568,31,2026-04-27,2026-05-29,Completed
9614,1713,35,2026-06-05,2026-07-01,Completed
9615,166,26,2026-02-20,2026-03-01,Completed
9616,771,5,2024-05-16,2024-06-04,Completed
9617,8,25,2025-11-02,,In Progress
9618,1020,31,2024-06-23,2024-07-16,Completed
9619,1030,7,2025-08-09,,In Progress
9620,1890,18,2026-07-06,2026-07-15,Completed
9621,750,19,2026-04-10,2026-05-02,Completed
9622,885,38,2024-03-20,2024-03-31,Completed
9623,1744,3,2025-05-30,,In Progress
9624,1350,5,2026-02-22,2026-03-14,Completed
9625,596,25,2025-01-03,2025-01-09,Completed
9626,903,14,2025-08-19,2025-08-25,Completed
9627,729,4,2026-07-16,2026-07-24,Completed
9628,185,38,2025-08-02,2025-08-20,Completed
9629,1181,13,2025-03-12,2025-03-19,Completed
9630,1908,3,2025-07-01,2025-07-22,Completed
9631,566,10,2024-01-22,,In Progress
9632,956,17,2024-03-01,2024-03-10,Completed
9633,456,3,2024-05-20,2024-06-14,Completed
9634,754,3,2024-02-04,2024-02-26,Completed
9635,1762,16,2025-07-04,2025-07-17,Completed
9636,490,22,2026-08-11,,Not Started
9637,1317,7,2024-10-03,,Dropped
9638,924,39,2026-04-16,,In Progress
9639,1526,27,2024-10-02,,In Progress
9640,750,19,2026-06-05,2026-06-10,Completed
9641,1897,5,2024-06-27,2024-07-11,Completed
9642,1098,4,2025-02-20,2025-03-13,Completed
9643,1991,4,2026-04-25,2026-05-05,Completed
9644,1221,26,2026-08-14,2026-08-26,Completed
9645,1956,30,2024-03-29,2024-04-17,Completed
9646,314,7,2024-01-26,2024-02-14,Completed
9647,1603,17,2024-10-28,2024-11-07,Completed
9648,1386,12,2026-06-03,,Not Started
9649,1180,4,2024-10-15,,Dropped
9650,1642,15,2026-04-16,,In Progress
9651,1378,9,2025-01-20,2025-01-27,Completed
9652,886,23,2024-10-31,2024-11-24,Completed
9653,1951,34,2024-07-30,2024-08-11,Completed
9654,728,40,2026-08-05,,Dropped
9655,578,4,2026-08-11,2026-08-22,Completed
9656,524,16,2025-04-07,,Dropped
9657,1527,34,2024-06-20,2024-07-17,Completed
9658,987,15,2025-05-19,2025-06-07,Completed
9659,1205,1,2026-04-04,2026-05-04,Completed
9660,687,38,2026-02-13,2026-03-10,Completed
9661,1550,5,2024-02-14,2024-03-22,Completed
9662,875,8,2024-05-30,2024-06-24,Completed
9663,922,20,2025-01-19,2025-02-08,Completed
9664,171,23,2025-11-01,,Not Started
9665,82,27,2024-07-12,2024-08-11,Completed
9666,1646,19,2025-05-12,,Dropped
9667,455,2,2025-03-14,2025-04-02,Completed
9668,779,34,2024-08-28,,Dropped
9669,1160,23,2024-07-08,,Not Started
9670,197,31,2025-10-16,,In Progress
9671,1397,11,2026-04-11,2026-04-16,Completed
9672,192,12,2025-11-23,,In Progress
9673,438,34,2025-04-21,2025-05-21,Completed
9674,125,27,2025-03-01,,In Progress
9675,55,20,2025-06-08,2025-06-29,Completed
9676,1472,30,2026-07-02,2026-07-25,Completed
9677,1321,38,2024-08-17,2024-08-29,Completed
9678,539,24,2025-04-04,2025-04-28,Completed
9679,920,22,2026-03-01,,In Progress
9680,990,8,2024-12-23,,In Progress
9681,1889,4,2025-08-17,2025-08-24,Completed
9682,1498,31,2024-11-06,2024-11-30,Completed
9683,344,32,2024-11-30,2024-12-14,Completed
9684,1199,40,2026-06-26,2026-07-09,Completed
9685,127,32,2026-06-30,,Not Started
9686,1071,35,2026-06-13,2026-07-14,Completed
9687,986,38,2026-02-20,2026-02-23,Completed
9688,1556,19,2024-12-07,2024-12-28,Completed
9689,1759,16,2025-03-25,2025-04-22,Completed
9690,1894,36,2024-09-24,2024-09-29,Completed
9691,1733,39,2025-09-08,,Dropped
9692,1392,37,2024-06-11,,In Progress
9693,846,18,2025-10-23,2025-11-14,Completed
9694,1264,22,2025-04-20,2025-04-30,Completed
9695,900,37,2024-01-21,,Dropped
9696,1483,4,2026-03-26,2026-04-26,Completed
9697,754,36,2025-10-18,2025-10-30,Completed
9698,152,32,2025-07-26,,Dropped
9699,719,17,2025-01-10,2025-01-20,Completed
9700,86,21,2024-09-08,2024-09-18,Completed
9701,1401,24,2024-03-07,2024-04-06,Completed
9702,835,9,2024-04-20,2024-05-10,Completed
9703,323,28,2026-05-01,,Not Started
9704,592,2,2024-02-28,2024-03-22,Completed
9705,672,20,2024-01-15,2024-02-13,Completed
9706,1475,7,2025-12-27,,In Progress
9707,1584,28,2026-07-02,2026-07-08,Completed
9708,146,39,2025-04-12,2025-04-20,Completed
9709,1812,1,2024-09-11,,Not Started
9710,993,1,2025-04-15,2025-04-29,Completed
9711,844,34,2025-08-28,2025-09-16,Completed
9712,976,32,2024-08-27,2024-09-22,Completed
9713,217,39,2026-04-01,2026-04-07,Completed
9714,917,12,2024-06-22,2024-07-12,Completed
9715,1898,2,2024-02-14,2024-03-05,Completed
9716,1306,23,2025-10-29,,In Progress
9717,964,10,2024-01-02,2024-01-22,Completed
9718,113,2,2024-08-08,2024-09-05,Completed
9719,1384,27,2025-02-11,2025-02-19,Completed
9720,1115,1,2024-04-06,2024-04-22,Completed
9721,1611,7,2025-04-09,2025-05-01,Completed
9722,128,33,2024-04-12,2024-04-23,Completed
9723,1537,4,2026-01-12,2026-02-09,Completed
9724,811,21,2024-08-11,,Dropped
9725,1934,23,2024-11-22,2024-12-20,Completed
9726,74,3,2026-05-02,2026-05-29,Completed
9727,1861,2,2025-01-22,2025-02-24,Completed
9728,551,28,2024-04-24,2024-05-11,Completed
9729,1876,17,2025-09-22,2025-10-12,Completed
9730,1727,2,2026-05-08,,Not Started
9731,577,23,2024-03-22,2024-04-21,Completed
9732,1926,31,2025-03-11,2025-03-24,Completed
9733,1145,4,2024-06-04,2024-06-28,Completed
9734,781,8,2024-05-18,,Dropped
9735,1879,22,2024-12-03,2024-12-19,Completed
9736,249,16,2024-05-29,2024-06-17,Completed
9737,41,36,2024-06-08,,In Progress
9738,519,35,2026-03-16,,In Progress
9739,800,11,2024-02-06,,Not Started
9740,1447,9,2026-01-26,2026-02-22,Completed
9741,172,34,2025-11-10,,Not Started
9742,291,37,2026-05-03,,In Progress
9743,1304,20,2024-12-05,2024-12-21,Completed
9744,1266,34,2024-12-02,2024-12-12,Completed
9745,603,4,2024-09-14,2024-09-24,Completed
9746,858,6,2025-01-18,2025-01-29,Completed
9747,1351,17,2024-11-24,2024-12-13,Completed
9748,1020,38,2026-05-14,2026-05-22,Completed
9749,315,1,2024-01-18,2024-02-15,Completed
9750,423,23,2025-10-14,2025-10-26,Completed
9751,217,31,2025-03-01,2025-04-01,Completed
9752,1610,33,2024-10-13,2024-10-25,Completed
9753,365,19,2025-05-15,2025-06-03,Completed
9754,1868,6,2024-03-04,2024-03-21,Completed
9755,1254,16,2024-02-02,2024-02-18,Completed
9756,855,15,2025-04-04,,In Progress
9757,895,5,2025-01-22,2025-02-08,Completed
9758,1941,32,2025-09-15,,Dropped
9759,1937,25,2026-05-14,2026-05-21,Completed
9760,1858,40,2024-02-12,2024-03-08,Completed
9761,1010,3,2025-02-28,2025-03-29,Completed
9762,672,36,2026-04-30,,Not Started
9763,1307,19,2024-09-28,,In Progress
9764,1863,16,2025-04-24,2025-05-01,Completed
9765,503,27,2026-07-10,2026-07-19,Completed
9766,706,6,2024-06-20,2024-07-21,Completed
9767,1192,6,2026-05-12,2026-06-03,Completed
9768,1577,6,2026-03-12,,In Progress
9769,1651,18,2025-01-21,2025-02-04,Completed
9770,527,30,2025-07-01,2025-07-12,Completed
9771,1024,35,2026-02-25,2026-03-28,Completed
9772,594,40,2025-12-06,2025-12-29,Completed
9773,564,25,2024-07-12,,Dropped
9774,62,28,2024-06-08,2024-06-22,Completed
9775,479,14,2024-11-30,,In Progress
9776,1828,39,2024-10-27,2024-11-04,Completed
9777,1135,40,2024-06-25,,Not Started
9778,441,4,2024-09-11,2024-09-27,Completed
9779,1482,8,2024-12-23,2025-01-14,Completed
9780,1657,4,2024-05-15,,In Progress
9781,1073,23,2026-01-21,,In Progress
9782,1672,13,2025-05-10,2025-05-25,Completed
9783,1239,37,2024-06-01,2024-06-28,Completed
9784,453,34,2025-09-21,2025-09-29,Completed
9785,414,7,2025-10-12,2025-10-31,Completed
9786,150,32,2024-03-20,,Dropped
9787,1377,17,2024-01-09,2024-01-23,Completed
9788,1796,3,2026-08-05,2026-09-07,Completed
9789,1582,20,2025-10-13,2025-10-22,Completed
9790,434,2,2024-09-06,2024-09-19,Completed
9791,1124,2,2025-01-01,2025-02-01,Completed
9792,1884,16,2024-02-09,2024-02-15,Completed
9793,771,6,2025-09-06,2025-10-04,Completed
9794,747,1,2026-06-27,2026-07-26,Completed
9795,1241,30,2026-02-16,2026-03-20,Completed
9796,760,2,2025-11-02,,Not Started
9797,1141,33,2024-03-04,2024-03-29,Completed
9798,1751,8,2024-08-14,2024-08-24,Completed
9799,941,18,2024-05-21,,In Progress
9800,1388,14,2025-02-10,2025-02-18,Completed
9801,915,25,2025-10-05,2025-10-10,Completed
9802,1709,24,2024-06-26,2024-07-07,Completed
9803,1914,5,2025-02-07,,In Progress
9804,855,29,2025-12-12,2025-12-20,Completed
9805,634,8,2026-02-03,2026-02-19,Completed
9806,469,35,2025-05-30,,Dropped
9807,1803,35,2024-03-21,2024-04-04,Completed
9808,1742,39,2024-07-09,2024-07-20,Completed
9809,275,22,2024-02-01,,In Progress
9810,1373,40,2024-09-20,,In Progress
9811,1820,3,2024-07-22,2024-08-07,Completed
9812,1708,37,2025-06-02,,Dropped
9813,130,16,2024-11-03,2024-11-11,Completed
9814,1415,21,2025-09-01,,In Progress
9815,1861,11,2024-02-22,2024-03-07,Completed
9816,1345,18,2024-09-09,2024-10-01,Completed
9817,600,18,2024-12-10,2024-12-30,Completed
9818,1943,22,2026-03-31,,In Progress
9819,1335,10,2026-04-16,2026-05-10,Completed
9820,1139,38,2025-07-10,2025-08-06,Completed
9821,590,12,2025-12-09,2026-01-08,Completed
9822,1334,38,2024-06-04,2024-06-06,Completed
9823,231,10,2025-08-28,2025-09-06,Completed
9824,225,30,2026-05-06,2026-05-29,Completed
9825,659,32,2025-01-15,2025-02-13,Completed
9826,1713,25,2026-01-08,2026-02-04,Completed
9827,1270,21,2025-01-28,,Not Started
9828,2000,29,2025-08-31,2025-10-01,Completed
9829,441,7,2024-12-12,,In Progress
9830,1898,38,2026-05-05,2026-05-30,Completed
9831,1376,24,2024-05-10,2024-06-07,Completed
9832,720,38,2025-09-01,2025-09-24,Completed
9833,376,36,2025-01-13,2025-01-21,Completed
9834,931,34,2025-05-14,2025-05-25,Completed
9835,217,5,2025-01-02,2025-01-25,Completed
9836,1088,28,2025-05-16,,In Progress
9837,252,6,2024-04-07,,In Progress
9838,240,2,2024-12-25,2025-01-09,Completed
9839,1367,6,2025-07-24,2025-08-05,Completed
9840,1827,10,2025-07-30,2025-08-08,Completed
9841,690,3,2025-03-15,2025-04-03,Completed
9842,452,21,2026-06-26,2026-07-01,Completed
9843,938,38,2024-08-24,2024-09-16,Completed
9844,1811,23,2024-12-22,,Dropped
9845,1371,19,2025-08-21,2025-08-26,Completed
9846,1872,12,2026-04-20,2026-05-21,Completed
9847,1590,40,2024-12-04,2024-12-30,Completed
9848,1861,18,2025-09-17,2025-09-29,Completed
9849,408,26,2024-07-25,,Dropped
9850,882,2,2024-06-06,2024-07-03,Completed
9851,1263,4,2025-07-16,2025-08-08,Completed
9852,1355,28,2025-05-02,2025-05-11,Completed
9853,1366,27,2025-05-07,2025-05-23,Completed
9854,456,15,2025-03-26,,In Progress
9855,97,27,2025-03-26,,Dropped
9856,1534,38,2024-02-06,,In Progress
9857,770,23,2024-04-16,2024-05-11,Completed
9858,264,40,2025-07-13,2025-08-08,Completed
9859,811,20,2025-08-01,,Dropped
9860,597,2,2024-10-19,,In Progress
9861,485,6,2026-02-23,,Dropped
9862,179,11,2026-02-13,2026-03-07,Completed
9863,651,11,2024-01-30,2024-02-27,Completed
9864,1727,3,2025-06-14,2025-07-16,Completed
9865,1420,25,2024-01-11,2024-02-09,Completed
9866,838,8,2024-08-24,2024-09-22,Completed
9867,251,21,2026-06-06,2026-06-28,Completed
9868,1350,3,2026-04-18,2026-04-30,Completed
9869,409,27,2024-03-04,,In Progress
9870,1505,33,2026-03-29,2026-04-19,Completed
9871,161,25,2024-10-24,2024-11-19,Completed
9872,659,39,2024-11-11,,Not Started
9873,408,1,2025-04-20,2025-05-21,Completed
9874,691,33,2026-02-20,,Dropped
9875,924,29,2025-04-25,,Not Started
9876,249,25,2024-10-27,,Dropped
9877,1684,34,2026-04-24,,In Progress
9878,1778,3,2024-08-03,2024-08-20,Completed
9879,411,30,2026-06-25,2026-07-27,Completed
9880,1949,36,2025-12-23,2025-12-26,Completed
9881,681,17,2024-12-27,2025-01-17,Completed
9882,1667,14,2026-06-14,2026-06-19,Completed
9883,383,33,2026-06-06,2026-06-27,Completed
9884,1473,40,2025-03-13,2025-03-28,Completed
9885,1179,25,2024-12-31,2025-01-16,Completed
9886,1458,4,2024-03-24,,Not Started
9887,862,19,2025-02-23,2025-03-22,Completed
9888,429,4,2026-02-20,,Not Started
9889,1017,9,2024-04-19,2024-05-02,Completed
9890,132,5,2024-10-05,2024-11-10,Completed
9891,1716,8,2025-08-05,2025-08-20,Completed
9892,1055,34,2024-11-21,2024-12-20,Completed
9893,795,2,2024-01-06,,Dropped
9894,1131,26,2024-06-08,2024-06-30,Completed
9895,1000,3,2025-10-09,2025-11-05,Completed
9896,250,22,2025-12-28,2026-01-21,Completed
9897,1313,4,2024-03-24,2024-04-15,Completed
9898,1214,22,2024-08-13,2024-08-20,Completed
9899,1953,23,2025-05-04,,Dropped
9900,264,3,2024-12-06,2025-01-01,Completed
9901,1957,2,2026-01-24,2026-02-14,Completed
9902,1525,1,2025-06-07,2025-06-29,Completed
9903,883,28,2025-12-01,,Dropped
9904,1535,3,2025-02-25,2025-03-26,Completed
9905,1603,3,2024-05-11,2024-06-09,Completed
9906,461,5,2024-04-19,,Dropped
9907,1708,16,2025-03-22,2025-04-18,Completed
9908,165,18,2025-05-15,2025-05-25,Completed
9909,171,34,2026-02-25,,In Progress
9910,1845,10,2024-09-08,2024-09-24,Completed
9911,282,28,2026-03-23,,In Progress
9912,1386,39,2026-03-30,2026-04-26,Completed
9913,706,12,2024-09-09,,Not Started
9914,867,26,2024-03-05,2024-03-27,Completed
9915,1799,3,2025-03-23,,In Progress
9916,869,24,2024-12-11,2024-12-22,Completed
9917,1221,3,2024-06-22,2024-07-26,Completed
9918,676,8,2025-12-10,2025-12-21,Completed
9919,1096,3,2026-01-25,,Not Started
9920,400,10,2024-08-27,,In Progress
9921,49,5,2024-10-17,2024-11-20,Completed
9922,970,11,2025-08-29,2025-09-23,Completed
9923,1969,19,2024-11-29,2024-12-23,Completed
9924,1526,10,2025-12-17,2026-01-14,Completed
9925,519,20,2024-04-27,2024-05-17,Completed
9926,446,23,2025-07-25,2025-08-02,Completed
9927,1553,3,2024-12-03,,Dropped
9928,1045,21,2025-05-16,,Not Started
9929,573,33,2026-07-10,,In Progress
9930,119,6,2024-03-07,2024-03-21,Completed
9931,636,31,2025-01-23,2025-02-17,Completed
9932,1444,26,2024-11-26,2024-12-21,Completed
9933,1153,37,2025-12-07,,In Progress
9934,1118,18,2024-09-29,2024-10-18,Completed
9935,161,7,2024-03-29,2024-04-28,Completed
9936,489,25,2025-06-15,,In Progress
9937,1889,37,2025-10-17,2025-10-21,Completed
9938,53,16,2026-03-06,2026-03-14,Completed
9939,1252,29,2025-09-27,,Not Started
9940,864,34,2025-01-10,2025-01-20,Completed
9941,1945,28,2024-02-13,,Dropped
9942,1676,19,2024-02-20,,Dropped
9943,1827,23,2024-08-07,,Not Started
9944,903,35,2025-05-13,2025-05-28,Completed
9945,1735,3,2026-06-02,,In Progress
9946,1401,21,2024-07-26,2024-08-01,Completed
9947,1535,31,2024-04-24,2024-05-24,Completed
9948,113,37,2024-08-11,2024-08-21,Completed
9949,73,24,2024-09-08,2024-10-07,Completed
9950,1047,5,2026-01-23,2026-02-19,Completed
9951,406,27,2026-08-01,2026-08-08,Completed
9952,433,2,2024-01-12,2024-02-01,Completed
9953,577,37,2025-12-20,2026-01-07,Completed
9954,1909,8,2025-06-04,,In Progress
9955,1021,28,2025-10-19,2025-11-09,Completed
9956,1125,19,2024-11-07,2024-11-27,Completed
9957,1282,27,2025-05-18,2025-06-04,Completed
9958,953,27,2025-05-03,2025-05-18,Completed
9959,1790,23,2025-04-14,,Dropped
9960,1233,34,2025-03-02,2025-03-26,Completed
9961,111,38,2025-08-26,2025-09-02,Completed
9962,1639,7,2026-01-04,2026-01-22,Completed
9963,198,1,2026-05-30,2026-06-28,Completed
9964,1600,29,2024-07-28,,Not Started
9965,1561,18,2025-06-13,,Not Started
9966,804,20,2025-03-11,2025-04-06,Completed
9967,1242,22,2024-11-04,2024-11-08,Completed
9968,469,5,2025-01-29,,Not Started
9969,678,2,2024-08-21,,Not Started
9970,1799,11,2024-05-23,2024-05-31,Completed
9971,559,30,2024-02-10,,In Progress
9972,834,14,2024-04-07,,Not Started
9973,457,6,2024-07-01,,In Progress
9974,579,23,2025-05-02,2025-05-14,Completed
9975,1459,40,2026-02-10,2026-03-07,Completed
9976,145,40,2025-07-06,2025-07-29,Completed
9977,1393,21,2026-02-12,2026-03-02,Completed
9978,111,10,2024-11-20,2024-12-09,Completed
9979,1112,17,2024-03-12,2024-04-10,Completed
9980,1163,17,2025-05-17,2025-05-25,Completed
9981,1946,25,2026-05-27,2026-06-10,Completed
9982,1293,11,2026-02-07,2026-02-20,Completed
9983,1478,7,2026-05-21,2026-06-20,Completed
9984,405,38,2026-07-27,2026-08-04,Completed
9985,1401,36,2025-07-25,,In Progress
9986,1313,22,2025-08-23,2025-09-07,Completed
9987,502,40,2024-03-08,2024-03-12,Completed
9988,66,20,2024-12-05,2024-12-11,Completed
9989,639,2,2026-03-08,2026-03-21,Completed
9990,573,3,2025-11-24,2025-12-10,Completed
9991,829,28,2024-07-06,,Dropped
9992,1635,18,2024-09-11,2024-09-21,Completed
9993,613,33,2024-06-01,2024-06-17,Completed
9994,1812,24,2024-05-06,,In Progress
9995,1173,37,2026-06-11,,In Progress
9996,333,34,2026-02-16,2026-03-08,Completed
9997,1241,35,2025-11-06,,In Progress
9998,1490,38,2026-01-15,2026-02-06,Completed
9999,1249,5,2024-02-05,,In Progress
10000,1014,4,2026-07-02,2026-08-01,Completed
10001,274,2,2024-12-14,,Dropped
10002,1850,18,2024-12-11,,Not Started
10003,1500,38,2025-12-01,2025-12-10,Completed
10004,165,7,2024-10-07,2024-11-04,Completed
10005,1775,28,2024-10-08,2024-10-15,Completed
10006,1275,37,2025-12-16,2026-01-07,Completed
10007,654,3,2025-02-09,2025-03-06,Completed
10008,189,9,2025-05-10,2025-05-28,Completed
10009,649,38,2025-06-28,,Dropped
10010,888,31,2025-03-22,2025-04-23,Completed
10011,1891,35,2025-03-28,2025-04-25,Completed
10012,1538,17,2024-04-08,2024-04-27,Completed
10013,252,5,2025-08-12,2025-08-30,Completed
10014,1750,27,2026-06-11,2026-06-19,Completed
10015,1009,14,2026-01-30,2026-02-24,Completed
10016,1767,30,2025-05-16,2025-05-23,Completed
10017,261,5,2025-03-25,2025-04-19,Completed
10018,1587,4,2024-10-10,2024-10-21,Completed
10019,907,19,2026-05-18,2026-05-28,Completed
10020,1,27,2024-01-11,2024-02-03,Completed
10021,1018,19,2026-02-11,2026-03-12,Completed
10022,1981,10,2026-07-08,,Not Started
10023,1707,21,2026-01-25,2026-02-18,Completed
10024,1563,35,2025-02-28,2025-03-29,Completed
10025,1687,34,2025-09-07,2025-09-27,Completed
10026,1428,9,2025-12-28,2026-01-07,Completed
10027,16,6,2025-08-18,2025-09-07,Completed
10028,1133,35,2025-02-16,2025-02-22,Completed
10029,1328,27,2025-04-26,2025-05-25,Completed
10030,1624,18,2025-01-11,,In Progress
10031,588,11,2025-12-23,2026-01-09,Completed
10032,1817,11,2024-01-05,2024-01-18,Completed
10033,1531,39,2024-10-21,2024-11-08,Completed
10034,229,7,2024-06-02,2024-06-23,Completed
10035,760,1,2024-03-18,2024-04-06,Completed
10036,806,10,2024-09-01,2024-09-18,Completed
10037,1497,30,2025-08-08,2025-08-25,Completed
10038,758,39,2025-10-24,2025-11-02,Completed
10039,201,10,2025-08-06,2025-08-25,Completed
10040,865,5,2026-04-07,2026-05-04,Completed
10041,898,16,2024-07-25,,Not Started
10042,312,32,2025-05-29,2025-06-06,Completed
10043,125,2,2024-09-18,2024-10-20,Completed
10044,1732,28,2025-11-24,,In Progress
10045,559,3,2025-04-15,2025-05-02,Completed
10046,1225,23,2025-02-02,2025-02-26,Completed
10047,501,25,2026-02-13,,In Progress
10048,1311,7,2026-03-25,2026-04-07,Completed
10049,504,19,2026-01-11,2026-01-29,Completed
10050,1678,16,2025-06-08,2025-07-05,Completed
10051,1632,15,2025-08-17,,In Progress
10052,307,12,2024-05-05,,Not Started
10053,431,21,2026-01-07,2026-01-27,Completed
10054,210,37,2025-01-22,2025-02-16,Completed
10055,291,8,2024-02-08,2024-03-05,Completed
10056,1236,34,2025-10-08,2025-10-28,Completed
10057,1113,39,2024-08-26,,In Progress
10058,738,4,2025-08-16,2025-08-22,Completed
10059,772,38,2024-09-18,,Not Started
10060,1223,16,2025-11-13,2025-11-23,Completed
10061,1903,10,2025-08-31,,Dropped
10062,1598,23,2024-12-25,2025-01-11,Completed
10063,950,4,2026-01-06,2026-02-02,Completed
10064,1293,16,2025-07-01,2025-07-06,Completed
10065,921,16,2025-04-12,,In Progress
10066,910,32,2025-07-05,,Dropped
10067,1970,17,2025-12-30,2026-01-23,Completed
10068,988,2,2024-03-10,,Not Started
10069,93,13,2025-08-13,2025-09-01,Completed
10070,1027,39,2025-08-10,,Dropped
10071,467,6,2025-01-05,2025-01-28,Completed
10072,575,2,2025-03-10,2025-03-26,Completed
10073,288,15,2024-02-26,2024-03-09,Completed
10074,311,9,2025-07-23,2025-08-12,Completed
10075,385,15,2024-04-21,2024-05-04,Completed
10076,1598,23,2025-09-20,2025-10-08,Completed
10077,1545,15,2024-08-04,2024-08-18,Completed
10078,44,15,2025-01-08,,Not Started
10079,374,8,2025-02-16,,Dropped
10080,1228,21,2025-05-02,,In Progress
10081,1655,15,2025-12-17,2025-12-23,Completed
10082,24,17,2025-07-20,,Not Started
10083,1448,10,2024-08-20,2024-09-17,Completed
10084,1423,13,2026-03-04,,Dropped
10085,17,1,2025-09-28,,In Progress
10086,1870,19,2025-03-20,,Dropped
10087,1911,27,2024-06-13,,In Progress
10088,1999,9,2026-03-27,,Dropped
10089,642,27,2026-08-10,2026-08-24,Completed
10090,1263,1,2025-05-30,,In Progress
10091,1532,7,2026-01-08,2026-01-26,Completed
10092,560,7,2024-10-20,,Not Started
10093,659,7,2025-01-25,,Dropped
10094,1267,21,2024-04-12,2024-04-30,Completed
10095,1023,28,2025-08-10,2025-08-29,Completed
10096,935,4,2024-06-13,2024-07-02,Completed
10097,630,36,2025-01-22,,In Progress
10098,174,30,2024-11-27,,Not Started
10099,486,39,2024-01-11,2024-01-13,Completed
10100,279,17,2025-01-07,,In Progress
10101,1754,35,2026-05-12,2026-06-06,Completed
10102,964,31,2025-12-10,2026-01-05,Completed
10103,499,35,2025-12-09,2025-12-25,Completed
10104,222,8,2024-09-03,,Dropped
10105,773,25,2025-11-24,2025-12-12,Completed
10106,1057,36,2024-03-13,2024-03-16,Completed
10107,1020,12,2024-01-07,2024-01-26,Completed
10108,1254,35,2026-07-15,2026-07-23,Completed
10109,1948,12,2025-06-26,,Dropped
10110,710,38,2024-08-12,,Dropped
10111,1831,26,2026-06-04,2026-06-18,Completed
10112,525,11,2025-03-22,2025-04-02,Completed
10113,372,3,2024-11-06,,In Progress
10114,1098,40,2024-11-12,2024-11-17,Completed
10115,389,24,2026-03-03,2026-03-19,Completed
10116,1344,3,2025-04-02,2025-05-01,Completed
10117,408,6,2024-02-23,2024-03-04,Completed
10118,649,16,2024-11-30,2024-12-05,Completed
10119,987,1,2026-01-25,2026-02-24,Completed
10120,892,23,2025-12-26,2026-01-13,Completed
10121,1684,33,2025-02-25,,Dropped
10122,1333,32,2026-04-07,2026-04-28,Completed
10123,597,2,2026-04-06,2026-04-17,Completed
10124,131,17,2024-07-14,,Not Started
10125,1407,14,2026-03-24,2026-04-13,Completed
10126,298,2,2024-11-17,2024-12-09,Completed
10127,1822,40,2025-06-15,2025-07-12,Completed
10128,1189,36,2025-02-10,2025-03-02,Completed
10129,1970,38,2024-01-08,,In Progress
10130,384,21,2024-02-27,2024-03-03,Completed
10131,1030,13,2024-11-24,2024-12-01,Completed
10132,1147,38,2026-01-31,2026-02-05,Completed
10133,307,25,2024-02-24,2024-03-23,Completed
10134,1119,13,2025-06-24,2025-07-10,Completed
10135,540,23,2025-07-18,2025-07-31,Completed
10136,558,39,2025-08-31,,Dropped
10137,1114,38,2026-04-29,2026-05-10,Completed
10138,941,2,2026-02-28,2026-03-23,Completed
10139,1314,34,2024-02-22,2024-03-09,Completed
10140,520,19,2024-11-09,2024-11-14,Completed
10141,689,15,2024-06-05,2024-07-05,Completed
10142,1898,28,2026-05-03,2026-05-08,Completed
10143,1197,25,2024-11-12,2024-11-29,Completed
10144,1786,3,2024-01-11,,Dropped
10145,284,34,2026-07-18,,In Progress
10146,1595,28,2026-07-27,2026-08-14,Completed
10147,809,24,2026-05-30,2026-06-05,Completed
10148,1734,40,2025-01-03,2025-01-17,Completed
10149,1265,1,2025-06-07,,Dropped
10150,1319,14,2025-04-13,2025-05-02,Completed
10151,1102,36,2024-08-05,,In Progress
10152,976,22,2024-09-11,2024-10-04,Completed
10153,632,18,2024-08-19,2024-09-10,Completed
10154,1728,22,2025-12-22,2025-12-30,Completed
10155,170,27,2026-02-24,,In Progress
10156,1499,38,2025-01-31,,In Progress
10157,38,22,2024-01-28,2024-02-14,Completed
10158,1857,31,2025-05-24,2025-06-25,Completed
10159,1576,36,2024-07-10,2024-08-01,Completed
10160,467,5,2024-04-13,2024-05-15,Completed
10161,1190,2,2025-03-23,2025-04-24,Completed
10162,1380,4,2025-05-11,2025-06-06,Completed
10163,1909,21,2026-03-12,2026-04-09,Completed
10164,511,1,2026-07-16,,Not Started
10165,499,3,2024-09-26,2024-10-11,Completed
10166,512,18,2026-08-01,,In Progress
10167,27,6,2025-01-30,2025-02-13,Completed
10168,1512,36,2025-06-11,2025-07-03,Completed
10169,315,32,2025-03-02,2025-03-25,Completed
10170,805,16,2025-06-28,2025-07-23,Completed
10171,1963,11,2025-07-21,2025-07-27,Completed
10172,1466,13,2025-07-23,2025-08-09,Completed
10173,1886,36,2026-02-10,2026-02-15,Completed
10174,671,18,2025-01-16,,Dropped
10175,109,37,2026-05-23,2026-06-01,Completed
10176,1403,21,2025-12-05,,In Progress
10177,1991,11,2025-07-07,2025-08-01,Completed
10178,102,39,2025-04-09,2025-05-03,Completed
10179,1639,9,2026-08-06,,In Progress
10180,219,32,2026-06-20,2026-07-12,Completed
10181,1785,33,2024-12-21,2025-01-17,Completed
10182,1612,34,2024-10-29,2024-11-16,Completed
10183,190,36,2025-11-04,2025-11-14,Completed
10184,227,17,2024-02-06,2024-02-24,Completed
10185,1882,13,2026-05-13,2026-05-31,Completed
10186,801,16,2025-07-20,2025-08-18,Completed
10187,643,26,2024-08-28,,In Progress
10188,1299,27,2024-08-13,2024-09-13,Completed
10189,1017,16,2025-01-04,2025-01-19,Completed
10190,1267,23,2024-06-21,2024-07-04,Completed
10191,577,38,2026-03-27,2026-04-23,Completed
10192,1150,3,2025-03-14,2025-04-05,Completed
10193,879,39,2025-06-06,,Dropped
10194,1258,25,2025-06-23,2025-07-01,Completed
10195,640,14,2024-06-13,2024-06-24,Completed
10196,828,6,2024-12-09,2024-12-18,Completed
10197,1351,14,2024-07-30,2024-08-24,Completed
10198,739,2,2024-07-23,2024-08-06,Completed
10199,708,16,2026-04-14,2026-05-02,Completed
10200,1837,1,2025-05-11,2025-06-01,Completed
10201,385,10,2025-04-12,,Not Started
10202,1184,32,2025-04-01,2025-04-12,Completed
10203,465,31,2026-06-29,,In Progress
10204,226,18,2025-01-24,2025-02-19,Completed
10205,1991,36,2025-07-24,2025-07-31,Completed
10206,710,20,2024-12-15,2025-01-05,Completed
10207,1941,38,2024-10-06,2024-10-11,Completed
10208,442,24,2026-02-08,2026-03-06,Completed
10209,1395,19,2024-01-16,2024-01-29,Completed
10210,916,9,2026-06-05,2026-06-29,Completed
10211,977,4,2025-10-05,2025-11-03,Completed
10212,998,12,2024-12-15,2025-01-09,Completed
10213,1171,33,2024-02-26,2024-03-20,Completed
10214,1840,7,2024-10-23,2024-11-09,Completed
10215,255,3,2024-02-08,2024-02-26,Completed
10216,684,11,2025-08-22,,Dropped
10217,1357,3,2024-04-16,2024-04-30,Completed
10218,1053,39,2024-08-30,2024-09-09,Completed
10219,13,2,2025-03-12,,Dropped
10220,179,26,2024-02-19,,Dropped
10221,1332,26,2024-09-14,2024-09-23,Completed
10222,624,10,2024-08-05,,Not Started
10223,1009,27,2024-12-23,,Dropped
10224,42,3,2025-01-03,2025-01-16,Completed
10225,566,16,2025-11-20,2025-12-15,Completed
10226,1936,10,2024-03-19,2024-04-09,Completed
10227,467,5,2025-03-11,,Dropped
10228,1061,9,2026-01-11,2026-01-22,Completed
10229,548,2,2025-05-18,2025-05-26,Completed
10230,1267,1,2024-04-23,2024-05-14,Completed
10231,1316,3,2024-11-02,,Dropped
10232,209,11,2025-01-02,2025-01-25,Completed
10233,1756,27,2025-01-02,2025-02-01,Completed
10234,388,21,2026-05-28,2026-06-17,Completed
10235,75,39,2025-04-23,2025-05-07,Completed
10236,874,28,2026-05-15,,Dropped
10237,102,20,2024-09-04,,Dropped
10238,1063,36,2025-01-26,,In Progress
10239,637,20,2026-05-28,2026-06-07,Completed
10240,401,25,2024-01-24,,In Progress
10241,1238,1,2026-08-08,2026-08-23,Completed
10242,1482,38,2024-10-09,2024-10-11,Completed
10243,484,1,2024-01-08,2024-01-14,Completed
10244,536,13,2026-01-11,2026-02-05,Completed
10245,1259,2,2024-03-26,,In Progress
10246,982,7,2024-02-24,2024-03-17,Completed
10247,1307,33,2024-09-01,2024-09-12,Completed
10248,1655,40,2024-07-06,2024-08-03,Completed
10249,1017,7,2025-03-12,2025-03-29,Completed
10250,122,8,2024-07-31,2024-08-26,Completed
10251,791,36,2024-12-05,2024-12-15,Completed
10252,951,7,2024-08-03,2024-08-14,Completed
10253,337,16,2026-04-24,2026-05-09,Completed
10254,533,22,2024-02-23,,Not Started
10255,1672,31,2026-05-31,2026-06-26,Completed
10256,959,36,2026-02-26,2026-03-11,Completed
10257,198,6,2025-11-05,2025-12-02,Completed
10258,1204,16,2024-05-28,2024-06-21,Completed
10259,778,33,2026-01-02,2026-01-26,Completed
10260,1275,28,2024-06-09,2024-06-14,Completed
10261,1435,11,2024-09-21,2024-10-03,Completed
10262,235,37,2025-01-31,2025-02-27,Completed
10263,142,23,2026-05-25,2026-06-05,Completed
10264,890,13,2024-11-13,2024-12-09,Completed
10265,1559,4,2025-01-04,,Not Started
10266,1813,33,2025-03-14,2025-04-03,Completed
10267,261,21,2025-10-23,2025-10-31,Completed
10268,343,5,2024-09-22,2024-10-18,Completed
10269,1248,37,2024-07-11,2024-08-01,Completed
10270,654,38,2024-11-03,2024-11-22,Completed
10271,1158,5,2024-11-29,2024-12-26,Completed
10272,571,36,2024-11-25,2024-12-05,Completed
10273,1276,17,2024-12-29,2025-01-13,Completed
10274,210,4,2026-05-16,,In Progress
10275,1051,26,2025-09-24,2025-10-13,Completed
10276,414,20,2025-03-14,2025-04-01,Completed
10277,711,31,2024-02-29,2024-03-31,Completed
10278,7,2,2024-05-10,2024-05-25,Completed
10279,460,25,2026-08-13,2026-09-03,Completed
10280,1010,13,2024-08-03,2024-08-30,Completed
10281,1609,8,2024-03-16,2024-04-14,Completed
10282,1048,6,2026-03-22,2026-04-20,Completed
10283,1589,30,2026-02-11,,In Progress
10284,591,21,2025-06-23,2025-07-03,Completed
10285,1267,16,2025-06-16,,Not Started
10286,1151,27,2025-01-05,2025-01-20,Completed
10287,441,1,2026-05-27,2026-06-12,Completed
10288,1412,8,2026-02-12,2026-02-20,Completed
10289,721,2,2024-07-19,2024-08-05,Completed
10290,1618,14,2026-05-20,2026-06-18,Completed
10291,886,39,2026-01-11,2026-01-31,Completed
10292,1658,28,2024-06-04,,Not Started
10293,524,18,2025-01-01,2025-01-15,Completed
10294,851,36,2024-01-18,2024-02-10,Completed
10295,1864,2,2026-03-31,2026-04-08,Completed
10296,333,5,2024-04-15,2024-05-03,Completed
10297,1193,12,2025-01-07,2025-01-17,Completed
10298,1762,33,2025-09-02,2025-09-13,Completed
10299,392,4,2024-12-29,,Dropped
10300,203,8,2024-05-09,,Not Started
10301,839,33,2025-10-04,2025-11-03,Completed
10302,1529,3,2024-10-29,2024-11-14,Completed
10303,1861,18,2024-12-10,2024-12-22,Completed
10304,660,3,2025-09-24,2025-10-21,Completed
10305,1766,17,2025-07-17,2025-07-23,Completed
10306,1569,34,2024-03-21,2024-04-15,Completed
10307,723,31,2024-04-12,2024-05-03,Completed
10308,1100,10,2024-07-19,,Dropped
10309,1447,27,2024-07-13,2024-08-13,Completed
10310,551,16,2025-11-27,2025-12-07,Completed
10311,1469,15,2026-01-23,2026-02-03,Completed
10312,178,1,2026-06-18,,Dropped
10313,911,2,2025-04-10,2025-04-24,Completed
10314,1441,21,2024-12-28,2025-01-10,Completed
10315,282,17,2025-07-26,,In Progress
10316,896,25,2024-06-14,2024-06-19,Completed
10317,1802,5,2024-08-08,2024-08-29,Completed
10318,45,40,2025-08-20,2025-09-11,Completed
10319,1254,30,2025-06-30,2025-07-26,Completed
10320,161,23,2025-01-17,2025-02-13,Completed
10321,1149,16,2025-08-05,,Not Started
10322,1167,22,2025-08-02,2025-08-22,Completed
10323,1948,3,2025-08-06,,Not Started
10324,253,36,2025-10-04,2025-10-23,Completed
10325,1987,33,2025-11-29,2025-12-18,Completed
10326,242,5,2025-11-06,2025-12-10,Completed
10327,1357,1,2024-05-25,2024-06-11,Completed
10328,690,3,2026-05-18,,Dropped
10329,1065,30,2026-07-16,2026-08-06,Completed
10330,432,11,2024-07-26,2024-08-15,Completed
10331,71,3,2026-03-04,,In Progress
10332,1239,15,2025-03-20,2025-04-19,Completed
10333,1818,38,2025-01-12,,In Progress
10334,1707,30,2024-08-05,2024-08-24,Completed
10335,331,37,2024-03-01,2024-03-25,Completed
10336,830,13,2026-05-18,,In Progress
10337,625,27,2024-09-16,,Dropped
10338,424,32,2026-08-15,2026-09-01,Completed
10339,1402,32,2026-02-06,2026-02-12,Completed
10340,697,13,2025-05-22,2025-05-29,Completed
10341,1910,6,2024-02-26,,Not Started
10342,1583,4,2024-12-04,2024-12-11,Completed
10343,1142,38,2025-07-12,,Not Started
10344,1564,11,2025-01-27,2025-02-20,Completed
10345,388,40,2026-06-07,2026-06-16,Completed
10346,524,37,2024-07-11,2024-07-31,Completed
10347,567,31,2024-06-20,,In Progress
10348,346,12,2026-06-09,,Not Started
10349,1123,16,2025-03-10,2025-04-07,Completed
10350,11,30,2026-07-05,2026-07-29,Completed
10351,92,27,2024-02-18,2024-03-18,Completed
10352,1493,29,2025-09-25,2025-10-11,Completed
10353,255,32,2024-11-05,,In Progress
10354,598,1,2026-03-17,2026-04-03,Completed
10355,30,26,2025-12-21,2026-01-04,Completed
10356,982,24,2026-01-02,2026-01-26,Completed
10357,1410,15,2024-08-12,,In Progress
10358,522,2,2024-07-06,2024-07-27,Completed
10359,621,17,2024-11-23,2024-12-20,Completed
10360,449,27,2026-01-27,,Dropped
10361,585,12,2025-09-06,,Not Started
10362,815,1,2024-10-23,2024-10-29,Completed
10363,1100,39,2025-04-09,2025-05-01,Completed
10364,567,4,2025-11-19,2025-12-13,Completed
10365,1433,27,2026-01-19,,In Progress
10366,820,20,2024-12-11,,In Progress
10367,381,17,2026-04-12,,Not Started
10368,886,19,2024-06-30,2024-07-07,Completed
10369,1123,25,2024-04-14,2024-04-28,Completed
10370,1605,40,2025-01-28,2025-02-08,Completed
10371,1810,4,2026-02-24,2026-03-21,Completed
10372,1648,18,2024-06-14,2024-07-12,Completed
10373,1725,18,2025-12-23,2026-01-09,Completed
10374,1381,8,2026-06-06,,Dropped
10375,1702,34,2024-11-21,2024-11-28,Completed
10376,961,12,2024-08-06,2024-08-27,Completed
10377,113,4,2026-05-15,2026-05-27,Completed
10378,490,19,2025-04-30,2025-05-16,Completed
10379,106,11,2025-10-24,2025-11-22,Completed
10380,981,38,2025-07-17,2025-08-12,Completed
10381,754,6,2024-03-29,2024-04-07,Completed
10382,1403,3,2024-08-23,2024-09-02,Completed
10383,16,6,2026-06-08,2026-06-28,Completed
10384,1179,37,2025-03-01,2025-03-27,Completed
10385,515,37,2024-03-09,2024-03-18,Completed
10386,144,38,2024-12-31,2025-01-15,Completed
10387,1031,7,2024-10-24,,Not Started
10388,1538,32,2024-11-04,2024-11-23,Completed
10389,1344,16,2024-03-29,2024-04-08,Completed
10390,37,22,2026-05-03,2026-05-13,Completed
10391,1315,39,2024-11-14,2024-11-19,Completed
10392,506,2,2026-04-20,2026-05-08,Completed
10393,402,35,2025-12-27,2026-01-17,Completed
10394,181,6,2024-11-09,2024-12-09,Completed
10395,401,11,2026-02-03,,Not Started
10396,666,5,2025-06-11,,In Progress
10397,278,6,2026-06-21,2026-07-05,Completed
10398,1702,11,2025-11-06,2025-11-16,Completed
10399,1688,28,2025-04-02,,In Progress
10400,1164,6,2024-09-18,2024-10-09,Completed
10401,728,39,2025-04-12,2025-04-21,Completed
10402,1314,6,2024-06-29,2024-07-26,Completed
10403,1017,1,2025-11-30,2025-12-06,Completed
10404,1956,16,2024-03-31,2024-04-26,Completed
10405,1936,32,2025-10-18,2025-11-01,Completed
10406,84,4,2024-09-24,,Not Started
10407,1031,6,2026-06-23,,Not Started
10408,1823,11,2024-04-19,2024-04-28,Completed
10409,1019,24,2024-07-13,2024-08-05,Completed
10410,236,8,2026-06-05,2026-06-22,Completed
10411,257,14,2025-09-11,2025-09-21,Completed
10412,1682,38,2026-08-14,2026-08-30,Completed
10413,1910,4,2024-03-16,2024-04-03,Completed
10414,1940,38,2025-12-01,2025-12-12,Completed
10415,416,15,2025-03-04,2025-04-02,Completed
10416,986,23,2025-03-19,2025-04-02,Completed
10417,799,18,2026-05-26,,Not Started
10418,792,22,2025-02-22,2025-02-26,Completed
10419,1828,32,2025-12-08,2025-12-21,Completed
10420,272,18,2026-03-04,2026-04-02,Completed
10421,1934,28,2024-05-18,,In Progress
10422,1700,17,2024-06-24,2024-07-12,Completed
10423,1365,35,2024-05-03,2024-05-21,Completed
10424,145,10,2025-09-09,2025-09-18,Completed
10425,1756,21,2024-05-02,2024-05-19,Completed
10426,727,16,2024-05-06,,Not Started
10427,1514,2,2024-08-01,2024-08-27,Completed
10428,1943,11,2025-12-08,2025-12-13,Completed
10429,1678,16,2026-06-20,2026-06-29,Completed
10430,1988,19,2025-08-02,2025-08-18,Completed
10431,147,11,2024-03-27,,In Progress
10432,1159,37,2025-01-26,2025-02-08,Completed
10433,1260,5,2026-06-20,2026-07-25,Completed
10434,691,39,2025-04-07,2025-04-10,Completed
10435,1866,21,2024-12-09,,In Progress
10436,89,16,2024-01-16,2024-02-11,Completed
10437,1800,31,2024-10-19,,In Progress
10438,1958,18,2026-05-07,,In Progress
10439,1967,31,2024-03-13,2024-03-22,Completed
10440,282,18,2024-01-26,,In Progress
10441,1332,4,2024-08-27,,Dropped
10442,1281,33,2025-01-06,2025-01-23,Completed
10443,1439,36,2024-04-09,2024-04-15,Completed
10444,1214,24,2024-02-06,2024-02-15,Completed
10445,404,2,2024-07-28,2024-08-28,Completed
10446,1134,4,2024-08-17,2024-09-11,Completed
10447,1384,13,2024-04-18,2024-05-01,Completed
10448,1284,31,2025-09-26,2025-10-28,Completed
10449,1519,18,2026-03-25,2026-04-19,Completed
10450,938,23,2025-03-25,2025-04-13,Completed
10451,799,40,2025-06-30,,In Progress
10452,504,15,2025-10-12,2025-10-26,Completed
10453,374,3,2026-02-27,2026-04-02,Completed
10454,1737,34,2024-12-02,2024-12-15,Completed
10455,1406,8,2025-06-05,2025-06-25,Completed
10456,555,6,2026-07-08,2026-07-16,Completed
10457,783,20,2024-11-12,2024-12-04,Completed
10458,1303,10,2025-08-02,2025-08-11,Completed
10459,1204,19,2025-03-25,2025-04-03,Completed
10460,1727,22,2024-03-22,2024-03-26,Completed
10461,1555,1,2024-10-05,2024-10-31,Completed
10462,448,22,2024-10-23,,Dropped
10463,1187,28,2024-04-28,,In Progress
10464,155,27,2025-10-10,2025-10-29,Completed
10465,511,37,2024-01-22,2024-01-24,Completed
10466,931,30,2024-10-13,2024-10-30,Completed
10467,109,36,2024-10-16,2024-10-23,Completed
10468,904,3,2026-05-10,2026-06-07,Completed
10469,1144,36,2024-01-07,2024-01-25,Completed
10470,576,39,2025-10-27,2025-11-01,Completed
10471,1631,31,2024-03-29,2024-04-24,Completed
10472,437,40,2025-02-22,,In Progress
10473,560,34,2025-06-16,,In Progress
10474,1571,11,2026-06-03,2026-06-28,Completed
10475,1335,16,2024-05-15,2024-05-22,Completed
10476,402,18,2026-07-10,,In Progress
10477,989,28,2024-10-28,2024-11-09,Completed
10478,975,16,2024-06-11,2024-07-08,Completed
10479,686,23,2024-05-05,2024-05-14,Completed
10480,738,38,2026-03-26,2026-04-13,Completed
10481,717,2,2025-03-17,2025-04-09,Completed
10482,1059,2,2026-03-29,2026-04-15,Completed
10483,1613,31,2026-01-01,2026-01-25,Completed
10484,563,32,2024-04-18,,In Progress
10485,350,27,2025-09-26,2025-10-05,Completed
10486,1590,2,2024-07-01,,In Progress
10487,1329,3,2024-12-12,2025-01-12,Completed
10488,1766,12,2024-05-03,,In Progress
10489,1129,13,2024-03-24,,Dropped
10490,1693,38,2024-04-06,2024-04-09,Completed
10491,270,5,2026-02-02,2026-02-24,Completed
10492,1299,32,2025-02-10,2025-03-04,Completed
10493,1213,1,2026-03-14,2026-03-21,Completed
10494,1102,3,2024-05-23,2024-06-12,Completed
10495,879,7,2024-03-24,2024-04-12,Completed
10496,810,2,2025-04-08,2025-05-03,Completed
10497,1195,5,2025-06-25,,Dropped
10498,1137,21,2026-06-10,2026-07-07,Completed
10499,1406,32,2024-04-01,2024-04-26,Completed
10500,408,34,2025-06-28,2025-07-18,Completed
10501,1372,37,2026-02-04,2026-02-08,Completed
10502,26,25,2026-02-20,,In Progress
10503,524,18,2024-01-02,,Not Started
10504,1137,1,2025-06-13,2025-06-22,Completed
10505,442,3,2024-03-21,2024-04-16,Completed
10506,354,11,2026-06-26,,Dropped
10507,1702,29,2026-01-25,2026-02-08,Completed
10508,1557,10,2025-01-25,2025-02-17,Completed
10509,1284,22,2024-05-30,,In Progress
10510,1153,16,2024-11-03,2024-12-01,Completed
10511,33,30,2026-08-10,2026-08-31,Completed
10512,860,20,2026-01-17,2026-01-29,Completed
10513,567,13,2024-03-03,2024-03-28,Completed
10514,746,3,2024-03-29,2024-04-09,Completed
10515,440,1,2026-03-05,2026-03-23,Completed
10516,145,18,2025-01-31,2025-02-07,Completed
10517,795,27,2025-02-15,2025-03-01,Completed
10518,1751,16,2026-03-26,2026-04-20,Completed
10519,1868,4,2025-10-18,,Not Started
10520,1907,23,2025-05-15,2025-05-29,Completed
10521,1574,20,2026-05-03,,Dropped
10522,1049,3,2025-02-02,2025-03-03,Completed
10523,287,7,2024-10-14,2024-10-29,Completed
10524,115,11,2025-03-26,2025-04-09,Completed
10525,1021,30,2024-06-24,2024-07-08,Completed
10526,1599,22,2026-05-23,2026-06-08,Completed
10527,313,1,2025-08-19,2025-08-25,Completed
10528,1947,26,2024-10-06,2024-10-21,Completed
10529,1950,3,2026-01-23,2026-02-08,Completed
10530,140,37,2024-01-30,2024-02-02,Completed
10531,1432,32,2025-03-09,,Not Started
10532,1080,38,2024-09-05,,In Progress
10533,275,3,2025-07-12,,In Progress
10534,1612,21,2024-08-08,,Dropped
10535,1052,38,2026-01-14,2026-02-09,Completed
10536,1342,2,2026-04-03,2026-04-12,Completed
10537,1596,36,2025-01-09,2025-01-13,Completed
10538,1694,37,2024-06-11,,In Progress
10539,651,15,2024-12-20,2025-01-16,Completed
10540,570,3,2025-03-14,2025-04-05,Completed
10541,860,17,2024-12-09,2025-01-08,Completed
10542,1935,3,2024-03-26,,In Progress
10543,288,1,2025-05-21,2025-06-12,Completed
10544,1411,25,2025-12-10,2025-12-31,Completed
10545,1573,21,2026-02-22,2026-03-10,Completed
10546,1005,24,2026-04-07,2026-04-25,Completed
10547,374,13,2026-06-11,2026-06-28,Completed
10548,943,16,2024-12-23,2025-01-18,Completed
10549,1876,35,2026-06-17,2026-07-04,Completed
10550,1786,33,2026-03-28,2026-04-24,Completed
10551,529,20,2026-05-10,2026-05-17,Completed
10552,1033,16,2026-02-17,2026-03-13,Completed
10553,1058,29,2024-07-14,,In Progress
10554,1678,8,2024-10-13,,Not Started
10555,330,22,2026-06-14,2026-07-03,Completed
10556,1107,14,2024-05-13,,In Progress
10557,254,27,2024-01-04,2024-01-17,Completed
10558,449,37,2025-07-11,2025-07-19,Completed
10559,20,21,2024-10-14,2024-10-24,Completed
10560,1004,38,2026-06-14,2026-07-03,Completed
10561,634,34,2026-07-30,,Dropped
10562,1162,26,2024-01-17,2024-02-01,Completed
10563,87,36,2025-03-19,2025-03-21,Completed
10564,304,34,2025-04-05,2025-04-11,Completed
10565,1378,29,2026-03-31,2026-04-25,Completed
10566,666,23,2024-05-26,2024-06-14,Completed
10567,1507,23,2024-01-08,2024-01-19,Completed
10568,809,23,2024-03-10,,In Progress
10569,1563,22,2024-04-24,2024-05-04,Completed
10570,1574,20,2026-06-21,2026-07-20,Completed
10571,1108,5,2024-05-16,2024-06-10,Completed
10572,163,16,2024-07-17,2024-08-04,Completed
10573,1376,39,2026-06-25,2026-07-19,Completed
10574,938,11,2025-09-04,2025-09-30,Completed
10575,1169,28,2026-08-13,2026-08-23,Completed
10576,1411,14,2024-04-11,2024-04-23,Completed
10577,1449,21,2025-09-20,2025-10-10,Completed
10578,1115,29,2025-11-18,2025-11-27,Completed
10579,1414,4,2024-12-01,,In Progress
10580,1629,17,2026-04-22,2026-05-08,Completed
10581,79,32,2026-04-03,,Not Started
10582,692,38,2024-02-11,2024-02-18,Completed
10583,544,10,2026-04-22,2026-05-15,Completed
10584,1522,39,2026-06-08,,In Progress
10585,1478,40,2025-06-29,2025-07-14,Completed
10586,906,19,2025-08-28,2025-09-01,Completed
10587,208,7,2025-08-10,2025-09-04,Completed
10588,412,20,2024-03-04,2024-03-17,Completed
10589,1717,28,2024-11-01,,Dropped
10590,45,3,2024-10-10,,In Progress
10591,1671,25,2025-07-04,,Dropped
10592,434,21,2026-06-27,,In Progress
10593,1118,26,2026-08-09,2026-08-24,Completed
10594,35,10,2024-06-30,2024-07-23,Completed
10595,896,27,2024-07-19,,In Progress
10596,1722,17,2026-02-09,2026-02-27,Completed
10597,1359,4,2026-07-26,2026-08-02,Completed
10598,1028,26,2024-01-12,2024-01-28,Completed
10599,1591,10,2025-02-10,2025-02-25,Completed
10600,1646,37,2026-02-18,2026-02-22,Completed
10601,2000,30,2024-02-13,,Dropped
10602,1217,11,2025-09-07,2025-09-25,Completed
10603,209,18,2026-04-01,2026-04-11,Completed
10604,118,31,2025-04-28,2025-05-06,Completed
10605,1174,24,2025-12-12,,Dropped
10606,1170,23,2026-08-07,,Not Started
10607,1336,32,2026-04-19,2026-05-20,Completed
10608,1688,38,2024-10-12,2024-10-27,Completed
10609,140,17,2025-09-03,2025-09-11,Completed
10610,190,30,2024-08-08,2024-08-26,Completed
10611,828,29,2024-06-15,2024-07-13,Completed
10612,815,4,2024-02-28,,Not Started
10613,1488,24,2024-02-04,2024-02-09,Completed
10614,710,17,2026-07-26,,Dropped
10615,1995,27,2025-01-17,2025-02-17,Completed
10616,113,31,2024-10-31,2024-11-19,Completed
10617,874,35,2026-05-03,,In Progress
10618,1393,7,2026-07-18,2026-08-08,Completed
10619,1835,4,2025-01-16,2025-02-16,Completed
10620,1812,37,2024-07-10,2024-07-15,Completed
10621,924,11,2025-08-04,2025-08-26,Completed
10622,435,21,2024-01-23,2024-02-09,Completed
10623,60,3,2024-08-20,2024-09-21,Completed
10624,804,27,2024-01-30,,Not Started
10625,1363,17,2024-01-05,2024-01-16,Completed
10626,313,36,2024-10-12,2024-11-02,Completed
10627,396,34,2024-05-24,2024-06-12,Completed
10628,1826,38,2026-07-27,2026-08-13,Completed
10629,975,23,2024-10-04,,Not Started
10630,795,36,2024-11-28,2024-12-05,Completed
10631,568,3,2026-02-19,2026-03-10,Completed
10632,320,16,2025-07-29,2025-08-19,Completed
10633,1492,1,2025-05-13,2025-06-03,Completed
10634,1779,24,2024-10-19,2024-11-04,Completed
10635,1085,12,2026-02-06,2026-02-24,Completed
10636,808,33,2025-01-10,2025-02-08,Completed
10637,1192,5,2024-05-20,2024-06-08,Completed
10638,544,14,2025-11-28,2025-12-22,Completed
10639,1264,26,2025-01-06,2025-01-23,Completed
10640,296,5,2025-06-17,2025-07-05,Completed
10641,669,3,2025-07-17,2025-08-12,Completed
10642,806,7,2025-10-04,2025-10-20,Completed
10643,1147,37,2025-11-12,2025-11-23,Completed
10644,912,38,2026-03-07,2026-03-23,Completed
10645,1350,28,2024-01-19,2024-02-09,Completed
10646,1100,17,2026-03-05,,Not Started
10647,1955,33,2025-05-24,2025-06-18,Completed
10648,1944,16,2024-02-26,,Dropped
10649,1367,20,2026-03-24,2026-04-10,Completed
10650,898,26,2026-03-12,2026-03-23,Completed
10651,1949,1,2025-12-03,2025-12-30,Completed
10652,1681,34,2025-04-26,2025-05-10,Completed
10653,827,5,2026-04-22,2026-05-10,Completed
10654,537,31,2024-12-04,2025-01-04,Completed
10655,829,35,2026-03-01,2026-03-14,Completed
10656,176,4,2024-10-27,,Dropped
10657,1386,35,2025-12-30,2026-01-25,Completed
10658,1262,19,2026-05-11,2026-05-16,Completed
10659,1089,30,2026-01-19,2026-02-11,Completed
10660,875,11,2024-04-20,,Not Started
10661,520,16,2025-02-23,,In Progress
10662,1605,32,2025-05-21,2025-06-20,Completed
10663,1512,12,2024-08-30,2024-09-20,Completed
10664,76,3,2026-07-07,,In Progress
10665,686,14,2026-06-06,2026-06-22,Completed
10666,632,2,2024-05-16,2024-06-05,Completed
10667,1960,37,2024-12-08,2024-12-31,Completed
10668,1916,29,2025-01-04,2025-01-27,Completed
10669,927,39,2026-08-13,2026-08-25,Completed
10670,235,14,2024-09-01,2024-09-10,Completed
10671,326,32,2025-04-19,2025-04-27,Completed
10672,439,25,2025-05-27,2025-06-05,Completed
10673,169,30,2025-09-07,2025-09-15,Completed
10674,1475,31,2025-06-30,2025-07-29,Completed
10675,646,33,2024-12-06,2025-01-03,Completed
10676,996,8,2025-12-04,2025-12-14,Completed
10677,1148,5,2026-06-23,2026-07-11,Completed
10678,261,40,2025-12-24,,Not Started
10679,1126,32,2025-10-11,2025-10-29,Completed
10680,1189,33,2024-09-25,2024-10-09,Completed
10681,734,22,2025-10-18,2025-10-30,Completed
10682,799,23,2026-04-12,,In Progress
10683,423,4,2026-03-11,2026-03-27,Completed
10684,1046,9,2024-12-08,2024-12-28,Completed
10685,220,37,2024-07-13,2024-08-04,Completed
10686,295,8,2024-11-02,2024-11-27,Completed
10687,1076,9,2025-07-31,2025-08-24,Completed
10688,1488,1,2024-03-03,2024-03-09,Completed
10689,1175,10,2025-06-21,2025-06-28,Completed
10690,1672,16,2026-08-02,,Dropped
10691,596,16,2024-12-05,2024-12-26,Completed
10692,1889,21,2025-07-20,2025-07-31,Completed
10693,549,30,2025-02-02,,Dropped
10694,1987,7,2024-05-25,,In Progress
10695,1402,9,2024-05-23,2024-05-29,Completed
10696,1187,38,2025-04-14,2025-04-23,Completed
10697,1404,21,2024-02-15,2024-02-20,Completed
10698,1404,2,2024-05-21,2024-06-22,Completed
10699,152,12,2024-04-08,,Not Started
10700,1322,27,2024-12-28,2025-01-15,Completed
10701,1044,9,2024-11-28,2024-12-06,Completed
10702,1465,15,2024-12-05,2024-12-17,Completed
10703,1001,1,2026-02-23,2026-03-15,Completed
10704,1021,18,2024-03-20,2024-04-17,Completed
10705,95,6,2024-06-11,,Not Started
10706,883,1,2024-09-04,2024-09-24,Completed
10707,1044,30,2024-09-02,2024-09-23,Completed
10708,1957,8,2025-06-28,2025-07-12,Completed
10709,1303,6,2026-03-06,2026-04-08,Completed
10710,428,4,2024-08-25,2024-09-21,Completed
10711,1655,13,2024-09-20,2024-10-18,Completed
10712,891,39,2025-05-07,2025-06-01,Completed
10713,729,21,2025-07-04,2025-07-26,Completed
10714,866,36,2024-10-11,,In Progress
10715,1234,39,2025-03-05,2025-03-11,Completed
10716,556,6,2026-07-22,2026-08-20,Completed
10717,1801,2,2024-12-30,,Not Started
10718,749,38,2025-05-28,2025-06-05,Completed
10719,1507,23,2025-12-06,2025-12-26,Completed
10720,1113,3,2024-04-23,2024-05-27,Completed
10721,1574,11,2024-01-22,2024-02-10,Completed
10722,1850,2,2025-05-25,,In Progress
10723,1441,26,2026-01-06,2026-02-01,Completed
10724,382,34,2024-11-03,2024-11-30,Completed
10725,1676,12,2026-01-23,,In Progress
10726,961,11,2025-09-08,,Not Started
10727,143,3,2026-05-09,2026-06-13,Completed
10728,1546,27,2025-03-01,,In Progress
10729,1708,18,2024-04-29,2024-05-07,Completed
10730,612,4,2026-04-03,2026-04-28,Completed
10731,1486,32,2026-06-26,2026-07-10,Completed
10732,1980,16,2024-10-20,2024-10-30,Completed
10733,1452,3,2024-01-13,,In Progress
10734,30,5,2024-12-20,2025-01-12,Completed
10735,1032,28,2024-05-18,2024-06-13,Completed
10736,384,27,2025-04-29,2025-05-10,Completed
10737,1006,24,2025-09-12,2025-09-26,Completed
10738,378,3,2024-01-07,2024-02-03,Completed
10739,1600,17,2024-06-15,,Not Started
10740,1058,39,2025-07-14,2025-07-23,Completed
10741,891,39,2026-08-14,,In Progress
10742,1591,28,2024-11-10,2024-11-30,Completed
10743,86,14,2025-10-01,,In Progress
10744,1186,28,2024-01-03,,In Progress
10745,1400,24,2025-07-30,,In Progress
10746,1358,24,2024-09-30,2024-10-26,Completed
10747,1457,7,2025-02-27,2025-03-24,Completed
10748,683,32,2024-06-25,2024-07-03,Completed
10749,1766,3,2026-08-14,,Not Started
10750,966,1,2024-02-15,,Not Started
10751,83,20,2024-05-23,2024-05-29,Completed
10752,736,7,2026-02-06,2026-03-02,Completed
10753,1202,7,2026-01-05,2026-02-05,Completed
10754,101,20,2025-06-25,2025-07-13,Completed
10755,785,2,2025-04-02,2025-04-10,Completed
10756,1771,3,2025-04-26,,Dropped
10757,372,8,2025-04-21,,In Progress
10758,1837,21,2026-01-08,2026-01-14,Completed
10759,1853,18,2025-08-04,2025-08-20,Completed
10760,858,11,2026-01-23,2026-02-13,Completed
10761,1290,29,2025-01-08,2025-01-27,Completed
10762,1596,1,2025-04-21,,Not Started
10763,404,3,2024-01-21,2024-02-11,Completed
10764,109,4,2024-11-08,,Dropped
10765,697,1,2026-04-22,,Not Started
10766,409,3,2025-04-19,,In Progress
10767,1949,2,2025-12-08,2025-12-27,Completed
10768,317,34,2024-10-08,,Dropped
10769,1354,39,2025-03-13,2025-03-23,Completed
10770,1594,31,2026-01-31,2026-02-17,Completed
10771,782,20,2025-01-22,2025-02-20,Completed
10772,1302,38,2026-01-19,2026-02-03,Completed
10773,1258,35,2024-05-02,2024-05-30,Completed
10774,1035,10,2024-01-18,2024-01-24,Completed
10775,1714,27,2024-08-04,,In Progress
10776,1973,17,2024-07-14,2024-07-27,Completed
10777,1002,29,2024-01-18,,In Progress
10778,493,19,2024-07-01,2024-07-10,Completed
10779,302,11,2026-01-10,,Not Started
10780,1404,21,2024-08-16,2024-09-01,Completed
10781,1599,31,2024-06-17,2024-06-29,Completed
10782,1784,40,2026-01-07,2026-01-20,Completed
10783,91,3,2024-10-09,2024-11-03,Completed
10784,830,13,2025-07-05,,Not Started
10785,1669,16,2024-02-13,2024-02-18,Completed
10786,74,1,2024-12-25,2025-01-03,Completed
10787,1085,37,2024-06-15,2024-06-25,Completed
10788,1024,23,2024-09-01,2024-09-26,Completed
10789,1955,6,2024-11-04,2024-11-30,Completed
10790,175,10,2024-05-11,2024-06-04,Completed
10791,1316,26,2026-07-29,,Dropped
10792,177,39,2025-12-17,2025-12-30,Completed
10793,1385,20,2025-10-26,2025-11-15,Completed
10794,759,19,2024-12-12,2024-12-19,Completed
10795,1940,27,2024-04-22,2024-05-22,Completed
10796,458,29,2025-07-18,2025-07-30,Completed
10797,1006,2,2026-01-29,2026-02-14,Completed
10798,525,15,2026-08-13,2026-08-18,Completed
10799,216,26,2025-10-08,2025-10-21,Completed
10800,1038,13,2026-07-16,2026-07-25,Completed
10801,1125,38,2024-06-30,2024-07-07,Completed
10802,1948,15,2024-10-13,,Not Started
10803,929,2,2025-04-26,,Dropped
10804,1965,39,2025-04-04,2025-04-21,Completed
10805,1354,1,2024-02-18,2024-03-01,Completed
10806,823,2,2024-10-28,,In Progress
10807,1693,21,2024-03-25,2024-04-15,Completed
10808,478,2,2024-02-08,2024-02-28,Completed
10809,338,25,2025-05-07,2025-05-25,Completed
10810,1740,31,2026-01-14,2026-02-13,Completed
10811,1258,30,2025-03-20,2025-04-05,Completed
10812,238,19,2025-09-23,,In Progress
10813,22,23,2025-01-03,2025-01-11,Completed
10814,174,33,2026-05-30,2026-06-23,Completed
10815,1183,3,2024-03-30,2024-04-24,Completed
10816,642,19,2024-11-07,2024-11-28,Completed
10817,1657,7,2025-08-22,2025-09-05,Completed
10818,406,27,2024-07-21,2024-08-04,Completed
10819,1185,36,2024-05-17,2024-06-06,Completed
10820,836,40,2024-04-06,2024-04-21,Completed
10821,246,26,2024-11-23,2024-12-16,Completed
10822,885,6,2026-07-12,2026-07-28,Completed
10823,1636,22,2025-01-26,,Not Started
10824,1368,27,2024-06-25,2024-07-26,Completed
10825,1695,31,2026-07-01,,In Progress
10826,1361,4,2026-03-03,2026-04-02,Completed
10827,493,2,2024-07-21,,In Progress
10828,717,20,2025-11-10,2025-12-02,Completed
10829,1592,17,2025-02-19,2025-03-03,Completed
10830,521,30,2025-09-23,2025-10-01,Completed
10831,1039,20,2026-05-13,2026-06-04,Completed
10832,1874,21,2026-08-01,2026-08-23,Completed
10833,1708,30,2024-07-09,2024-07-21,Completed
10834,1917,17,2026-04-09,,Dropped
10835,1037,31,2024-10-22,2024-11-17,Completed
10836,1711,27,2026-04-09,2026-05-01,Completed
10837,162,38,2024-04-01,2024-04-18,Completed
10838,177,37,2025-05-17,2025-05-22,Completed
10839,245,1,2024-10-18,2024-10-25,Completed
10840,1975,37,2026-06-11,2026-06-15,Completed
10841,1021,11,2025-04-10,,In Progress
10842,536,3,2025-10-03,2025-10-29,Completed
10843,558,25,2024-01-06,2024-01-12,Completed
10844,58,30,2026-06-16,,In Progress
10845,467,7,2026-05-03,,In Progress
10846,1308,5,2024-04-30,2024-05-29,Completed
10847,1206,1,2026-07-26,2026-08-03,Completed
10848,1489,33,2024-09-10,,In Progress
10849,1579,25,2024-06-14,2024-07-10,Completed
10850,1304,21,2026-01-13,,Dropped
10851,1189,4,2026-02-25,2026-03-07,Completed
10852,546,10,2025-10-22,2025-11-10,Completed
10853,1947,10,2025-01-21,2025-02-19,Completed
10854,1884,29,2026-07-30,2026-08-22,Completed
10855,1175,36,2025-01-17,,Dropped
10856,1302,21,2026-04-28,2026-05-13,Completed
10857,1934,11,2026-02-17,2026-03-09,Completed
10858,1811,2,2025-10-06,,Not Started
10859,214,10,2025-04-17,,In Progress
10860,1409,3,2024-07-08,2024-08-06,Completed
10861,1544,1,2025-06-07,,In Progress
10862,457,38,2026-06-28,2026-07-23,Completed
10863,770,12,2024-05-04,2024-05-28,Completed
10864,1301,32,2025-08-17,2025-08-25,Completed
10865,278,14,2025-02-25,2025-03-19,Completed
10866,243,14,2026-05-16,2026-06-07,Completed
10867,1787,4,2026-01-04,,Not Started
10868,1781,17,2024-01-28,2024-02-18,Completed
10869,1663,24,2025-12-13,,In Progress
10870,728,17,2026-07-15,,In Progress
10871,1898,20,2025-03-10,2025-04-03,Completed
10872,922,17,2024-11-23,2024-12-12,Completed
10873,1005,16,2024-08-07,2024-09-05,Completed
10874,1651,24,2024-01-17,2024-02-05,Completed
10875,652,1,2026-04-14,2026-04-24,Completed
10876,394,25,2024-09-11,,In Progress
10877,482,34,2024-08-17,2024-08-30,Completed
10878,958,31,2025-12-08,2026-01-06,Completed
10879,1473,5,2025-05-25,2025-06-18,Completed
10880,1672,12,2024-02-23,2024-03-21,Completed
10881,1678,21,2025-01-11,2025-01-26,Completed
10882,7,29,2026-02-12,2026-02-20,Completed
10883,1993,17,2026-06-17,,Not Started
10884,278,2,2024-08-11,2024-08-29,Completed
10885,1053,32,2025-11-27,2025-12-08,Completed
10886,1637,24,2025-06-21,,Dropped
10887,337,40,2026-03-05,2026-03-13,Completed
10888,1206,25,2024-12-20,2025-01-18,Completed
10889,1784,33,2025-02-11,2025-02-24,Completed
10890,113,19,2025-07-04,2025-07-29,Completed
10891,66,17,2026-01-19,2026-01-26,Completed
10892,1706,27,2025-09-07,,In Progress
10893,21,16,2024-07-11,2024-08-04,Completed
10894,171,12,2024-10-15,2024-10-31,Completed
10895,602,24,2025-07-30,,In Progress
10896,636,37,2025-04-10,2025-04-29,Completed
10897,1990,36,2025-07-08,,In Progress
10898,1000,3,2025-12-21,2026-01-24,Completed
10899,325,10,2025-06-25,2025-07-19,Completed
10900,773,7,2024-07-25,2024-08-26,Completed
10901,1995,28,2024-02-18,,Not Started
10902,514,3,2026-08-13,2026-09-14,Completed
10903,1597,27,2025-02-05,,Not Started
10904,366,8,2025-06-01,2025-06-12,Completed
10905,1147,26,2024-02-28,2024-03-27,Completed
10906,506,4,2024-04-13,2024-05-01,Completed
10907,869,17,2024-03-05,2024-03-29,Completed
10908,157,19,2024-05-01,2024-05-05,Completed
10909,549,32,2026-01-02,2026-02-02,Completed
10910,1226,4,2026-06-30,2026-07-31,Completed
10911,161,37,2026-06-06,2026-06-29,Completed
10912,46,4,2024-03-21,2024-04-13,Completed
10913,1194,25,2024-02-03,2024-02-14,Completed
10914,1882,11,2024-04-21,,Dropped
10915,1299,3,2024-08-31,2024-09-25,Completed
10916,1842,28,2026-07-22,2026-08-09,Completed
10917,1711,38,2025-01-07,2025-01-11,Completed
10918,1652,40,2024-09-10,,Dropped
10919,1913,40,2025-01-07,2025-01-23,Completed
10920,1626,40,2024-11-04,,In Progress
10921,179,12,2025-02-24,2025-03-03,Completed
10922,1414,6,2024-07-23,2024-08-13,Completed
10923,1465,11,2025-02-13,2025-02-19,Completed
10924,915,38,2024-09-25,2024-10-02,Completed
10925,1842,32,2026-05-17,2026-05-25,Completed
10926,1161,3,2025-01-09,2025-01-27,Completed
10927,945,1,2025-02-06,2025-03-03,Completed
10928,875,34,2025-10-02,,In Progress
10929,983,18,2025-10-02,2025-10-12,Completed
10930,543,2,2026-03-26,2026-04-11,Completed
10931,1942,35,2025-07-14,,Not Started
10932,563,31,2024-03-07,2024-03-25,Completed
10933,443,12,2024-01-26,2024-02-23,Completed
10934,544,6,2024-12-25,,In Progress
10935,156,34,2024-10-10,2024-10-27,Completed
10936,1922,6,2024-06-06,2024-06-22,Completed
10937,1305,29,2025-01-07,2025-01-19,Completed
10938,297,37,2024-03-28,2024-04-08,Completed
10939,1267,25,2024-04-16,,Dropped
10940,880,31,2026-07-14,,In Progress
10941,1542,7,2025-06-12,2025-07-04,Completed
10942,1457,1,2025-09-16,2025-10-10,Completed
10943,1641,4,2024-01-18,2024-02-12,Completed
10944,195,40,2026-05-29,2026-06-19,Completed
10945,1385,29,2024-06-04,2024-07-05,Completed
10946,801,3,2025-08-19,,Not Started
10947,275,36,2025-03-14,2025-04-08,Completed
10948,1609,3,2025-12-12,,Dropped
10949,1245,5,2024-10-27,,Not Started
10950,1523,3,2025-06-07,,In Progress
10951,1864,31,2024-01-03,,Dropped
10952,876,5,2024-09-01,,In Progress
10953,231,19,2026-07-22,,Not Started
10954,1343,24,2024-10-01,2024-10-19,Completed
10955,1012,22,2025-05-20,2025-05-27,Completed
10956,1397,28,2025-03-23,2025-04-16,Completed
10957,1659,3,2025-04-28,2025-05-12,Completed
10958,486,7,2025-12-21,2025-12-31,Completed
10959,510,29,2025-01-05,2025-01-22,Completed
10960,507,12,2024-06-20,2024-07-14,Completed
10961,1758,17,2024-05-20,2024-06-05,Completed
10962,1430,33,2024-01-23,,In Progress
10963,1472,38,2026-07-21,2026-08-10,Completed
10964,520,3,2026-03-23,2026-04-17,Completed
10965,185,30,2025-03-15,2025-04-08,Completed
10966,1365,23,2024-06-26,2024-07-21,Completed
10967,264,10,2025-01-30,2025-02-08,Completed
10968,820,6,2024-05-13,2024-05-21,Completed
10969,435,20,2026-05-23,2026-06-17,Completed
10970,1775,27,2026-07-01,2026-07-27,Completed
10971,900,36,2024-05-24,,Not Started
10972,333,6,2024-05-22,,Not Started
10973,517,4,2025-03-19,2025-04-11,Completed
10974,1485,6,2025-06-08,,In Progress
10975,325,12,2024-04-16,2024-04-27,Completed
10976,1913,20,2025-05-11,,Not Started
10977,1109,9,2024-12-21,2025-01-03,Completed
10978,529,17,2025-12-14,2026-01-01,Completed
10979,640,6,2024-10-02,2024-10-21,Completed
10980,939,22,2025-11-14,,In Progress
10981,792,27,2024-07-05,,In Progress
10982,445,5,2024-09-09,2024-09-29,Completed
10983,613,34,2025-11-09,2025-11-21,Completed
10984,569,28,2024-05-01,2024-05-24,Completed
10985,756,11,2024-01-06,,In Progress
10986,1336,27,2025-04-05,2025-05-06,Completed
10987,541,18,2026-01-04,2026-01-11,Completed
10988,1524,11,2025-04-06,2025-04-24,Completed
10989,868,5,2026-03-21,2026-04-05,Completed
10990,1446,16,2024-06-26,2024-07-09,Completed
10991,400,26,2025-04-04,2025-04-13,Completed
10992,531,23,2024-10-19,2024-11-08,Completed
10993,338,9,2024-09-13,2024-09-22,Completed
10994,880,3,2024-06-25,,Not Started
10995,1785,30,2025-11-25,2025-12-12,Completed
10996,1540,16,2024-05-16,,In Progress
10997,1762,40,2026-05-25,2026-06-02,Completed
10998,44,28,2025-10-18,2025-10-23,Completed
10999,1217,19,2026-07-08,2026-07-13,Completed
11000,1189,33,2024-12-30,2025-01-09,Completed
11001,9,25,2026-03-31,2026-04-29,Completed
11002,296,6,2024-12-19,2025-01-11,Completed
11003,1157,2,2024-02-20,,In Progress
11004,1004,36,2025-08-17,2025-09-06,Completed
11005,24,5,2024-03-29,2024-05-05,Completed
11006,1378,37,2024-06-22,2024-07-11,Completed
11007,1894,32,2026-05-14,2026-06-03,Completed
11008,1172,39,2025-08-07,,In Progress
11009,1844,20,2024-12-06,,In Progress
11010,1416,33,2025-11-14,2025-11-27,Completed
11011,346,16,2024-02-04,2024-02-13,Completed
11012,614,2,2024-01-05,,Dropped
11013,959,18,2024-02-02,2024-02-21,Completed
11014,1582,20,2025-05-17,2025-06-02,Completed
11015,101,37,2025-07-09,2025-07-20,Completed
11016,781,1,2025-06-06,,Dropped
11017,1152,32,2025-01-13,,In Progress
11018,332,39,2024-02-21,2024-02-26,Completed
11019,1938,13,2026-03-10,2026-04-05,Completed
11020,1762,19,2026-07-27,2026-08-01,Completed
11021,45,39,2025-08-20,2025-09-05,Completed
11022,1980,27,2025-08-14,2025-08-23,Completed
11023,211,31,2024-04-22,2024-05-18,Completed
11024,1840,2,2025-02-19,2025-03-15,Completed
11025,1476,18,2025-04-27,2025-05-12,Completed
11026,1257,26,2025-11-09,,In Progress
11027,1546,3,2024-11-19,2024-12-12,Completed
11028,1037,9,2025-12-07,2026-01-05,Completed
11029,470,27,2025-07-31,,Not Started
11030,1409,17,2026-08-01,2026-08-26,Completed
11031,1005,2,2024-11-15,,Not Started
11032,1346,35,2026-04-08,,In Progress
11033,1684,21,2026-02-19,,Dropped
11034,1379,24,2026-06-27,2026-07-12,Completed
11035,1645,18,2026-03-17,2026-04-04,Completed
11036,1376,36,2025-05-23,2025-06-08,Completed
11037,181,23,2024-03-26,,In Progress
11038,1444,30,2024-02-18,2024-03-02,Completed
11039,449,15,2024-08-16,,Dropped
11040,1279,4,2025-10-02,,Not Started
11041,368,6,2024-01-12,,Not Started
11042,1543,24,2025-01-16,2025-02-13,Completed
11043,1907,21,2025-03-20,2025-03-26,Completed
11044,1349,25,2025-11-13,2025-12-02,Completed
11045,116,14,2024-03-06,2024-03-14,Completed
11046,1758,37,2024-04-28,2024-05-22,Completed
11047,1069,30,2025-09-27,,In Progress
11048,1254,8,2025-12-27,,Dropped
11049,1278,4,2025-12-28,2026-01-24,Completed
11050,1190,12,2025-05-02,2025-05-21,Completed
11051,1340,15,2024-11-08,2024-11-21,Completed
11052,457,3,2026-03-18,2026-04-05,Completed
11053,48,40,2026-02-01,2026-02-06,Completed
11054,1161,21,2026-06-30,2026-07-06,Completed
11055,10,37,2024-09-10,2024-09-17,Completed
11056,561,34,2024-08-28,2024-09-13,Completed
11057,1584,8,2026-07-30,2026-08-28,Completed
11058,644,2,2025-06-10,2025-07-09,Completed
11059,1027,3,2025-08-16,2025-09-15,Completed
11060,1360,11,2024-11-29,2024-12-18,Completed
11061,1225,3,2024-10-18,,Dropped
11062,821,22,2026-07-13,,In Progress
11063,1828,25,2024-08-06,2024-08-30,Completed
11064,1462,8,2025-08-31,2025-09-15,Completed
11065,1264,9,2025-06-21,2025-06-28,Completed
11066,69,39,2025-03-02,2025-03-16,Completed
11067,1256,21,2025-09-09,2025-09-18,Completed
11068,386,38,2026-07-05,2026-07-19,Completed
11069,964,22,2026-02-15,2026-03-16,Completed
11070,789,10,2026-02-19,,Dropped
11071,1434,7,2024-02-19,2024-02-26,Completed
11072,690,21,2025-08-11,2025-09-03,Completed
11073,1939,16,2024-01-22,2024-01-27,Completed
11074,770,17,2024-02-28,2024-03-18,Completed
11075,1278,14,2024-04-10,2024-05-09,Completed
11076,668,23,2026-04-29,,In Progress
11077,1107,14,2024-08-08,,In Progress
11078,593,22,2024-12-28,2025-01-23,Completed
11079,1092,6,2024-07-11,2024-07-30,Completed
11080,1778,34,2025-03-21,2025-04-17,Completed
11081,681,8,2025-08-01,,Not Started
11082,524,37,2025-06-06,2025-06-12,Completed
11083,1575,40,2025-06-13,2025-07-09,Completed
11084,255,1,2025-10-04,,Not Started
11085,1291,29,2026-06-13,2026-07-11,Completed
11086,1285,26,2024-06-29,2024-07-24,Completed
11087,951,2,2026-04-15,2026-05-08,Completed
11088,1286,31,2024-05-03,2024-05-24,Completed
11089,264,8,2026-01-05,2026-01-21,Completed
11090,1880,20,2024-04-26,2024-05-24,Completed
11091,1468,34,2025-10-27,2025-11-24,Completed
11092,901,17,2024-04-10,,Dropped
11093,1744,3,2024-01-31,2024-02-26,Completed
11094,1761,8,2024-05-09,2024-05-29,Completed
11095,891,31,2026-03-26,,Not Started
11096,126,8,2025-11-05,,Not Started
11097,1648,40,2025-09-14,2025-09-30,Completed
11098,647,19,2024-07-07,2024-07-20,Completed
11099,1792,12,2024-11-04,,In Progress
11100,903,21,2026-03-28,2026-04-19,Completed
11101,801,2,2025-08-10,,Dropped
11102,1261,1,2026-05-15,2026-06-11,Completed
11103,1442,8,2025-12-10,,Dropped
11104,1960,1,2024-11-06,,Not Started
11105,616,11,2025-08-08,2025-09-02,Completed
11106,1523,38,2024-05-28,,In Progress
11107,863,12,2025-07-18,,Dropped
11108,1260,17,2026-03-05,,Not Started
11109,1517,6,2025-08-19,,Not Started
11110,1626,37,2024-02-19,2024-03-04,Completed
11111,800,29,2025-05-12,2025-05-22,Completed
11112,1735,8,2024-10-31,2024-11-13,Completed
11113,213,34,2026-02-23,2026-03-18,Completed
11114,1216,18,2025-02-18,,Not Started
11115,711,31,2024-03-08,2024-03-20,Completed
11116,569,13,2024-02-29,,In Progress
11117,897,21,2025-03-22,2025-03-26,Completed
11118,1384,32,2025-03-07,,In Progress
11119,100,36,2025-08-05,2025-08-11,Completed
11120,942,3,2026-03-06,2026-03-21,Completed
11121,423,35,2025-09-13,2025-09-30,Completed
11122,370,37,2024-01-02,2024-01-24,Completed
11123,1963,17,2026-05-29,2026-06-13,Completed
11124,1035,2,2026-07-07,2026-08-09,Completed
11125,1987,16,2024-07-13,2024-08-11,Completed
11126,533,38,2026-04-24,2026-04-26,Completed
11127,169,26,2026-05-11,2026-05-23,Completed
11128,415,25,2026-05-18,2026-06-12,Completed
11129,1858,2,2024-06-19,2024-07-18,Completed
11130,457,2,2026-04-29,,Not Started
11131,1481,15,2026-01-21,2026-02-19,Completed
11132,929,3,2026-08-04,,In Progress
11133,1472,32,2024-08-13,2024-09-12,Completed
11134,159,12,2024-10-29,2024-11-12,Completed
11135,664,35,2024-06-30,,Not Started
11136,1922,29,2026-06-21,2026-07-03,Completed
11137,1406,3,2025-06-05,2025-06-22,Completed
11138,487,14,2025-07-30,2025-08-14,Completed
11139,308,33,2026-06-10,,Not Started
11140,850,8,2025-06-17,2025-06-25,Completed
11141,775,14,2025-10-27,2025-11-22,Completed
11142,97,6,2024-05-15,2024-06-05,Completed
11143,1553,40,2025-12-31,,In Progress
11144,95,18,2024-04-07,2024-04-13,Completed
11145,1704,27,2026-07-08,,Dropped
11146,685,12,2024-09-26,,Not Started
11147,1687,26,2026-07-08,2026-08-08,Completed
11148,1544,13,2024-07-01,2024-07-24,Completed
11149,391,39,2025-12-10,2025-12-12,Completed
11150,1751,25,2025-04-25,2025-05-02,Completed
11151,1215,37,2024-09-29,,Not Started
11152,1453,12,2025-01-09,,Dropped
11153,1834,16,2025-02-01,,Not Started
11154,1547,28,2024-06-03,2024-06-21,Completed
11155,925,34,2024-04-14,2024-05-12,Completed
11156,280,2,2024-11-08,,Not Started
11157,1414,39,2025-12-09,2025-12-31,Completed
11158,1983,17,2025-01-24,2025-02-23,Completed
11159,1268,28,2024-06-25,2024-06-30,Completed
11160,97,38,2024-07-08,2024-07-15,Completed
11161,265,7,2025-04-05,2025-04-24,Completed
11162,638,7,2024-08-10,2024-08-23,Completed
11163,1508,32,2025-12-11,2025-12-19,Completed
11164,1662,23,2025-09-27,2025-10-25,Completed
11165,328,37,2024-03-08,2024-03-14,Completed
11166,1964,40,2024-06-14,2024-06-17,Completed
11167,1718,32,2025-09-22,,Not Started
11168,1185,6,2024-02-26,2024-03-20,Completed
11169,879,24,2024-05-08,2024-06-04,Completed
11170,1431,32,2026-01-15,,In Progress
11171,1022,37,2026-05-04,2026-05-13,Completed
11172,154,2,2024-02-11,2024-02-22,Completed
11173,64,39,2026-02-23,2026-02-26,Completed
11174,99,33,2024-07-09,2024-07-17,Completed
11175,638,22,2026-04-27,2026-05-14,Completed
11176,1096,33,2025-12-28,2026-01-04,Completed
11177,411,21,2025-09-03,2025-09-21,Completed
11178,1405,24,2024-05-18,2024-06-14,Completed
11179,1596,20,2026-04-25,2026-05-05,Completed
11180,1512,23,2024-06-19,2024-06-30,Completed
11181,372,11,2025-06-25,2025-06-30,Completed
11182,1008,31,2025-02-23,2025-03-26,Completed
11183,1456,16,2025-04-18,2025-05-04,Completed
11184,645,11,2025-08-08,2025-09-01,Completed
11185,1956,4,2025-08-03,2025-08-22,Completed
11186,484,31,2024-06-19,,Dropped
11187,1580,10,2025-12-01,2025-12-21,Completed
11188,536,22,2025-11-27,,Not Started
11189,1776,2,2024-03-19,2024-04-19,Completed
11190,1044,8,2026-04-05,2026-05-02,Completed
11191,1943,3,2024-06-10,2024-06-26,Completed
11192,1317,28,2025-11-26,2025-12-19,Completed
11193,1635,10,2025-04-09,,In Progress
11194,1368,32,2025-07-02,2025-07-19,Completed
11195,1609,26,2026-03-07,2026-04-05,Completed
11196,636,10,2024-12-02,2024-12-16,Completed
11197,363,3,2025-01-11,2025-02-09,Completed
11198,1522,22,2024-09-19,2024-10-15,Completed
11199,114,18,2024-08-12,2024-09-03,Completed
11200,175,9,2026-07-14,2026-08-02,Completed
11201,826,32,2025-11-10,2025-12-10,Completed
11202,271,6,2025-09-07,2025-09-23,Completed
11203,752,29,2025-10-14,,Not Started
11204,1836,11,2025-08-07,,In Progress
11205,1713,6,2024-06-25,,In Progress
11206,22,33,2026-03-24,2026-04-20,Completed
11207,1763,26,2024-03-02,,Not Started
11208,1972,26,2025-07-29,2025-08-23,Completed
11209,1254,28,2024-09-18,2024-10-05,Completed
11210,330,2,2025-05-05,2025-05-19,Completed
11211,1154,3,2025-09-05,2025-10-06,Completed
11212,1604,25,2024-07-13,2024-07-23,Completed
11213,1059,38,2025-07-31,,In Progress
11214,1045,34,2024-08-03,,Dropped
11215,1482,11,2025-03-29,2025-04-19,Completed
11216,622,20,2024-11-25,2024-12-11,Completed
11217,76,15,2024-05-01,2024-05-27,Completed
11218,178,8,2024-05-16,2024-06-07,Completed
11219,684,15,2025-10-11,2025-10-18,Completed
11220,962,38,2025-12-24,,In Progress
11221,1897,4,2025-04-18,,Dropped
11222,363,11,2026-04-17,2026-04-25,Completed
11223,1963,37,2024-10-02,,Dropped
11224,839,36,2024-12-25,2025-01-04,Completed
11225,1214,23,2024-12-17,2024-12-23,Completed
11226,143,10,2025-01-29,,In Progress
11227,500,21,2024-11-25,2024-12-08,Completed
11228,1638,1,2024-05-08,2024-05-18,Completed
11229,151,37,2025-12-04,,In Progress
11230,1326,39,2024-10-31,2024-11-08,Completed
11231,162,3,2024-02-24,,Not Started
11232,1795,23,2024-02-27,2024-03-19,Completed
11233,1265,28,2024-01-25,,Not Started
11234,1437,4,2026-08-02,2026-08-30,Completed
11235,82,5,2026-08-02,2026-08-16,Completed
11236,1658,19,2025-02-21,,Dropped
11237,1213,17,2026-04-19,,In Progress
11238,1675,26,2026-06-10,2026-07-08,Completed
11239,1122,4,2024-06-17,2024-07-06,Completed
11240,919,10,2025-12-01,,Not Started
11241,1365,1,2025-11-10,2025-11-23,Completed
11242,672,27,2024-10-27,2024-11-15,Completed
11243,380,13,2026-04-29,2026-05-23,Completed
11244,38,29,2024-05-24,2024-06-10,Completed
11245,681,37,2024-02-23,2024-03-06,Completed
11246,455,8,2024-07-22,2024-08-05,Completed
11247,797,16,2024-08-15,2024-09-01,Completed
11248,974,24,2026-07-26,2026-08-09,Completed
11249,47,6,2024-03-29,2024-04-11,Completed
11250,376,3,2025-09-26,,In Progress
11251,1864,32,2026-02-11,2026-02-22,Completed
11252,39,36,2024-12-21,2024-12-30,Completed
11253,334,3,2026-04-09,,Not Started
11254,1508,29,2026-07-17,,In Progress
11255,1817,21,2024-11-28,,Dropped
11256,721,11,2024-06-06,2024-06-30,Completed
11257,584,32,2024-01-15,2024-02-06,Completed
11258,1672,6,2025-02-05,2025-02-18,Completed
11259,305,40,2025-05-29,2025-06-19,Completed
11260,1181,6,2025-08-16,2025-09-16,Completed
11261,1693,20,2025-07-26,,In Progress
11262,1458,16,2025-02-01,2025-02-21,Completed
11263,30,3,2025-02-13,2025-03-05,Completed
11264,1927,31,2026-06-27,,In Progress
11265,1086,12,2024-11-15,,In Progress
11266,66,11,2025-11-07,2025-11-25,Completed
11267,212,38,2026-06-07,,Not Started
11268,196,16,2026-03-17,,Not Started
11269,479,25,2024-01-19,2024-01-29,Completed
11270,1018,37,2025-12-23,2025-12-25,Completed
11271,93,36,2025-11-05,,Dropped
11272,1306,35,2024-02-24,2024-03-20,Completed
11273,602,32,2024-01-05,,Dropped
11274,907,22,2024-08-20,2024-09-07,Completed
11275,971,29,2025-06-08,,Dropped
11276,97,38,2025-06-04,2025-06-09,Completed
11277,1922,12,2025-09-03,2025-09-21,Completed
11278,1771,8,2026-06-22,,In Progress
11279,1139,30,2025-06-19,2025-06-27,Completed
11280,632,3,2024-11-10,2024-11-23,Completed
11281,534,1,2025-06-08,,Dropped
11282,1859,31,2025-04-19,2025-05-15,Completed
11283,1556,12,2026-03-15,2026-04-13,Completed
11284,1928,15,2025-08-25,,In Progress
11285,275,22,2026-08-15,2026-09-02,Completed
11286,1295,31,2024-02-04,2024-02-24,Completed
11287,1136,20,2025-11-21,2025-12-18,Completed
11288,979,35,2025-12-07,2025-12-13,Completed
11289,1599,24,2026-08-10,2026-08-30,Completed
11290,1587,25,2024-04-12,2024-04-27,Completed
11291,1341,40,2025-08-13,2025-09-01,Completed
11292,619,4,2026-06-19,,Not Started
11293,779,18,2026-05-11,2026-05-18,Completed
11294,888,12,2026-03-08,2026-03-28,Completed
11295,1506,14,2025-03-27,2025-04-13,Completed
11296,422,27,2024-04-13,2024-04-26,Completed
11297,814,2,2025-12-23,2026-01-12,Completed
11298,1649,20,2025-08-24,,In Progress
11299,1800,4,2024-03-13,,Dropped
11300,241,16,2025-05-20,2025-06-10,Completed
11301,336,11,2025-10-15,2025-11-12,Completed
11302,1515,6,2024-11-28,2024-12-09,Completed
11303,1745,2,2024-06-18,2024-07-21,Completed
11304,1915,21,2024-07-26,2024-08-23,Completed
11305,549,22,2026-03-02,2026-03-08,Completed
11306,110,2,2026-01-29,2026-03-03,Completed
11307,168,25,2026-04-11,2026-04-24,Completed
11308,1435,21,2024-11-16,2024-12-07,Completed
11309,894,3,2025-08-25,,Dropped
11310,562,36,2024-07-12,,In Progress
11311,116,5,2024-03-10,2024-04-01,Completed
11312,1646,27,2024-06-06,2024-07-06,Completed
11313,979,30,2025-06-05,,Not Started
11314,1535,19,2025-08-21,2025-09-10,Completed
11315,1319,32,2025-04-04,2025-04-16,Completed
11316,840,27,2024-06-16,2024-06-27,Completed
11317,1387,11,2025-04-17,2025-04-27,Completed
11318,791,24,2024-04-20,2024-05-20,Completed
11319,1355,10,2025-02-19,2025-03-17,Completed
11320,270,38,2024-01-02,2024-01-26,Completed
11321,357,22,2024-06-01,2024-06-29,Completed
11322,1585,7,2024-04-28,,In Progress
11323,1072,25,2024-01-27,2024-02-14,Completed
11324,1930,27,2024-08-01,,In Progress
11325,620,30,2024-10-10,2024-11-04,Completed
11326,901,38,2026-06-14,,Dropped
11327,1125,5,2026-07-04,2026-08-07,Completed
11328,412,39,2026-01-06,,Not Started
11329,798,27,2025-09-01,2025-09-11,Completed
11330,1141,10,2024-01-02,,Not Started
11331,315,17,2024-07-23,2024-08-01,Completed
11332,1350,14,2026-07-18,2026-07-30,Completed
11333,1266,37,2024-04-21,2024-05-14,Completed
11334,1806,10,2025-04-13,2025-04-27,Completed
11335,587,17,2024-03-24,2024-04-13,Completed
11336,1297,23,2025-02-14,,Dropped
11337,37,34,2025-03-17,2025-04-08,Completed
11338,1578,32,2024-05-12,2024-06-03,Completed
11339,301,1,2025-11-30,2025-12-27,Completed
11340,1304,5,2025-04-28,2025-05-23,Completed
11341,1307,18,2026-03-22,2026-04-15,Completed
11342,550,16,2025-10-08,2025-10-12,Completed
11343,1249,4,2024-07-04,,Not Started
11344,248,3,2025-07-14,2025-08-12,Completed
11345,43,6,2024-11-23,,In Progress
11346,1678,6,2026-07-15,2026-07-27,Completed
11347,467,5,2024-05-27,2024-06-16,Completed
11348,284,9,2026-07-09,,In Progress
11349,803,35,2025-06-12,2025-07-04,Completed
11350,1914,25,2024-03-24,2024-04-15,Completed
11351,1197,25,2024-10-04,2024-10-30,Completed
11352,342,40,2024-06-17,2024-06-26,Completed
11353,260,5,2026-01-14,2026-02-19,Completed
11354,1757,40,2024-05-02,2024-05-23,Completed
11355,911,2,2025-06-04,2025-07-06,Completed
11356,1043,15,2024-05-30,,Not Started
11357,1858,3,2025-10-20,2025-11-23,Completed
11358,1419,11,2025-11-28,,Dropped
11359,166,31,2024-12-19,2025-01-05,Completed
11360,528,17,2024-06-07,2024-07-04,Completed
11361,106,36,2025-06-12,,Dropped
11362,1881,26,2025-09-25,,Not Started
11363,1643,8,2024-09-17,2024-09-28,Completed
11364,1347,12,2025-11-30,,Dropped
11365,411,1,2025-05-18,2025-06-18,Completed
11366,747,25,2025-06-21,2025-07-10,Completed
11367,1720,9,2024-08-15,2024-08-21,Completed
11368,1540,37,2024-02-23,2024-02-25,Completed
11369,1702,25,2025-07-17,2025-08-11,Completed
11370,1948,17,2024-09-06,,Not Started
11371,1530,26,2025-05-09,,In Progress
11372,1955,19,2025-08-18,2025-09-06,Completed
11373,1956,3,2026-01-21,,Dropped
11374,650,18,2024-08-27,2024-09-10,Completed
11375,456,19,2025-05-25,,In Progress
11376,1208,39,2024-07-07,2024-08-01,Completed
11377,1906,40,2025-08-29,,Dropped
11378,597,31,2024-02-27,2024-03-25,Completed
11379,1498,10,2026-05-01,2026-05-31,Completed
11380,215,39,2024-06-21,2024-07-16,Completed
11381,1815,20,2024-06-06,,In Progress
11382,1847,2,2025-09-12,2025-09-24,Completed
11383,574,21,2026-06-19,2026-07-11,Completed
11384,724,4,2024-09-25,2024-10-25,Completed
11385,931,11,2024-04-28,,Dropped
11386,1468,8,2025-04-02,2025-04-10,Completed
11387,975,35,2025-12-10,,In Progress
11388,47,2,2025-04-01,2025-04-19,Completed
11389,682,27,2025-04-10,2025-04-25,Completed
11390,983,8,2024-04-24,2024-05-13,Completed
11391,929,28,2026-06-06,2026-07-03,Completed
11392,1239,32,2026-03-20,2026-03-27,Completed
11393,1609,28,2024-05-07,2024-05-27,Completed
11394,1286,18,2026-07-06,,Dropped
11395,1458,19,2024-08-28,2024-09-06,Completed
11396,587,40,2025-08-12,,Dropped
11397,449,26,2026-01-17,2026-01-23,Completed
11398,1148,6,2024-11-05,2024-11-30,Completed
11399,983,32,2024-05-03,,In Progress
11400,1448,11,2025-12-02,2026-01-01,Completed
11401,402,23,2024-07-17,2024-07-29,Completed
11402,1044,38,2024-01-11,2024-01-24,Completed
11403,552,6,2026-04-26,,Not Started
11404,904,29,2024-04-21,2024-05-19,Completed
11405,1170,13,2025-12-12,2026-01-11,Completed
11406,555,21,2025-06-11,2025-07-07,Completed
11407,1118,3,2025-09-23,2025-10-25,Completed
11408,748,21,2025-08-02,2025-08-09,Completed
11409,1422,5,2025-08-20,2025-09-16,Completed
11410,1076,1,2025-08-27,2025-09-18,Completed
11411,482,36,2025-12-18,2026-01-06,Completed
11412,812,6,2025-08-14,2025-08-23,Completed
11413,860,5,2024-10-10,,Not Started
11414,1701,17,2025-02-28,,Dropped
11415,1860,2,2024-08-15,2024-09-04,Completed
11416,1186,2,2025-08-08,,In Progress
11417,1117,15,2024-02-10,2024-02-27,Completed
11418,1431,23,2025-07-04,,In Progress
11419,1735,36,2024-09-19,2024-09-29,Completed
11420,1202,2,2025-07-12,2025-07-21,Completed
11421,217,12,2025-11-15,2025-12-16,Completed
11422,1991,5,2024-12-08,,Dropped
11423,469,1,2024-04-14,,Not Started
11424,1530,2,2025-05-21,2025-06-14,Completed
11425,618,5,2024-08-17,2024-09-03,Completed
11426,1313,29,2026-08-07,,Not Started
11427,1644,5,2025-12-08,,Dropped
11428,763,4,2025-12-04,2025-12-15,Completed
11429,998,31,2026-01-17,,Not Started
11430,1825,26,2024-09-04,2024-09-13,Completed
11431,1436,8,2024-10-21,2024-11-08,Completed
11432,786,39,2024-08-27,2024-09-11,Completed
11433,947,17,2025-01-09,,In Progress
11434,900,4,2025-03-27,2025-04-22,Completed
11435,1172,19,2024-10-08,2024-10-23,Completed
11436,387,27,2024-11-04,,Not Started
11437,1882,29,2025-10-15,,Dropped
11438,587,37,2026-02-08,2026-02-22,Completed
11439,1623,20,2024-09-22,2024-10-14,Completed
11440,1955,16,2025-10-02,2025-10-21,Completed
11441,193,16,2024-10-24,,In Progress
11442,821,32,2025-09-20,2025-09-28,Completed
11443,1564,19,2026-02-08,2026-03-08,Completed
11444,40,11,2026-02-13,,In Progress
11445,5,37,2025-07-10,,Dropped
11446,175,31,2024-01-24,2024-02-23,Completed
11447,965,21,2026-06-17,2026-07-06,Completed
11448,1704,40,2026-01-20,2026-02-07,Completed
11449,1310,8,2025-08-23,2025-09-19,Completed
11450,1526,2,2026-07-22,2026-08-09,Completed
11451,116,29,2024-03-31,2024-04-13,Completed
11452,1280,26,2024-06-13,2024-06-27,Completed
11453,1329,10,2025-01-13,2025-02-10,Completed
11454,717,28,2024-10-17,,In Progress
11455,1869,18,2024-06-13,2024-07-02,Completed
11456,1453,23,2024-06-27,2024-07-27,Completed
11457,897,33,2026-01-16,2026-01-25,Completed
11458,934,11,2025-02-21,,Not Started
11459,1143,15,2025-08-05,,In Progress
11460,1528,8,2026-06-07,2026-07-07,Completed
11461,770,3,2025-04-28,2025-05-25,Completed
11462,1779,5,2025-04-08,2025-05-07,Completed
11463,269,11,2026-01-07,2026-01-18,Completed
11464,1868,1,2025-05-19,2025-06-18,Completed
11465,1012,21,2025-09-06,2025-09-25,Completed
11466,158,5,2024-03-25,,Not Started
11467,1840,16,2024-11-19,,In Progress
11468,1975,28,2025-07-22,2025-08-09,Completed
11469,980,2,2024-06-26,,Not Started
11470,797,5,2025-12-27,2026-01-31,Completed
11471,210,23,2024-07-15,2024-07-24,Completed
11472,1633,39,2025-06-03,,Dropped
11473,596,7,2025-11-19,2025-12-13,Completed
11474,377,36,2025-05-27,2025-06-21,Completed
11475,1833,3,2024-06-20,2024-07-22,Completed
11476,272,2,2024-09-28,2024-10-07,Completed
11477,1153,40,2025-07-07,2025-08-03,Completed
11478,1331,3,2024-10-25,2024-11-23,Completed
11479,814,25,2025-03-17,,Dropped
11480,1354,18,2024-07-30,2024-08-06,Completed
11481,1004,5,2026-02-02,2026-03-05,Completed
11482,1249,6,2025-05-01,2025-05-15,Completed
11483,998,16,2026-06-30,2026-07-29,Completed
11484,529,20,2024-11-06,,In Progress
11485,209,28,2026-01-23,2026-02-15,Completed
11486,1259,35,2024-04-12,2024-04-28,Completed
11487,140,24,2024-01-03,2024-01-16,Completed
11488,1273,30,2024-12-24,2025-01-16,Completed
11489,689,3,2025-08-06,2025-08-27,Completed
11490,1918,15,2024-10-23,,In Progress
11491,711,24,2026-07-24,2026-08-04,Completed
11492,1422,8,2026-06-19,2026-07-09,Completed
11493,745,36,2025-07-15,2025-08-05,Completed
11494,1265,18,2024-05-22,,Dropped
11495,1821,12,2026-03-15,,In Progress
11496,1448,11,2024-05-11,,Dropped
11497,689,23,2026-07-04,2026-07-12,Completed
11498,1356,4,2026-02-22,2026-03-15,Completed
11499,346,14,2026-06-20,2026-07-18,Completed
11500,1168,33,2026-08-09,2026-08-16,Completed
11501,507,26,2025-04-08,2025-05-01,Completed
11502,272,11,2026-03-11,2026-03-30,Completed
11503,305,7,2025-01-19,2025-02-10,Completed
11504,1066,5,2024-01-12,,Not Started
11505,655,37,2025-02-20,2025-02-22,Completed
11506,821,16,2025-02-18,,In Progress
11507,1273,38,2024-01-14,2024-02-03,Completed
11508,1713,35,2024-02-09,2024-02-29,Completed
11509,1476,4,2025-09-24,,Not Started
11510,229,19,2024-10-07,2024-10-17,Completed
11511,820,2,2025-10-11,2025-10-30,Completed
11512,622,8,2025-11-26,2025-12-21,Completed
11513,164,37,2025-09-18,2025-09-30,Completed
11514,40,26,2024-11-28,,In Progress
11515,576,21,2024-03-13,,Not Started
11516,556,22,2026-04-07,2026-04-18,Completed
11517,1715,11,2025-02-15,2025-02-24,Completed
11518,277,34,2024-08-27,,Not Started
11519,1849,2,2025-11-10,2025-11-27,Completed
11520,1799,38,2025-06-07,2025-06-15,Completed
11521,851,24,2026-08-05,2026-08-11,Completed
11522,718,20,2025-02-05,,Not Started
11523,972,1,2026-03-24,,Dropped
11524,469,12,2025-12-15,2026-01-02,Completed
11525,1242,5,2025-03-24,2025-04-07,Completed
11526,1803,39,2025-07-08,2025-07-18,Completed
11527,669,15,2026-08-04,2026-09-02,Completed
11528,1812,8,2025-11-29,2025-12-17,Completed
11529,213,31,2025-03-07,2025-03-31,Completed
11530,1097,28,2025-09-11,2025-09-26,Completed
11531,1036,33,2024-07-18,,Dropped
11532,1210,23,2025-05-03,,Not Started
11533,1912,19,2024-03-24,2024-04-10,Completed
11534,1055,24,2025-09-30,2025-10-07,Completed
11535,215,22,2026-02-07,,Dropped
11536,1134,17,2025-10-21,2025-11-10,Completed
11537,398,32,2024-03-26,2024-04-15,Completed
11538,1043,31,2024-10-27,2024-11-13,Completed
11539,1834,18,2025-11-29,2025-12-15,Completed
11540,82,20,2025-10-15,,In Progress
11541,1511,12,2026-01-08,2026-01-21,Completed
11542,640,21,2025-01-17,,Dropped
11543,581,30,2026-01-06,2026-01-18,Completed
11544,1749,18,2025-01-08,2025-01-14,Completed
11545,1487,33,2025-03-12,2025-04-03,Completed
11546,930,2,2024-03-27,,Not Started
11547,706,33,2025-01-27,2025-02-15,Completed
11548,1819,30,2025-08-01,2025-08-25,Completed
11549,117,33,2024-05-08,2024-06-09,Completed
11550,1204,4,2024-02-16,2024-03-01,Completed
11551,816,7,2024-04-14,2024-05-15,Completed
11552,1578,9,2025-12-31,,Not Started
11553,81,15,2025-12-03,2025-12-17,Completed
11554,1156,31,2026-06-01,2026-06-24,Completed
11555,686,11,2026-04-20,2026-05-11,Completed
11556,1067,6,2026-04-01,2026-04-29,Completed
11557,183,8,2024-09-11,2024-09-28,Completed
11558,1743,10,2024-11-28,,Not Started
11559,1405,4,2026-03-31,,Not Started
11560,1291,5,2024-01-09,,Not Started
11561,1653,15,2025-03-21,2025-04-03,Completed
11562,1024,23,2026-07-27,2026-08-03,Completed
11563,72,21,2024-01-22,2024-02-11,Completed
11564,1911,2,2024-02-10,2024-02-23,Completed
11565,1531,16,2025-02-23,,Dropped
11566,956,21,2025-06-04,2025-06-19,Completed
11567,1631,8,2025-12-11,2026-01-08,Completed
11568,1189,37,2025-02-04,,Not Started
11569,295,39,2025-12-12,2025-12-27,Completed
11570,708,1,2026-06-03,,In Progress
11571,1563,10,2026-02-21,2026-02-28,Completed
11572,1553,2,2024-05-16,,In Progress
11573,1176,3,2024-07-25,2024-08-18,Completed
11574,672,40,2026-07-02,2026-07-20,Completed
11575,150,39,2025-04-20,,Dropped
11576,1527,15,2024-04-29,2024-05-13,Completed
11577,280,23,2026-03-16,2026-04-06,Completed
11578,51,3,2025-11-16,2025-12-20,Completed
11579,972,36,2024-02-15,2024-03-02,Completed
11580,1546,37,2024-10-27,2024-10-29,Completed
11581,1105,6,2025-07-26,,Dropped
11582,544,22,2025-05-14,,In Progress
11583,20,17,2026-02-16,,Dropped
11584,415,3,2024-05-15,,Not Started
11585,456,3,2024-11-22,,Dropped
11586,464,9,2025-05-25,2025-06-02,Completed
11587,1715,18,2024-03-14,2024-04-11,Completed
11588,1980,25,2025-04-08,2025-04-22,Completed
11589,219,14,2025-07-28,,In Progress
11590,837,27,2025-06-24,2025-07-17,Completed
11591,383,37,2024-07-13,2024-07-29,Completed
11592,1381,36,2024-07-16,,Not Started
11593,268,17,2025-02-06,2025-03-08,Completed
11594,1077,10,2025-10-01,,Not Started
11595,1594,40,2024-08-08,,Dropped
11596,751,38,2025-11-02,2025-11-04,Completed
11597,140,4,2025-11-04,2025-12-05,Completed
11598,1161,33,2024-09-25,,Not Started
11599,1213,28,2024-12-22,2025-01-02,Completed
11600,1813,37,2025-08-13,2025-08-15,Completed
11601,172,31,2025-01-31,2025-02-26,Completed
11602,1496,18,2024-12-10,,In Progress
11603,1278,35,2024-09-19,2024-10-16,Completed
11604,1204,21,2024-09-23,2024-10-20,Completed
11605,1905,2,2024-05-20,2024-06-21,Completed
11606,420,19,2025-11-13,2025-12-07,Completed
11607,926,2,2026-05-07,,In Progress
11608,880,1,2024-10-21,,Not Started
11609,137,4,2026-07-28,2026-08-03,Completed
11610,70,10,2025-07-08,2025-07-29,Completed
11611,725,4,2024-02-11,,Dropped
11612,1078,10,2025-03-17,2025-03-28,Completed
11613,711,26,2024-12-05,2025-01-02,Completed
11614,1060,14,2024-05-25,2024-06-17,Completed
11615,113,39,2025-10-20,2025-10-30,Completed
11616,581,32,2025-04-16,2025-05-03,Completed
11617,1974,35,2025-05-24,2025-06-22,Completed
11618,295,24,2025-12-15,,Dropped
11619,1321,16,2025-08-10,,In Progress
11620,954,40,2026-05-03,2026-05-27,Completed
11621,1058,25,2024-05-25,2024-06-09,Completed
11622,1554,20,2026-03-07,,Not Started
11623,1553,29,2025-07-29,2025-08-22,Completed
11624,1366,36,2026-06-25,2026-07-11,Completed
11625,1796,13,2024-05-22,2024-06-11,Completed
11626,990,1,2024-11-09,2024-12-07,Completed
11627,15,27,2025-04-02,2025-04-22,Completed
11628,1793,8,2024-06-23,2024-07-05,Completed
11629,1119,4,2026-05-12,,In Progress
11630,443,21,2024-06-08,2024-06-23,Completed
11631,1562,32,2026-06-05,2026-06-12,Completed
11632,872,36,2024-08-01,2024-08-09,Completed
11633,933,7,2026-02-03,2026-02-14,Completed
11634,1834,39,2026-05-27,2026-06-06,Completed
11635,1835,39,2024-09-19,2024-10-02,Completed
11636,1900,31,2024-01-31,2024-02-09,Completed
11637,1627,23,2024-11-30,,In Progress
11638,1842,37,2025-07-08,2025-07-15,Completed
11639,127,6,2025-05-21,2025-05-30,Completed
11640,1668,37,2025-12-09,,Not Started
11641,566,30,2024-08-09,2024-08-27,Completed
11642,1564,2,2025-07-06,2025-08-01,Completed
11643,1204,37,2024-09-04,,In Progress
11644,85,26,2026-05-08,2026-05-14,Completed
11645,113,29,2026-08-03,2026-08-21,Completed
11646,1032,10,2025-06-23,2025-07-09,Completed
11647,1068,26,2024-06-08,2024-06-19,Completed
11648,1740,17,2025-02-03,2025-02-22,Completed
11649,688,13,2025-03-21,,Dropped
11650,1815,10,2024-05-24,2024-06-14,Completed
11651,1012,12,2024-03-29,2024-04-09,Completed
11652,1647,13,2025-12-25,2026-01-14,Completed
11653,640,23,2024-05-20,,Dropped
11654,1563,35,2024-04-02,2024-04-09,Completed
11655,1256,39,2024-12-29,2025-01-16,Completed
11656,1623,3,2024-10-08,2024-11-01,Completed
11657,156,27,2024-07-04,,In Progress
11658,1498,37,2024-08-15,2024-08-31,Completed
11659,1805,19,2025-09-29,2025-10-08,Completed
11660,520,2,2025-08-26,2025-09-15,Completed
11661,1457,39,2025-01-19,2025-01-28,Completed
11662,140,37,2024-12-12,2024-12-20,Completed
11663,447,29,2024-07-23,2024-08-13,Completed
11664,959,25,2024-08-10,2024-09-08,Completed
11665,1469,39,2024-11-23,,Not Started
11666,730,19,2025-04-09,,Dropped
11667,883,40,2024-11-03,,Not Started
11668,1290,32,2026-05-26,,Not Started
11669,1274,22,2024-03-10,2024-04-03,Completed
11670,1804,21,2025-05-16,2025-05-19,Completed
11671,1312,8,2025-05-18,,In Progress
11672,1899,11,2025-06-24,,Not Started
11673,1884,9,2026-03-03,2026-03-28,Completed
11674,639,25,2024-05-09,,Not Started
11675,1074,35,2024-07-23,2024-08-12,Completed
11676,840,3,2024-01-22,2024-02-01,Completed
11677,649,15,2024-04-11,,Not Started
11678,711,38,2024-12-27,2025-01-01,Completed
11679,89,18,2024-11-02,,In Progress
11680,1282,21,2025-07-29,2025-08-26,Completed
11681,1547,23,2025-01-25,,Dropped
11682,177,14,2025-06-24,2025-06-30,Completed
11683,1000,2,2025-05-29,2025-06-10,Completed
11684,1214,17,2024-01-09,,In Progress
11685,1494,5,2025-02-28,2025-04-01,Completed
11686,240,13,2025-02-19,2025-03-05,Completed
11687,382,2,2024-02-19,2024-02-29,Completed
11688,1594,3,2025-10-01,,In Progress
11689,987,16,2024-01-11,2024-01-22,Completed
11690,684,31,2026-05-24,2026-06-18,Completed
11691,1613,3,2026-03-05,2026-03-24,Completed
11692,1455,17,2025-08-18,,In Progress
11693,1419,4,2024-09-10,2024-10-08,Completed
11694,216,1,2026-04-15,2026-05-16,Completed
11695,505,3,2025-04-07,2025-04-21,Completed
11696,247,38,2024-09-02,,In Progress
11697,1653,40,2026-05-31,2026-06-22,Completed
11698,1155,31,2025-10-13,2025-11-03,Completed
11699,1460,8,2026-03-29,2026-04-06,Completed
11700,907,4,2024-03-21,,In Progress
11701,1324,25,2026-05-10,,Not Started
11702,430,31,2024-03-09,,In Progress
11703,1076,27,2026-02-19,,Dropped
11704,932,36,2025-10-29,2025-11-17,Completed
11705,1014,20,2026-05-21,2026-05-26,Completed
11706,1398,11,2026-08-02,2026-08-26,Completed
11707,389,3,2024-04-19,2024-05-02,Completed
11708,305,13,2026-07-12,2026-08-05,Completed
11709,1189,19,2024-09-19,,In Progress
11710,484,13,2026-05-16,,In Progress
11711,1910,12,2025-12-10,2025-12-30,Completed
11712,521,30,2025-05-09,2025-06-02,Completed
11713,1713,26,2025-12-09,2026-01-02,Completed
11714,553,5,2025-07-15,2025-08-02,Completed
11715,181,10,2024-12-07,,Dropped
11716,1931,7,2025-09-22,2025-10-19,Completed
11717,18,31,2026-04-30,2026-05-08,Completed
11718,1677,33,2026-02-21,2026-03-08,Completed
11719,1494,36,2025-11-13,,Not Started
11720,568,11,2024-11-04,2024-11-13,Completed
11721,331,17,2025-05-10,,Not Started
11722,1405,1,2024-04-08,2024-04-15,Completed
11723,868,30,2026-06-14,2026-07-01,Completed
11724,363,17,2024-07-15,,In Progress
11725,1496,33,2024-09-17,,Dropped
11726,719,36,2024-05-05,2024-05-25,Completed
11727,79,16,2025-05-15,2025-05-23,Completed
11728,134,29,2024-01-08,,Dropped
11729,1980,21,2024-01-16,2024-02-11,Completed
11730,567,10,2026-05-04,,In Progress
11731,211,1,2025-11-17,2025-11-28,Completed
11732,680,17,2026-01-14,,Not Started
11733,553,5,2024-08-22,2024-09-10,Completed
11734,692,6,2024-09-21,2024-10-13,Completed
11735,258,40,2025-06-18,2025-07-10,Completed
11736,1979,19,2025-10-28,2025-11-07,Completed
11737,340,4,2024-12-06,,Dropped
11738,1779,31,2024-12-10,2024-12-23,Completed
11739,917,38,2024-09-24,2024-10-16,Completed
11740,1187,1,2024-08-23,2024-09-13,Completed
11741,1791,3,2026-08-08,2026-08-18,Completed
11742,696,20,2025-05-20,,Dropped
11743,1459,18,2024-12-09,2024-12-18,Completed
11744,1616,2,2025-11-30,,Dropped
11745,1368,4,2026-01-10,,Dropped
11746,69,29,2024-01-13,2024-01-25,Completed
11747,1356,39,2024-05-16,,Not Started
11748,97,5,2025-11-25,,In Progress
11749,981,25,2025-07-20,2025-08-18,Completed
11750,1728,6,2026-05-05,2026-05-14,Completed
11751,257,3,2025-11-10,,In Progress
11752,492,21,2025-02-16,2025-03-09,Completed
11753,574,25,2024-07-12,2024-07-27,Completed
11754,1040,14,2025-09-29,,Not Started
11755,1263,2,2025-08-13,2025-09-12,Completed
11756,1793,11,2025-12-11,2025-12-23,Completed
11757,1454,25,2024-11-13,2024-11-28,Completed
11758,1487,11,2025-12-13,2025-12-30,Completed
11759,1020,19,2025-05-18,,Dropped
11760,1191,11,2026-06-28,2026-07-09,Completed
11761,182,19,2025-07-10,2025-07-26,Completed
11762,223,15,2025-03-04,2025-03-16,Completed
11763,1667,10,2026-03-22,2026-03-29,Completed
11764,1236,2,2024-12-13,2024-12-24,Completed
11765,777,19,2024-10-29,2024-11-16,Completed
11766,935,1,2024-12-30,2025-01-13,Completed
11767,1366,22,2024-03-13,,Not Started
11768,1909,26,2026-06-24,2026-07-13,Completed
11769,761,25,2025-05-20,2025-05-28,Completed
11770,372,38,2025-03-10,2025-04-01,Completed
11771,1645,25,2024-10-07,,Not Started
11772,1826,1,2024-12-31,,In Progress
11773,714,3,2025-06-09,2025-06-30,Completed
11774,847,4,2025-08-01,2025-08-16,Completed
11775,1366,23,2025-03-08,,Dropped
11776,223,11,2025-06-28,2025-07-25,Completed
11777,1952,36,2026-05-16,2026-05-27,Completed
11778,998,15,2024-12-16,2025-01-04,Completed
11779,837,40,2026-04-18,2026-05-15,Completed
11780,887,2,2024-10-06,2024-10-31,Completed
11781,1400,6,2026-03-03,,Not Started
11782,529,3,2025-01-26,2025-02-23,Completed
11783,1728,14,2026-01-19,,In Progress
11784,420,19,2024-06-02,2024-06-11,Completed
11785,1737,23,2026-04-06,2026-04-30,Completed
11786,459,38,2024-08-06,,In Progress
11787,1310,25,2024-06-12,2024-07-03,Completed
11788,1914,7,2026-02-17,,In Progress
11789,1438,15,2025-11-06,2025-11-25,Completed
11790,1413,8,2026-04-25,2026-05-15,Completed
11791,1074,40,2026-05-03,2026-05-20,Completed
11792,409,4,2025-04-13,2025-04-21,Completed
11793,1999,3,2025-09-23,2025-10-06,Completed
11794,1359,21,2024-05-26,2024-06-17,Completed
11795,1021,38,2025-11-16,2025-12-10,Completed
11796,1562,18,2024-02-28,2024-03-13,Completed
11797,468,28,2025-07-23,2025-08-05,Completed
11798,1951,33,2024-12-25,,In Progress
11799,159,22,2025-08-19,,In Progress
11800,1561,22,2024-11-02,2024-11-28,Completed
11801,1233,20,2024-11-22,2024-11-30,Completed
11802,1734,3,2025-05-07,2025-05-29,Completed
11803,164,11,2024-05-25,,Dropped
11804,636,1,2025-01-01,2025-01-12,Completed
11805,1710,5,2025-11-27,2026-01-03,Completed
11806,1027,21,2026-03-06,,Dropped
11807,1331,17,2025-07-27,2025-08-24,Completed
11808,484,12,2025-11-30,2025-12-09,Completed
11809,1140,21,2024-04-29,2024-05-11,Completed
11810,1323,36,2026-08-09,2026-08-23,Completed
11811,75,34,2024-05-03,,Dropped
11812,1973,4,2025-10-03,2025-10-30,Completed
11813,1341,22,2026-01-13,,In Progress
11814,1311,17,2024-07-01,2024-07-13,Completed
11815,206,25,2024-02-23,2024-02-28,Completed
11816,1134,16,2025-03-28,,Dropped
11817,550,38,2026-03-03,2026-03-23,Completed
11818,736,33,2025-04-04,2025-04-17,Completed
11819,660,9,2024-02-17,,In Progress
11820,794,9,2026-02-02,2026-02-12,Completed
11821,456,35,2025-08-05,,Dropped
11822,574,33,2025-05-29,,Dropped
11823,816,38,2025-11-09,2025-12-03,Completed
11824,1639,16,2026-02-22,,Not Started
11825,1422,38,2024-03-18,,Not Started
11826,165,4,2024-10-15,2024-10-22,Completed
11827,718,23,2025-10-20,2025-11-09,Completed
11828,87,28,2024-05-29,2024-06-10,Completed
11829,685,4,2024-10-03,2024-11-03,Completed
11830,430,14,2024-04-23,2024-05-13,Completed
11831,1629,36,2025-04-30,2025-05-12,Completed
11832,962,3,2026-05-14,2026-06-12,Completed
11833,1039,9,2026-01-20,2026-02-03,Completed
11834,1032,18,2024-02-15,,In Progress
11835,108,22,2024-09-18,2024-09-30,Completed
11836,769,22,2024-10-13,2024-11-11,Completed
11837,1622,19,2026-07-02,2026-07-18,Completed
11838,1480,2,2025-03-21,,In Progress
11839,1031,12,2026-07-29,,In Progress
11840,931,40,2025-03-26,2025-04-08,Completed
11841,473,29,2024-11-10,2024-12-10,Completed
11842,689,32,2025-09-19,2025-10-02,Completed
11843,1314,15,2024-03-18,,Dropped
11844,1169,21,2024-05-08,2024-05-11,Completed
11845,508,32,2026-08-05,,Not Started
11846,1516,15,2024-04-24,2024-05-22,Completed
11847,898,36,2026-03-23,,Not Started
11848,272,36,2026-05-09,,Not Started
11849,388,36,2025-07-01,2025-07-26,Completed
11850,1075,1,2024-08-11,2024-08-31,Completed
11851,150,21,2024-11-25,2024-12-15,Completed
11852,44,17,2025-02-16,,In Progress
11853,1414,4,2024-09-14,,In Progress
11854,692,10,2025-01-21,2025-02-08,Completed
11855,453,27,2026-02-06,,In Progress
11856,801,6,2025-12-23,2026-01-24,Completed
11857,233,6,2025-09-25,2025-10-24,Completed
11858,1661,4,2024-06-29,2024-07-06,Completed
11859,1855,10,2026-02-12,2026-02-19,Completed
11860,473,18,2026-02-06,,Not Started
11861,1169,21,2024-07-09,,Dropped
11862,619,25,2025-04-01,2025-04-28,Completed
11863,1510,6,2026-01-10,2026-02-11,Completed
11864,190,5,2024-07-24,2024-08-19,Completed
11865,1708,27,2026-04-11,,Not Started
11866,446,29,2025-10-06,2025-11-04,Completed
11867,711,23,2024-03-23,2024-04-01,Completed
11868,1208,34,2025-09-27,2025-10-06,Completed
11869,1819,1,2024-08-27,2024-09-02,Completed
11870,1525,10,2026-06-23,2026-07-07,Completed
11871,1462,1,2025-07-19,,Dropped
11872,102,38,2025-04-28,2025-05-19,Completed
11873,1308,2,2024-03-23,,Not Started
11874,1237,4,2024-05-17,2024-06-05,Completed
11875,1188,16,2024-11-15,2024-12-06,Completed
11876,1721,4,2025-03-19,2025-03-27,Completed
11877,489,21,2025-12-05,2025-12-29,Completed
11878,447,38,2025-07-29,2025-08-07,Completed
11879,1880,16,2025-04-11,,In Progress
11880,1708,39,2025-12-20,2025-12-31,Completed
11881,1474,38,2024-10-17,2024-11-01,Completed
11882,157,23,2026-06-25,2026-07-13,Completed
11883,179,37,2026-01-07,2026-01-12,Completed
11884,1035,3,2024-03-17,2024-04-18,Completed
11885,1958,23,2024-10-22,2024-10-31,Completed
11886,1636,39,2026-03-23,2026-03-30,Completed
11887,1907,7,2026-01-30,2026-03-01,Completed
11888,1034,22,2026-07-22,,Dropped
11889,1462,26,2025-08-17,2025-09-12,Completed
11890,302,2,2026-07-17,,In Progress
11891,1393,21,2026-03-23,2026-03-28,Completed
11892,1882,1,2024-06-11,2024-07-10,Completed
11893,1634,4,2026-07-05,,Dropped
11894,1378,37,2025-05-24,2025-06-18,Completed
11895,901,20,2026-03-31,2026-04-24,Completed
11896,1824,30,2024-09-30,2024-10-23,Completed
11897,1939,20,2024-11-10,,In Progress
11898,552,8,2024-12-13,2024-12-28,Completed
11899,284,8,2026-02-15,2026-03-18,Completed
11900,1016,19,2025-07-16,2025-08-12,Completed
11901,1023,2,2024-08-08,2024-09-01,Completed
11902,1373,25,2024-03-24,2024-03-31,Completed
11903,767,17,2024-03-11,2024-03-18,Completed
11904,22,10,2024-09-02,,In Progress
11905,911,31,2025-12-21,,In Progress
11906,1902,39,2024-11-13,,Dropped
11907,58,26,2026-06-04,2026-06-19,Completed
11908,296,12,2024-11-25,2024-12-14,Completed
11909,417,3,2026-07-27,2026-08-11,Completed
11910,868,34,2024-10-27,2024-11-03,Completed
11911,1938,21,2026-03-23,,In Progress
11912,1613,16,2025-11-20,,Not Started
11913,1252,16,2025-12-07,2025-12-24,Completed
11914,1298,20,2025-12-19,2026-01-06,Completed
11915,257,28,2024-01-21,2024-02-19,Completed
11916,1202,18,2026-03-23,2026-04-16,Completed
11917,181,2,2024-04-05,2024-04-22,Completed
11918,130,2,2024-01-30,2024-02-11,Completed
11919,705,38,2025-10-12,2025-10-15,Completed
11920,793,12,2024-04-28,2024-05-22,Completed
11921,330,34,2024-11-28,,Dropped
11922,656,36,2026-07-02,,In Progress
11923,1035,19,2024-02-13,2024-03-01,Completed
11924,1929,1,2025-01-08,2025-02-01,Completed
11925,50,14,2024-02-14,2024-03-09,Completed
11926,1319,22,2024-12-08,2024-12-14,Completed
11927,973,30,2024-01-15,,Dropped
11928,258,33,2026-02-16,2026-03-01,Completed
11929,1720,1,2025-06-20,,In Progress
11930,1145,21,2025-03-27,2025-04-03,Completed
11931,792,7,2024-06-18,,Dropped
11932,1070,36,2024-10-29,2024-11-07,Completed
11933,1391,5,2025-07-19,2025-08-05,Completed
11934,1400,38,2024-03-02,2024-03-27,Completed
11935,977,1,2024-05-25,2024-06-06,Completed
11936,651,21,2024-07-22,2024-07-25,Completed
11937,895,5,2024-11-13,2024-12-18,Completed
11938,1662,34,2025-01-13,2025-01-19,Completed
11939,1831,19,2026-05-28,,Dropped
11940,1088,6,2025-06-03,,Not Started
11941,1747,1,2024-04-08,2024-04-23,Completed
11942,461,12,2024-10-13,2024-11-11,Completed
11943,624,22,2024-04-24,2024-05-18,Completed
11944,1445,19,2024-06-03,,Dropped
11945,1689,12,2024-11-18,2024-12-04,Completed
11946,1334,16,2024-10-29,,In Progress
11947,402,40,2024-02-27,2024-03-01,Completed
11948,445,37,2024-02-15,2024-03-10,Completed
11949,695,21,2024-03-24,2024-04-07,Completed
11950,1358,19,2024-12-24,2024-12-28,Completed
11951,1751,36,2024-05-08,2024-05-21,Completed
11952,1948,34,2025-11-10,2025-12-08,Completed
11953,1222,32,2024-10-09,2024-11-02,Completed
11954,1341,35,2024-09-14,,In Progress
11955,908,38,2024-08-31,2024-09-07,Completed
11956,1668,40,2025-09-21,,Dropped
11957,1428,20,2026-01-28,,Dropped
11958,723,12,2026-03-05,2026-04-02,Completed
11959,122,35,2026-07-01,2026-07-27,Completed
11960,1089,1,2024-07-13,2024-07-28,Completed
11961,1548,19,2026-04-16,2026-05-08,Completed
11962,1794,27,2025-04-05,2025-04-13,Completed
11963,435,35,2026-03-07,,In Progress
11964,812,11,2025-07-13,2025-07-29,Completed
11965,1800,38,2024-04-11,2024-04-16,Completed
11966,1290,5,2024-04-27,,In Progress
11967,84,29,2025-08-26,,Dropped
11968,1903,7,2024-01-19,2024-02-09,Completed
11969,1615,2,2025-12-04,2026-01-01,Completed
11970,123,3,2024-02-01,2024-03-07,Completed
11971,1501,6,2024-04-22,,Dropped
11972,904,32,2024-11-12,,In Progress
11973,1488,21,2024-07-26,2024-08-09,Completed
11974,737,6,2026-02-18,2026-03-17,Completed
11975,1611,17,2026-08-06,2026-08-14,Completed
11976,1013,40,2024-05-14,,In Progress
11977,1916,33,2025-01-19,2025-01-31,Completed
11978,1916,26,2024-09-18,,Not Started
11979,1839,37,2025-11-17,2025-11-23,Completed
11980,641,22,2025-05-20,,In Progress
11981,685,35,2024-03-26,2024-04-11,Completed
11982,79,25,2024-07-08,2024-07-28,Completed
11983,1953,30,2024-01-14,,Not Started
11984,1087,22,2025-01-15,,Not Started
11985,1000,40,2025-06-13,,In Progress
11986,1782,4,2024-08-22,2024-09-17,Completed
11987,1150,38,2024-02-08,2024-02-15,Completed
11988,1648,16,2024-07-04,2024-07-17,Completed
11989,1199,4,2025-06-29,2025-07-14,Completed
11990,149,15,2024-08-26,,Not Started
11991,1453,9,2024-10-19,2024-11-13,Completed
11992,1212,38,2025-05-11,2025-05-26,Completed
11993,1254,32,2026-04-12,,In Progress
11994,408,23,2026-05-29,,In Progress
11995,12,12,2026-04-28,2026-05-30,Completed
11996,752,29,2025-04-21,2025-05-05,Completed
11997,1665,13,2026-01-03,2026-02-01,Completed
11998,474,1,2024-08-12,2024-08-26,Completed
11999,1138,3,2026-07-14,2026-08-09,Completed
12000,1700,4,2025-02-02,2025-02-17,Completed
